,SF ABF180_1_R1,SF ABF180_1_R2,SF ABF180_1_R3,SF ABF180_2_R1,SF ABF180_2_R2,SF ABF180_2_R3,SF ABF180_3_R1,SF ABF180_3_R2,SF ABF180_3_R3,SF ABF180_4_R1,SF ABF180_4_R2,SF ABF180_4_R3,SF ABF180_5_R1,SF ABF180_5_R2,SF ABF180_5_R3,SF ABF180_6_R1,SF ABF180_6_R2,SF ABF180_6_R3,SF ABF180_7_R1,SF ABF180_7_R2,SF ABF180_7_R3,SF ABF180_8_R1,SF ABF180_8_R2,SF ABF180_8_R3,SF ABF180_9_R1,SF ABF180_9_R2,SF ABF180_9_R3,SF ABF180_10_R1,SF ABF180_10_R2,SF ABF180_10_R3,SF ABF180_11_R1,SF ABF180_11_R2,SF ABF180_11_R3,SF ABF180_12_R1,SF ABF180_12_R2,SF ABF180_12_R3,SF ABF180_13_R1,SF ABF180_13_R2,SF ABF180_13_R3,SF ABF180_14_R1,SF ABF180_14_R2,SF ABF180_14_R3,SF ABF180_15_R1,SF ABF180_15_R2,SF ABF180_15_R3,SF ABF180_16_R1,SF ABF180_16_R2,SF ABF180_16_R3,SF ABF180_17_R1,SF ABF180_17_R2,SF ABF180_17_R3,SF ABF180_18_R1,SF ABF180_18_R2,SF ABF180_18_R3,SF ABF180_19_R1,SF ABF180_19_R2,SF ABF180_19_R3,SF ABF180_20_R1,SF ABF180_20_R2,SF ABF180_20_R3,SF ABF180_21_R1,SF ABF180_21_R2,SF ABF180_21_R3,SF ABF180_22_R1,SF ABF180_22_R2,SF ABF180_22_R3,SF ABF180_23_R1,SF ABF180_23_R2,SF ABF180_23_R3,SF ABF180_24_R1,SF ABF180_24_R2,SF ABF180_24_R3
r1,0.3298821301643351,0.32937558209708345,0.32860253644166193,0.5332380547487365,0.5358393724578349,0.5421909205375154,0.6445648509783631,0.6230050434824258,0.6136233445651609,0.8411980015777112,0.7470749848684339,0.7691667395787177,0.9167023030628609,0.8039860557613114,0.9733434380325079,0.54741448291968,0.6258659418666521,0.5916507788021941,0.5882460287616789,0.7474153176472499,0.6871022183115031,0.696024174290778,0.5645492364327094,0.70741010982051,0.7256086927012573,0.6153602223257597,0.7150568726088636,0.676386341915811,0.8258637955132152,0.3998736470668344,0.6888494212928271,0.6605718179004569,0.6971044829241206,0.6819521176921465,0.6227698268812865,0.6140874147329137,0.7179963625432713,0.7442745437261498,0.7211240668110833,0.7680690604929967,0.7547773985123284,0.7110702635556416,0.7653270004208811,0.7774787007390137,0.7150876472553536,0.7628066842345282,0.8615393459274762,0.81574987577085,0.649548463629058,0.11230892261708503,0.9624221160705356,0.9030029317559215,0.7695133979680688,0.8002461742542364,0.9491687653064755,0.698300792242497,0.7168617779832802,0.7368392513018219,0.970618477156873,0.8838208784414306,0.7470496308094744,0.9986856499267005,0.8291861940303018,0.9660017579220738,0.980447447570381,0.931184456909735,0.5583246152836028,0.6182549196334837,0.6607050034217956,0.857070977043394,0.5857838043365613,0.7851277961045808
r5a,1.568990303806475,1.5685754418265516,1.5637884774784763,1.9244544737222038,1.9314200373846842,1.955760882117343,2.333936184270401,2.2562017836764428,2.2220916478468533,3.0617749727371275,2.7131643768287357,2.869321854879066,3.3036692604711386,3.0091594015470466,3.4712019873506725,2.1689132945664986,2.275154851998406,2.143793317899018,2.382088776437815,2.832840061618984,2.6073158268870102,2.545918010973608,2.2746408020053366,2.7311663764106124,2.636009774560764,2.3582243141308825,2.5961281507913583,2.532650155816149,3.004587462231996,1.786051502919838,2.5045871062675884,2.402053297376619,2.5340613675069124,2.483236030142029,2.260332196563262,2.2296650758423975,2.6058546185503353,2.703988036975302,2.60008076684506,2.7917905768808238,2.735269325444492,2.5809849178525996,2.7811043255717562,2.8678292424520917,2.60583633093627,2.7799500130067383,3.1388158738821246,2.98158295257558,2.727980393431248,0.469514410348181,3.531402859057921,3.2553742369263707,2.8136800829721342,2.9469075957787187,3.404573606738079,2.5452340487748177,2.8518755364764266,2.9195781015020676,3.452596749222554,3.1938435410891945,2.9706128472207975,3.4578996606681915,3.214407627116825,3.4885614444949495,3.6050483715683277,3.5944158052021016,2.022619347844449,2.241449178727036,2.397873890137303,3.13300782138494,2.4011043215201586,2.8610077551073623
r6,1.4012983307783518,1.4022746580416239,1.3987230521491383,1.5691335432877707,1.575923153917345,1.5971678510681346,1.9292965298543152,1.860468191697544,1.830271957535836,2.5701571505591883,2.262122599715565,2.407571359356005,2.7885362999545316,2.5345811406642276,2.9387275015289265,1.8421835307215124,1.8771283582177107,1.7625950859052575,2.01875520221867,2.3813025583002765,2.181363249019541,2.116600893389185,1.9320457140613512,2.2938204435749623,2.19470822943967,1.9706608076951555,2.159525565082271,2.111238910641281,2.5196164022011827,1.6927730455935688,2.079610348914284,1.988947965166609,2.1048595673440236,2.060055202693188,1.86444752929014,1.837048710824202,2.1681354515990163,2.2546090645389074,2.168503470419828,2.3321003877853825,2.284060660926837,2.1462257867351826,2.3226563958392528,2.4034784269842198,2.1681849070113572,2.320332347255527,2.638140245883972,2.4980908350059328,2.3013501033389088,0.39673056058838235,2.9928526911664037,2.747442441594901,2.349133602975267,2.46906780855876,2.87940998193542,2.1133018035391107,2.402166904504488,2.461505639282408,2.9221668421070905,2.690235750958185,2.5069721798371085,2.8949615860163576,2.7181496979604938,2.948946779567964,3.029939170742601,3.052184639273299,1.65450810881016,1.846552353720805,1.984687045016818,2.6331816519883957,2.043559140037262,2.392146104021334
r7,1.725678645050517,1.7284242546660171,1.7257972743735055,1.924967791916422,1.9366081318981234,1.9643636300447536,2.4091469229785347,2.315011094704767,2.273879266044343,3.269317509358302,2.8541890152254368,3.0224038474673156,3.5916749850469185,3.193396730421352,3.820465405949839,2.283552968870773,2.332807254389507,2.1835001795224347,2.468580111305669,2.9730581869573314,2.703662529907544,2.650015006801884,2.3759540110390915,2.833948797545089,2.763322524599719,2.426254239475484,2.716434138881518,2.621189104123168,3.2014018731656915,2.30596342507474,2.6073556767931114,2.483880936547435,2.640664932866169,2.57759778318011,2.318217848506528,2.279990810253348,2.7286898427832447,2.8444002071184133,2.7475970111915555,2.9488581305803505,2.8911981289167836,2.6988480516113365,2.9364145372154327,3.0297341975264938,2.7230573536723455,2.926710384221982,3.3598676817425948,3.1626063514096234,2.7471864504115127,0.47578070630287067,3.8405965875242862,3.537584714444057,2.959067438918981,3.1138805826276554,3.7274202629430024,2.646038897553049,2.936473196526938,3.019039217445296,3.802543982190117,3.450661927578817,3.0737901066887683,3.766456736566135,3.3840062277090457,3.801720965558571,3.8406156642321405,3.8300912212353873,2.034934861308634,2.2932685429750683,2.4797233616200676,3.3476712672820796,2.50003638574453,3.0246783940582302
r8,1.5634884879144344,1.5653494563538222,1.5622601632613218,1.7470506676020963,1.7562656429077343,1.7807657405564412,2.169221726416425,2.0877396432011555,2.0520756117900896,2.919737329958745,2.558155807470501,2.7149876034116676,3.1901056425007255,2.863988935542804,3.3795964537393903,2.0628682497961357,2.1049678063036126,1.9730476327138464,2.2436676567621694,2.6771803726288157,2.4425128894635426,2.383307950095549,2.1539998625502266,2.563884620560019,2.479015377019694,2.1984575235853208,2.4379798519818947,2.3662140073822227,2.860509137683437,1.9993682353341722,2.3434830128536976,2.236414450857022,2.3727622501050964,2.318826492936649,2.0913326888983335,2.058519760538775,2.4484126471911307,2.5495046358286606,2.458050240805692,2.6404792591828667,2.58762939492181,2.4225369191732598,2.6295354665273427,2.7166063122553563,2.445621130341851,2.6235213657387546,2.9990039638132835,2.830348593207787,2.5242682768752105,0.43625563344562746,3.416724639345345,3.142513578019479,2.654100520947124,2.7914741955932225,3.3034151224392114,2.37967035054608,2.669320050515717,2.740272428363852,3.3623554121486037,3.070448839268501,2.7903811432629424,3.3307091612912365,3.0510779628347655,3.3753338725632713,3.4352774174873626,3.441137930254355,1.8447214850593974,2.0699104483479367,2.232205203318443,2.9904264596352492,2.2717977628909027,2.7084122490397817
r9,0.1621901571360826,0.16307479831219823,0.1635371111121837,0.17791712431432552,0.18034248899038913,0.18359788948830696,0.23992519656210984,0.22727145150361136,0.2218036542542535,0.3495801793995571,0.2960332077549361,0.30741624405566276,0.4015693425461936,0.3294077948785764,0.4408689522104641,0.22068471907462298,0.227839448085902,0.21045254680858852,0.2249124545434995,0.2958778143285391,0.2611496404440016,0.26670705670636435,0.2219541484888754,0.2700641769850566,0.2843071475800244,0.22779671589016515,0.27845428689962326,0.2549750967409411,0.3408927354822544,0.3065951897406034,0.2638726639394139,0.24746648569041285,0.26790268276107265,0.2587712902434608,0.22688515960819386,0.22147104971457324,0.2802771955921142,0.2948955712897529,0.28954677038586396,0.308378871397484,0.30356873399497325,0.276311132438077,0.30687907068808995,0.3131278852711363,0.27743622333049417,0.3031890184832276,0.3608637179293115,0.3322577582018544,0.22291817353630197,0.03952507285724511,0.42387194817894125,0.39507113642457786,0.3049669179718569,0.3224063870344626,0.42400514050379134,0.26636854700696916,0.26715314601122875,0.27876678908144376,0.440188570041513,0.3802130883103163,0.2834089634258339,0.43574757527487934,0.33292826487427185,0.42638709299530775,0.40533824674476193,0.3889532909810558,0.190213376249237,0.22335809462713155,0.24751815830162496,0.3572448076468535,0.22823862285364058,0.31626614501844813
r10,5.493123037117948,5.499769868270333,5.499993188500954,5.3863333283586625,5.31106592382797,5.289103049198113,4.404912963920383,4.597635623211047,4.701227279038389,2.837344779731105,3.5869067843927174,3.2994468532650547,2.18767548639988,2.8711126034101517,1.7674880458403506,4.5674418450776875,4.644919224874539,4.855129902039093,4.234951818596537,3.33106198383619,3.8322339177048304,3.967777934092395,4.392049519021427,3.640338084967832,3.798024283707421,4.407931999467631,3.892871208388657,4.031199837591382,2.9607855254690536,4.012198655047718,4.146260695760994,4.32117670492944,4.004622991119167,4.177598629024479,4.637241350503114,4.721057611313877,3.8534827070876276,3.630153062553785,3.8123780337651256,3.396371566894095,3.528321937351204,3.871967004710569,3.446811182602394,3.2908877888818857,3.994151707018601,3.5828839092884683,2.8347750384249157,3.2485005743854356,3.8921435713748025,0.5478847007708281,1.9608349090396664,2.6220339072605836,3.6555642139112114,3.389548695900341,2.2822132197751195,4.195045676048235,3.6219661622600747,3.4572658772121674,2.0559471236647107,2.697675366752495,3.348557875868833,1.8994196855074932,2.774356470459023,2.0150580365896578,1.7671725606973097,1.9217005771878617,5.2255325783561295,4.762628414593731,4.392395358813372,2.822264098621612,4.323961329048105,3.3667292582607473
r12a,5.493123037117948,5.499769868270333,5.499993188500954,5.386333328358662,5.31106592382797,5.289103049198113,4.404912963920383,4.597635623211047,4.701227279038389,2.837344779731105,3.5869067843927174,3.2994468532650547,2.18767548639988,2.8711126034101517,1.7674880458403506,4.5674418450776875,4.644919224874539,4.855129902039093,4.234951818596537,3.33106198383619,3.8322339177048304,3.967777934092395,4.392049519021427,3.640338084967832,3.798024283707421,4.407931999467631,3.892871208388657,4.031199837591382,2.9607855254690536,4.012198655047718,4.146260695760994,4.321176704929439,4.004622991119167,4.17759862902448,4.637241350503114,4.721057611313876,3.8534827070876276,3.630153062553785,3.8123780337651256,3.396371566894095,3.528321937351204,3.871967004710569,3.446811182602394,3.2908877888818857,3.994151707018601,3.5828839092884683,2.8347750384249157,3.2485005743854356,3.8921435713748025,0.5478847007708281,1.9608349090396664,2.6220339072605836,3.6555642139112114,3.389548695900341,2.2822132197751195,4.195045676048235,3.6219661622600747,3.4572658772121674,2.0559471236647107,2.697675366752495,3.348557875868833,1.8994196855074932,2.774356470459023,2.0150580365896578,1.7671725606973097,1.9217005771878617,5.2255325783561295,4.762628414593731,4.392395358813372,2.822264098621612,4.323961329048105,3.3667292582607473
r13a,5.467587818115012,5.474333109317375,5.474671041275772,5.360762029840073,5.285590461137067,5.263657103216683,4.3795462765777415,4.572198070389288,4.675767407357974,2.811972129120834,3.561467060104707,3.2756441331392008,2.162258001097808,2.8477718838308133,1.7420715764901602,4.544033571150696,4.6196424450029,4.829900756064206,4.213237807604185,3.3083341364806986,3.8093742586812778,3.9428157067025955,4.36917859920468,3.6184467613605955,3.7726697896425123,4.384649518105881,3.867473569770935,4.007529893916464,2.935312773390655,3.9930418057913424,4.12108672900483,4.2958345103537745,3.979201809594426,4.15227415576198,4.6118821384900635,4.695620681872462,3.8280701066819254,3.60481160723655,3.7881266629096677,3.3709963129379474,3.503319860821713,3.8465212251779506,3.4214534176055937,3.2664238966772836,3.9690305338747875,3.557520935540249,2.8095274462518547,3.2232454476040595,3.8745906059089275,0.5454092388091853,1.9366826512263609,2.597012181386696,3.6302065567397057,3.3646577725714413,2.2568482208462153,4.169619949971393,3.6014270501062815,3.436637135326565,2.0303989092920394,2.672204681093157,3.3281995352791154,2.0964352048111605,2.7527566275170012,2.035081952319846,1.9491493813638845,1.9001798837861277,5.199960451873978,4.737035880759154,4.366950450013753,2.7970819050217504,4.302162291311159,3.341344784825624
r14,8.816280370588277,8.821727242011868,8.819442550608098,8.783730568721452,8.747049959820496,8.766310186999574,8.701871788773667,8.709659139153443,8.727168761284515,8.696093696529669,8.712346142375392,8.695653918638033,8.673614328080479,8.647407773911004,8.65385442208263,8.694834706177039,8.712154189419241,8.67943211662775,8.704203612926225,8.682493375074388,8.68776975898039,8.693112309211008,8.712466166017908,8.700667439437048,8.71946343453515,8.734660891240532,8.73398929425608,8.714244791005402,8.708070223116307,8.70257296321195,8.718620632764777,8.68282722320493,8.699246633998811,8.700021878814548,8.702196133946721,8.709872659476403,8.73063673354342,8.712277666968406,8.734201011501685,8.684296051747024,8.713089209565846,8.704027097032794,8.70564889932282,8.709756305596622,8.730129175496176,8.743266117069311,8.75478964095405,8.758325674360995,8.749863685309283,1.4,8.764488210576769,8.78319262262563,8.780931484847068,8.799170468888054,8.805026948746178,8.79013831467619,8.794583585534982,8.786776617883481,8.81589781627165,8.806973038146364,8.785991186139375,8.777496418214277,8.79347686232574,8.797592581161329,8.77474970707997,8.770837903216579,8.789469826434471,8.797121618965628,8.772409373823082,8.754253183971416,8.74410283383869,8.724337559261786
r15,8.816280370588277,8.821727242011868,8.819442550608098,8.783730568721452,8.747049959820496,8.766310186999574,8.701871788773667,8.709659139153443,8.727168761284515,8.696093696529669,8.712346142375392,8.695653918638033,8.673614328080479,8.647407773911004,8.65385442208263,8.694834706177039,8.712154189419241,8.67943211662775,8.704203612926225,8.682493375074388,8.68776975898039,8.693112309211008,8.712466166017908,8.700667439437048,8.71946343453515,8.734660891240532,8.73398929425608,8.714244791005402,8.708070223116307,8.70257296321195,8.718620632764777,8.68282722320493,8.699246633998811,8.700021878814548,8.702196133946721,8.709872659476403,8.73063673354342,8.712277666968406,8.734201011501685,8.684296051747024,8.713089209565846,8.704027097032794,8.70564889932282,8.709756305596622,8.730129175496176,8.743266117069311,8.75478964095405,8.758325674360995,8.749863685309283,1.4,8.764488210576769,8.78319262262563,8.780931484847068,8.799170468888054,8.805026948746178,8.79013831467619,8.794583585534982,8.786776617883481,8.81589781627165,8.806973038146364,8.785991186139375,8.777496418214277,8.79347686232574,8.797592581161329,8.77474970707997,8.770837903216579,8.789469826434471,8.797121618965628,8.772409373823082,8.754253183971416,8.74410283383869,8.724337559261786
r16a,8.800786733349108,8.804120935168498,8.801881892266243,8.773302640829339,8.747049959691891,8.752750463977838,8.701871788519345,8.709659139583142,8.72716876123054,8.69609369638035,8.712346142402868,8.596133855695605,8.673614328771245,8.54981935248777,8.653854422050541,8.163746743543411,8.688890962501914,8.679432116592452,8.33939298756467,8.587467395330869,8.592192669713809,8.58874430296606,8.228711704297181,8.609138996786063,8.719463434186974,8.53391104200419,8.733989294263383,8.615279871287033,8.70807022265025,7.276868363775856,8.714581517282415,8.682827223250143,8.682493141125448,8.680164786208858,8.70219613408461,8.709872659469625,8.7306367333346,8.712277666948038,8.71229180690651,8.684296051711227,8.713089209520565,8.704027096808085,8.705648898964133,8.607471857381258,8.73012917558923,8.743266116995194,8.754789640393165,8.758325674000726,8.676474080289365,1.3873678129048481,8.663506717495055,8.769553765549341,8.780931484770592,8.695100587533348,8.805026948815957,8.790138314454877,8.708708789497067,8.700527076640146,8.802024415546743,8.761637265229908,8.700872202811862,8.777496418918458,8.703167111295347,8.695341323377617,8.680004613148606,8.680859079298298,8.756149761517685,8.787469240816272,8.75744141469894,8.648965490841874,8.29604318901311,8.724337559642958
r17,8.800786733349108,8.804120935168498,8.801881892266243,8.773302640829339,8.747049959691893,8.752750463977838,8.701871788519345,8.709659139583142,8.72716876123054,8.69609369638035,8.712346142402868,8.596133855695605,8.673614328771245,8.54981935248777,8.653854422050541,8.163746743543411,8.688890962501914,8.679432116592452,8.33939298756467,8.587467395330869,8.592192669713809,8.58874430296606,8.228711704297181,8.609138996786063,8.719463434186974,8.53391104200419,8.733989294263383,8.615279871287033,8.70807022265025,7.276868363775856,8.714581517282415,8.682827223250145,8.682493141125448,8.680164786208858,8.70219613408461,8.709872659469625,8.7306367333346,8.712277666948038,8.71229180690651,8.684296051711227,8.713089209520565,8.704027096808085,8.705648898964133,8.607471857381258,8.73012917558923,8.743266116995194,8.754789640393165,8.758325674000726,8.676474080289365,1.3873678129048481,8.663506717495055,8.769553765549341,8.780931484770592,8.695100587533348,8.805026948815957,8.790138314454877,8.708708789497067,8.700527076640146,8.802024415546743,8.761637265229908,8.700872202811862,8.777496418918458,8.703167111295347,8.695341323377617,8.680004613148606,8.680859079298298,8.756149761517685,8.787469240816272,8.75744141469894,8.648965490841874,8.29604318901311,8.724337559642958
r18,8.730954748706015,8.734558212390645,8.732632601866351,8.703371988374435,8.677381392557129,8.683162617137754,8.632500692827785,8.640094245786743,8.65754283133358,8.62670629274902,8.642775310227876,8.531039791450395,8.604104314266323,8.485988735995477,8.584347185901905,8.099731384003983,8.619765739662808,8.610437159702746,8.280010983361628,8.525312820219655,8.529677624994763,8.52047929691534,8.16616586432483,8.54927209007256,8.65012568384418,8.47023969143853,8.66453355512444,8.550548915072412,8.63840906831468,7.224479512012825,8.645737460776761,8.613523108716148,8.61297301844152,8.610909134719904,8.632845481417299,8.640309470451502,8.661140077712883,8.642975574087844,8.64597080308204,8.614901528626202,8.64471522674594,8.63443970516092,8.636302203498698,8.540569664588405,8.661429495473163,8.673905176989733,8.685744238092065,8.68925966656395,8.628471421110572,1.3793816821648501,8.597456761294525,8.70112604708066,8.711585084178457,8.62703057899117,8.735660470483747,8.720605763638162,8.652539818933644,8.644112992766567,8.732156892048087,8.691981761997,8.64519759405849,8.708085968552338,8.64409732613129,8.628460839672718,8.61803375973838,8.622005746927584,8.686216844804202,8.717480515459789,8.68785640427331,8.580098936122182,8.236428659437088,8.654917823752271
r19,0.0,0.0,0.0,0.0,0.0,0.0,0.0,0.0,0.0,0.0,0.0,0.0,0.0,0.0,0.0,0.0,0.0,0.0,0.45180325749438316,0.2483219250362428,0.13366492169793479,0.0,0.0,0.638633555237506,0.0,0.0,0.0,0.0,0.0,0.8660793404279101,0.0,0.0,0.0,0.0,0.0,0.0,0.0,0.0,0.0,0.0,0.0,0.0,0.0,0.0,0.0,0.0,0.0,0.0,2.6127949024556583,0.41312937908218106,0.0,0.0,0.0,0.0,0.0,0.0,1.3957990762776262,1.3550442996483814,0.0,0.0,1.4887369011915694,0.0,0.9704051352723393,0.0,0.40818125093521523,1.0461373964386476,0.0,0.0,0.0,0.0,0.2965667693682061,0.0
r20,0.0,0.0,0.0,0.0,0.0,0.0,0.0,0.0,0.0,0.0,0.0,0.9512335433337107,0.0,1.226425269048428,0.0,0.4729593035557057,0.0,0.0,1.6624062237422657,1.4048375228848209,1.4548953586108788,0.17019249556304075,1.24187476492958,1.5862939853224374,0.0,1.2162700324521358,0.0,1.0569845292723068,0.0,2.0171252686091243,0.0,0.0,0.0,0.0,0.0,0.0,0.0,0.0,0.0,0.0,0.0,0.0,0.0,0.513172989779166,0.0,0.0,0.0,0.0,2.2022713020773943,0.3553137570136124,0.745389532402635,0.0,0.0,0.2264943457091636,0.0,0.0,1.837441109576033,1.791636566859932,0.0,0.0,1.8099146067607659,0.0,1.5557019898515894,0.6239422394647022,1.370904738441387,1.497362762225425,0.0,0.0,0.0,0.024309436431839464,1.6338645685865818,0.0
r25,0.0,0.0,0.0,0.0,0.0,0.0,0.0,0.0,0.0,1.4868339817456715,0.7453351037022445,1.0259888550041556,2.125221414771454,1.4306346370245278,2.535529858061142,0.0,0.0,0.0,0.09672358831510007,0.9888045869094684,0.49014684957676385,0.3552962193920993,0.0,0.6894024369866076,0.5378564266662197,0.0,0.4502318456940907,0.3036562098280727,1.3692873337231555,0.321066952521767,0.189368435996607,0.009157240415023972,0.32108658599141177,0.14858954408348443,0.0,0.0,0.4879299920718211,0.7021470295933514,0.5319091745794884,0.9219059232143675,0.8047031801786244,0.45610966454340796,0.8821591831999693,1.0409771473751264,0.3472813591273261,0.7648901654928036,1.518869337917155,1.1069047308404023,0.46627617289578643,0.14932644464119088,2.398689134623815,1.7460244326463379,0.7110475460706129,0.9866216132353585,2.096439365750186,0.17610546634087276,0.7560044598784876,0.9167169463043879,2.3279685446072396,1.6818508438228092,1.0252865986373076,2.354254210434272,1.602062959211044,2.3384925702223596,2.496566629633248,2.443473828988456,0.0,0.0,0.0,1.531173569747788,0.03164217143892,0.9715603128186646
r26,0.0,0.0,0.0,0.0,0.0,0.0,0.0,0.0,0.0,1.4868339817456715,0.7453351037022445,1.0259888550041556,2.125221414771454,1.4306346370245278,2.535529858061142,0.0,0.0,0.0,0.09672358831510007,0.9888045869094684,0.49014684957676385,0.3552962193920993,0.0,0.6894024369866076,0.5378564266662197,0.0,0.4502318456940907,0.3036562098280727,1.3692873337231555,0.321066952521767,0.189368435996607,0.009157240415023972,0.32108658599141177,0.14858954408348443,0.0,0.0,0.4879299920718211,0.7021470295933514,0.5319091745794884,0.9219059232143675,0.8047031801786244,0.45610966454340796,0.8821591831999693,1.0409771473751264,0.3472813591273261,0.7648901654928036,1.518869337917155,1.1069047308404023,0.46627617289578643,0.14932644464119088,2.398689134623815,1.7460244326463379,0.7110475460706129,0.9866216132353585,2.096439365750186,0.17610546634087276,0.7560044598784876,0.9167169463043879,2.3279685446072396,1.6818508438228092,1.0252865986373076,2.354254210434272,1.602062959211044,2.3384925702223596,2.496566629633248,2.443473828988456,0.0,0.0,0.0,1.531173569747788,0.03164217143892,0.9715603128186646
r27,1.058360103977053,1.0623861528661585,1.0638713117282457,0.9678076800386207,0.9109804974011069,0.8794182829997186,0.0275300310469446,0.21628513149322706,0.3110987068947144,0.0,0.0,0.0,0.0,0.0,0.0,0.1956192744812445,0.26248882825243297,0.48911020438772707,0.0,0.0,0.0,0.0,0.01197145817410027,0.0,0.0,0.01632748632072135,0.0,0.0,0.0,0.0,0.0,0.0,0.0,0.0,0.259704038706697,0.33960100940399474,0.0,0.0,0.0,0.0,0.0,0.0,0.0,0.0,0.0,0.0,0.0,0.0,0.0,0.0001197145817410027,0.0,0.0,0.0,0.0,0.0,0.0,0.0,0.0,0.0,0.0,0.0,0.0,0.0,0.0,0.0,0.0,0.804136437978499,0.33738510146016887,0.0,0.0,0.0,0.0
r28,0.9580963412429874,0.9537931804975369,0.9575887295570227,0.8481859670438343,0.8090418654759414,0.7648256601324973,0.0,0.07537693793525746,0.16044109527752298,0.0,0.0,0.0,0.0,0.0,0.0,0.024436530633854838,0.03847098206454726,0.30554154145938456,0.0,0.0,0.0,0.0,0.0,0.0,0.0,0.0,0.0,0.0,0.0,0.0,0.0,0.0,0.0,0.0,0.06564237747923171,0.14078696207989022,0.0,0.0,0.0,0.0,0.0,0.0,0.0,0.0,0.0,0.0,0.0,0.0,0.0,0.0002443653063385484,0.0,0.0,0.0,0.0,0.0,0.0,0.0,0.0,0.0,0.0,0.0,0.0,0.0,0.0,0.0,0.0,0.6397823096057312,0.1589651216563279,0.0,0.0,0.0,0.0
r29a,1.058360103977053,1.0623861528661585,1.0638713117282457,0.9678076800386207,0.9109804974011069,0.8794182829997186,0.0275300310469446,0.21628513149322706,0.3110987068947144,0.0,0.0,0.0,0.0,0.0,0.0,0.1956192744812445,0.26248882825243297,0.48911020438772707,0.0,0.0,0.0,0.0,0.01197145817410027,0.0,0.0,0.01632748632072135,0.0,0.0,0.0,0.0,0.0,0.0,0.0,0.0,0.259704038706697,0.33960100940399474,0.0,0.0,0.0,0.0,0.0,0.0,0.0,0.0,0.0,0.0,0.0,0.0,0.0,0.0001197145817410027,0.0,0.0,0.0,0.0,0.0,0.0,0.0,0.0,0.0,0.0,0.0,0.0,0.0,0.0,0.0,0.0,0.804136437978499,0.33738510146016887,0.0,0.0,0.0,0.0
r1273,0.0,0.0,0.0,0.0,0.0,0.0,0.005805985478044546,0.0,0.0,4.739202543224412,2.480272853275413,3.3570714478394885,6.593221952748736,4.497079365185037,7.83518980166908,0.0,0.0,0.0,0.2511692057402322,3.189668477252084,1.6931733148614816,1.3317798493968716,0.0,2.332418433701678,1.8916996235691437,0.0,1.6210314921890072,1.159188714167604,4.369775524928215,0.0,0.9060852829720617,0.3051896610048753,1.238088595778944,0.7783178771343989,0.0,0.0,1.7202306141398738,2.375006284562819,1.8438262001543817,3.0207348994256398,2.6655974053446414,1.6133084868521756,2.9082228447747625,3.3933856703431844,1.436707814607189,2.644645182184306,4.945355151257711,3.7618446747379903,1.7537951706549073,0.4972317807270999,7.568872699038337,5.682295269934319,2.5837815949170353,3.4100629662476134,6.7124168225327185,0.9212247654405146,2.6324235152426465,3.110885972288463,7.303317992511653,5.385237807428171,3.434437277127522,7.419271629286729,5.149835623167823,7.37259845815503,7.886784582789267,7.680461254837311,0.0,0.0,0.2005278131832212,4.947774739934355,0.0936217596011279,3.246354144565167
r31a,1.8809831380157152,1.8743471768085016,1.8710746760044512,2.378085416302949,2.4221194728086632,2.4515021021395835,3.33485662034961,3.13553771396938,3.0418927580235997,5.059866798738507,4.2418987230222145,4.157675419542289,5.667120086083784,4.468981906978831,6.036958839783292,2.337409374692942,3.0940781789500065,2.840398295203119,2.37676712031607,3.857361963263812,3.340290954001289,3.6620558480324252,2.359963232612615,3.3509805507845782,4.02926672417636,2.750337365081848,3.935976498865508,3.329084456998906,4.930057778656248,0.11222916413109742,3.664689083629336,3.4384412837149108,3.76885996989992,3.5984896665315462,3.104797166289072,3.02276097261827,3.9709042397761354,4.202690886904227,3.982842186881604,4.428659832388762,4.304620086271025,3.922826990919443,4.394975619846218,4.3126479328746194,3.8664691973920355,4.313636684520685,5.144443625238156,4.72654686190401,2.229415026681904,0.4377571545768856,5.7007173718426865,5.347450461343151,4.306334428491169,4.442852692113627,5.705147717648436,3.7029767469601067,3.1372417993784034,3.337872229866878,5.870646903838627,5.244334069285519,3.399606106451817,5.961830219269545,4.299506914871849,5.648779718786526,5.541837105114894,5.179873023305327,2.5363064549472867,3.040518725516816,3.4182499473990493,5.049638412189042,2.3206727235067643,4.526102017142382
r32a,1.4710675290705277,1.4674209891663164,1.4650739937141235,2.2703170167483213,2.328432904117069,2.3649618303651887,3.33485662034961,3.13553771396938,3.0418927580235997,5.059866798738507,4.2418987230222145,4.157675419542289,5.667120086083784,4.468981906978831,6.036958839783292,2.294222167079332,3.0940781789500065,2.840398295203119,2.344423014798319,3.857361963263812,3.340290954001289,3.6620558480324252,2.3157916520028445,3.3509805507845782,4.02926672417636,2.750337365081848,3.935976498865508,3.329084456998906,4.930057778656248,0.11222916413109742,3.664689083629336,3.4384412837149108,3.76885996989992,3.5984896665315462,3.104797166289072,3.02276097261827,3.9709042397761354,4.202690886904227,3.982842186881604,4.428659832388762,4.304620086271025,3.922826990919443,4.394975619846218,4.3126479328746194,3.8664691973920355,4.313636684520685,5.144443625238156,4.72654686190401,2.229415026681904,0.43743371352170823,5.7007173718426865,5.347450461343151,4.306334428491169,4.442852692113627,5.705147717648436,3.7029767469601067,3.1372417993784034,3.337872229866878,5.870646903838627,5.244334069285519,3.399606106451817,5.961830219269545,4.299506914871849,5.648779718786526,5.541837105114894,5.179873023305327,2.4646735987428054,3.040518725516816,3.4182499473990493,5.049638412189042,2.2817461007809037,4.526102017142382
r33a,1.4710675290705277,1.4674209891663164,1.4650739937141235,2.2703170167483213,2.328432904117069,2.3649618303651887,3.33485662034961,3.13553771396938,3.0418927580235997,5.059866798738507,4.2418987230222145,4.157675419542289,5.667120086083784,4.468981906978831,6.036958839783292,2.294222167079332,3.0940781789500065,2.840398295203119,2.344423014798319,3.857361963263812,3.340290954001289,3.6620558480324252,2.3157916520028445,3.3509805507845782,4.02926672417636,2.750337365081848,3.935976498865508,3.329084456998906,4.930057778656248,0.11222916413109742,3.664689083629336,3.4384412837149108,3.76885996989992,3.5984896665315462,3.104797166289072,3.02276097261827,3.9709042397761354,4.202690886904227,3.982842186881604,4.428659832388762,4.304620086271025,3.922826990919443,4.394975619846218,4.3126479328746194,3.8664691973920355,4.313636684520685,5.144443625238156,4.72654686190401,2.229415026681904,0.43743371352170823,5.7007173718426865,5.347450461343151,4.306334428491169,4.442852692113627,5.705147717648436,3.7029767469601067,3.1372417993784034,3.337872229866878,5.870646903838627,5.244334069285519,3.399606106451817,5.961830219269545,4.299506914871849,5.648779718786526,5.541837105114894,5.179873023305327,2.4646735987428054,3.040518725516816,3.4182499473990493,5.049638412189042,2.2817461007809037,4.526102017142382
r34,0.0,0.0,0.0,0.0,0.0,0.0,0.0,0.0,0.0,0.0,0.0,0.0,0.0,0.0,0.0,0.0,0.0,0.0,0.0,0.0,0.0,0.0,0.0,0.0,0.0,0.0,0.0,0.0,0.0,0.09540725067694147,0.0,0.0,0.0,0.0,0.0,0.0,0.0,0.0,0.0,0.0,0.0,0.0,0.0,0.0,0.0,0.0,0.0,0.0,0.0,0.0009540725067694147,0.0,0.0,0.0,0.0,0.0,0.0,0.0,0.0,0.0,0.0,0.0,0.0,0.0,0.0,0.0,0.0,0.0,0.0,0.0,0.0,0.0,0.0
r30,0.0,0.0,0.0,0.0,0.0,0.0,0.0,0.0,0.0,0.0,0.0,0.0,0.0,0.0,0.0,0.0,0.0,0.0,0.0,0.0,0.0,0.0,0.0,0.0,0.0,0.0,0.0,0.0,0.0,0.10377085668421628,0.0,0.0,0.0,0.0,0.0,0.0,0.0,0.0,0.0,0.0,0.0,0.0,0.0,0.0,0.0,0.0,0.0,0.0,0.0,0.0010377085668421629,0.0,0.0,0.0,0.0,0.0,0.0,0.0,0.0,0.0,0.0,0.0,0.0,0.0,0.0,0.0,0.0,0.0,0.0,0.0,0.0,0.0,0.0
r35,0.1468317935263789,0.14626563171953266,0.1456065950554483,0.1470392567947579,0.14648818470637448,0.1463184586746395,0.14586270820371666,0.1462701965983362,0.14639853378023654,0.14589699799308906,0.14628268289360757,0.13686963430718765,0.14615480499324263,0.13421305365098216,0.14614896309946934,0.1346015024841523,0.14534572516092303,0.14507182226263787,0.12485920634916493,0.1306889355371107,0.13144687474362163,0.1435369956152043,0.13151162619380447,0.1258787836339904,0.1457925948109771,0.13387817412873004,0.14604068322838493,0.13610614743727498,0.1464725982296907,0.0,0.14475453249710835,0.14572187068424097,0.14617605889373245,0.14561997016029338,0.14581972380436187,0.1462666120567673,0.14612671601953753,0.1457176198242338,0.13944945127633668,0.14591196766866427,0.14376613485426348,0.14631750156604584,0.14581140321756436,0.14067148469041102,0.1444509603684633,0.14584135441273013,0.1451778909970258,0.1452212162673089,0.10093249643814997,0.015690437767715663,0.13887953465492633,0.14387912188127008,0.1458107832046144,0.1431269853017501,0.14585299954143877,0.1462021908307929,0.11810334090474266,0.11861872690058835,0.14690651908271093,0.1464607159733893,0.11706387408173667,0.14594545706842324,0.12420272090483131,0.1406258382099955,0.13030263423114333,0.12374759776858776,0.14704401772415243,0.14716136342451533,0.1463124947052142,0.1448018382286497,0.12534812439623655,0.14596498121961052
r38ar,1.33112997146554,1.3224799757088668,1.317396738189438,2.9873538026818407,3.0707501346489674,3.1411722594999087,4.754481871701368,4.4024300318078655,4.236164506417344,7.781500426603915,6.341524353350693,6.291745246647686,8.600070861178768,6.839659946277761,8.553909966728606,3.376033924651375,4.35673842759956,3.8929683949331926,3.3659325102090207,5.789773029622328,4.864867262953487,5.440474516559146,3.3580118786876323,4.944333388505887,5.97204461557151,3.884560777077626,5.806844606473997,4.834291853196688,7.554072439849694,0.49409641858570014,5.3404708974365676,4.940183567775841,5.535334436017186,5.240016070078655,4.354031633455046,4.207942851550033,5.86838893257692,6.277052085305258,5.931826991236628,6.675361066575646,6.462179565881602,5.7858249966110815,6.6146876112390345,6.575060845577964,5.687146674730106,6.465225894814443,7.978239461413753,7.191260963731809,3.2479614692834806,0.6624075314683583,8.748355907571916,7.396184308920413,6.4483730671492925,6.7980782340434915,7.861988637589308,5.388971492664689,4.655134482335981,5.007422286457823,7.858890740603458,7.416801063662929,5.138802812315814,7.423900216463585,6.653955838776099,7.377058336280376,7.890917065663536,7.855752749142331,3.31809935096227,4.238061906241641,4.910228365059708,7.8727142121994875,3.2960270098266626,6.842694060739664
r39,1.717458686147066,1.715161124828547,1.712985800414379,2.491947951292025,2.568307852070986,2.6093034906074157,3.8736521176067247,3.5942257199463503,3.4641923098870473,6.235697327138281,5.109082862293182,4.949936393186246,7.164865385767316,5.38237920466914,7.766047797952198,2.437989031186121,3.5455420415017245,3.2122022778240815,2.454943358238583,4.547990985673973,3.831424664243957,4.310637413150505,2.427689120520333,3.8632359590020577,4.838189970144521,3.0171603080892058,4.709323496601533,3.8234390047163127,6.069351314927501,0.0,4.35113513167198,4.037102620765717,4.4839712007112675,4.250395216775477,3.5811557062751427,3.4644211548139903,4.756970967253612,5.0764907771610615,4.809093510317712,5.384741223772241,5.228448308608372,4.689593452388797,5.339484015873195,5.190583856510534,4.620328037421215,5.2158520683002605,6.37486322957283,5.785273519479111,2.4041879968221065,0.4899867207528648,7.18329752518745,6.735661322294703,5.20986026509627,5.369208802877379,7.269493403852848,4.375657635712235,3.5793168891776364,3.8599532109152612,7.554614104081765,6.540691825615703,3.948514044309813,7.730491320186945,5.1553009096809435,7.178586847244717,6.96499266025173,6.41395554132328,2.723927017034156,3.4695061851435134,3.991020536809569,6.208276307762099,2.3717800196307843,5.509367324245333
r42,1.5431613704108964,1.5386272823537923,1.530933317403777,1.4442469607122548,1.4706028870000853,1.4790544923032916,1.891653551151203,1.8089806131925417,1.7696471339919024,2.615979799179877,2.2740268310710077,2.0661432950522682,2.6599019810876676,2.1628745831825706,2.5223390250867856,1.253405234562411,1.7843979985720153,1.6863293222889686,1.1529419079913525,1.8824802834527437,1.6603681053691124,1.9685967252829153,1.1835054683867579,1.646004264298166,2.188914811965208,1.4240313693630462,2.1500986251004623,1.7095068802767117,2.567934630873944,0.610548042306332,2.0335143990362803,1.9463368919915311,2.079044111262805,2.0050670862062656,1.8053330465844362,1.772755655770709,2.164828432499928,2.2613975889707425,2.1222986116583518,2.3584050469026323,2.2916348949263283,2.146309889172498,2.343151230934706,2.193176302094413,2.1173241128415423,2.307696615899366,2.6145248463562023,2.4774039503649594,1.0552953954082023,0.20765530160706375,2.451754637289719,2.435133689334791,2.3092025190182524,2.2879359717994254,2.4493879865002435,2.0522666127698512,1.5188115995614453,1.609635177146808,2.3646152763277652,2.4754379265778272,1.628430471955584,2.2759071825200494,2.0397597191618315,2.2304211733405146,2.2464584862712127,2.3213521068516867,1.5189102645535664,1.7725741508429627,1.9260984804415924,2.568221731312547,1.1206719860984191,2.3938538570828745
r43,0.0,0.0,0.0,0.0,0.0,0.0,0.0,0.0,0.0,0.0,0.0,0.0,0.0,0.0,0.0,0.0,0.0,0.0,0.0,0.0,0.0,0.0,0.0,0.0,0.0,0.0,0.0,0.0,0.0,0.5770066088765186,0.0,0.0,0.0,0.0,0.0,0.0,0.0,0.0,0.0,0.0,0.0,0.0,0.0,0.0,0.0,0.0,0.0,0.0,0.0,0.005770066088765186,0.0,0.0,0.0,0.0,0.0,0.0,0.0,0.0,0.0,0.0,0.0,0.0,0.0,0.0,0.0,0.0,0.0,0.0,0.0,0.0,0.0,0.0
r44,1.3252223039921252,1.3167374681104873,1.3074427855053685,2.0539566269120355,2.0787726353495803,2.1060979000974087,2.7260943904175803,2.585755964252306,2.5194536666813816,3.9430896973147616,3.3619358303380347,3.2844988507864192,3.8781682037216805,3.4861790989985106,3.409815877539089,2.182947083040685,2.5769134392908706,2.386564066115405,2.091286131772275,3.060750746341479,2.680621354073798,3.014006625817251,2.1276078538758108,2.724690521792386,3.223776307772119,2.309422644727076,3.158474525528493,2.6966951747623336,3.863425931152066,1.394874903142392,2.97319968989281,2.8189568946261647,3.061132405962622,2.9419204687614284,2.584105843391526,2.527695793547679,3.1830639381157813,3.3452241689880515,3.1663843774825073,3.5068058094059946,3.405080158326043,3.1512558394312804,3.481571553262061,3.442416470823177,3.1064046329622697,3.4186104060863842,3.9305469791247822,3.711206699277842,2.0222595812151294,0.38141296443919936,3.720563254569042,3.400736863893178,3.419874469766793,3.5588987434106953,3.3071312522104526,2.9902330782199575,2.616199429776331,2.759249100254956,3.066653168338237,3.567417032904464,2.8068171568035125,2.7614818700215134,3.413486243434707,3.057569484990162,3.3897671258213005,3.7885179317923163,2.1846799173192553,2.5359359753006925,2.8018164567156174,4.003314015138902,2.077043289909065,3.5713260469808854
r45a,0.6582766437065661,0.6597302323880446,0.6652922845132234,2.7297327061866223,2.837609139095619,2.919649767492509,4.801916272077289,4.382789273458209,4.188831806637652,8.308959831912215,6.63630492069718,6.608640896121656,10.231829847584951,7.271976956335975,11.902555782522793,3.119626610295557,4.342180769304409,3.819735953680657,3.086481908671932,6.028802233253263,4.975761697307504,5.600207173063574,3.10943121539433,4.995589030635548,6.233415470201261,3.8217170151889497,6.04061132239571,4.9434873536045565,8.05506620278481,0.0,5.519521289698667,5.036166512151242,5.720552308846437,5.379655515071384,4.358976619430671,4.181245703885784,6.111187507750203,6.58868194156206,6.28596932687073,7.0433090070725495,6.8356749255322065,6.007953745064872,6.978180039161829,6.931831178118157,5.917080324766352,6.793832261230867,8.600915478921447,7.64101120190671,2.7811512316484905,0.6046273913890481,10.639199883140686,9.88155209397638,6.780630552654094,7.172478004676622,11.01257657833809,5.541278233905585,4.536624481075825,4.954822100560373,11.84945897713654,9.38444553132877,5.084452198828928,12.480082788988327,6.891005660959382,11.292686390673335,10.533808206192441,9.03330562490898,3.1087446636323612,4.20113514793528,4.990190741838395,8.406115351352257,3.0172675413858694,7.227961267718301
r46,1.7176465741542841,1.7153482883672346,1.713172120640576,2.49213610477213,2.568495300391574,2.6094907217442107,3.873838765558872,3.5944128893263207,3.4643796434890617,6.23588401896812,5.109270047650789,4.950111533475832,7.165052407490582,5.382550945561132,7.766234812200097,2.438161269142649,3.545728027915173,3.2123879137475675,2.455103129817342,4.548158217055364,3.8315928654949087,4.3108210850884445,2.4278574046281416,3.8633970352461056,4.838376528378594,3.0173316204647,4.709510372293,3.823613168037471,6.069538743303417,0.0,4.3513203615870655,4.037289088500214,4.484158249631321,4.2505815541166445,3.581342299223854,3.4646083196071316,4.757157953033835,5.076677239456099,4.809271951777009,5.384927934757486,5.228632273756073,4.689780682300861,5.339670598174768,5.190763861700799,4.620512878881177,5.2160386889277985,6.375049001223344,5.785459346569235,2.404317151449751,0.4900067984554778,7.183475237373501,6.7358454320221774,5.210046846604466,5.369391950160415,7.269680039381655,4.375844718071079,3.5794680158569165,3.8601049970896364,7.554802087708846,6.540879238786918,3.948663840872874,7.730678074025692,5.155459841211787,7.178766794025112,6.965159397316591,6.4141138904722235,2.7241151766064116,3.469694494872961,3.9912077603147855,6.208461598210258,2.3719404168358835,5.5095541030674555
r47,0.22127735604514795,0.2167162694211253,0.21535987616387198,2.1840756870901323,2.2350131234443342,2.291315244747776,3.3593451583911405,3.1242756270171714,3.0145508137016535,5.360364066945475,4.406720224915755,4.379179508378591,6.082598007243346,4.7274992736176245,6.512402868721671,2.5761286946012643,3.11495873165067,2.796162303393566,2.42389693319243,4.010176831023469,3.4019746146887164,3.8727537781407997,2.502184516872582,3.4189203090205815,4.172713028249579,2.801237233544905,4.06369112235426,3.4161530090431906,5.216391659221032,0.6521605700016044,3.7637911104431296,3.4930382788748657,3.8961345506849225,3.7033689983100384,3.10658574668807,3.0087011602807094,4.103988074347856,4.374260457130799,4.172294086611786,4.635631545642761,4.500420419700577,4.04736569538628,4.597002625936059,4.601414276157511,3.9880184671470547,4.495580885183381,5.466636238448435,4.978225030359203,2.1319920083042145,0.4309367332607659,6.198697980513686,5.721259016280659,4.489903575235181,4.769794828236293,6.114723434793138,3.7851339089082177,3.1647217860659995,3.4032029222295725,6.331410358399377,5.629684139809094,3.476143883911258,6.422048077743419,4.518384572384119,6.139549628450617,5.966097521323866,5.554582247967134,2.4220017742126254,3.0305911855614416,3.4790270391008047,5.4897755788884535,2.4132774727955626,4.74429204670035
r54r,1.2707605210491169,1.2782380575462484,1.2784786858337622,0.009118207112753334,0.009084033997726436,0.00907350893698053,0.009045246911748595,0.009070516106242552,0.009078474559177931,0.00904737329220087,0.009071290407125461,0.00848756787992857,0.009063360435184022,0.008322827842723276,0.009062998167320738,0.4415640102987216,0.009013187728638216,0.008996202445866191,0.28176630987619433,0.008104290021242322,0.00815129139226732,0.008901024684779787,0.39628559741769187,0.007806002596152493,0.009040899035879934,0.11170698523934161,0.00905628350953356,0.008440222486871759,0.009083067448209843,2.0059630769924035,0.008976526654108459,0.009036513287138302,0.009064678433321887,0.00903019422580355,0.009042581360626653,0.009070293821438232,0.009061618580080835,0.009036249682555529,0.00864754764281951,0.009048301592610608,0.008915234080861738,0.009073449584705672,0.00904206538394088,0.008723328451367923,0.008957701521263073,0.009043922719195335,0.009002779986513033,0.009005466675226663,0.006259031955084792,0.002075355041337989,0.008612205939492867,0.008922240639081484,0.009042026935624954,0.008875599100905513,0.009044644857607935,0.00906629892855255,0.007323831380491246,0.0073557915274314834,0.009109975773881743,0.009082330605027587,0.007259371902215775,0.00905037833925436,0.007702066494790133,0.008720497819117105,0.008080334681746609,0.007673843371873714,0.009118502347789433,0.009125779196319767,0.009073139098954856,0.008979460179938387,0.36469014818260054,0.00905158907207569
r56a,1.5905984691814103,1.5848916691929233,1.5816679303442882,2.7208191890485773,2.765023001974046,2.807966750206632,3.7170574231553624,3.5194250178422375,3.428263310911721,5.417601821804965,4.614276262300883,4.488647004412141,6.430154063022917,4.763534756049766,7.698532357168254,2.775112921500867,3.4906157867339593,3.225137716697562,2.634260951576588,4.122629875950784,3.6191378874771143,4.077483778588527,2.707056980805206,3.5685101814675813,4.403093470259966,3.0895090453552796,4.311749575434278,3.662848709756072,5.286647472018704,0.8842847353472221,4.045851459515478,3.8119228404934353,4.148601535434029,3.982721084973798,3.4841190405728906,3.4020907963307727,4.345912531076994,4.574328271976196,4.3985350172766235,4.79345165881994,4.683762731710933,4.2946358387536,4.763128711471954,4.684889332692187,4.2458373278735095,4.686581495072925,5.4868755079675,5.093809423072448,2.203841030831236,0.42574067402901666,6.513800621268507,6.822737493553931,4.680285595256034,4.848881381841526,7.419332372061313,4.085703516544444,3.26155905230518,3.465276948591267,8.00862335328714,6.49296740957903,3.508339377821309,8.758991987036529,4.4718668439681135,7.883758613267283,6.8904754956923435,5.761731302763114,2.9086577940223086,3.4341100630041996,3.8108742201798957,5.465295555158825,2.6033623171379263,4.891693593602239
r56b,1.5905984691814103,1.5848916691929233,1.5816679303442882,2.7208191890485773,2.765023001974046,2.807966750206632,3.7170574231553624,3.5194250178422375,3.428263310911721,5.417601821804965,4.614276262300883,4.488647004412141,6.430154063022917,4.763534756049766,7.698532357168254,2.775112921500867,3.4906157867339593,3.225137716697562,2.634260951576588,4.122629875950784,3.6191378874771143,4.077483778588527,2.707056980805206,3.5685101814675813,4.403093470259966,3.0895090453552796,4.311749575434278,3.662848709756072,5.286647472018704,0.8842847353472221,4.045851459515478,3.8119228404934353,4.148601535434029,3.982721084973798,3.4841190405728906,3.4020907963307727,4.345912531076994,4.574328271976196,4.3985350172766235,4.79345165881994,4.683762731710933,4.2946358387536,4.763128711471954,4.684889332692187,4.2458373278735095,4.686581495072925,5.4868755079675,5.093809423072448,2.203841030831236,0.42574067402901666,6.513800621268507,6.822737493553931,4.680285595256034,4.848881381841526,7.419332372061313,4.085703516544444,3.26155905230518,3.465276948591267,8.00862335328714,6.49296740957903,3.508339377821309,8.758991987036529,4.4718668439681135,7.883758613267283,6.8904754956923435,5.761731302763114,2.9086577940223086,3.4341100630041996,3.8108742201798957,5.465295555158825,2.6033623171379263,4.891693593602239
r58a,0.04881722721161848,0.048628995161190944,0.04840988496851036,0.04888620261038683,0.048702987444908065,0.048646558560835954,0.04849503501299553,0.04863051284833721,0.04867318116436172,0.04850643535347159,0.04863466417209802,0.04550510400967509,0.048592148553596476,0.04462186953854792,0.048590206296753126,0.044751017283007025,0.048323153446622066,0.04823208883658197,0.04151199205173825,0.04345020452953447,0.04370219689146278,0.04772180438538046,0.04372372483292722,0.041850971333934395,0.04847172438427084,0.044510532005077166,0.04855420644316522,0.04525126721379814,0.048697805402548526,0.03740726936228657,0.04812659937681273,0.04844821070456051,0.04859921484669675,0.04841433179515452,0.04848074397193842,0.04862932109431726,0.04858280980087466,0.04844679741937373,0.04636281682597089,0.048511412327711424,0.047797986403099915,0.048646240350545475,0.04847797762319341,0.04676910678131696,0.048025670625462064,0.048487935509260484,0.048267353552634513,0.048281757920421005,0.033557068897151536,0.005590679037253145,0.04617333641079083,0.0478355512467689,0.04847777148703758,0.04758548808663938,0.04849180717002828,0.048607902942634444,0.039265866669143064,0.03943721726465573,0.04884207124828294,0.04869385490387545,0.03892027470394992,0.04852254656231936,0.041293730064142734,0.04675393067706555,0.043321770774333856,0.04114241508652393,0.04888778547855533,0.04892679945216001,0.048644575717451004,0.048142327132972604,0.04167454283735841,0.04852903776495146
r59,5.7061690478347575,5.708631924378003,5.710422945347974,5.809776970822638,5.7402300894049505,5.703266999267488,4.744049923385329,4.948797069763768,5.057256561948638,3.037670833057988,3.8566122179500453,2.9303330468109783,2.002213681888449,2.3383240812223374,0.7140851237906803,4.260280995528425,4.958364078248241,5.214835412988445,3.110803457187287,2.595959818143265,3.1675251762021728,4.104142463135827,3.674573461904245,2.6079227721390583,4.075721252775555,3.9037445541376097,4.1811815070581,3.670786600636089,3.1796516097263448,1.3284222733501845,4.429794796864797,4.630372410524462,4.292609939639833,4.457079928421904,4.977383602601036,5.0663507278909545,4.143523982723214,3.8974244393098334,4.083578221480136,3.649998642072716,3.79202268947415,4.167876123376887,3.7018404307382347,3.1772138494541378,4.245857670161435,3.8159554270169416,3.028280065953247,3.424810670752011,1.4909652749850457,0.16487749778072502,1.1750787135520746,1.7093259845962312,3.8599671561696387,3.3834760670414563,1.144946160123961,4.463109997864439,2.0189653787054826,1.8927743805724189,0.5509136813138399,2.0269183278794394,1.7006529129708456,0.0,1.500181188434303,0.0,0.0,0.17136690113368608,5.604777628034395,5.110451144757882,4.705060324284556,2.9203471543878057,3.1984298971527014,3.5917107097989516
r60r,1.326473274571222,1.317841234353086,1.3127788978518453,2.982690526193727,3.0661043351365196,3.136531842763668,4.749855908863372,4.397791145679238,4.23152155013918,7.776873376282399,6.336885071225458,6.287404494650468,8.595435634637184,6.8354034464073745,8.54927492545976,3.371765105320525,4.3521288606202,3.88836751464726,3.361972662927519,5.785628295395348,4.860698491063654,5.435922312532699,3.3538410532379417,4.940341205840736,5.967420876344699,3.8803148977437987,5.802212999247108,4.829975314803693,7.54942713465456,0.4906029047675159,5.3358800798368575,4.935562071529337,5.530698535418777,5.235397805556303,4.349407033845775,4.203304079103349,5.863754596863088,6.272430723872652,5.927404421634517,6.670733541498356,6.457620094818792,5.781184610229063,6.610063275512997,6.570599519797321,5.682565484768623,6.460600609201247,7.973635217210959,7.186655345489999,3.2447604456399537,0.6618749819438868,8.743951412590413,7.39162125453055,6.443748751086674,6.79353903328907,7.857362982656681,5.384334763304953,4.65138889394813,5.003660352860882,7.8542316738254945,7.412156135307609,5.135090190098368,7.419271629286729,6.650016811602126,7.37259845815503,7.886784582789267,7.851828155970997,3.31343592348366,4.233394757202835,4.905588137467777,7.868121894322162,3.292051656753829,6.838064854364119
r64r,0.3052044466027319,0.3057199132931843,0.30590994559838947,0.44656548610603997,0.4511422362184275,0.45662384627760233,0.5664483747574837,0.5412800994869538,0.5301485618279546,0.7908526147778648,0.6785772386692256,0.7163960058885888,0.9140879772309168,0.7690540263467348,1.0218052055219506,0.4940188394219546,0.5410026411485168,0.5074410648185766,0.5372306471195538,0.7034569879798905,0.629470571639809,0.6205712726976107,0.5117601436900655,0.6587794710607956,0.655323690809582,0.5447245848421332,0.6438492016257962,0.6084180379799868,0.774529691270653,0.39085088999913725,0.613121108138614,0.582539501869441,0.6239836077262052,0.6043668176107159,0.5414438609333637,0.5310191045969724,0.6477740960089783,0.6765458696238447,0.6565053422127523,0.705530629065049,0.6918157697916939,0.6405943815894168,0.7017741361414063,0.7232751898302863,0.6385642433683908,0.6915379993374593,0.8131961007133635,0.7509778288636149,0.6304340167808087,0.11167340217851715,0.9778513468388543,0.897838987231974,0.6940526807899774,0.7347841077051313,0.9698314726588619,0.6173948672619908,0.6756041553549413,0.7015453475926661,1.0239731118127462,0.8664913605369994,0.7186864136058216,1.0697739669962125,0.8086898375061464,1.0237747181753416,1.0303924499667976,0.9660055071554634,0.46908578988197636,0.5340095625598459,0.5814107297104025,0.8075746083805738,0.5336629863646393,0.7200672963224802
r65r,0.3052044466027319,0.3057199132931845,0.3059099455983886,0.44656548610603997,0.4511422362184275,0.45662384627760233,0.5664483747574837,0.5412800994869538,0.5301485618279546,0.7908526147778648,0.6785772386692256,0.7163960058885888,0.9140879772309168,0.7690540263467348,1.0218052055219506,0.4940188394219546,0.5410026411485168,0.5074410648185766,0.5372306471195538,0.7034569879798905,0.629470571639809,0.6205712726976107,0.5117601436900655,0.6587794710607956,0.655323690809582,0.5447245848421332,0.6438492016257955,0.6084180379799868,0.774529691270653,0.39085088999913725,0.613121108138614,0.582539501869441,0.6239836077262052,0.6043668176107159,0.5414438609333637,0.5310191045969724,0.6477740960089783,0.6765458696238447,0.6565053422127523,0.705530629065049,0.6918157697916939,0.6405943815894168,0.7017741361414063,0.7232751898302855,0.6385642433683908,0.6915379993374583,0.8131961007133626,0.7509778288636139,0.6304340167808087,0.11167340217851715,0.9778513468388533,0.8978389872319735,0.6940526807899773,0.7347841077051313,0.9698314726588618,0.6173948672619908,0.6756041553549413,0.7015453475926661,1.023973111812745,0.8664913605369994,0.7186864136058216,1.0697739669962125,0.8086898375061464,1.0237747181753407,1.0303924499667976,0.9660055071554634,0.46908578988197636,0.5340095625598459,0.5814107297104025,0.8075746083805737,0.5336629863646393,0.7200672963224799
r67,0.3052044466027319,0.3057199132931843,0.30590994559838947,0.44656548610603997,0.4511422362184275,0.45662384627760233,0.5664483747574837,0.5412800994869538,0.5301485618279546,0.7908526147778648,0.6785772386692256,0.7163960058885888,0.9140879772309168,0.7690540263467348,1.0218052055219506,0.4940188394219546,0.5410026411485168,0.5074410648185766,0.5372306471195538,0.7034569879798905,0.629470571639809,0.6205712726976107,0.5117601436900655,0.6587794710607956,0.655323690809582,0.5447245848421332,0.6438492016257962,0.6084180379799868,0.774529691270653,0.39085088999913725,0.613121108138614,0.582539501869441,0.6239836077262052,0.6043668176107159,0.5414438609333637,0.5310191045969724,0.6477740960089783,0.6765458696238447,0.6565053422127523,0.705530629065049,0.6918157697916939,0.6405943815894168,0.7017741361414063,0.7232751898302863,0.6385642433683908,0.6915379993374593,0.8131961007133635,0.7509778288636149,0.6304340167808087,0.11167340217851715,0.9778513468388543,0.897838987231974,0.6940526807899774,0.7347841077051313,0.9698314726588619,0.6173948672619908,0.6756041553549413,0.7015453475926661,1.0239731118127462,0.8664913605369994,0.7186864136058216,1.0697739669962125,0.8086898375061464,1.0237747181753416,1.0303924499667976,0.9660055071554634,0.46908578988197636,0.5340095625598459,0.5814107297104025,0.8075746083805738,0.5336629863646393,0.7200672963224802
r68a,0.3052044466027319,0.3057199132931843,0.30590994559838947,0.44656548610603997,0.4511422362184275,0.45662384627760233,0.5664483747574837,0.5412800994869538,0.5301485618279546,0.7908526147778648,0.6785772386692256,0.7163960058885888,0.9140879772309168,0.7690540263467348,1.0218052055219506,0.4940188394219546,0.5410026411485168,0.5074410648185766,0.5372306471195538,0.7034569879798905,0.629470571639809,0.6205712726976107,0.5117601436900655,0.6587794710607956,0.655323690809582,0.5447245848421332,0.6438492016257962,0.6084180379799868,0.774529691270653,0.39085088999913725,0.613121108138614,0.582539501869441,0.6239836077262052,0.6043668176107159,0.5414438609333637,0.5310191045969724,0.6477740960089783,0.6765458696238447,0.6565053422127523,0.705530629065049,0.6918157697916939,0.6405943815894168,0.7017741361414063,0.7232751898302863,0.6385642433683908,0.6915379993374593,0.8131961007133635,0.7509778288636149,0.6304340167808087,0.11167340217851715,0.9778513468388543,0.897838987231974,0.6940526807899774,0.7347841077051313,0.9698314726588619,0.6173948672619908,0.6756041553549413,0.7015453475926661,1.0239731118127462,0.8664913605369994,0.7186864136058216,1.0697739669962125,0.8086898375061464,1.0237747181753416,1.0303924499667976,0.9660055071554634,0.46908578988197636,0.5340095625598459,0.5814107297104025,0.8075746083805738,0.5336629863646393,0.7200672963224802
r85,0.0010449814785614272,0.0010409521836260147,0.001036261911232447,0.001046457965824279,0.001042536062319171,0.0010413281457270398,0.0010380846329327254,0.0010409846712342017,0.0010418980291309304,0.0010383286686009826,0.001041073534463303,0.0009740821752121692,0.0010401634452095149,0.0009551756596996555,0.0010401218692629704,0.0009579401960870392,0.0010344053364297909,0.001032456007549412,0.0008886056277677346,0.0009300950006079201,0.000935489148657637,0.0010215328594981158,0.0009359499757341978,0.0008958618176772764,0.0010375856456559002,0.000952792368656793,0.0010393512564613864,0.0009686485452126998,0.0010424251355296696,0.0007839585263869318,0.0010301979003622165,0.0010370823118700861,0.0010403147062670527,0.0010363570999956946,0.0010377787189334274,0.0010409591605498381,0.0010399635398854162,0.00103705205908982,0.000992442374227081,0.001038435205702334,0.0010231636116334946,0.0010413213341181724,0.0010377195024771984,0.0010011394162858826,0.0010280374196909392,0.0010379326609684084,0.0010332108839985433,0.0010335192238697477,0.000718322556918749,0.0001195062513448596,0.000988386356797701,0.0010239677246099692,0.0010377150899268995,0.0010186148730505456,0.001038015537732255,0.0010405006836198762,0.0008405250718366815,0.0008441930023784139,0.001045513289965915,0.0010423405711620093,0.0008331273308466532,0.0010386735451065978,0.0008839335120507072,0.001000814556625963,0.0009273457478733882,0.0008806944639099276,0.0010464918486975583,0.0010473269817468933,0.0010412857009854278,0.0010305345686825117,0.0008920851895944916,0.001038812495780449
r87,0.00040000737325672877,0.0003984650036393833,0.0003966696191484126,0.00040057255628035823,0.0003990712949169,0.00039860891778114747,0.00039736733689218275,0.00039847743953718985,0.00039882706285643884,0.0003974607510516616,0.0003985114554001945,0.0003728679026725265,0.00039816308328136324,0.00036563069726481553,0.0003981471684680386,0.00036668893127305156,0.00039595894281076036,0.00039521276123635654,0.00034014842398336824,0.0003560300978583679,0.0003580949181796602,0.0003910315007552147,0.0003582713176969758,0.0003429260133714737,0.00039717633007148176,0.00036471839976550335,0.00039785218639523673,0.0003707879690967317,0.0003990288333665265,0.0003000906688929335,0.00039434838273477463,0.000396983659455108,0.0003982209843442288,0.0003967060563560718,0.00039725023639055907,0.00039846767432883377,0.00039808656173028135,0.0003969720790248476,0.0003798959841562994,0.0003975015322780064,0.0003916557346688956,0.0003986063103724576,0.00039722756898484584,0.00038322511583995824,0.0003935213745858101,0.0003973091637020469,0.0003955017196070496,0.0003956197487056038,0.0002749659444105005,4.574567364966542e-05,0.0003783433854633991,0.000391963540238796,0.00039722587990935053,0.00038991452775805687,0.00039734088801213853,0.00039829217442677013,0.0003217437179888554,0.0003231477613057746,0.00040021094479110046,0.00039899646306023223,0.0003189119444099037,0.0003975927659713793,0.00033835998966772363,0.00038310076314840616,0.00035497771426368734,0.0003371201177989401,0.0004005855262701437,0.0004009052059814526,0.0003985926704025211,0.0003944772556509168,0.0003414803618358577,0.0003976459547545705
r93,1.2880432115489742,1.2954541084570745,1.2956171655415698,0.026425316846548644,0.026326280303087923,0.02629577779413175,0.026213872105537574,0.02628710440887285,0.026310168603346173,0.026220034549569293,0.02628934834353666,0.0245976722373378,0.02626636671167724,0.024120242054873724,0.026265316742438684,0.4574071465077044,0.026120961952030345,0.02607173722891679,0.29646273878633195,0.02348690141758415,0.023623115279910224,0.025795904254955947,0.41176504281251025,0.02262243982101816,0.026201271591164484,0.12746498280318602,0.02624585711408192,0.02446046146305393,0.026323479124848597,2.018928773325157,0.02601471517406464,0.02618856138117422,0.026270186292182012,0.026170248227411465,0.02620614716604152,0.026286460156392348,0.026261318559811883,0.026187797424418163,0.025061306824827864,0.02622272486477507,0.025837084227297934,0.0262956057898764,0.026204651744339478,0.02528092591920526,0.02596015838549035,0.026210034514491276,0.02609079942232114,0.026098585681124806,0.018139191213685454,0.004051839402069338,0.024958883618136224,0.02585738976297096,0.026204540374199572,0.025722218869160023,0.02621212734792166,0.02627488259644005,0.02122506788139757,0.0213176909700985,0.026401461735701185,0.02632134375315524,0.02103825895209391,0.026228743527667065,0.02232122436141587,0.02527272235522287,0.023417476807340465,0.02223943149741782,0.026426172431493217,0.026447261339847837,0.026294706017881746,0.026023216728344616,0.37944412467969507,0.026232252291890232
r94,1.2880432115489742,1.2954541084570743,1.2956171655415691,0.026425316846548644,0.026326280303087923,0.02629577779413175,0.026213872105537113,0.0262871044088731,0.026310168603346253,0.026220034549569504,0.02628934834353731,0.024597672237336873,0.02626636671167683,0.024120242054873987,0.026265316742438226,0.4574071465077047,0.02612096195203035,0.02607173722891679,0.29646273878633195,0.023486901417584163,0.023623115279909342,0.02579590425495653,0.4117650428125105,0.022622439821018685,0.02620127159116418,0.12746498280318566,0.0262458571140813,0.024460461463053224,0.026323479124849357,2.018928773325157,0.02601471517406464,0.02618856138117422,0.026270186292182012,0.026170248227411465,0.02620614716604152,0.026286460156392348,0.026261318559811835,0.026187797424417444,0.025061306824828135,0.026222724864775428,0.025837084227297403,0.02629560578987696,0.02620465174433918,0.025280925919205277,0.025960158385490442,0.02621003451449106,0.026090799422321093,0.026098585681124328,0.01813919121368611,0.004051839402069338,0.024958883618136925,0.025857389762971594,0.02620454037420009,0.02572221886915963,0.0262121273479216,0.026274882596440518,0.021225067881396983,0.02131769097009819,0.026401461735701483,0.026321343753156208,0.021038258952093724,0.02622874352766664,0.02232122436141564,0.025272722355222474,0.02341747680734133,0.022239431497418482,0.026426172431493217,0.02644726133984669,0.02629470601788132,0.026023216728344924,0.3794441246796957,0.02623225229189095
r95,1.261655179160866,1.2691678245175404,1.269449321025753,0.0,0.0,0.0,0.0,0.0,0.0,0.0,0.0,0.0,0.0,0.0,0.0,0.43321709394391844,0.0,0.0,0.2740235333670962,0.0,0.0,0.0,0.3881302906546552,0.0,0.0,0.10340492396541281,0.0,0.0,0.0,1.9991321325638105,0.0,0.0,0.0,0.0,0.0,0.0,0.0,0.0,0.0,0.0,0.0,0.0,0.0,0.0,0.0,0.0,0.0,0.0,0.0,0.0010340492396541281,0.0,0.0,0.0,0.0,0.0,0.0,0.0,0.0,0.0,0.0,0.0,0.0,0.0,0.0,0.0,0.0,0.0,0.0,0.0,0.0,0.35691705285857134,0.0
r96,0.02429144168922007,0.024197777461688632,0.024088748277258685,0.024325763832710706,0.024234596006043375,0.024206517005548673,0.02413111892095542,0.02419853266248396,0.024219764407298016,0.024136791727907586,0.024200598360288376,0.022643329901167263,0.024179442597728692,0.022203832619597193,0.024178476131144037,0.022268096509273336,0.024045590690748627,0.024000276960512545,0.020656358255598986,0.02162081236483402,0.021746203709561058,0.023746359528095843,0.02175691600857192,0.02082503427301444,0.02411951955714989,0.022148431087052084,0.024160562611794393,0.022517020766506784,0.02423201742288744,0.018223751541232663,0.023947785428174925,0.02410781915521788,0.0241829587836452,0.024090961017233868,0.0241240077020201,0.024197939645941705,0.024174795636396604,0.02410711590481498,0.023070127612819912,0.024139268269211575,0.023784267683615967,0.02420635866417703,0.024122631167483633,0.023272297406618764,0.023897563303358765,0.024127586209434244,0.024017824675583783,0.024024992285875103,0.0166979902165007,0.002778019702356189,0.022975842199257947,0.02380295994169106,0.024122528594177132,0.023678528567361325,0.024129512746993903,0.024187281978302402,0.019538686751613958,0.019623950770835404,0.02430380407648437,0.024230051655603185,0.019366720264571157,0.02414480866194138,0.020547751137835687,0.023264745780429624,0.021556903756058284,0.02047245683773955,0.024326551467568586,0.024345964812385868,0.0242055303431097,0.023955611556234258,0.020737243491323495,0.024148038682965462
r113a,0.2691505725392293,0.270396793845163,0.2746008761132224,1.117637950506842,1.1624574176551823,1.1951138215687247,1.982593032013652,1.80398693260605,1.7214824219546614,3.4721641460925343,2.7639328777842005,2.685859054827685,4.494183423396342,2.9518826947744192,5.509782925416207,1.2062040737040685,1.7835460796133653,1.5634166927827344,1.1592688137532845,2.4274240709828967,1.972182796753351,2.3008554539418364,1.1610588539572237,1.9980604232119143,2.5910023408437697,1.4801545519733166,2.5088493634008,1.973637186702222,3.3624173656409817,0.0,2.2864154240680588,2.079426265255058,2.369063675243618,2.2238615806242503,1.7911773669296267,1.7151586722551226,2.538869299449491,2.742371656999739,2.6190445597177696,2.9351055727468607,2.849644341962818,2.4944099958419734,2.90786879981779,2.8459415920954765,2.457110344291411,2.8303447425267327,3.624269878443142,3.1881244927371784,1.131136704446028,0.24870770838320877,4.683908182779489,4.459901544631187,2.8239135450642205,2.96429527374339,5.080024337749764,2.2968469055887035,1.828019999755121,2.0064339789392744,5.588779404451961,4.154651360418195,2.0687832501165935,6.01648631190169,2.823084409778763,5.25466235266847,4.720070715001586,3.854976076184924,1.2697042291742986,1.7241254965988413,2.0601762478566203,3.4999598985666376,1.117409187308716,3.0119625167737136
r118a,0.0,0.0,0.0,0.0,0.0,0.0,0.0,0.0,0.0,0.0,0.0,0.0,0.0,0.0,0.0,0.0,0.0,0.0,0.0,0.0,0.0,0.0,0.0,0.0,0.0,0.0,0.0,0.0,0.0,0.6416105161180605,0.0,0.0,0.0,0.0,0.0,0.0,0.0,0.0,0.0,0.0,0.0,0.0,0.0,0.0,0.0,0.0,0.0,0.0,0.0,0.006416105161180605,0.0,0.0,0.0,0.0,0.0,0.0,0.0,0.0,0.0,0.0,0.0,0.0,0.0,0.0,0.0,0.0,0.0,0.0,0.0,0.0,0.0,0.0
r122r,1.3762808190975213,1.3802743643132775,1.3821396653306282,1.3893745524073116,1.4069603598554148,1.4256214826331002,1.7939707194870773,1.7103530415835975,1.673038694872936,2.51886545361625,2.1635035301965932,2.211474955667561,2.9835266053161207,2.364271876870582,3.4309353532702596,1.6745379281320982,1.7003183329842535,1.5914385462125407,1.6509888273552162,2.1217043739279404,1.890516701723999,1.9583698247405452,1.6675138619793948,1.9313560255630726,2.080375456384156,1.677839204949064,2.0433266121044524,1.8594496627109054,2.4644638978047286,1.7846833184943653,1.93485507836174,1.8336648691934605,1.97457507249174,1.9050457095152928,1.6998931484340103,1.6647686508597188,2.057515304910335,2.1512604027264555,2.09890192299722,2.244944746409072,2.205556159673705,2.0341494919910095,2.2329869436114684,2.262361879862429,2.015236200001789,2.194607765647524,2.5889467862490267,2.376054823518086,1.6705668893334484,0.3064319002532121,3.143060276830195,2.9598677582266877,2.1919353479263353,2.3047654917826654,3.2372856768629927,1.9465336733249032,1.9094351502790758,2.001873310848187,3.46839564153404,2.8366775829688105,2.054804662489759,3.590438316506947,2.4027107764198448,3.3994484024970766,3.234644022895079,2.9784306266773157,1.4636605432218677,1.6803436362297355,1.8368686246527395,2.5607517904831085,1.666796603755125,2.2862559490482535
r123a,0.7971515392109656,0.8012591019811782,0.803505418007908,0.251282347804774,0.25952839643232983,0.2656473351175567,0.37901725830820093,0.3541349289599335,0.34264895860809064,0.5687315514567785,0.4846681549702255,0.40832814896839054,0.7727002690257769,0.42773188835652476,1.0129463259425293,0.49314882275379346,0.3404851664385593,0.3114984438885395,0.28806002666175196,0.32738368214069535,0.276308056532416,0.40986008998010426,0.4126250238586464,0.22209297337361292,0.45314528061234666,0.29550658942836094,0.4433914853445228,0.3124436188946787,0.5522388141048888,0.3254853153058021,0.40400344704790314,0.3742385299668797,0.41968372389584047,0.3940327648703901,0.337932555627115,0.32680345644481457,0.4489477295715311,0.4746077040561965,0.4782151003105138,0.4991336976703341,0.495589113207627,0.4425575106991808,0.4962547798726957,0.4559390410091752,0.4228986270747639,0.4796210847439044,0.5847071043176643,0.514228541181765,0.0,0.006515694882835804,0.7592489121424739,0.8029278965486819,0.4655634038994048,0.47273196192608347,0.9304603742083558,0.403968319867436,0.12437277275610496,0.15910219645358323,1.060225471744396,0.7427164238731204,0.17042685518618694,1.0603901063422236,0.3300138753295012,0.9595851523621888,0.6891735184394866,0.5644749554843187,0.27262861274950023,0.3379210379061697,0.3833724011848458,0.5650195485587002,0.3258876595144499,0.5029370611623603
r124,0.0,0.0,0.0,0.33519921345548365,0.3431307593889114,0.3491528336250578,0.4622626551811285,0.43761288378786584,0.4262001568288859,0.6519965178767159,0.5681532358594942,0.4864411030473831,0.8561123686390343,0.50432870363778,1.0963550915249585,0.13675023596618224,0.4234355155977557,0.39429247375439314,0.0852949685675725,0.40196924578245163,0.3513261841298854,0.4917781779758886,0.09954981514184993,0.29393333223256174,0.5363506630273195,0.2685073614438844,0.5267384544544165,0.3901208429075301,0.6358322816936721,0.0,0.48661639627442843,0.45740354937151745,0.5031079533358601,0.47713962856365727,0.42115342084676705,0.41027936553680083,0.5323437985091449,0.5577702974498779,0.557800383335684,0.582407207443126,0.5776379734009764,0.5260624629746414,0.5794708964454169,0.5362217514837577,0.5053383244630376,0.5628542947815021,0.6675616687368513,0.5971078317881333,0.05760324778581916,0.01931686243051126,0.8385089376983572,0.8850412396384526,0.5487791666238178,0.5544160526809976,1.0137002302446023,0.48740746308149935,0.1917756038615231,0.2267991638210752,1.144066582572949,0.8263031101320253,0.23723645153487397,1.3660793262044797,0.40089768738638354,1.0843216815536432,0.9681761029692824,0.6350990239331942,0.35654819551318534,0.4219075911074562,0.4668744959916488,0.6476594956686811,0.040508112651369894,0.5862408263317658
r126a,0.26098333073455293,0.25943101790738793,0.26216086243298053,0.9833689532777097,1.0002677408397718,1.0156740712188104,1.3131026930323448,1.2465151691123804,1.216404667875759,1.8652730748282926,1.6036268153102249,1.5488783199008378,2.30163794127339,1.6440048205115012,2.7655868862853965,0.9314364882765627,1.2276129136461098,1.1441166307049078,0.8712887563542528,1.421476505915077,1.2549998254973018,1.4255535340058683,0.8917015517808353,1.2197881642868103,1.5304152504939064,1.0650730852902535,1.5022001341968896,1.276786951014992,1.821725963076508,0.0,1.408249197515672,1.328135217622775,1.4441510356447067,1.383593954362424,1.2249682717736867,1.1963905895103621,1.5148726072058116,1.5873010772756078,1.5631349295002328,1.6587186749648393,1.6349340060997724,1.4968480080400877,1.6498352772729605,1.6228996719516589,1.4672577250093832,1.6140196112267564,1.9161063896583188,1.7391928649065567,0.8131386795885772,0.16609426577423922,2.3661029603646977,2.319457326888267,1.598617945757459,1.6615189536442234,2.586200818230226,1.4144215786731271,1.1091298477578952,1.190209439798278,2.831788860040509,2.1983073931844292,1.227604298654015,3.115126984023606,1.5629601363203136,2.739557304120282,2.5442753983886464,2.085165381361096,1.041859424568419,1.2155232430233693,1.3390211913652927,1.8822256872658203,0.8342511138690921,1.683191123736095
r127,0.0,0.0,0.0,0.3968873920168484,0.39760858501791657,0.40087390247730925,0.47182277954298363,0.45476735636497456,0.4475555524379991,0.6445450054957563,0.550805424479243,0.6541090678867945,0.6728253036075468,0.7119442285163574,0.6562854688175427,0.301537429556814,0.4636922316095054,0.4383257130617664,0.4979337611247691,0.6921235779916214,0.6273655848344297,0.5239152660498975,0.3795267127808675,0.7037618586801101,0.5409193068543695,0.5010591344194688,0.5320701943980296,0.5742224892090417,0.633654867280011,0.0,0.5176293541919597,0.49649313828354713,0.5213593584137113,0.5124215609270654,0.465882295299697,0.45930776752791863,0.5335810791244426,0.5549230757682923,0.5271194458541676,0.5771777698516221,0.5617069194930709,0.5282280343662162,0.5741096009545668,0.6307388794594021,0.5390207734711429,0.5715442317015725,0.6638376166041949,0.6278564919363026,0.8511691777897862,0.1402617084609773,0.7683451105260044,0.631488190699339,0.5842753752332509,0.6343709390375364,0.6420402137751589,0.5230457957232236,0.7929814711406895,0.8043080795224774,0.627496805719649,0.6292878591793536,0.8199409919335279,0.6886575514773979,0.832048573604741,0.6956504702057644,0.8869257769711929,0.8855914019443456,0.41268261630565933,0.4556946140100464,0.4887742941884921,0.6695466430373499,0.467855341703432,0.5940132362400826
r129,0.0,0.0,0.0,0.0,0.0,0.0,0.0,0.0,0.0,0.0,0.0,0.0,0.0,0.0,0.0,0.0,0.0,0.0,0.0,0.0,0.0,0.0,0.0,0.0,0.0,0.0,0.0,0.0,0.0,0.07548564485845473,0.0,0.0,0.0,0.0,0.0,0.0,0.0,0.0,0.0,0.0,0.0,0.0,0.0,0.0,0.0,0.0,0.0,0.0,0.0,0.0007548564485845474,0.0,0.0,0.0,0.0,0.0,0.0,0.0,0.0,0.0,0.0,0.0,0.0,0.0,0.0,0.0,0.0,0.0,0.0,0.0,0.0,0.0,0.0
r130,0.0,0.0,0.0,0.0,0.0,0.0,0.0,0.0,0.0,0.0,0.0,0.0,0.0,0.0,0.0,0.0,0.0,0.0,0.0,0.0,0.0,0.0,0.0,0.0,0.0,0.0,0.0,0.0,0.0,0.0,0.0,0.0,0.0,0.0,0.0,0.0,0.0,0.0,0.0,0.0,0.0,0.0,0.0,0.0,0.0,0.0,0.0,0.0,0.0,0.0004447986964808682,0.0,0.0,0.0,0.0,0.0,0.0,0.0,0.0,0.0,0.0,0.0,0.2223965973333113,0.0,0.04447986964808682,0.20463748714650687,0.0,0.0,0.0,0.0,0.0,0.0,0.0
r131,0.024490237524373456,0.024395806769330963,0.024285885313950237,0.02452484055276457,0.024432926628582083,0.024404617835703055,0.024328602709708366,0.02439656815052425,0.024417973651284845,0.024334321941669824,0.024398650753546705,0.022828637950641138,0.02437732185686268,0.022385543919638234,0.02437634748092733,0.022450333730903632,0.024242374535210862,0.02419668996733723,0.02082540536458426,0.021797752354882873,0.021924169874894765,0.023940694530299893,0.021934969841013553,0.020995461789559893,0.024316908419252277,0.022329688993092442,0.024358287361261253,0.02270129512970542,0.02443032694286833,0.09464249411483121,0.024143768855802484,0.02430511226379501,0.02438086681847415,0.02428811616250415,0.024321433294116,0.024395970280864702,0.02437263686581747,0.024304403258144983,0.023258928481231032,0.024336818750445435,0.023978912917858017,0.024404458198500286,0.02432004549432298,0.023462752788315656,0.02409313572412378,0.024325041087251153,0.024214381289062663,0.024221607557505707,0.016834642908956792,0.003563450440627174,0.023163871456507733,0.023997758149276707,0.024319942081579136,0.02387230845584944,0.02432698339117163,0.02438522539322222,0.019698587081955946,0.019784548883224503,0.024502701082706205,0.024428345088175558,0.019525213258870622,0.024342404484537006,0.020715909429970786,0.023455139361272175,0.02173332073205885,0.020639998937824346,0.02452563463345342,0.02454520685282946,0.024403623098634124,0.0241516590311787,0.02090695254735151,0.02434566093934338
r136,0.06534777041251857,0.073811610979694,0.0716579369712762,0.08465638676733514,0.06710434835778417,0.07979869944717966,0.09664929824827054,0.10612574665977073,0.11584464666871029,0.13599173025154193,0.10118141744654985,0.14522611355087672,0.07459666707360964,0.07389521400580988,0.08564490053910256,0.13917506407767496,0.18945523476833287,0.14907118448349027,0.11289118178170866,0.09542158574609062,0.09415825855734355,0.12549075517877356,0.11075346170519569,0.141083032828681,0.13552359765244887,0.13653283599766994,0.12748654189839873,0.11508811845417274,0.11864163383652114,0.09036391000561268,0.19638860764291843,0.17345968392749425,0.13184700715451678,0.19011135133310103,0.15938633489380963,0.16403245281504336,0.11350707195734755,0.1260317864254856,0.11169646407950885,0.11229361945867843,0.11086329672613142,0.10185931074352743,0.11912015184725062,0.1328566861345032,0.25356930835103625,0.20732024561177392,0.2467416629937152,0.2990826291505579,0.2562397248691452,0.034169061762016555,0.2369605457275849,0.303486885964337,0.30801441978483024,0.31019874118950247,0.28043289449642195,0.24990097491094523,0.24888757995725844,0.2447084540127378,0.17571602979262513,0.19642500851807485,0.2440716781332118,0.21375272989285896,0.2221580932680308,0.21956785472874737,0.2696294231152765,0.22899629328133714,0.1293876700160258,0.14342561712559967,0.14779272430161192,0.2126163914069192,0.2451786752255697,0.1888978405827094
r146r,0.6104088932054638,0.6114398265864593,0.6118198911968696,0.8931309722120799,0.902284472436855,0.9132476925552047,1.1328967495149673,1.0825601989739075,1.0602971236559091,1.5817052295557297,1.3571544773384512,1.4327920117771775,1.8281759544618337,1.5381080526934696,2.0436104110439013,0.9880376788439093,1.0820052822970336,1.0148821296371533,1.0744612942391076,1.406913975959781,1.258941143279618,1.2411425453952214,1.023520287380131,1.3175589421215912,1.310647381619164,1.0894491696842663,1.2876984032514307,1.2168360759599737,1.549059382541306,0.7817017799982745,1.226242216277228,1.165079003738882,1.2479672154524104,1.2087336352214317,1.0828877218667274,1.0620382091939449,1.2955481920179566,1.3530917392476893,1.3130106844255045,1.411061258130098,1.3836315395833878,1.2811887631788337,1.4035482722828125,1.4465503796609156,1.2771284867367816,1.3830759986747567,1.6263922014265653,1.501955657727068,1.2608680335616174,0.2233468043570343,1.955702693677547,1.7956779744637863,1.388105361579793,1.469568215410101,1.939662945319076,1.2347897345239816,1.3512083107098827,1.4030906951853321,2.0479462236268446,1.7329827210739988,1.4373728272116433,2.139547933992425,1.6173796750122929,2.0475494363510265,2.060784899933595,1.9320110143109268,0.9381715797639527,1.0680191251196918,1.162821459420805,1.6151492167604815,1.0673259727292785,1.4401345926447988
r153,0.0,0.0,0.0,0.0,0.0,0.0,0.0,0.0,0.0,0.01641985416813133,0.016463260748858472,0.015403877161858518,0.016448868838784332,0.015104894540140523,0.016448211367793078,0.0,0.0,0.0,0.014052173711614446,0.014708275649436787,0.014793577275997989,0.016154249697755644,0.0,0.01416692117427877,0.016408104200356686,0.0,0.01643602510133931,0.015317951178214325,0.01648463460963655,0.012397312206050658,0.016291276355742054,0.0036403741103735094,0.016451260841028357,0.01638867630513408,0.0,0.0,0.0164457075890092,0.016399666203923035,0.015694220479380926,0.016421538917600762,0.01618003797949786,0.0164671793868813,0.016410220976623775,0.015831753195776246,0.016257111087432864,0.01641359180847114,0.016338922879830988,0.016343798884772578,0.011359362393585579,0.0018458034073454764,0.015630079695538018,0.016192754008831918,0.016410151197725067,0.016108105434015172,0.016414902399625817,0.016454201837770143,0.013291840552584156,0.01334984423332311,0.016533469864815267,0.016483297331156395,0.013174854638679262,0.016425307953754895,0.013978290112858057,0.01582661595126758,0.014664799695881308,0.013927068664655028,0.0,0.0,0.0,0.016296600339263223,0.010048730694255943,0.016427505282825897
r154,0.0,0.0,0.0,0.0,0.0,0.0,0.0,0.0,0.0,0.01641985416813159,0.016463260748858937,0.01540387716185863,0.016448868838784502,0.015104894540140176,0.016448211367793213,0.0,0.0,0.0,0.014052173711614128,0.014708275649436758,0.014793577275998534,0.01615424969775597,0.0,0.014166921174278172,0.0164081042003561,0.0,0.016436025101338608,0.015317951178214032,0.016484634609635725,0.012397312206051047,0.016291276355742054,0.0036403741103735094,0.016451260841028357,0.01638867630513408,0.0,0.0,0.016445707589010067,0.01639966620392329,0.01569422047938051,0.016421538917600162,0.016180037979497797,0.016467179386881824,0.016410220976623296,0.015831753195775625,0.016257111087433516,0.01641359180847002,0.016338922879831404,0.01634379888477191,0.011359362393586116,0.0018458034073454764,0.015630079695538,0.016192754008832445,0.016410151197724824,0.016108105434014666,0.01641490239962594,0.01645420183776928,0.013291840552584477,0.013349844233322217,0.01653346986481619,0.01648329733115634,0.013174854638678913,0.016425307953755748,0.013978290112857897,0.015826615951266578,0.014664799695881135,0.01392706866465464,0.0,0.0,0.0,0.016296600339263882,0.010048730694255832,0.016427505282826486
r155,1.2707605210491169,1.2782380575462484,1.2784786858337622,0.009118207112753334,0.009084033997726436,0.00907350893698053,0.009045246911748595,0.009070516106242552,0.009078474559177931,0.00904737329220087,0.009071290407125461,0.00848756787992857,0.009063360435184022,0.008322827842723276,0.009062998167320738,0.4415640102987216,0.009013187728638216,0.008996202445866191,0.28176630987619433,0.008104290021242322,0.00815129139226732,0.008901024684779787,0.39628559741769187,0.007806002596152493,0.009040899035879934,0.11170698523934161,0.00905628350953356,0.008440222486871759,0.009083067448209843,2.0059630769924035,0.008976526654108459,0.009036513287138302,0.009064678433321887,0.00903019422580355,0.009042581360626653,0.009070293821438232,0.009061618580080835,0.009036249682555529,0.00864754764281951,0.009048301592610608,0.008915234080861738,0.009073449584705672,0.00904206538394088,0.008723328451367923,0.008957701521263073,0.009043922719195335,0.009002779986513033,0.009005466675226663,0.006259031955084792,0.002075355041337989,0.008612205939492867,0.008922240639081484,0.009042026935624954,0.008875599100905513,0.009044644857607935,0.00906629892855255,0.007323831380491246,0.0073557915274314834,0.009109975773881743,0.009082330605027587,0.007259371902215775,0.00905037833925436,0.007702066494790133,0.008720497819117105,0.008080334681746609,0.007673843371873714,0.009118502347789433,0.009125779196319767,0.009073139098954856,0.008979460179938387,0.36469014818260054,0.00905158907207569
r156,0.0030989132970692846,0.0030869643430357888,0.0030730552472429955,0.0031032918493268647,0.003091661366709208,0.0030880792661032936,0.0030784605645902984,0.0030870606856822783,0.003089769266637463,0.0,0.0,0.0,0.0,0.0,0.0,0.002840790647828552,0.003067549537848451,0.003061768764399431,0.0,0.0,0.0,0.0,0.0027755782132971654,0.0,0.0,0.0028255246635008097,0.0,0.0,0.0,0.0,0.0,0.0003452075788221084,0.0,0.0,0.003077553370558854,0.0030869850332418693,0.0,0.0,0.0,0.0,0.0,0.0,0.0,0.0,0.0,0.0,0.0,0.0,0.0,3.452075788221084e-06,0.0,0.0,0.0,0.0,0.0,0.0,0.0,0.0,0.0,0.0,0.0,0.0,0.0,0.0,0.0,0.0,0.0031033923296591567,0.0031058689332774765,0.0030879533953795104,0.0,0.0,0.0
r158,0.0020647033760206723,0.0020567421833801764,0.0020474750131539332,0.0020676206604882835,0.002059871654813251,0.0020574850197230396,0.0020510763972219795,0.002056806373297813,0.0020586110111511387,0.018471412737791328,0.01852024270058839,0.0173284957287358,0.01850405261093489,0.016992157089510948,0.01850331299303605,0.001892724797007608,0.0020438067411882354,0.0020399552031439817,0.015807905346330337,0.01654598313724657,0.016641942671069852,0.018172622642150405,0.0018492759099859816,0.01593698979018562,0.018458194684682218,0.0018825535768549535,0.018489604128443617,0.01723183382829899,0.018544287092222705,0.013946279196661514,0.018326769928102248,0.005689470093851582,0.018506743478969825,0.01843633939488545,0.002050471963860919,0.0020567559685800976,0.01850049638267932,0.018448702413119494,0.01765511563648293,0.018473307986219694,0.018201633009171596,0.01852465094803991,0.018460575938968275,0.017809832209690755,0.018288335922186892,0.018464367935271453,0.0183803695887911,0.018385854820197455,0.012778644016054747,0.00208192717189964,0.017582960860956457,0.018215937827218608,0.01846049744163103,0.01812071293988954,0.01846584227663465,0.01851005193494688,0.014952573291925396,0.015017824171515216,0.01859922400855366,0.018542782729121625,0.014820970716278902,0.018477547939979723,0.015724790451812347,0.017804053098458672,0.016497075133916954,0.01566716920249482,0.002067687607208573,0.002069337686241116,0.002057401156224897,0.018332759110225225,0.011811337343695093,0.018480019811641876
r159r,0.6093765415174386,0.6104114554946697,0.6107961536903114,0.8920971618817545,0.9012545366091973,0.9122189500452245,1.1318712113164924,1.081531795787134,1.0592678181501507,1.572469523186858,1.3478943559883383,1.424127763913045,1.8189239281559635,1.5296119741488747,2.034358754547194,0.9870913164455167,1.0809833789264518,1.0138621520357496,1.0665573415659293,1.3986409843912957,1.2506201719441525,1.2320562340743455,1.0225956494250992,1.3095904472265567,1.301418284276916,1.0885078928957523,1.2784536011871965,1.2082201590463713,1.539787238995148,0.7747286403998601,1.2170788313132457,1.16223426869218,1.2387138437129892,1.1995154655241909,1.0818624858849377,1.0610098312094303,1.2862979438267106,1.3438673880412109,1.3041831266074997,1.401824604137213,1.374530723078752,1.2719264377046138,1.3943179843133735,1.4376454635561782,1.2679843187756865,1.3738438147071914,1.6172020166319794,1.492762730316825,1.2544787115536762,0.22230584077107007,1.9469112132471162,1.786570005550172,1.378875112858854,1.460507858939998,1.9304300241802594,1.2255347085563388,1.3437320240638786,1.3955817830996686,2.0386466116213113,1.7237113297096818,1.4299623418534042,2.1303091600203037,1.609517279786186,2.0386474098022678,2.052536362366375,1.9241774297095453,0.9371377359603001,1.0669844562766146,1.161792758842935,1.6059828372047766,1.061420304057307,1.4308945827390913
r160,0.6114412448934593,0.6124681976780498,0.6128436287034653,0.8941647825422429,0.9033144082640104,0.9142764350649475,1.1339222877137143,1.0835886021604317,1.0613264291613018,1.5909409359246494,1.3664145986889267,1.4414562596417808,1.8374279807668985,1.5466041312383858,2.05286206754023,0.9889840412425245,1.0830271856676401,1.0159021072388934,1.0823652469122595,1.4151869675285424,1.2672621146152225,1.2502288567164959,1.0244449253350854,1.3255274370167425,1.3198764789615982,1.090390446472607,1.29694320531564,1.22545199287467,1.5583315260873705,0.7886749195965216,1.235405601241348,1.1679237387860315,1.2572205871919588,1.217951804919076,1.0839129578487985,1.0630665871780103,1.3047984402093897,1.3623160904543306,1.3218382422439827,1.4202979121234327,1.3927323560879237,1.2904510886526537,1.412778560252342,1.4554552957658689,1.2862726546978736,1.392308182642463,1.6355823862207703,1.5111485851370225,1.267257355569731,0.22438776794296972,1.9644941741080728,1.8047859433773905,1.3973356103004848,1.4786285718798877,1.948895866456894,1.2440447604912857,1.3586845973558042,1.410599607271184,2.0572458356298653,1.7422541124388033,1.4447833125696832,2.148786707960283,1.6252420702379982,2.0564514629007267,2.069033437500292,1.93984459891204,0.9392054235675087,1.0690537939628557,1.16385015999916,1.6243155963150022,1.0732316414010021,1.4493746025507332
r162r,0.6093765415174681,0.6104114554948689,0.610796153690274,0.892097161881917,0.9012545366096995,0.912218950045462,1.1318712113162204,1.0815317957873833,1.0592678181501507,1.5724695231868104,1.347894355987976,1.4241277639125742,1.8189239281567688,1.5296119741485537,2.0343587545475725,0.9870913164452941,1.0809833789264272,1.0138621520354139,1.066557341565956,1.3986409843910195,1.2506201719440135,1.2320562340740853,1.0225956494251771,1.3095904472264401,1.3014182842767297,1.0885078928959255,1.2784536011872214,1.2082201590464874,1.5397872389952412,0.7747286404000274,1.2170788313131082,1.1622342686917326,1.238713843712862,1.1995154655237872,1.0818624858846564,1.0610098312098795,1.2862979438267776,1.343867388041048,1.3041831266070265,1.4018246041367635,1.374530723078852,1.271926437705014,1.3943179843132834,1.437645463555962,1.2679843187756898,1.3738438147070506,1.6172020166323595,1.4927627303169406,1.2544787115535034,0.2223058407710989,1.9469112132470212,1.7865700055501819,1.378875112859101,1.4605078589403144,1.9304300241812582,1.2255347085566775,1.3437320240639614,1.3955817830994806,2.038646611623824,1.7237113297091946,1.4299623418536034,2.130309160020956,1.6095172797865875,2.038647409801326,2.0525363623666917,1.924177429709814,0.9371377359603001,1.0669844562765278,1.1617927588424501,1.605982837205961,1.061420304057555,1.4308945827388642
r163a,0.05728144193807525,0.05435230275442494,0.05383501263123081,0.6127597374277409,0.6152874795875573,0.6201259080874255,0.7024016856501474,0.6848570494740385,0.67736074069055,0.8575017852863974,0.7848127445808949,0.7538973963212832,0.9289372485423454,0.7706275621758917,0.9914138242819008,0.4494694432014636,0.6829079353530655,0.6568041741981859,0.46504165803146064,0.7065974770716212,0.6619988013959606,0.7312086142389013,0.445830879742315,0.6487772856951505,0.766018724324302,0.585562392029075,0.7582030073748476,0.6771451347978863,0.8458732265883278,0.0,0.7338427290735537,0.7109630924301528,0.7418401096768992,0.7272893970161589,0.6816776303387523,0.6746115420837648,0.7610461103502587,0.7812453885347237,0.765046728833158,0.7999106955213608,0.7908383984267525,0.7552095990698672,0.7980663570511832,0.780524794293136,0.7532114039566464,0.7936747036225318,0.8724618438827219,0.8322671904314091,0.48231602751311026,0.08352598642650443,0.9302572940048368,0.9150007205068361,0.7956443125959166,0.8065044504520963,0.9616191360620934,0.7412224071110554,0.609992559600379,0.6292825520963576,0.9938246490905792,0.8991037019590314,0.6299113405229845,1.108479392228189,0.7299020048780293,0.9697832780315451,0.9779732135764314,0.8098562361962958,0.6312677275723598,0.6809094332129061,0.7142132091938994,0.8632856170544818,0.4380808391945872,0.8114844876553432
r165,0.04296108145355644,0.040764227065818705,0.04037625947342312,0.4595698030708057,0.46146560969066797,0.4650944310655691,0.5268012642376105,0.513642787105529,0.5080205555179125,0.6431263389647981,0.5886095584356712,0.5654230472409624,0.6967029364067591,0.5779706716319188,0.7435603682114257,0.3371020824010977,0.512180951514799,0.4926031306486394,0.34878124352359546,0.529948107803716,0.4964991010469704,0.5484064606791759,0.3343731598067363,0.4865829642713628,0.5745140432432265,0.43917179402180634,0.5686522555311357,0.5078588510984148,0.6344049199412458,0.0,0.5503820468051653,0.5332223193226147,0.5563800822576743,0.5454670477621192,0.5112582227540642,0.5059586565628236,0.570784582762694,0.5859340414010429,0.5737850466248685,0.5999330216410207,0.5931287988200644,0.5664071993024005,0.5985497677883874,0.5853935957198521,0.5649085529674849,0.595256027716899,0.6543463829120415,0.6242003928235568,0.3617370206348327,0.06264448981987833,0.6976929705036277,0.686250540380127,0.5967332344469375,0.6048783378390722,0.72121435204657,0.5559168053332915,0.45749441970028426,0.4719619140722682,0.7453684868179344,0.6743277764692736,0.47243350539223844,0.8313595441711418,0.547426503658522,0.7273374585236588,0.7334799101823235,0.6073921771472217,0.47345079567926984,0.5106820749096795,0.5356599068954245,0.6474642127908613,0.3285606293959404,0.6086133657415074
r170,0.08592216290711288,0.08152845413163741,0.08075251894684624,0.9191396061416114,0.9229312193813359,0.9301888621311382,1.053602528475221,1.027285574211058,1.016041111035825,1.2862526779295962,1.1772191168713424,1.1308460944819247,1.3934058728135181,1.1559413432638377,1.4871207364228514,0.6742041648021954,1.024361903029598,0.9852062612972788,0.6975624870471909,1.059896215607432,0.9929982020939409,1.0968129213583517,0.6687463196134726,0.9731659285427255,1.149028086486453,0.8783435880436127,1.1373045110622715,1.0157177021968296,1.2688098398824916,0.0,1.1007640936103307,1.0664446386452293,1.1127601645153486,1.0909340955242384,1.0225164455081284,1.0119173131256471,1.141569165525388,1.1718680828020858,1.147570093249737,1.1998660432820414,1.1862575976401288,1.132814398604801,1.1970995355767748,1.1707871914397041,1.1298171059349698,1.190512055433798,1.308692765824083,1.2484007856471135,0.7234740412696654,0.12528897963975666,1.3953859410072553,1.372501080760254,1.193466468893875,1.2097566756781444,1.44242870409314,1.111833610666583,0.9149888394005685,0.9439238281445363,1.4907369736358689,1.348655552938547,0.9448670107844769,1.6627190883422835,1.094853007317044,1.4546749170473177,1.466959820364647,1.2147843542944434,0.9469015913585397,1.021364149819359,1.071319813790849,1.2949284255817226,0.6571212587918808,1.2172267314830147
r171,0.08592216290711288,0.08152845413163741,0.08075251894684624,0.9191396061416114,0.9229312193813359,0.9301888621311382,1.053602528475221,1.027285574211058,1.016041111035825,1.2862526779295962,1.1772191168713424,1.1308460944819247,1.3934058728135181,1.1559413432638377,1.4871207364228514,0.6742041648021954,1.024361903029598,0.9852062612972788,0.6975624870471909,1.059896215607432,0.9929982020939409,1.0968129213583517,0.6687463196134726,0.9731659285427255,1.149028086486453,0.8783435880436127,1.1373045110622715,1.0157177021968296,1.2688098398824916,0.0,1.1007640936103307,1.0664446386452293,1.1127601645153486,1.0909340955242384,1.0225164455081284,1.0119173131256471,1.141569165525388,1.1718680828020858,1.147570093249737,1.1998660432820414,1.1862575976401288,1.132814398604801,1.1970995355767748,1.1707871914397041,1.1298171059349698,1.190512055433798,1.308692765824083,1.2484007856471135,0.7234740412696654,0.12528897963975666,1.3953859410072553,1.372501080760254,1.193466468893875,1.2097566756781444,1.44242870409314,1.111833610666583,0.9149888394005685,0.9439238281445363,1.4907369736358689,1.348655552938547,0.9448670107844769,1.6627190883422835,1.094853007317044,1.4546749170473177,1.466959820364647,1.2147843542944434,0.9469015913585397,1.021364149819359,1.071319813790849,1.2949284255817226,0.6571212587918808,1.2172267314830147
r172,0.36561870203273683,0.3672492653743566,0.36710868448908723,0.07669213514914766,0.07587220301491678,0.07722626046596708,0.07976276009751136,0.08066079494379078,0.08132626183197672,0.07027127897004477,0.07956086691572366,0.05225599690592337,0.04380788782745539,0.03620125540570732,0.03699182925437035,0.16424769870717024,0.08250087177727765,0.07991459474964925,0.09632846170261858,0.033619935514752876,0.0418987279187349,0.0778077599255635,0.13971370988274748,0.0318612350863367,0.07902098199738546,0.0813391946807504,0.07903668258665417,0.05755963928737452,0.06964464783381694,0.6751737821600816,0.08042345516627221,0.07908269117544396,0.07813501768760925,0.08019340390732888,0.07923591481353243,0.07959269975611445,0.07856067530013382,0.07851171529055201,0.08076497917139681,0.07549333343896127,0.07752417756929891,0.07788249038134458,0.07643810917621538,0.060493650702177326,0.08283136232036128,0.08195526456781006,0.07116598435426208,0.07931271965969232,0.025547069204427716,0.00425563976931666,0.03515186097752191,0.04547334421744496,0.084642850835374,0.07402776529931235,0.036916917786154836,0.08442330652389747,0.029893189308127538,0.030023638887475442,0.03718357458727241,0.05021969178459259,0.02963008939679908,0.03694031975205861,0.03143700610118429,0.035593868649457565,0.032980957884679696,0.03132180968111732,0.08033417320080664,0.08161823909774699,0.08121715254565665,0.06910713931739577,0.12080594212104177,0.07812425799026158
r1274,0.36561870203273683,0.3672492653743566,0.36710868448908723,0.07669213514914766,0.07587220301491678,0.07722626046596708,0.07976276009751136,0.08066079494379078,0.08132626183197672,0.07027127897004477,0.07956086691572366,0.05225599690592337,0.04380788782745539,0.03620125540570732,0.03699182925437035,0.16424769870717024,0.08250087177727765,0.07991459474964925,0.09632846170261858,0.033619935514752876,0.0418987279187349,0.0778077599255635,0.13971370988274748,0.0318612350863367,0.07902098199738546,0.0813391946807504,0.07903668258665417,0.05755963928737452,0.06964464783381694,0.6751737821600816,0.08042345516627221,0.07908269117544396,0.07813501768760925,0.08019340390732888,0.07923591481353243,0.07959269975611445,0.07856067530013382,0.07851171529055201,0.08076497917139681,0.07549333343896127,0.07752417756929891,0.07788249038134458,0.07643810917621538,0.060493650702177326,0.08283136232036128,0.08195526456781006,0.07116598435426208,0.07931271965969232,0.025547069204427716,0.00425563976931666,0.03515186097752191,0.04547334421744496,0.084642850835374,0.07402776529931235,0.036916917786154836,0.08442330652389747,0.029893189308127538,0.030023638887475442,0.03718357458727241,0.05021969178459259,0.02963008939679908,0.03694031975205861,0.03143700610118429,0.035593868649457565,0.032980957884679696,0.03132180968111732,0.08033417320080664,0.08161823909774699,0.08121715254565665,0.06910713931739577,0.12080594212104177,0.07812425799026158
r1275,0.36561870203273683,0.3672492653743566,0.36710868448908723,0.07669213514914766,0.07587220301491678,0.07722626046596708,0.07976276009751136,0.08066079494379078,0.08132626183197672,0.07027127897004477,0.07956086691572366,0.05225599690592337,0.04380788782745539,0.03620125540570732,0.03699182925437035,0.16424769870717024,0.08250087177727765,0.07991459474964925,0.09632846170261858,0.033619935514752876,0.0418987279187349,0.0778077599255635,0.13971370988274748,0.0318612350863367,0.07902098199738546,0.0813391946807504,0.07903668258665417,0.05755963928737452,0.06964464783381694,0.6751737821600816,0.08042345516627221,0.07908269117544396,0.07813501768760925,0.08019340390732888,0.07923591481353243,0.07959269975611445,0.07856067530013382,0.07851171529055201,0.08076497917139681,0.07549333343896127,0.07752417756929891,0.07788249038134458,0.07643810917621538,0.060493650702177326,0.08283136232036128,0.08195526456781006,0.07116598435426208,0.07931271965969232,0.025547069204427716,0.00425563976931666,0.03515186097752191,0.04547334421744496,0.084642850835374,0.07402776529931235,0.036916917786154836,0.08442330652389747,0.029893189308127538,0.030023638887475442,0.03718357458727241,0.05021969178459259,0.02963008939679908,0.03694031975205861,0.03143700610118429,0.035593868649457565,0.032980957884679696,0.03132180968111732,0.08033417320080664,0.08161823909774699,0.08121715254565665,0.06910713931739577,0.12080594212104177,0.07812425799026158
r173,0.8981601758753943,0.8999716636717086,0.8999939251046389,0.7585306053417541,0.7634566534098376,0.7694571031576702,0.890594371504782,0.8631468244393348,0.851163650983053,1.1327164325396142,1.01417316906635,1.000477143497009,1.2661858853728056,1.0431432725768752,1.3667201415860515,0.8663550528826365,0.8589106820931242,0.8224976366817759,0.8039990834387518,0.951690716450923,0.8760813465777366,0.9370870734370039,0.8421078184475216,0.86946433459744,0.9868017220740948,0.8240036213473387,0.9749208593657238,0.8804808388966037,1.1155717244598913,1.2610916663294094,0.9377276892175331,0.9041969280651474,0.9512009173877194,0.927633827923642,0.8600596654749438,0.848848704277547,0.9796124212876404,1.0101937741178522,0.98721983105317,1.0410992000702881,1.0266845598774805,0.9714269559479956,1.037445309827838,1.0300108302629443,0.9645460462263347,1.0253235808283903,1.1546722170506336,1.0862087753810528,0.6403237242794185,0.11203922408066508,1.28097405447385,1.2449143934530384,1.0256078553340882,1.0540448196239178,1.3222719302707386,0.943971160928622,0.8176928189870228,0.846203221889569,1.3697122882200436,1.2148491748950496,0.8484273250389907,1.3200895487279691,0.9925321891589773,1.2943445192064058,1.1549762779501713,1.1128384761644508,0.7826478353940478,0.8557593575203257,0.9066005664383895,1.143181339154346,0.8216948635339192,1.0557987083233478
r174,0.4897273358383552,0.4895972396957065,0.4887503394707345,0.44345308390756055,0.44438073558696783,0.4461608666927411,0.4859491588709202,0.47732821081680954,0.4735001853881441,0.5667009630001937,0.5276865118944335,0.5109188712577829,0.5683890555704822,0.5216971425240599,0.568366336724625,0.46327128894530983,0.4747177549470533,0.46222500804710415,0.4298568576871319,0.4866445814766534,0.462423987976046,0.4984318644584362,0.4511834170316098,0.45300030386031986,0.5179273865155464,0.44821648195866615,0.5142887002812311,0.46993038173454077,0.5617322209158618,0.42838791198790305,0.5002237173114075,0.49030077426227503,0.5065575427873485,0.4979809787916701,0.47571520210232004,0.4725575240592115,0.5159640800603652,0.5256275458160279,0.5098440287660533,0.5361812909615382,0.5285947304572352,0.5134829102396689,0.5348329640991826,0.5256918383617426,0.508769643811597,0.5308312140210482,0.5645898837012417,0.5503223829855614,0.3442817939705242,0.05911415540976573,0.5400958767262641,0.5595390326454709,0.530886342200245,0.5368862763457701,0.5672153485840942,0.5041814992526563,0.4256636901961982,0.43583526167056785,0.571312435758987,0.569578728760521,0.4345610466052563,0.5675749114903085,0.48301844908653147,0.5468871678401678,0.5067407206517124,0.4812484969485321,0.451498332267327,0.47602095691731294,0.4918676232555882,0.5631274324471135,0.43638924402955076,0.5411498494350243
r175,0.8731544170179885,0.8750623233437921,0.8751968200869799,0.7334895150596169,0.7385094118468651,0.7445387662897701,0.8657536498869853,0.8382367067031066,0.8262316771586707,1.1078698712995643,0.98926092488815,0.977167961008733,1.241295419066161,1.0202865112821224,1.3418306701660287,0.8434321379462417,0.8341580037593533,0.7977916045794523,0.782735301732416,0.9294341197773608,0.8536956712859052,0.9126424254948272,0.8197111158494755,0.8480269167656546,0.9619729409124442,0.8012038907295169,0.9500498282322383,0.8573016798051762,1.090627137306213,1.2423320248743028,0.9130756922201031,0.8793801913689097,0.9263068314977563,0.9028344450978868,0.8352262641894748,0.8239391969961825,0.9547267385914524,0.9853777613518867,0.9634713003864288,1.0162500894634834,1.002200889047829,0.9465087820776916,1.0126133255554524,1.0060541847721978,0.9399457481917958,1.0004864958054709,1.1299481212229379,1.0614773011714216,0.6231347108771189,0.10917951358398115,1.2573225817893172,1.2204114806984359,1.0007759766512998,1.0296699972881793,1.2974328620582556,0.9190726247155794,0.7975795751725102,0.8260022067714368,1.344693803445467,1.189906611314254,0.8284911045795165,1.295234734806953,0.9713802082848749,1.2703956474059106,1.132785469189917,1.091764003704037,0.7576059343157632,0.8306974722259821,0.8816832452468658,1.1185212858927573,0.8003478180705158,1.0309405693989122
r176,0.0812944958013122,0.07922281571970939,0.07750675383679655,0.12837556247338752,0.1253048177640887,0.1228646302278149,0.08130394623702185,0.09150959719422923,0.09583671979331936,0.0006854934607807402,0.04119985472251199,0.021360599018520814,0.0,0.0002510124711846907,0.0,0.06018752500795969,0.09052482780102188,0.10195237941248726,0.05571463193555799,0.02159844650237008,0.0487666293743224,0.059776655479876144,0.060259015615706,0.036536273123199674,0.04905305095698591,0.07242934256997677,0.05365654119672161,0.0593799245724356,0.007892717371849363,0.0,0.06271974540528559,0.07640462045949709,0.06191416818696346,0.06832812965970185,0.09137073872967703,0.09626634384088249,0.05231573883304553,0.04106131751422344,0.03246822647894436,0.03126338185273591,0.030504901036995664,0.0555388645312834,0.03222061837045841,0.021372846460477934,0.052993241396842104,0.03633884721369408,0.0,0.014435990589990426,0.04823986366162992,0.00618908673886636,0.0,0.0,0.036164829066384616,0.01972773306755798,0.0,0.06439183757669036,0.033634561405373534,0.025467301451566792,0.0,0.0,0.020694768171522097,0.0,0.0,0.0,0.0,0.0,0.1203488291406401,0.09628255631438047,0.07713468007274224,0.0,0.05108362452514855,0.026500990546684793
r177r,0.3271383442357314,0.3311516082562816,0.3337368317971082,0.186701958960806,0.19377110005878107,0.20043160623709563,0.32334126639683997,0.2943090164282966,0.28182674580158873,0.5653299760786087,0.4452868024494032,0.46819767322070455,0.6977968298023235,0.52119511758163,0.7983538048614262,0.3428962389293664,0.29366809934504884,0.25832024922218455,0.318427593816062,0.44344768847189875,0.36489072922736987,0.3788785534986905,0.33066538580020555,0.3799277576139199,0.41982128460156304,0.30335779681869623,0.40697561788777115,0.3511705325896244,0.5459467861721803,0.8327037543415068,0.3747842265008402,0.3374915333433754,0.38272920641340735,0.3613247194722576,0.29297372464294685,0.2800248363774559,0.41133260239422825,0.4435049107876017,0.4449075758081722,0.4736545272560146,0.46758492838325044,0.4024051811770445,0.4703917273581974,0.48294614544072534,0.40278316101789624,0.4581535195936488,0.5900823333493914,0.5214504018055018,0.24780206664726406,0.046735981932032995,0.7408781777475857,0.6853753608075659,0.4585566840674664,0.4974308102105893,0.7550565816866456,0.37539782409925554,0.3583945673854501,0.38490065876743595,0.7983998524610559,0.6452704461345287,0.3931715102622129,0.7525146372376608,0.5095137400724458,0.7474573513662398,0.6482355572984583,0.6315899792159194,0.21080067398608027,0.2834558442886322,0.3375982631100592,0.5800539067072328,0.33422199497921967,0.48814786834164614
r178,0.4084328400370418,0.4103744239759896,0.411243585633905,0.31507752143419354,0.31907591782286976,0.32329623646491146,0.4046452126338619,0.38581861362252534,0.3776634655949088,0.5660154695393891,0.48648665717191675,0.4895582722392257,0.6977968298023233,0.5214461300528154,0.7983538048614265,0.40308376393732664,0.38419292714607056,0.3602726286346718,0.3741422257516195,0.4650461349742693,0.4136573586016918,0.4386552089785674,0.39092440141591184,0.4164640307371202,0.46887433555854824,0.3757871393886729,0.4606321590844932,0.4105504571620613,0.5538395035440293,0.8327037543415061,0.43750397190612583,0.4138961538028725,0.44464337460037084,0.42965284913195945,0.3843444633726239,0.3762911802183384,0.4636483412272744,0.4845662283018247,0.4773758022871173,0.5049179091087507,0.4980898294202458,0.45794404570832714,0.5026123457286562,0.5043189919012023,0.4557764024147379,0.494492366807342,0.5900823333493919,0.5358863923954909,0.2960419303088943,0.052925068670899356,0.7408781777475859,0.6853753608075677,0.49472151313385104,0.5171585432781477,0.7550565816866446,0.43978966167594563,0.39202912879082463,0.4103679602190011,0.7983998524610565,0.6452704461345288,0.41386627843373425,0.7525146372376604,0.5095137400724459,0.7474573513662379,0.6482355572984588,0.6315899792159189,0.3311495031267203,0.3797384006030127,0.41473294318280196,0.5800539067072323,0.3853056195043687,0.5146488588883296
r179r,1.2637788779081311,1.2672209290460652,1.2671026095937263,0.8352227404909018,0.8393288564247543,0.8466833636236373,0.9703571316022934,0.9438076193831256,0.9324899128150298,1.202987711509659,1.0937340359820737,1.0527331404029323,1.309993773200261,1.0793445279825826,1.403711970840422,1.0306027515898066,0.9414115538704017,0.9024122314314251,0.9003275451413704,0.9853106519656758,0.9179800744964716,1.0148948333625674,0.9818215283302691,0.9013255696837768,1.06582270407148,0.9053428160280892,1.053957541952378,0.9380404781839781,1.1852163722937084,1.936265448489491,1.0181511443838054,0.9832796192405915,1.0293359350753286,1.0078272318309707,0.9392955802884764,0.9284414040336613,1.0581730965877743,1.0887054894084043,1.0679848102245668,1.1165925335092495,1.1042087374467795,1.0493094463293402,1.1138834190040534,1.0905044809651214,1.0473774085466958,1.1072788453962004,1.2258382014048959,1.165521495040745,0.6658707934838463,0.11629486384998174,1.316125915451372,1.2903877376704835,1.1102507061694622,1.1280725849232303,1.3591888480568934,1.0283944674525196,0.8475860082951504,0.8762268607770444,1.4068958628073158,1.2650688666796421,0.8780574144357898,1.3570298684800275,1.0239691952601617,1.3299383878558633,1.187957235834851,1.1441602858455682,0.8629820085948546,0.9373775966180727,0.987817718984046,1.2122884784717418,0.9425008056549609,1.1339229663136094
r180r,1.2637788779081311,1.2672209290460652,1.2671026095937263,0.8352227404909018,0.8393288564247543,0.8466833636236373,0.9703571316022934,0.9438076193831256,0.9324899128150298,1.202987711509659,1.0937340359820737,1.0527331404029323,1.309993773200261,1.0793445279825826,1.403711970840422,1.0306027515898066,0.9414115538704017,0.9024122314314251,0.9003275451413704,0.9853106519656758,0.9179800744964716,1.0148948333625674,0.9818215283302691,0.9013255696837768,1.06582270407148,0.9053428160280892,1.053957541952378,0.9380404781839781,1.1852163722937084,1.936265448489491,1.0181511443838054,0.9832796192405915,1.0293359350753286,1.0078272318309707,0.9392955802884764,0.9284414040336613,1.0581730965877743,1.0887054894084043,1.0679848102245668,1.1165925335092495,1.1042087374467795,1.0493094463293402,1.1138834190040534,1.0905044809651214,1.0473774085466958,1.1072788453962004,1.2258382014048959,1.165521495040745,0.6658707934838463,0.11629486384998174,1.316125915451372,1.2903877376704835,1.1102507061694622,1.1280725849232303,1.3591888480568934,1.0283944674525196,0.8475860082951504,0.8762268607770444,1.4068958628073158,1.2650688666796421,0.8780574144357898,1.3570298684800275,1.0239691952601617,1.3299383878558633,1.187957235834851,1.1441602858455682,0.8629820085948546,0.9373775966180727,0.987817718984046,1.2122884784717418,0.9425008056549609,1.1339229663136094
r181r,1.2637788779081311,1.2672209290460652,1.2671026095937263,0.8352227404909018,0.8393288564247543,0.8466833636236373,0.9703571316022934,0.9438076193831256,0.9324899128150298,1.202987711509659,1.0937340359820737,1.0527331404029323,1.309993773200261,1.0793445279825826,1.403711970840422,1.0306027515898066,0.9414115538704017,0.9024122314314251,0.9003275451413704,0.9853106519656758,0.9179800744964716,1.0148948333625674,0.9818215283302691,0.9013255696837768,1.06582270407148,0.9053428160280892,1.053957541952378,0.9380404781839781,1.1852163722937084,1.936265448489491,1.0181511443838054,0.9832796192405915,1.0293359350753286,1.0078272318309707,0.9392955802884764,0.9284414040336613,1.0581730965877743,1.0887054894084043,1.0679848102245668,1.1165925335092495,1.1042087374467795,1.0493094463293402,1.1138834190040534,1.0905044809651214,1.0473774085466958,1.1072788453962004,1.2258382014048959,1.165521495040745,0.6658707934838463,0.11629486384998174,1.316125915451372,1.2903877376704835,1.1102507061694622,1.1280725849232303,1.3591888480568934,1.0283944674525196,0.8475860082951504,0.8762268607770444,1.4068958628073158,1.2650688666796421,0.8780574144357898,1.3570298684800275,1.0239691952601617,1.3299383878558633,1.187957235834851,1.1441602858455682,0.8629820085948546,0.9373775966180727,0.987817718984046,1.2122884784717418,0.9425008056549609,1.1339229663136094
r182r,1.2637788779081311,1.2672209290460652,1.2671026095937263,0.8352227404909018,0.8393288564247543,0.8466833636236373,0.9703571316022934,0.9438076193831256,0.9324899128150298,1.202987711509659,1.0937340359820737,1.0527331404029323,1.309993773200261,1.0793445279825826,1.403711970840422,1.0306027515898066,0.9414115538704017,0.9024122314314251,0.9003275451413704,0.9853106519656758,0.9179800744964716,1.0148948333625674,0.9818215283302691,0.9013255696837768,1.06582270407148,0.9053428160280892,1.053957541952378,0.9380404781839781,1.1852163722937084,1.936265448489491,1.0181511443838054,0.9832796192405915,1.0293359350753286,1.0078272318309707,0.9392955802884764,0.9284414040336613,1.0581730965877743,1.0887054894084043,1.0679848102245668,1.1165925335092495,1.1042087374467795,1.0493094463293402,1.1138834190040534,1.0905044809651214,1.0473774085466958,1.1072788453962004,1.2258382014048959,1.165521495040745,0.6658707934838463,0.11629486384998174,1.316125915451372,1.2903877376704835,1.1102507061694622,1.1280725849232303,1.3591888480568934,1.0283944674525196,0.8475860082951504,0.8762268607770444,1.4068958628073158,1.2650688666796421,0.8780574144357898,1.3570298684800275,1.0239691952601617,1.3299383878558633,1.187957235834851,1.1441602858455682,0.8629820085948546,0.9373775966180727,0.987817718984046,1.2122884784717418,0.9425008056549609,1.1339229663136094
r185r,0.013005422036317492,0.012955275041160242,0.012896901784606427,0.013023797806969469,0.012974987362652828,0.012959954115286797,0.012919586650752964,0.01295567936895565,0.01296704665647225,0.01292262382118885,0.012956785325205162,0.012123037629459972,0.0129454587179124,0.011887734690105425,0.012944941280290615,0.011922141005614667,0.012873795596270094,0.012849535027741481,0.011059230665862606,0.011575590826191359,0.01164272423798059,0.012713589890634905,0.011648459507685774,0.011149538306798826,0.012913376454438819,0.011858073201856762,0.012935350541203226,0.012055412841095495,0.012973606812143405,0.00975683464616677,0.0128214315277468,0.01290711216320954,0.012947341252608666,0.012898086465927609,0.01291577936732246,0.012955361873168232,0.012942970776106254,0.012906735649192633,0.012351541331924053,0.012923949739397445,0.012733885580263586,0.012959869340723379,0.012915042382962974,0.012459781243123571,0.01279454304837406,0.0129176952683948,0.012858929918468607,0.012862767393330041,0.008939955590213659,0.0014873270642631572,0.012301061759285671,0.012743893249145022,0.012914987466126099,0.01267727379697659,0.012918726719485794,0.012949655852613947,0.010460839273813544,0.010506488872082538,0.013012040748611545,0.012972554357806443,0.01036876994467665,0.012926916016435253,0.011001083380051792,0.012455738169562651,0.011541374724919314,0.01096077148081553,0.013024219499673763,0.013034613231989674,0.012959425864984062,0.012825621567169909,0.011102535902355472,0.012928645340990868
r186a,0.32845404126436584,0.3302279060735096,0.3302541342523144,0.03947496326035856,0.03879451322827826,0.04019153011094449,0.04284338494751709,0.04363828022443341,0.04427126363125047,0.03334322471616358,0.042535191784599344,0.01761286270213328,0.006814579928745105,0.00223052951704106,0.0,0.13017865236103462,0.045712350435897185,0.04319540109305255,0.06472529227772786,0.000541200734171678,0.008628150807439715,0.04147704692646234,0.1064267435030062,0.0,0.04211935327950818,0.04745323029736756,0.04207226009876209,0.02310975158585714,0.03257090314724616,0.647292376329091,0.043784570863788716,0.04219896347283864,0.04113633020466277,0.04333546829180419,0.042327419464035884,0.0425710923216727,0.041574477014089596,0.04162906352501926,0.04546886634356208,0.038561490203815926,0.041135467035169376,0.04084800228050511,0.039531719854007726,0.024888228451696016,0.04626931529479772,0.04504129428538013,0.03441994359298439,0.04255571282203248,0.0,5.412007341716781e-06,0.0,0.00905603548650013,0.04773661844506806,0.03780083019357556,0.0,0.0474180047747034,0.0,0.0,0.0,0.013148954621214686,0.0,0.0,0.0,0.0,0.0,0.0,0.04311579627105385,0.04437016074542141,0.044183931733596006,0.03245628144009625,0.08907902243112645,0.0411789964715853
r189,0.5918265628212639,0.5929291469360122,0.593392616078569,0.8745223862677353,0.8837456275435581,0.8947303273778088,1.1144370619398947,1.0640489416140015,1.0417696245557904,1.563241202428981,1.3386416397730903,1.415470444675977,1.8096793005121337,1.521122689748952,2.0251144964179897,0.971003155670827,1.0636110216265613,0.9965225328088546,1.0586597095266568,1.3903746085696802,1.2423058547238468,1.2229771888958663,1.0068768041903136,1.301628324578392,1.2921965672602131,1.0725061874926254,1.2692161920076719,1.1996111321094711,1.530522510198098,0.7677610770828976,1.2079227741257939,1.146637139887724,1.2294678717110863,1.190304667413723,1.0644334741919872,1.0435274054767187,1.2770550928750417,1.3346504133651502,1.2953626280117296,1.3925953365125596,1.3654371843164832,1.2626715191283784,1.3850950776218713,1.428747668535381,1.2588474632240003,1.3646190135333114,1.6080191810457611,1.4835771543083076,1.2480944989597562,0.22122169047604606,1.93812676318858,1.7774693200985028,1.3696522453847508,1.4514547478570796,1.9212044864252784,1.2162870836492254,1.336261716055765,1.388078875741475,2.0293544363338993,1.7144473524923205,1.422557782513279,2.1210777741152747,1.6016611719616427,2.029752502025892,2.0442944209914207,1.9163501094701514,0.9195623912992157,1.0493950859432932,1.1443048490146035,1.5968237878211082,1.0514625128842858,1.4216619618855784
r1286r,0.6289912235896349,0.6299505062368591,0.6302471663153418,0.9117395581565243,0.9208233173301967,0.9317650577328312,1.1513564370898888,1.1010714563333588,1.0788246227565166,1.600169256682862,1.3756673149042145,1.4501135788797672,1.846672608410844,1.5550934156376175,2.0621063256723606,1.0050722020169625,1.1003995429679418,1.0332417264654514,1.0902628789515476,1.4234533433502614,1.2755764318351421,1.2593079018949676,1.0401637705700548,1.3334895596647287,1.3290981959780903,1.1063921518760083,1.306180614495564,1.2340610198109885,1.567596254884669,0.7956424829138884,1.2445616584282775,1.1835208675903293,1.2664665591940325,1.2271626030292475,1.101341969541484,1.0805490129111606,1.314041291161086,1.371533065130683,1.3306587408395643,1.4295271797477052,1.4018258948506128,1.2997060072292181,1.422001466944079,1.4643530907858622,1.2954095102495637,1.4015329838157413,1.6447652218070392,1.5203341611459673,1.273641568164184,0.225471918238021,1.9732786241661018,1.8138866288294475,1.4065584777750568,1.4876816829628163,1.958121404211433,1.2532923853984195,1.3661549053638928,1.4181025146289503,2.066538010921171,1.7515180896556983,1.452187871910078,2.1580180938673332,1.6330981780628273,2.0653463706753494,2.077275378876101,1.9476719191512688,0.9567807682289684,1.0866431642956187,1.1813380698266644,1.633474645698408,1.083189432574201,1.4586072234042549
r191r,0.013005422036317492,0.012955275041160242,0.012896901784606427,0.013023797806969469,0.012974987362652828,0.012959954115286797,0.012919586650752964,0.01295567936895565,0.01296704665647225,0.01292262382118885,0.012956785325205162,0.012123037629459972,0.0129454587179124,0.011887734690105425,0.012944941280290615,0.011922141005614667,0.012873795596270094,0.012849535027741481,0.011059230665862606,0.011575590826191359,0.01164272423798059,0.012713589890634905,0.011648459507685774,0.011149538306798826,0.012913376454438819,0.011858073201856762,0.012935350541203226,0.012055412841095495,0.012973606812143405,0.00975683464616677,0.0128214315277468,0.01290711216320954,0.012947341252608666,0.012898086465927609,0.01291577936732246,0.012955361873168232,0.012942970776106254,0.012906735649192633,0.012351541331924053,0.012923949739397445,0.012733885580263586,0.012959869340723379,0.012915042382962974,0.012459781243123571,0.01279454304837406,0.0129176952683948,0.012858929918468607,0.012862767393330041,0.008939955590213659,0.0014873270642631572,0.012301061759285671,0.012743893249145022,0.012914987466126099,0.01267727379697659,0.012918726719485794,0.012949655852613947,0.010460839273813544,0.010506488872082538,0.013012040748611545,0.012972554357806443,0.01036876994467665,0.012926916016435253,0.011001083380051792,0.012455738169562651,0.011541374724919314,0.01096077148081553,0.013024219499673763,0.013034613231989674,0.012959425864984062,0.012825621567169909,0.011102535902355472,0.012928645340990868
r192,0.013005422036317492,0.012955275041160242,0.012896901784606427,0.013023797806969469,0.012974987362652828,0.012959954115286797,0.012919586650752964,0.01295567936895565,0.01296704665647225,0.01292262382118885,0.012956785325205162,0.012123037629459972,0.0129454587179124,0.011887734690105425,0.012944941280290615,0.011922141005614667,0.012873795596270094,0.012849535027741481,0.011059230665862606,0.011575590826191359,0.01164272423798059,0.012713589890634905,0.011648459507685774,0.011149538306798826,0.012913376454438819,0.011858073201856762,0.012935350541203226,0.012055412841095495,0.012973606812143405,0.00975683464616677,0.0128214315277468,0.01290711216320954,0.012947341252608666,0.012898086465927609,0.01291577936732246,0.012955361873168232,0.012942970776106254,0.012906735649192633,0.012351541331924053,0.012923949739397445,0.012733885580263586,0.012959869340723379,0.012915042382962974,0.012459781243123571,0.01279454304837406,0.0129176952683948,0.012858929918468607,0.012862767393330041,0.008939955590213659,0.0014873270642631572,0.012301061759285671,0.012743893249145022,0.012914987466126099,0.01267727379697659,0.012918726719485794,0.012949655852613947,0.010460839273813544,0.010506488872082538,0.013012040748611545,0.012972554357806443,0.01036876994467665,0.012926916016435253,0.011001083380051792,0.012455738169562651,0.011541374724919314,0.01096077148081553,0.013024219499673763,0.013034613231989674,0.012959425864984062,0.012825621567169909,0.011102535902355472,0.012928645340990868
r197,0.36561870203273683,0.3672492653743566,0.36710868448908723,0.07669213514914766,0.07587220301491678,0.07722626046596708,0.07976276009751136,0.08066079494379078,0.08132626183197672,0.07027127897004477,0.07956086691572366,0.05225599690592337,0.04380788782745539,0.03620125540570732,0.03699182925437035,0.16424769870717024,0.08250087177727765,0.07991459474964925,0.09632846170261858,0.033619935514752876,0.0418987279187349,0.0778077599255635,0.13971370988274748,0.0318612350863367,0.07902098199738546,0.0813391946807504,0.07903668258665417,0.05755963928737452,0.06964464783381694,0.6751737821600816,0.08042345516627221,0.07908269117544396,0.07813501768760925,0.08019340390732888,0.07923591481353243,0.07959269975611445,0.07856067530013382,0.07851171529055201,0.08076497917139681,0.07549333343896127,0.07752417756929891,0.07788249038134458,0.07643810917621538,0.060493650702177326,0.08283136232036128,0.08195526456781006,0.07116598435426208,0.07931271965969232,0.025547069204427716,0.00425563976931666,0.03515186097752191,0.04547334421744496,0.084642850835374,0.07402776529931235,0.036916917786154836,0.08442330652389747,0.029893189308127538,0.030023638887475442,0.03718357458727241,0.05021969178459259,0.02963008939679908,0.03694031975205861,0.03143700610118429,0.035593868649457565,0.032980957884679696,0.03132180968111732,0.08033417320080664,0.08161823909774699,0.08121715254565665,0.06910713931739577,0.12080594212104177,0.07812425799026158
r198a,0.008258813504082436,0.008226968733521562,0.008189900052616191,0.008270482641953134,0.008239486619253004,0.008229940078893905,0.008204305588887614,0.008227225493190524,0.008234444044605832,0.008206234278640246,0.008227927806916517,0.0076984742675089085,0.008220735088602287,0.0075490501974814295,0.00822040650097119,0.007570899188030136,0.008175226964751215,0.008159820812577044,0.007022926538864604,0.007350829951240201,0.007393461580287819,0.008073491777578037,0.007397103639942514,0.00708027446363038,0.008200361937306062,0.0075302143074184105,0.008214316108420463,0.007655530600337195,0.008238609930349063,0.0061958679624423635,0.008141974289440778,0.008196383933912293,0.008221930551765884,0.008190652359005488,0.008201887855443676,0.00822702387432039,0.008219155174676494,0.008196144836785059,0.007843580628407718,0.00820707627447674,0.008086380118695452,0.008229886244630995,0.008201419849379481,0.007912316055662515,0.008124899339014124,0.008203104507206651,0.008165786835839486,0.008168223741702188,0.005677126489872827,0.000944495058216654,0.007811524661671535,0.008092735273543296,0.008201384975623541,0.008050430023497064,0.008203759508034408,0.008223400388709796,0.006642930957361675,0.006671919752772321,0.008263016574949426,0.008237941591861756,0.006584464310399795,0.008208959944901914,0.006986001355818714,0.007909748588768348,0.0073291017521511185,0.006960402151359377,0.008270750428833951,0.00827735074496124,0.008229604624902364,0.00814463508384434,0.007050426597758964,0.008210058115261395
r199,0.008258813504082436,0.008226968733521562,0.008189900052616191,0.008270482641953134,0.008239486619253004,0.008229940078893905,0.008204305588887614,0.008227225493190524,0.008234444044605832,0.008206234278640246,0.008227927806916517,0.0076984742675089085,0.008220735088602287,0.0075490501974814295,0.00822040650097119,0.007570899188030136,0.008175226964751215,0.008159820812577044,0.007022926538864604,0.007350829951240201,0.007393461580287819,0.008073491777578037,0.007397103639942514,0.00708027446363038,0.008200361937306062,0.0075302143074184105,0.008214316108420463,0.007655530600337195,0.008238609930349063,0.0061958679624423635,0.008141974289440778,0.008196383933912293,0.008221930551765884,0.008190652359005488,0.008201887855443676,0.00822702387432039,0.008219155174676494,0.008196144836785059,0.007843580628407718,0.00820707627447674,0.008086380118695452,0.008229886244630995,0.008201419849379481,0.007912316055662515,0.008124899339014124,0.008203104507206651,0.008165786835839486,0.008168223741702188,0.005677126489872827,0.000944495058216654,0.007811524661671535,0.008092735273543296,0.008201384975623541,0.008050430023497064,0.008203759508034408,0.008223400388709796,0.006642930957361675,0.006671919752772321,0.008263016574949426,0.008237941591861756,0.006584464310399795,0.008208959944901914,0.006986001355818714,0.007909748588768348,0.0073291017521511185,0.006960402151359377,0.008270750428833951,0.00827735074496124,0.008229604624902364,0.00814463508384434,0.007050426597758964,0.008210058115261395
r977r,0.6104088932055435,0.6114398265864593,0.6118198911968696,0.8931309722120799,0.902284472436855,0.9132476925552047,1.1328967495149673,1.0825601989739075,1.0602971236559091,1.5817052295557297,1.3571544773384516,1.4327920117771775,1.8281759544618337,1.5381080526934696,2.0436104110439013,0.9880376788439093,1.0820052822970336,1.0148821296371533,1.0744612942391076,1.406913975959781,1.258941143279618,1.2411425453952214,1.023520287380131,1.3175589421215912,1.310647381619164,1.0894491696842663,1.2876984032514307,1.2168360759599737,1.549059382541306,0.7817017799982745,1.226242216277228,1.165079003738882,1.2479672154524104,1.2087336352214317,1.0828877218667274,1.0620382091939449,1.2955481920179566,1.3530917392476893,1.3130106844253322,1.411061258130098,1.3836315395833878,1.2811887631788337,1.4035482722826402,1.4465503796609156,1.2771284867367816,1.3830759986747567,1.6263922014265653,1.501955657727068,1.2608680335616174,0.2233468043570343,1.955702693677547,1.7956779744637863,1.388105361579793,1.469568215410101,1.939662945319076,1.2347897345239816,1.3512083107098827,1.4030906951853321,2.0479462236268446,1.7329827210739988,1.4373728272116433,2.1395479339917483,1.6173796750122929,2.0475494363510265,2.060784899933595,1.9320110143109268,0.9381715797639527,1.0680191251196918,1.162821459420805,1.6151492167604815,1.0673259727292785,1.4401345926447988
r978,0.6104088932055446,0.6114398265864593,0.6118198911968696,0.8931309722120799,0.902284472436855,0.9132476925552047,1.1328967495149673,1.0825601989739075,1.0602971236559091,1.5817052295557297,1.3571544773384512,1.4327920117771775,1.8281759544618337,1.5381080526934696,2.0436104110439013,0.9880376788439093,1.0820052822970336,1.0148821296371533,1.0744612942391076,1.406913975959781,1.258941143279618,1.2411425453952214,1.023520287380131,1.3175589421215912,1.310647381619164,1.0894491696842663,1.2876984032514307,1.2168360759599737,1.549059382541306,0.7817017799982745,1.226242216277228,1.165079003738882,1.2479672154524104,1.2087336352214317,1.0828877218667274,1.0620382091939449,1.2955481920179566,1.3530917392476893,1.313010684425333,1.411061258130098,1.3836315395833878,1.2811887631788337,1.4035482722826411,1.4465503796609156,1.2771284867367816,1.3830759986747567,1.6263922014265653,1.501955657727068,1.2608680335616174,0.2233468043570343,1.955702693677547,1.7956779744637863,1.388105361579793,1.469568215410101,1.939662945319076,1.2347897345239816,1.3512083107098827,1.4030906951853321,2.0479462236268446,1.7329827210739988,1.4373728272116433,2.1395479339917487,1.6173796750122929,2.0475494363510265,2.060784899933595,1.9320110143109268,0.9381715797639527,1.0680191251196918,1.162821459420805,1.6151492167604815,1.0673259727292785,1.4401345926447988
r206,0.21387849331522285,0.21305380929200787,0.21209384166260145,0.21418068897866036,0.21337798497879498,0.21313075822311545,0.2124669018354225,0.21306045859715503,0.21324739742315718,0.2125168491139464,0.21307864641571703,0.19936738810567822,0.21289237658953342,0.1954977529641766,0.2128838671556509,0.1960635762724164,0.21171385270616225,0.21131487958330772,0.18187272857697667,0.19036444324726748,0.19146847454471366,0.2090792165639384,0.19156279296359127,0.18335786778463592,0.2123647730904151,0.19500995991921458,0.2127261442597647,0.19825527595693235,0.21335528136624968,0.16045439262336988,0.21085270817364782,0.21226175473652661,0.21292333549908107,0.2121133241411651,0.2124042897924249,0.2130552372732751,0.21285146155859716,0.21225556283822267,0.20312520753387467,0.2125386542801242,0.20941298593385616,0.2131293640772089,0.21239216983938042,0.20490524889349213,0.21041051818244877,0.21243579742313062,0.2114693816877352,0.21153249023886156,0.14702054470823658,0.024459588522636688,0.20229505416330776,0.20957756537895073,0.21239126671372283,0.20848198631850348,0.21245275997956706,0.21296139986641757,0.1720319830027953,0.1727827058375448,0.21398734024146523,0.21333797340444394,0.17051787224642348,0.21258743569312488,0.18091647711163722,0.2048387592033339,0.18980174807545755,0.18025353451375378,0.21418762385551285,0.2143585522422612,0.2131220709710965,0.21092161476631688,0.18258489760216393,0.21261587501092435
r207,0.030520445304336646,0.03040276295472893,0.030265775644443136,0.030563568603337813,0.03044902280144947,0.03041374356155243,0.03031901130373418,0.03040371181008559,0.030430387966840847,0.030326138776715025,0.030406307210459994,0.02844971165557917,0.030379726519929755,0.027897515004792626,0.030378512224339033,0.027978257949365364,0.03021155124823812,0.030154617812878468,0.02595322502437414,0.02716499208480816,0.027322537269953637,0.029835588864039638,0.02733599650140756,0.02616515428034607,0.030304437539314555,0.027827906973064732,0.03035600517866782,0.028291013333546104,0.030445782997604965,0.022896830055205753,0.030088665986628394,0.030289736827772876,0.030384144354050825,0.03026855579270478,0.03031007656979211,0.030402966727551002,0.030373887948016983,0.03028885324433919,0.02898595221228072,0.030329250372328795,0.029883217728639045,0.03041354461703384,0.030308347053381875,0.029239963983700823,0.03002556550732669,0.03031457270638218,0.03017666525184482,0.030185670837460432,0.020979820943325036,0.003490381487639645,0.028867489387207162,0.02990670320337925,0.030308218177416798,0.0297503641518334,0.030316993261941153,0.03038957613647705,0.024548951352930073,0.02465607944637011,0.0305359777527256,0.03044331315272512,0.024332887859082445,0.03033621147638503,0.02581676801042806,0.02923047590979343,0.027084695525074465,0.02572216615034858,0.03056455820975587,0.03058894967800426,0.030412503891326683,0.030098498952346765,0.026054851492018253,0.03034026976494849
r208,0.02644059143331992,0.02633864040036928,0.026219965018450732,0.026477950178212962,0.02637871641153849,0.02634815316257884,0.026266084342823702,0.026339462416449463,0.026362572608805566,0.026272259043066747,0.026341710873843235,0.02464666536742977,0.02631868338616022,0.0241682842072368,0.02631763141285927,0.02423823375047848,0.02617298912765102,0.026123666331465407,0.02248389931417503,0.023533682088895502,0.023670167249291454,0.025847283925916082,0.02368182730327596,0.02266749869531266,0.02625345874228536,0.02410798110520004,0.02629813302110811,0.024509181216979533,0.026375909692012523,0.01983607128175923,0.02606653068764465,0.026240723164420204,0.026322510661478477,0.02622237352735607,0.026258343969202933,0.026338816933636728,0.0263136252917268,0.026239957694967373,0.025111223381847306,0.026274954692737287,0.02588854595000349,0.026347980812186134,0.026256845647788407,0.025331279852203542,0.02601186523385372,0.026262239079822093,0.026142766554940116,0.026150568309059555,0.018175320457327858,0.003023800928880618,0.025008596204341423,0.02590889197824886,0.026256733999458767,0.02577345172022585,0.026264336064972152,0.026327216344454406,0.021267343459993406,0.021360151088500583,0.026454047564700586,0.026373770006345415,0.021080162489744945,0.02628098526360348,0.022365683340653617,0.02532306010694187,0.02346411925951181,0.022283727487577044,0.026478807497911903,0.026499938409993408,0.026347079206624918,0.02607504922092766,0.022571940752725325,0.026284501056009366
r209,0.01992851698535092,0.01985167555398753,0.01976222882696287,0.019956674615032914,0.0198818812122575,0.019858845410370994,0.019796989385985814,0.019852295115068738,0.01986971347963387,0.01980164331435891,0.019853989798089555,0.018576418407498997,0.019836633768797317,0.01821585812652269,0.01983584088684348,0.018268579740716717,0.019726822665944683,0.019689647620748412,0.01694632173828029,0.017737552672342602,0.017840422793234507,0.019481335659295804,0.01784921108318129,0.017084702280740105,0.019787473354719528,0.018170407123800622,0.019821144769618576,0.01847279533861365,0.01987976576193229,0.014950629393373422,0.0196465839604206,0.019777874432530363,0.019839518421411077,0.01976404414228024,0.019791155395185594,0.019851808608735103,0.01983282143649438,0.01977729749116235,0.01892656005634782,0.01980367505031238,0.019512435226412127,0.019858715508294593,0.019790026096552688,0.01909241864231365,0.019605382105041078,0.019794091175889653,0.01970404363488068,0.019709923888727377,0.013698906220063131,0.002279066575476786,0.018849209008613418,0.019527770215059973,0.019789941946179605,0.019425687646698414,0.019795671692887023,0.019843065137956733,0.01602939240011372,0.016099342363439607,0.019938658995352965,0.019878153061162418,0.015888312380994706,0.01980822034704832,0.016857221271590558,0.019086223344698026,0.01768512252794065,0.016795450391230177,0.019957320784776328,0.019973247347591472,0.019858035959889404,0.019653004457316395,0.01701267938039238,0.019810870232125747
r210,0.12794916029496664,0.1274558071455057,0.12688152288630308,0.1281299436957765,0.1276497397203501,0.12750184053094898,0.12710469977104766,0.12745978497888638,0.1275716179427471,0.12713457987842586,0.12747066553109404,0.11926813913321431,0.127359232784963,0.11695319591789392,0.12735414216129637,0.11729169006025682,0.1266542009749499,0.1264155221098699,0.10880225749337774,0.11388228094354683,0.11454274883472185,0.12507807484438344,0.11459917321993555,0.10969071669091417,0.12704360299145503,0.11666138204949983,0.12725978712926336,0.11860283701059211,0.12763615767142217,0.09598910336225863,0.12613903594774245,0.12698197401852426,0.12737775342450403,0.12689317794677246,0.12706724318435805,0.1274566614109404,0.12733475606563235,0.12697826982098512,0.12151619050539793,0.12714762444714003,0.12527774667651204,0.12750100650694166,0.12705999262919088,0.1225810698849141,0.12587450332836697,0.12708609208697186,0.12650795035835286,0.12654570397256104,0.08795253300107564,0.014632531602975434,0.12101956541217959,0.1253762035221502,0.12705945234967173,0.12472079203758185,0.12709623964701333,0.1274005247829626,0.1029151993166719,0.10336430644676038,0.12801427611188462,0.12762580347851038,0.10200940838431377,0.1271768070953563,0.10823019636593804,0.12254129356195544,0.11354565815544349,0.10783360226520283,0.12813409236755866,0.1282363473592412,0.12749664353061546,0.1261802581414008,0.10922830046454501,0.1271938204321131
r211,0.12794916029496664,0.1274558071455057,0.12688152288630308,0.1281299436957765,0.1276497397203501,0.12750184053094898,0.12710469977104766,0.12745978497888638,0.1275716179427471,0.12713457987842586,0.12747066553109404,0.11926813913321431,0.127359232784963,0.11695319591789392,0.12735414216129637,0.11729169006025682,0.1266542009749499,0.1264155221098699,0.10880225749337774,0.11388228094354683,0.11454274883472185,0.12507807484438344,0.11459917321993555,0.10969071669091417,0.12704360299145503,0.11666138204949983,0.12725978712926336,0.11860283701059211,0.12763615767142217,0.09598910336225863,0.12613903594774245,0.12698197401852426,0.12737775342450403,0.12689317794677246,0.12706724318435805,0.1274566614109404,0.12733475606563235,0.12697826982098512,0.12151619050539793,0.12714762444714003,0.12527774667651204,0.12750100650694166,0.12705999262919088,0.1225810698849141,0.12587450332836697,0.12708609208697186,0.12650795035835286,0.12654570397256104,0.08795253300107564,0.014632531602975434,0.12101956541217959,0.1253762035221502,0.12705945234967173,0.12472079203758185,0.12709623964701333,0.1274005247829626,0.1029151993166719,0.10336430644676038,0.12801427611188462,0.12762580347851038,0.10200940838431377,0.1271768070953563,0.10823019636593804,0.12254129356195544,0.11354565815544349,0.10783360226520283,0.12813409236755866,0.1282363473592412,0.12749664353061546,0.1261802581414008,0.10922830046454501,0.1271938204321131
r212,0.12794916029496664,0.1274558071455057,0.12688152288630308,0.1281299436957765,0.1276497397203501,0.12750184053094898,0.12710469977104766,0.12745978497888638,0.1275716179427471,0.12713457987842586,0.12747066553109404,0.11926813913321431,0.127359232784963,0.11695319591789392,0.12735414216129637,0.11729169006025682,0.1266542009749499,0.1264155221098699,0.10880225749337774,0.11388228094354683,0.11454274883472185,0.12507807484438344,0.11459917321993555,0.10969071669091417,0.12704360299145503,0.11666138204949983,0.12725978712926336,0.11860283701059211,0.12763615767142217,0.09598910336225863,0.12613903594774245,0.12698197401852426,0.12737775342450403,0.12689317794677246,0.12706724318435805,0.1274566614109404,0.12733475606563235,0.12697826982098512,0.12151619050539793,0.12714762444714003,0.12527774667651204,0.12750100650694166,0.12705999262919088,0.1225810698849141,0.12587450332836697,0.12708609208697186,0.12650795035835286,0.12654570397256104,0.08795253300107564,0.014632531602975434,0.12101956541217959,0.1253762035221502,0.12705945234967173,0.12472079203758185,0.12709623964701333,0.1274005247829626,0.1029151993166719,0.10336430644676038,0.12801427611188462,0.12762580347851038,0.10200940838431377,0.1271768070953563,0.10823019636593804,0.12254129356195544,0.11354565815544349,0.10783360226520283,0.12813409236755866,0.1282363473592412,0.12749664353061546,0.1261802581414008,0.10922830046454501,0.1271938204321131
r213,0.12794916029496664,0.1274558071455057,0.12688152288630308,0.1281299436957765,0.1276497397203501,0.12750184053094898,0.12710469977104766,0.12745978497888638,0.1275716179427471,0.12713457987842586,0.12747066553109404,0.11926813913321431,0.127359232784963,0.11695319591789392,0.12735414216129637,0.11729169006025682,0.1266542009749499,0.1264155221098699,0.10880225749337774,0.11388228094354683,0.11454274883472185,0.12507807484438344,0.11459917321993555,0.10969071669091417,0.12704360299145503,0.11666138204949983,0.12725978712926336,0.11860283701059211,0.12763615767142217,0.09598910336225863,0.12613903594774245,0.12698197401852426,0.12737775342450403,0.12689317794677246,0.12706724318435805,0.1274566614109404,0.12733475606563235,0.12697826982098512,0.12151619050539793,0.12714762444714003,0.12527774667651204,0.12750100650694166,0.12705999262919088,0.1225810698849141,0.12587450332836697,0.12708609208697186,0.12650795035835286,0.12654570397256104,0.08795253300107564,0.014632531602975434,0.12101956541217959,0.1253762035221502,0.12705945234967173,0.12472079203758185,0.12709623964701333,0.1274005247829626,0.1029151993166719,0.10336430644676038,0.12801427611188462,0.12762580347851038,0.10200940838431377,0.1271768070953563,0.10823019636593804,0.12254129356195544,0.11354565815544349,0.10783360226520283,0.12813409236755866,0.1282363473592412,0.12749664353061546,0.1261802581414008,0.10922830046454501,0.1271938204321131
r214,0.12733851601269508,0.12684751741780223,0.12627597396126275,0.12751843661495443,0.12704052443895245,0.1268933311064257,0.1264980857222637,0.12685147626675813,0.12696277550175503,0.1265278232252146,0.12686230489094236,0.11869892549358611,0.1267514039636144,0.11639503046986743,0.1267463376352243,0.11673190913064267,0.12604973695601665,0.1258121971987192,0.1082829928394839,0.11333877160319704,0.11399608737566776,0.12448113297258696,0.11405224247245366,0.10916721181748501,0.12643728053035355,0.11610460929893077,0.1266524329176809,0.11803679856129906,0.12702700721108703,0.09553099017891759,0.12553703058174265,0.1263759456850267,0.1267698362124023,0.12628757339732613,0.12646080789915834,0.12684836760620896,0.12672704406074956,0.12637225916597047,0.1209362479191044,0.12654080553801964,0.12467985186010588,0.12689250106284303,0.12645359194765754,0.12199604510423252,0.12527376045858926,0.12647956684436576,0.12590418432839112,0.1259417577614352,0.08753277478410418,0.014562697055113483,0.12044199299598259,0.1247778388151273,0.1264530542466516,0.1241255553172895,0.12648966597462852,0.12679249889332198,0.10242403096608099,0.10287099470812004,0.12740332106085775,0.12701670243412053,0.10152256296989927,0.12656984891047018,0.10771366190469085,0.12195645861592479,0.11300375536554207,0.10731896057073456,0.12752256548697632,0.12762433246118488,0.1268881589090571,0.12557805604025396,0.1087070024975466,0.12658678105015786
r220,0.0006106442822715992,0.0006082897277034839,0.0006055489250403623,0.0006115070808220518,0.0006092152813976381,0.000608509424523297,0.0006066140487839667,0.0006083087121282675,0.0006088424409920881,0.0006067566532112417,0.0006083606401516969,0.0005692136396282074,0.00060782882134862,0.0005581654480264807,0.0006078045260720582,0.0005597809296141661,0.0006044640189332577,0.0006033249111507277,0.0005192646538938404,0.0005435093403497736,0.000546661459054111,0.0005969418717964535,0.0005469307474818895,0.0005235048734291347,0.0006063224611015043,0.0005567727505690561,0.0006073542115824463,0.0005660384492930316,0.000609150460335114,0.00045811318334104467,0.0006020053659998169,0.000606028333497574,0.0006079172121017417,0.0006056045494463272,0.0006064352851997222,0.000608293804731438,0.0006077120048828178,0.0006060106550146321,0.0005799425862935239,0.0006068189091203984,0.0005978948164061637,0.0006085054440986488,0.0006064006815333447,0.0005850247806816028,0.0006007428697776956,0.0006065252426060988,0.0006037660299617177,0.0006039462111258472,0.00041975821697146196,6.983454786195206e-05,0.0005775724161970007,0.0005983647070228809,0.0006063981030201412,0.0005952367202923377,0.0006065736723848019,0.0006080258896406191,0.0004911683505908861,0.0004933117386403561,0.000610955051026898,0.0006091010443898704,0.0004868454144144952,0.0006069581848861301,0.0005165344612472019,0.0005848349460306484,0.0005419027899014254,0.0005146416944682852,0.0006115268805823391,0.0006120148980563165,0.0006084846215583434,0.0006022021011468248,0.0005212979669984012,0.0006070393819552546
r221,0.0033737253164176748,0.003360716727643558,0.003345574171493714,0.0033784921592378554,0.0033658302839648514,0.00336193052222816,0.00335145883306059,0.003360821613968329,0.0033637703922214817,0.003352246702824539,0.003361108509125397,0.003144826738277389,0.0033581702836940337,0.0030837870056711642,0.0033580360556467307,0.00309271231831031,0.0033395802151008716,0.0033332868019377224,0.0028688654911261905,0.003002814035081622,0.003020229055547574,0.003298021391140627,0.003021716836916517,0.0028922921183930097,0.003349847851389526,0.00307609254458042,0.003355548130289758,0.003127284250237744,0.003365472156547592,0.0025310120626577054,0.003325996497236558,0.0033482228370031713,0.003358658630396363,0.003345881488653742,0.0033504711889487415,0.003360739252659879,0.0033575248888553476,0.003348125165826697,0.003204102686704552,0.003352590658123748,0.0033032862784870922,0.003361908530931761,0.003350280008471518,0.0032321811087381368,0.0033190213799872696,0.0033509681911939163,0.00333572392244043,0.003336719398485343,0.0023191061711130495,0.00038582623128150315,0.0031910078242928224,0.003305882359242436,0.0033502657625422163,0.0032886006645985503,0.0033512357590320552,0.003359259058787951,0.002713637296082244,0.002725479219007492,0.00337544227086684,0.0033651991402755274,0.0026897536707983162,0.0033533601374924316,0.002853781553851944,0.0032311322985118696,0.0029939380657537317,0.002843324278830305,0.0033786015501786693,0.003381297779316666,0.003361793489272615,0.003327083431750413,0.002880099265184537,0.00335380874008428
r222,0.02989277547802638,0.02977751333098129,0.029643343240444302,0.029935011922549375,0.02982282181838624,0.029788268115556488,0.02969548407897872,0.029778442672603104,0.029804570219450804,0.02970246497153837,0.029780984697134336,0.027864627611248492,0.02975495065319598,0.027323787189784034,0.029753761330265225,0.027402869611075072,0.029590233998917026,0.029534471431122613,0.025419482607420437,0.026606329008513903,0.02676063418985176,0.02922200348894371,0.026773816624771928,0.025627053421110157,0.029681210032079297,0.027255610685700937,0.029731717154427864,0.027709193007920477,0.02981964864289843,0.022425944090060133,0.029469875940630896,0.029666811648795543,0.029759277632116613,0.029646066213420363,0.029686733092778392,0.029777712913102647,0.02974923215474157,0.02966594623674353,0.028389840084521733,0.029705512575468565,0.029268652839618194,0.029788073262441886,0.02968503914482903,0.028638627963470473,0.029408073157561623,0.029691136763834475,0.029556065452321024,0.02956488583309107,0.020548359330094697,0.003418599863215179,0.02827381351292012,0.029291655322589958,0.029684912919269408,0.02913853147004762,0.02969350753933054,0.0297645977069351,0.024044088600170578,0.02414901354515941,0.029907988493029444,0.029817229591743627,0.02383246857149206,0.02971233052057248,0.02528583190738584,0.028629335017047036,0.026527683791910978,0.025193175586845265,0.029935981177164495,0.029959871021387207,0.029787053939834107,0.029479506685974592,0.02551901907058857,0.029716305348188626
r235,0.0,0.0,0.0,0.6741721404256363,0.7284888105033541,0.7729111843864052,1.6496791306004512,1.4426564063107323,1.350683760699648,3.3127655948731154,2.5187963267551865,2.4428527881327557,4.10233367368117,2.746116196968143,4.835259698395574,0.8919570511562384,1.4204746638222483,1.174687179558249,0.7224600299972169,2.1368969433195586,1.6279319311548093,2.0168125247972366,0.7712318872732608,1.616425482156098,2.3250328879583306,1.0988809389380911,2.2338348763220175,1.6432714250173484,3.1810385210450836,0.0,1.9896728777185935,1.733459347792623,2.063546031134894,1.9003733908695448,1.416894929604229,1.3244318315325998,2.267814527428793,2.4959834182265523,2.4933971906552164,2.7046956278257985,2.6590749350049943,2.2096031137620322,2.6802021034239982,2.630465291664227,2.1793835904743055,2.585526780251411,3.4068520230455643,2.9858852231050492,0.46786093130494527,0.13534911518291684,4.1789750032102635,4.099055599175185,2.5660188114788127,2.7543103093727117,4.5136653108344325,1.9850736349904003,1.34229686850036,1.544890087489171,4.86484441693865,3.8654277264748047,1.6000255732159732,5.232532659577455,2.494341238667656,4.678506853602614,4.187657876071019,3.5035094463507037,0.8416353571017073,1.3489910382381822,1.7346508088467893,3.3717015484602855,0.6849954566465075,2.7864304146151224
r236,0.8572004990170273,0.8538952598059736,0.8500478196274209,0.858411664601458,0.8551945188549639,0.8542036623124168,0.8515430019708226,0.8539219096284658,0.8546711389090907,0.8740270089885274,0.853994804229923,0.8199466660259773,0.8755714568802991,0.8040318544482534,0.8755364595941592,0.7858003523672655,0.8485248673273591,0.8469258288081074,0.7289250605302248,0.7708188828980606,0.7673837111047417,0.8379655476056606,0.7677617285168221,0.734877328312987,0.8511336816404509,0.7815775787563376,0.8525820159630902,0.7945844336928737,0.8774752645957661,0.6430828237183758,0.8450734987332907,0.8507207959644126,0.8533723358567216,0.8501259031527136,0.851292060170428,0.8539009830540029,0.8530842732937332,0.8506959795353675,0.8141025614374321,0.8526359199954211,0.8420841462556381,0.8541980747436432,0.8512434846949275,0.8427224598399047,0.843301251948591,0.851418339088047,0.8697190454220326,0.8699785946569246,0.5892415002704385,0.09803928209503666,0.8319874017196157,0.8619384927210579,0.8512398651012126,0.8574326587783545,0.8737634269513789,0.853524893434104,0.6894844796910101,0.6924932907032068,0.880074759921074,0.8774040815390163,0.6834160971363178,0.8743173135925342,0.7440628261047105,0.8424490045846715,0.7806056547905774,0.7413363142602161,0.8584394587263245,0.8591245201230804,0.8541688448878042,0.8674662213644947,0.731779352346129,0.8744342771001801
r237,0.023147854106826654,0.023058599384868813,0.02295470305434799,0.023180560439382762,0.023093684593233688,0.02306692749024933,0.022995078981444136,0.023059319032473737,0.0230795512334965,0.0007166606973465008,0.02306128748177441,0.0006723173808743873,0.0007179270712064984,0.0006592679900588001,0.0007178983752379402,0.02121976356233079,0.022913577231973237,0.022870396772371012,0.01968390239642058,0.01274294935525431,0.020722440326365575,0.022628433213519334,0.02073264831392863,0.01984463751837862,0.02298402569014354,0.021105731724671742,0.02302313652815655,0.02145696901369134,0.0007194881034797965,0.017365817449308225,0.02282037642578392,0.022972876117368958,0.02304447833755537,0.02295681162339782,0.02298830254303663,0.023058753933844406,0.02303669949330312,0.02297220597444639,0.02198403680768008,0.022197502268631906,0.019883667417246342,0.02306677660324078,0.022986990812714863,0.000690992451536077,0.022772518648009655,0.02299171258220197,0.000713128371607407,0.000713341189642529,0.015911885607856117,0.0026391832281867696,0.0006821902131096022,0.0007067486873576279,0.022986893068333757,0.000703054116989528,0.0007164445725360298,0.02304859800572824,0.018618848405611788,0.01870009838256871,0.000721619566261052,0.0007194297366442769,0.01845497772209049,0.0007168987331882152,0.0006100962309053431,0.0006907682314428757,0.0006400596173925474,0.0006078606203809037,0.023181310994125983,0.023199810401419513,0.02306598727770525,0.000711281162665981,0.019760979733365058,0.0007169946377784219
r238,0.5626500953447238,0.5735479536522337,0.5923737476894785,2.5601948214286288,2.6835236487184955,2.7700839062532805,4.78200691920493,4.31969235504505,4.110373220857625,8.57415234458924,6.764450343868838,6.557094646301032,9.044066046303696,7.249741065736575,8.932629708252756,2.8146020889999925,4.257660912764124,3.70771775796077,2.599908945487443,5.881189914877103,4.724859017697021,5.562841641830681,2.646768596711333,4.730724615545163,6.325503830707116,3.476614790643764,6.117995499497411,4.739987903167128,8.28761890467799,0.0,5.5536539247397165,5.0026808775673155,5.740708841987112,5.367427999009819,4.2766303769888125,4.075523211919368,6.195066681407467,6.7123050757426785,6.530591927752578,7.196088319616729,7.031065452411971,6.072533119941839,7.13325881514857,6.96767629322662,5.986063478913067,6.924603752535587,8.554288814202575,7.838029310459931,2.2266065729567774,0.509273476677445,8.687404537573816,8.555082643937059,6.894598592035894,7.251886281081912,8.626287374214584,5.563869937128272,4.175940417454194,4.633155590598174,8.480715145030178,8.56858868018908,4.765710127164163,8.50309881244448,6.762655591344192,8.52162469166193,8.480713071882372,8.52307611747402,2.9381318208248572,4.11165884108059,4.973548103002064,8.634452936455958,2.4945139552824505,7.3881521023174095
r239,2.5757243787197632,2.5605600782016937,2.5441560061810953,2.911919661532232,2.8820696113088404,2.8753418542944242,2.740402069287613,2.7878631722739557,2.8048143143964626,2.505267628430652,2.622802384103937,2.5783016817112934,1.6411864533616338,2.486866232834138,0.6926897172624498,2.794862459465223,2.793280695502529,2.8035024671084545,2.7834890778726664,2.5559136521714496,2.636132338637514,2.7044685760326277,2.83883063200167,2.6178929993428253,2.6403908447647058,2.7552092749585353,2.656976286037277,2.6768718419653292,2.5358452496616266,3.0659398366515265,2.67302071154114,2.747584589925669,2.7064952493380217,2.7300462861364467,2.7896957748541875,2.819523347155954,2.6516874980001544,2.6107898875130737,2.3850988042923396,2.5899548849160356,2.5106590485157625,2.6711812409823525,2.5861765692361898,2.582929620589813,2.645952569217383,2.618853114379935,2.316153892206696,2.5608387793574807,2.5783346629368697,0.42338335006887357,1.3043772206541893,1.5949980562855648,2.6397752157985335,2.620018800273115,1.0623010850119963,2.72337444214052,2.6503767344150972,2.615888080078649,0.5506707725949601,1.9695388300084131,2.5897850788832217,0.2009373215221956,2.507915476240734,0.9402116481704319,1.3095547267290177,2.131971654571357,2.910949761187434,2.8258244407851714,2.747168711793462,2.5269831301247887,2.817435567161906,2.594099711497473
r241,0.0,0.0,0.0,0.0,0.0,0.0,0.0,0.0,0.0,0.0,0.0,0.0,0.0,0.0,0.0,0.0,0.0,0.0,0.0,0.0,0.0,0.0,0.0,0.0,0.0,0.0,0.0,0.0,0.0,0.24639774235812759,0.0,0.0,0.0,0.0,0.0,0.0,0.0,0.0,0.0,0.0,0.0,0.0,0.0,0.0,0.0,0.0,0.0,0.0,0.0,0.002463977423581276,0.0,0.0,0.0,0.0,0.0,0.0,0.0,0.0,0.0,0.0,0.0,0.0,0.0,0.0,0.0,0.0,0.0,0.0,0.0,0.0,0.0,0.0
r243,3.7305329695221063,3.7021732493780064,3.664768058905996,3.5178449318212612,3.4953426251646844,3.487472623034965,3.481726398289863,3.505052943485988,3.50931716412553,3.479578205852803,3.486231229283468,3.4139962167292595,3.864319466506422,3.365620568734845,4.361367505357464,3.310206452807589,3.501636488062375,3.482674166530017,3.3609835206210317,3.359611666287878,3.3706299163392535,3.4690768721506005,3.390983043083933,3.3668298249558237,3.478109872160438,3.3946357313420705,3.482139159463422,3.40359436853186,3.4986161809562266,3.38846622639835,3.4601747961919935,3.51546568091669,3.5133036391970682,3.5133868947716516,3.5111160337447402,3.532853121583183,3.481406311275088,3.4709590071580045,3.156997577512688,3.4833034168973525,3.367116839716672,3.4978446871913444,3.4726038733848177,3.4363024755379534,3.459600718199836,3.4956282103960117,3.543580330622516,3.493968211481713,3.2237770181071475,0.542670973224678,3.9792452114780854,3.8746323338183974,3.521055700337728,3.4916516314412878,4.219172425484691,3.5202357757148834,3.396050074638897,3.387575787884909,4.489414148585199,3.8070697019098425,3.372614569244846,4.660862488842116,3.394902033245132,4.275680657355833,3.981492191169396,3.526360524771321,3.538380314498438,3.532662823086279,3.499291954447758,3.4725080498912173,3.3796970881567434,3.501745348040515
r244,3.7305329695221063,3.7021732493780064,3.664768058905996,3.5178449318212612,3.4953426251646844,3.487472623034965,3.481726398289863,3.505052943485988,3.50931716412553,3.479578205852803,3.486231229283468,3.4139962167292595,3.864319466506422,3.365620568734845,4.361367505357464,3.310206452807589,3.501636488062375,3.482674166530017,3.3609835206210317,3.359611666287878,3.3706299163392535,3.4690768721506005,3.390983043083933,3.3668298249558237,3.478109872160438,3.3946357313420705,3.482139159463422,3.40359436853186,3.4986161809562266,3.38846622639835,3.4601747961919935,3.51546568091669,3.5133036391970682,3.5133868947716516,3.5111160337447402,3.532853121583183,3.481406311275088,3.4709590071580045,3.156997577512688,3.4833034168973525,3.367116839716672,3.4978446871913444,3.4726038733848177,3.4363024755379534,3.459600718199836,3.4956282103960117,3.543580330622516,3.493968211481713,3.2237770181071475,0.542670973224678,3.9792452114780854,3.8746323338183974,3.521055700337728,3.4916516314412878,4.219172425484691,3.5202357757148834,3.396050074638897,3.387575787884909,4.489414148585199,3.8070697019098425,3.372614569244846,4.660862488842116,3.394902033245132,4.275680657355833,3.981492191169396,3.526360524771321,3.538380314498438,3.532662823086279,3.499291954447758,3.4725080498912173,3.3796970881567434,3.501745348040515
r245,8.619576644099146,8.55778789386399,8.479977384397046,8.69089080135002,8.634456608430279,8.621389418892935,8.63525054683485,8.685103378880722,8.692481672551109,8.684424006863106,8.678947883825115,8.677848273656446,8.675980217460015,8.614024859350438,8.706097865067443,8.357824675928605,8.679931682594157,8.616632093018099,8.645638657595565,8.608098663998225,8.627096715793508,8.672520714880687,8.668140768838208,8.635313105189683,8.6482460373509,8.64283394162786,8.655006323973398,8.644073713827842,8.723131362399217,8.716655761681519,8.591297550838853,8.71445898515854,8.72686388280266,8.721728796373275,8.692582629375892,8.742372884164133,8.654548196293508,8.637078206785695,7.881852668705092,8.674292905286963,8.39043932808513,8.692060270413478,8.647880216131846,8.665445998875983,8.59704940641313,8.702003220870088,8.651482008686395,8.7054078391598,8.324707585361121,1.4,8.73392917728222,8.5399530409161,8.76141861506694,8.758712450708822,8.714731452448465,8.740361382568942,8.732829778460546,8.711189906894768,8.737539526148135,8.74594325295578,8.678400363119552,8.686509981721395,8.725434755319336,8.769661692090361,8.770036331873756,8.718180023963361,8.75333768919927,8.749926017304945,8.683987572592658,8.703042172805233,8.695286246418306,8.717121639230593
r251,6.7032038919512225,6.655409279638543,6.592456244511817,6.069781791460946,5.989327805843356,5.950157456152825,5.310647341750144,5.493675126926527,5.566965681091794,4.162131013916179,4.706741581442045,3.9551251588922445,3.8164983017530516,3.4500130269356113,3.882039195447831,5.23274171771862,5.508079758043781,5.642870679763732,4.4767464849881256,3.7011251226757103,4.0364334279852745,4.921108907598254,4.8508006895859,3.9011957488819298,4.8312477314208415,4.643727257054608,4.9035938828397025,4.397236306464168,4.286560760187353,5.550864802468613,5.039246718445761,5.301962944621061,5.072178245654314,5.186972572790697,5.520490767396215,5.620511570732443,4.878353480582513,4.698968164987834,4.214787482695108,4.56999040232955,4.424666318826119,4.942288612255871,4.571762025431742,4.20020781102406,4.904064325585271,4.676665643711892,4.045508020103696,4.418118393343605,3.803689365403515,0.6029011860729198,3.163825366586421,4.242033096934971,4.733242239436223,4.429483943872534,4.189425708425478,5.142781809913649,3.8865279943446422,3.7647417846421685,4.2163429176066805,4.40045311384397,3.667863460587789,4.386990467746699,3.336191320284978,3.940004486217798,3.062415468601069,2.912232323478154,5.987891326644076,5.6148874006877225,5.289138701096401,4.120193289144596,4.569608337798541,4.567929670099316
r252,0.41644636342070135,0.41682572904773446,0.42066074536909503,0.586481561260317,0.6026591558215911,0.6148001687429584,0.8412799134888346,0.7917478127481157,0.7688491154371648,1.220728069332996,1.0528213908299158,0.8947692520157662,1.6288126376656844,0.9320605919942799,2.109301417466157,0.6298990587197487,0.7639206820362974,0.7057909176427175,0.3733549952294837,0.7293529279232475,0.6276342406620542,0.9016382679564392,0.512174839000597,0.5160263056065967,0.9894959436389773,0.5640139508720473,0.9701299397985889,0.7025644618019886,1.1880710957990073,0.0,0.8906198433224984,0.8316420793386735,0.9227916772317944,0.871172393434451,0.7590859764741386,0.737082821982371,0.9812915280803318,1.0323780015065036,1.036015483646616,1.0815409051129583,1.073227086608036,0.9686199736740603,1.0757256763181726,0.992160792492688,0.9282369515380393,1.0424753795259014,1.2522687730542152,1.1113363729703873,0.0,0.025832557313382704,1.5977578498406206,1.6879691361873783,1.01434257052356,1.027148014607243,1.9441606044536042,0.8913757829494323,0.31614837661740425,0.3859013602746772,2.2042920543170403,1.569019534005242,0.40766330672129525,2.426469432547222,0.73091156271627,2.0439068339151834,1.6573496214103365,1.1995739794165579,0.6291768082628596,0.7598286290139024,0.850246897176166,1.2126790442273487,0.36639577216578084,1.089177887494579
r254,0.0,0.0,0.0,0.0,0.0,0.0,0.0,0.0,0.0,0.0,0.0,0.0,0.0,0.0,0.0,0.0,0.0,0.0,0.0,0.0,0.0,0.0,0.0,0.0,0.0,0.0,0.0,0.0,0.0,0.07626960338484165,0.0,0.0,0.0,0.0,0.0,0.0,0.0,0.0,0.0,0.0,0.0,0.0,0.0,0.0,0.0,0.0,0.0,0.0,0.0,0.0007626960338484165,0.0,0.0,0.0,0.0,0.0,0.0,0.0,0.0,0.0,0.0,0.0,0.0,0.0,0.0,0.0,0.0,0.0,0.0,0.0,0.0,0.0,0.0
r255,1.3489931691691295,1.3525683624148992,1.3561528453163083,1.3303526345611345,1.3151061191088604,1.3082016962287117,1.0480282524298394,1.1092585030592736,1.1426133901261923,0.5020513723445058,0.7696661333546686,0.4139878391506009,0.3210354188148724,0.20888079648869862,0.12227400680793787,0.9471627508662676,1.109400794039186,1.1861415712977048,0.4390707966311152,0.2623293185805624,0.45266707896085917,0.8408016954760473,0.6937468426611675,0.22115620571204944,0.8353742386473154,0.729153417556315,0.8683093138446509,0.648630412947687,0.5435317707149796,0.05937200608199843,0.9455917935600934,1.000595422651037,0.8978551617312008,0.9476429543864038,1.1107086949315848,1.1356081163440384,0.857102924395154,0.7807593198862297,0.8871049645541865,0.699458285462904,0.7623127199878625,0.8625810034435445,0.7176361717261462,0.5191496930131053,0.8870610828056724,0.750375286382164,0.5184539465855557,0.6190984598428518,0.0,0.00048617112245421146,0.05671005526530948,0.30244976269053064,0.756101799817282,0.5927462554542625,0.2153164735201444,0.9488740913182775,0.0,0.0,0.1362795464863357,0.3346841315783234,0.0,0.04861711224542115,0.0,0.0,0.0,0.0,1.282308719950131,1.1538860802946442,1.031351768781242,0.46194349887031316,0.48301853690123286,0.676595126397624
r256,1.6316210591214098,1.62548654031643,1.622619243496846,2.223726277887215,2.22813131908099,2.2351787389335325,2.3927198250908908,2.357577777151481,2.3421406154849915,2.7086065120914533,2.564536496702091,2.3824586813492474,2.8401058672785355,2.3957779115729125,2.9220871254498815,1.9245633716968653,2.334038967933166,2.2862159192332916,1.7583112714379963,2.2184846131786014,2.1323446552017904,2.414197546390981,1.839889399304053,2.034173604120158,2.5165728401859697,2.038781687840391,2.5033171533787475,2.215295702535164,2.687663725316429,0.9326334868155214,2.435578065437275,2.394083127725031,2.4649223139943643,2.4240154692020788,2.3370137751962154,2.3240421217922798,2.5114389294326505,2.548719432071958,2.4928918203241297,2.5891582556838797,2.563749363312534,2.500638460565015,2.5848521601941767,2.483095240641863,2.467896737925251,2.56551642401424,2.7201332932411972,2.6307392622266885,1.4934861861060937,0.254428547043015,2.72735832572529,2.7537461499132916,2.5552666560140125,2.5443732740584113,2.846539919173497,2.454808521791088,1.8723826435205293,1.9176426772217503,2.9056965118824265,2.756514673167372,1.90803456286386,3.002867990630037,2.1733556289934515,2.7429066078272824,2.574299585598215,2.310916163260597,2.2510923704866705,2.3486817688494503,2.4116632472199977,2.6964852142164464,1.7257068805020488,2.604936828228311
r258,0.41338637329201905,0.41257802504245367,0.41321831026239325,2.1455790179549385,2.2037833551323787,2.2605495464777574,3.4376971554502296,3.1611049341107913,3.033525909999006,5.724599819096086,4.626941384141506,5.193333665907384,6.798686239554727,5.787658409675217,7.59803050729928,2.836602534433878,3.163792709055777,2.815273336479647,3.729184851726403,5.267891234987451,4.516544699071973,4.139390966083005,3.233184152042,5.000814981901742,4.388927579339401,3.5684097244195225,4.263553282372522,4.179242184334481,5.58042060232994,2.0469967226358303,3.936755111945497,3.6250110261658577,4.081583833641834,3.859448415218372,3.1847116650590346,3.0683204323365163,4.309576268531206,4.620130348929503,4.411982288821285,4.918009427141075,4.772874143491795,4.243527962072498,4.874620627680063,5.19016221082971,4.180618727860719,4.741063729011953,5.88813791406904,5.296066805185713,5.421315206541436,0.9669721292484865,7.443602285009298,6.473251663475241,4.742066967460602,5.188226721073417,7.062065666248724,3.924834737822804,5.424061774342199,5.644963243130485,7.486069228867063,6.256878589188182,5.83797824616331,7.758046073496348,6.4587448309008835,7.584561568658602,7.96196640404862,7.802357440247243,2.394004425365872,3.0685342782180123,3.5846522149481395,5.882911428841756,3.5927391233418065,5.028855357700586
r263,0.011349055046972482,0.011305294759386991,0.011254355904803854,0.01136509048450595,0.011322496525011997,0.011309377907914033,0.011274151632609638,0.01130564759210509,0.011315567144996218,0.011276801989850456,0.011306612694069504,0.010579050876554053,0.011296728640380047,0.010373716055124042,0.011296277103472084,0.01040374039171131,0.011234192514287,0.011213021765123059,0.009650730076544267,0.010101326748245501,0.010159910067092014,0.0110943905634533,0.010164914894418006,0.009729536161059277,0.01126873236519756,0.010347832245896695,0.011287907838288688,0.010520038762718367,0.011321291801037423,0.008514206857289236,0.01118849751919228,0.011263265892383925,0.011298371415972884,0.011255389705436365,0.011270829243754315,0.011305370532494223,0.011294557562161071,0.01126293733108911,0.010778452410042178,0.011277959039479077,0.011112101399608323,0.011309303930215798,0.011270186121521048,0.010872906915790036,0.011165033549189735,0.0112725011361907,0.011221220125139725,0.011224568860253605,0.00780136529422099,0.0012979014966248705,0.01073440190195248,0.011120834494521357,0.01127013819887748,0.01106269967753908,0.011273401221953182,0.011300391229155281,0.00912854964833248,0.009168385326265904,0.011354830801881127,0.011320373386996627,0.00904820624374364,0.011280547532285587,0.009599988413132182,0.010869378766970745,0.010071468400262266,0.009564810626344272,0.011365458470542896,0.01137452845995711,0.011308916935425206,0.011192153916341796,0.009688519969975424,0.01128205661053933
r259r,0.09288404136806457,0.09358678315294554,0.09323255528557664,1.739002925262943,1.7782568477152092,1.8693415399550226,3.058911585091604,2.770063792739903,2.6373111669139746,5.417462983155724,4.280681908910423,5.532845433447933,6.373684512501361,6.272621658771311,6.9550179789889555,3.439137968098654,2.838666576957259,2.428485979556574,4.768166108163869,5.873794986146847,5.090730977336287,4.121292070030703,4.116408307241832,5.772856734132558,4.048969856604327,4.104896194621106,3.918760402625595,4.539498813705115,5.27645013440859,3.989746478160084,3.601499861622149,3.268783366590277,3.7777986842776135,3.5572361913441126,2.8148376404670588,2.6924737261469525,3.965942152303581,4.287676524791402,4.141847598709917,4.594874906835356,4.450198044122891,3.897531856709756,4.5501620867192445,5.351396666587581,3.8383706013987284,4.405256590610665,5.569394166575502,4.980642734962518,6.953538327367524,1.2289372971558796,7.5528420106117,5.9806206161037965,4.410448877455249,5.222772423836293,6.436659750936127,3.561581781286159,6.496464863101462,6.697737491309032,6.788415480142352,5.89344511222084,6.935129091553313,6.918024933492716,7.330979878612394,7.425137298286225,8.380291274750933,8.630972271490727,2.053705837460613,2.7029495857930463,3.2509822199662626,5.853007529579816,4.68621227650319,4.703145382537156
r261,0.21226456395789714,0.2126082574434064,0.21151530688954362,0.0,0.0,0.0,0.0,0.0,0.0,0.0,0.0,0.0,0.0,0.0,0.0,0.0,0.0,0.0,0.0,0.0,0.0,0.0,0.0,0.0,0.0,0.0,0.0,0.0,0.0,0.0,0.0,0.0,0.0,0.0,0.0,0.0,0.0,0.0,0.0,0.0,0.0,0.0,0.0,0.0,0.0,0.0,0.0,0.0,0.0,0.002115153068895436,0.0,0.0,0.0,0.0,0.0,0.0,0.0,0.0,0.0,0.0,0.0,0.0,0.0,0.0,0.0,0.0,0.0,0.0,0.0,0.0,0.0,0.0
r262,1.4330823503686945,1.4354879106195102,1.435155089282604,0.0,0.0,0.0,0.0,0.0,0.0,0.0,0.0,0.0,0.0,0.0,0.0,0.0,0.0,0.0,0.0,0.0,0.0,0.0,0.0,0.0,0.0,0.0,0.0,0.0,0.0,0.0,0.0,0.0,0.0,0.0,0.0,0.0,0.0,0.0,0.0,0.0,0.0,0.0,0.0,0.0,0.0,0.0,0.0,0.0,0.0,0.014330823503686946,0.0,0.0,0.0,0.0,0.0,0.0,0.0,0.0,0.0,0.0,0.0,0.0,0.0,0.0,0.0,0.0,0.0,0.0,0.0,0.0,0.0,0.0
r258m,0.0,0.0,0.0,0.0,0.0,0.004499903199326602,0.042724768780059166,0.03164674898827747,0.02684401164986217,0.1144725932169441,0.07646449674703522,0.5359940253498029,0.0,0.6776318709421192,0.0,0.36254459661168353,0.048363789293232116,0.03243750069508597,0.9441984940558634,0.7935133496074243,0.762883931113519,0.1879546462832124,0.6838844708901435,0.9527461703299607,0.08135000428600551,0.6252694341139311,0.07723176771417929,0.5556428689616737,0.11930231539983432,1.4095800428471974,0.07497448054404712,0.0648756916009787,0.08512371747569897,0.07888247248228104,0.05151210025138204,0.04683082462106182,0.07863914608694288,0.0886372428561629,0.08902437386305619,0.09851816812822795,0.09277561601083513,0.0768284841363572,0.09690353805691625,0.36317443370268715,0.07518258056395531,0.08564149353512811,0.10078762361274651,0.10423250156532624,1.6771160686990032,0.2698438542418125,0.3086072819720951,0.0,0.08974219801890299,0.24001065768036609,0.0,0.0592384109406612,1.2419455238098875,1.2230565419809807,0.0,0.0,1.2652010809773093,0.0,1.0505334054832973,0.04245017992947748,0.6053799169173708,1.0062598402134961,0.01798534014786731,0.04037371178279344,0.05920420814186167,0.17796537908531393,0.9164987341872768,0.09609591144442238
r268,0.0,0.0,0.0,0.0,0.0,0.0,0.0,0.0,0.0,0.022283824027790618,0.0,0.020905014411563755,0.022323200614722292,0.020499257085005884,0.02232230834322474,0.0,0.0,0.0,0.0,0.007860002774768917,0.0,0.0,0.0,0.0,0.0,0.0,0.0,0.0,0.02237173930061462,0.0,0.0,0.0,0.0,0.0,0.0,0.0,0.0,0.0,0.0,0.000805342407698219,0.0027808893193090167,0.0,0.0,0.021485696441250167,0.0,0.0,0.02217399000805123,0.022180607364998748,0.0,8.05342407698219e-06,0.021211999930652512,0.021975620316924977,0.0,0.02186074146805569,0.022277103850079735,0.0,0.0,0.0,0.02243801493386079,0.0223699244441608,0.0,0.022291225506382528,0.018970312031691822,0.02147872454908573,0.019901992580422564,0.018900798031962603,0.0,0.0,0.0,0.02211655295430221,0.0,0.02229420756053944
r269,0.0,0.0,0.0,0.0,0.0,0.0,0.0,0.0,0.0,0.022283824027790618,0.0,0.020905014411563755,0.022323200614722292,0.020499257085005884,0.02232230834322474,0.0,0.0,0.0,0.0,0.007860002774768917,0.0,0.0,0.0,0.0,0.0,0.0,0.0,0.0,0.02237173930061462,0.0,0.0,0.0,0.0,0.0,0.0,0.0,0.0,0.0,0.0,0.000805342407698219,0.0027808893193090167,0.0,0.0,0.021485696441250167,0.0,0.0,0.02217399000805123,0.022180607364998748,0.0,8.05342407698219e-06,0.021211999930652512,0.021975620316924977,0.0,0.02186074146805569,0.022277103850079735,0.0,0.0,0.0,0.02243801493386079,0.0223699244441608,0.0,0.022291225506382528,0.018970312031691822,0.02147872454908573,0.019901992580422564,0.018900798031962603,0.0,0.0,0.0,0.02211655295430221,0.0,0.02229420756053944
r268m,0.022426601599998253,0.022340127921659462,0.02223946884537795,0.02245828885215769,0.02237411992741605,0.022348196535734426,0.022278586718984594,0.02234082514612154,0.02236042694202602,0.0,0.022342732261486628,0.0,0.0,0.0,0.0,0.02055858747261613,0.022199624442107806,0.022157789421032647,0.01907058144312336,0.012100992187075065,0.020076760084732064,0.02192336508471872,0.0200866500066729,0.019226308299126704,0.02226787783170618,0.020448108696437005,0.022305770034513055,0.020788401956950645,0.0,0.016824724555313177,0.022109327633619197,0.02225707566294048,0.022326446865056464,0.022241511714570422,0.022272021424260918,0.02234027765512016,0.022318910397954653,0.022256426400668907,0.02129904710692545,0.021480768038736508,0.01917747373350552,0.022348050350139353,0.022270750565493744,0.0,0.02206296103260938,0.02227532521170698,0.0,0.0,0.015416095055087413,0.0025566992941338865,0.0,0.0,0.022270655866681335,0.0,0.0,0.02233043817053173,0.018038712941441697,0.018117431290659416,0.0,0.0,0.01787994822328288,0.0,0.0,0.0,0.0,0.0,0.022459016020737875,0.02247693901417362,0.02234728561880675,0.0,0.019145257165549524,0.0
r269m,0.022426601599998253,0.022340127921659462,0.02223946884537795,0.02245828885215769,0.02237411992741605,0.022348196535734426,0.022278586718984594,0.02234082514612154,0.02236042694202602,0.0,0.022342732261486628,0.0,0.0,0.0,0.0,0.02055858747261613,0.022199624442107806,0.022157789421032647,0.01907058144312336,0.012100992187075065,0.020076760084732064,0.02192336508471872,0.0200866500066729,0.019226308299126704,0.02226787783170618,0.020448108696437005,0.022305770034513055,0.020788401956950645,0.0,0.016824724555313177,0.022109327633619197,0.02225707566294048,0.022326446865056464,0.022241511714570422,0.022272021424260918,0.02234027765512016,0.022318910397954653,0.022256426400668907,0.02129904710692545,0.021480768038736508,0.01917747373350552,0.022348050350139353,0.022270750565493744,0.0,0.02206296103260938,0.02227532521170698,0.0,0.0,0.015416095055087413,0.0025566992941338865,0.0,0.0,0.022270655866681335,0.0,0.0,0.02233043817053173,0.018038712941441697,0.018117431290659416,0.0,0.0,0.01787994822328288,0.0,0.0,0.0,0.0,0.0,0.022459016020737875,0.02247693901417362,0.02234728561880675,0.0,0.019145257165549524,0.0
r282m,0.022426601599998253,0.022340127921659462,0.02223946884537795,0.02245828885215769,0.02237411992741605,0.022348196535734426,0.022278586718984594,0.02234082514612154,0.02236042694202602,0.022283824027790618,0.022342732261486628,0.020905014411563755,0.022323200614722292,0.020499257085005884,0.02232230834322474,0.02055858747261613,0.022199624442107806,0.022157789421032647,0.01907058144312336,0.019960994961843986,0.020076760084732064,0.02192336508471872,0.0200866500066729,0.019226308299126704,0.02226787783170618,0.020448108696437005,0.022305770034513055,0.020788401956950645,0.02237173930061462,0.016824724555313177,0.022109327633619197,0.02225707566294048,0.022326446865056464,0.022241511714570422,0.022272021424260918,0.02234027765512016,0.022318910397954653,0.022256426400668907,0.02129904710692545,0.022286110446434727,0.021958363052814536,0.022348050350139353,0.022270750565493744,0.021485696441250167,0.02206296103260938,0.02227532521170698,0.02217399000805123,0.022180607364998748,0.015416095055087413,0.0025647527182108684,0.021211999930652512,0.021975620316924977,0.022270655866681335,0.02186074146805569,0.022277103850079735,0.02233043817053173,0.018038712941441697,0.018117431290659416,0.02243801493386079,0.0223699244441608,0.01787994822328288,0.022291225506382528,0.018970312031691822,0.02147872454908573,0.019901992580422564,0.018900798031962603,0.022459016020737875,0.02247693901417362,0.02234728561880675,0.02211655295430221,0.019145257165549524,0.02229420756053944
r278,0.022426601599998253,0.022340127921659462,0.02223946884537795,0.02245828885215769,0.02237411992741605,0.022348196535734426,0.022278586718984594,0.02234082514612154,0.02236042694202602,0.022283824027790618,0.022342732261486628,0.020905014411563755,0.022323200614722292,0.020499257085005884,0.02232230834322474,0.02055858747261613,0.022199624442107806,0.022157789421032647,0.01907058144312336,0.019960994961843986,0.020076760084732064,0.02192336508471872,0.0200866500066729,0.019226308299126704,0.02226787783170618,0.020448108696437005,0.022305770034513055,0.020788401956950645,0.02237173930061462,0.016824724555313177,0.022109327633619197,0.02225707566294048,0.022326446865056464,0.022241511714570422,0.022272021424260918,0.02234027765512016,0.022318910397954653,0.022256426400668907,0.02129904710692545,0.022286110446434727,0.021958363052814536,0.022348050350139353,0.022270750565493744,0.021485696441250167,0.02206296103260938,0.02227532521170698,0.02217399000805123,0.022180607364998748,0.015416095055087413,0.0025647527182108684,0.021211999930652512,0.021975620316924977,0.022270655866681335,0.02186074146805569,0.022277103850079735,0.02233043817053173,0.018038712941441697,0.018117431290659416,0.02243801493386079,0.0223699244441608,0.01787994822328288,0.022291225506382528,0.018970312031691822,0.02147872454908573,0.019901992580422564,0.018900798031962603,0.022459016020737875,0.02247693901417362,0.02234728561880675,0.02211655295430221,0.019145257165549524,0.02229420756053944
r279,0.022426601599998253,0.022340127921659462,0.02223946884537795,0.02245828885215769,0.02237411992741605,0.022348196535734426,0.022278586718984594,0.02234082514612154,0.02236042694202602,0.022283824027790618,0.022342732261486628,0.020905014411563755,0.022323200614722292,0.020499257085005884,0.02232230834322474,0.02055858747261613,0.022199624442107806,0.022157789421032647,0.01907058144312336,0.019960994961843986,0.020076760084732064,0.02192336508471872,0.0200866500066729,0.019226308299126704,0.02226787783170618,0.020448108696437005,0.022305770034513055,0.020788401956950645,0.02237173930061462,0.016824724555313177,0.022109327633619197,0.02225707566294048,0.022326446865056464,0.022241511714570422,0.022272021424260918,0.02234027765512016,0.022318910397954653,0.022256426400668907,0.02129904710692545,0.022286110446434727,0.021958363052814536,0.022348050350139353,0.022270750565493744,0.021485696441250167,0.02206296103260938,0.02227532521170698,0.02217399000805123,0.022180607364998748,0.015416095055087413,0.0025647527182108684,0.021211999930652512,0.021975620316924977,0.022270655866681335,0.02186074146805569,0.022277103850079735,0.02233043817053173,0.018038712941441697,0.018117431290659416,0.02243801493386079,0.0223699244441608,0.01787994822328288,0.022291225506382528,0.018970312031691822,0.02147872454908573,0.019901992580422564,0.018900798031962603,0.022459016020737875,0.02247693901417362,0.02234728561880675,0.02211655295430221,0.019145257165549524,0.02229420756053944
r280,0.022426601599998253,0.022340127921659462,0.02223946884537795,0.02245828885215769,0.02237411992741605,0.022348196535734426,0.022278586718984594,0.02234082514612154,0.02236042694202602,0.022283824027790618,0.022342732261486628,0.020905014411563755,0.022323200614722292,0.020499257085005884,0.02232230834322474,0.02055858747261613,0.022199624442107806,0.022157789421032647,0.01907058144312336,0.019960994961843986,0.020076760084732064,0.02192336508471872,0.0200866500066729,0.019226308299126704,0.02226787783170618,0.020448108696437005,0.022305770034513055,0.020788401956950645,0.02237173930061462,0.016824724555313177,0.022109327633619197,0.02225707566294048,0.022326446865056464,0.022241511714570422,0.022272021424260918,0.02234027765512016,0.022318910397954653,0.022256426400668907,0.02129904710692545,0.022286110446434727,0.021958363052814536,0.022348050350139353,0.022270750565493744,0.021485696441250167,0.02206296103260938,0.02227532521170698,0.02217399000805123,0.022180607364998748,0.015416095055087413,0.0025647527182108684,0.021211999930652512,0.021975620316924977,0.022270655866681335,0.02186074146805569,0.022277103850079735,0.02233043817053173,0.018038712941441697,0.018117431290659416,0.02243801493386079,0.0223699244441608,0.01787994822328288,0.022291225506382528,0.018970312031691822,0.02147872454908573,0.019901992580422564,0.018900798031962603,0.022459016020737875,0.02247693901417362,0.02234728561880675,0.02211655295430221,0.019145257165549524,0.02229420756053944
r281,0.022426601599998253,0.022340127921659462,0.02223946884537795,0.02245828885215769,0.02237411992741605,0.022348196535734426,0.022278586718984594,0.02234082514612154,0.02236042694202602,0.022283824027790618,0.022342732261486628,0.020905014411563755,0.022323200614722292,0.020499257085005884,0.02232230834322474,0.02055858747261613,0.022199624442107806,0.022157789421032647,0.01907058144312336,0.019960994961843986,0.020076760084732064,0.02192336508471872,0.0200866500066729,0.019226308299126704,0.02226787783170618,0.020448108696437005,0.022305770034513055,0.020788401956950645,0.02237173930061462,0.016824724555313177,0.022109327633619197,0.02225707566294048,0.022326446865056464,0.022241511714570422,0.022272021424260918,0.02234027765512016,0.022318910397954653,0.022256426400668907,0.02129904710692545,0.022286110446434727,0.021958363052814536,0.022348050350139353,0.022270750565493744,0.021485696441250167,0.02206296103260938,0.02227532521170698,0.02217399000805123,0.022180607364998748,0.015416095055087413,0.0025647527182108684,0.021211999930652512,0.021975620316924977,0.022270655866681335,0.02186074146805569,0.022277103850079735,0.02233043817053173,0.018038712941441697,0.018117431290659416,0.02243801493386079,0.0223699244441608,0.01787994822328288,0.022291225506382528,0.018970312031691822,0.02147872454908573,0.019901992580422564,0.018900798031962603,0.022459016020737875,0.02247693901417362,0.02234728561880675,0.02211655295430221,0.019145257165549524,0.02229420756053944
r285,1.8136915662188475,1.8118422983860825,1.8114930673680734,2.1624630055104745,2.173489858171788,2.1854012638580422,2.4387432001012224,2.3814901980908685,2.356623076034294,2.928196799492352,2.69923063182788,2.498822607146063,3.171173848947588,2.5410446307356436,3.36109514755908,2.0116791372339287,2.358422281857313,2.2851912261892013,1.7543261222614526,2.294215562337407,2.15522626425158,2.495436375394155,1.8862698569456344,2.046942639256013,2.6341649250587866,2.0409231964941,2.611184406965996,2.246787132655302,2.8936600649673343,0.7240704175675362,2.5216756618552845,2.4516645912783965,2.5549001560494466,2.4986314218661128,2.3619481687024666,2.3387377162179726,2.622448428147413,2.6838505086216107,2.6373688115929426,2.745337861767221,2.718889885195185,2.6048426235974724,2.7389496682695604,2.625370111795235,2.574296533577537,2.710244559195545,2.95888971934534,2.8203173171919653,1.3222040382305453,0.2359385551157278,3.0685155225078087,3.0958244186783177,2.7002707441709264,2.705763907875118,3.247505886886346,2.538091054963858,1.8285979342984342,1.9012484010860966,3.35685494153168,3.0569444184340124,1.8985351964144914,3.443106112013226,2.2853466962664855,3.1593478657264673,2.889687259983003,2.5734318856257774,2.208447742131601,2.3638293699043786,2.4675887940053074,2.923583724978241,1.7475979264031258,2.77055633498154
r286r,1.8136915662188475,1.8118422983860825,1.8114930673680734,2.1624630055104745,2.173489858171788,2.1854012638580422,2.4387432001012224,2.3814901980908685,2.356623076034294,2.928196799492352,2.69923063182788,2.498822607146063,3.171173848947588,2.5410446307356436,3.36109514755908,2.0116791372339287,2.358422281857313,2.2851912261892013,1.7543261222614526,2.294215562337407,2.15522626425158,2.495436375394155,1.8862698569456344,2.046942639256013,2.6341649250587866,2.0409231964941,2.611184406965996,2.246787132655302,2.8936600649673343,0.7240704175675362,2.5216756618552845,2.4516645912783965,2.5549001560494466,2.4986314218661128,2.3619481687024666,2.3387377162179726,2.622448428147413,2.6838505086216107,2.6373688115929426,2.745337861767221,2.718889885195185,2.6048426235974724,2.7389496682695604,2.625370111795235,2.574296533577537,2.710244559195545,2.95888971934534,2.8203173171919653,1.3222040382305453,0.2359385551157278,3.0685155225078087,3.0958244186783177,2.7002707441709264,2.705763907875118,3.247505886886346,2.538091054963858,1.8285979342984342,1.9012484010860966,3.35685494153168,3.0569444184340124,1.8985351964144914,3.443106112013226,2.2853466962664855,3.1593478657264673,2.889687259983003,2.5734318856257774,2.208447742131601,2.3638293699043786,2.4675887940053074,2.923583724978241,1.7475979264031258,2.77055633498154
r289,0.0,0.0,0.0,0.0,0.0,0.0,0.0,0.0,0.0,0.20670211273669833,0.0,0.3781384993886648,0.3601663852064295,0.564437173444816,0.41034304493348156,0.0,0.0,0.0,0.315627539819761,0.5321135679575906,0.36691132057821146,0.010497066335657751,0.06946584700185361,0.575994305908783,0.0,0.10774977293507486,0.0,0.1938437593560657,0.17931295213277232,0.0,0.0,0.0,0.0,0.0,0.0,0.0,0.0,0.0,0.0,0.04621285150382973,0.02428432761275478,0.0,0.03669265309285718,0.29429062714513965,0.0,0.0019271924131363909,0.23023902759087123,0.11678450841664827,0.6845869812083052,0.1328686790926618,0.6953604026282688,0.25930576943526973,0.00041917161083842143,0.2269040154394519,0.3079601422369883,0.0,0.704111885492341,0.7318546053740752,0.34909030130768637,0.26240674326425073,0.753481945824188,0.3348133901794738,0.8383232555614311,0.5850418700511447,0.9128447629649892,0.9627932043947754,0.0,0.0,0.0,0.333675982545608,0.2636101217159036,0.0627228818270757
r290,0.5793781004643191,0.5782556252881353,0.575616379182282,0.9695181880604796,0.9762734845273147,0.9615826189816784,0.9753944300445191,0.9748206992233363,0.9756760042316559,1.182325841246283,0.9782028314769511,1.1938755341562828,1.3375140889850365,1.3643411038281503,1.387651682430281,0.802219068472952,0.9486741005708309,0.9668341083805527,1.0597829493642243,1.3110139085315846,1.1503289457116272,0.8659712831641612,0.8532693879473969,1.326226351431128,0.9749255765967667,0.9056578360628971,0.9765845622628545,1.005030446057081,1.1587857603806568,1.3083423769381366,0.9639448642613178,0.9744526398837144,0.9607363361875872,0.9539141311239507,0.9718185136584893,0.9747968092985897,0.9771598693916299,0.9744242139763578,0.9105993150416115,1.021936683513835,0.9856588210876641,0.9784356660615289,1.011744002804471,1.132686524236642,0.9659539711870401,0.9771788284153314,1.2010540352218255,1.0878892354687297,1.9099735808581784,0.32685776528299504,1.523076355573326,1.2077969580471357,0.9754663757282511,1.0799345889217162,1.2832896502702276,0.9776645748750675,1.5875207683693813,1.622589031455045,1.317591369561979,1.196464321835765,1.6956288164350317,1.3107611693313383,1.673698831183623,1.4231657155716588,1.719886347155855,1.9466647331897022,0.9466577802050533,0.9711075197830603,0.9634342261061376,1.196688605812399,1.010679461349387,1.0388012198861452
r292,0.0,0.0,0.0,0.0,0.0,0.0,0.0,0.0,0.0,0.0,0.0,0.0,0.0,0.0,0.0,0.0,0.0,0.0,0.0,0.0,0.0,0.0,0.0,0.0,0.0,0.0,0.0,0.0,0.0,0.0,0.0,0.0,0.0,0.0,0.0,0.0,0.0,0.0,0.0,0.0,0.0,0.0,0.0,0.0,0.0,0.0,0.0,0.0,0.6238333348816432,0.10976096526824805,0.0,0.0,0.0,0.0,0.0,0.0,0.179518135847642,0.18377200124488638,0.0,0.0,0.2444513005451358,0.0,0.095132790870844,0.0,0.03044358271999841,0.2463412577748874,0.0,0.0,0.0,0.0,0.0,0.0
r287r,0.72120913726873,0.7218128411480265,0.7216955923657634,1.0040877694194013,1.0128254269687673,1.023660570688148,1.2446104386174992,1.1929366582876897,1.1707704270131227,1.6934451806168764,1.4691898177143143,1.5376180633554428,1.9401133554575531,1.6408994757872073,2.1555433377698567,1.0911266080900037,1.1933230231588614,1.1243542876963262,1.1700887697967524,1.5070063388261667,1.3596139984942517,1.3510750120748585,1.1242427345943053,1.4139672940229533,1.4223073720961794,1.1919841144385108,1.3995484003274432,1.3210773864019296,1.6612401756970023,0.8648255461218954,1.3371071730737731,1.2766848278837886,1.3599208943732601,1.3202614155472874,1.1929242513974743,1.1724119635491919,1.4074640800791294,1.4646943077281733,1.41981257258071,1.5228126742166121,1.4937394999623705,1.3932507705428074,1.5152226677846017,1.554288201809781,1.3877609429730224,1.4947733333013773,1.7375814010194899,1.613178039389233,1.6500871292074695,0.2910755556580993,2.06206809266972,1.905872469588773,1.4997792822523395,1.5791866624251985,2.051369198757859,1.3467634274187148,1.531420655394277,1.5858246976199486,2.1604593491996837,1.8451544138648936,1.6492556448083333,2.2513249990852375,1.7600707552674306,2.155252298546314,2.175803192721715,2.1499577572473516,1.0491319695765382,1.1790680647762037,1.2748796321477354,1.7260504041585638,1.1633279020219776,1.5519266109147698
r288,0.4996086491420029,0.5010668120250558,0.5019441900281962,0.7821741750044198,0.7917435179046134,0.8028348144209899,1.0211830604127206,0.9721837396600214,0.9498238202987883,1.4699652784944124,1.2451191369625012,1.3279659601996534,1.7162385534654037,1.4353166295998747,1.9316774843176607,0.8849487495977005,0.9706875414354954,0.905409971577566,0.9788338186815718,1.3068216130932537,1.1582682880651682,1.1312100787154056,0.922797840166037,1.2211505902203494,1.198987391142353,0.9869142249300145,1.175848406175601,1.112594765519476,1.436878589385428,0.6985780138746316,1.1153772594807327,1.0534731795943078,1.136013536531729,1.097205854895157,0.9728511923355482,0.951664454838628,1.1836323039563323,1.2414891707676514,1.2062087962709902,1.299309842044046,1.27352357920435,1.1691267558151448,1.291873876781381,1.3388125575106604,1.166496030500387,1.2713786640480196,1.5152030018337266,1.3907332760648794,0.8716489379164448,0.15561805305596935,1.849337294684973,1.685483479338908,1.2764314409070612,1.3599497683950543,1.8279566918809296,1.1228160416288955,1.1709959660253235,1.220356692750796,1.9354330980563117,1.6208110282834338,1.2254900096155321,2.0277708688976146,1.4746885947576962,1.9398465741566406,1.9457666071462034,1.7140642713741379,0.8272111899516629,0.9569701854636411,1.0507632866933776,1.5042480293614362,0.9713240434364718,1.3283425743750277
r293,0.028077290574480808,0.027969028670289213,0.027843007163146746,0.028116961863169823,0.0280115854267635,0.027979130282024887,0.02789198131997638,0.02796990156998956,0.027994442306442092,0.02789853824036028,0.027972289209152207,0.026172318685022455,0.027947836296875007,0.025664325250988506,0.027946719205371128,0.025738604741146733,0.027793123417569125,0.02774074749080739,0.023875675242873994,0.02499044062473935,0.025135374353517922,0.027447256737022897,0.02514775617654406,0.024070639609934222,0.027878574182095554,0.025600289326425368,0.027926013843605175,0.02602632412770247,0.028008604968482516,0.0,0.027680075093302253,0.027865050259181217,0.02795190048437588,0.027845564761170175,0.027883761809461463,0.02796921613114299,0.027942465101320677,0.02786423740640114,0.026665633306686455,0.02790140075345026,0.027491072921804863,0.027978947262969938,0.027882170741380653,0.026899311493370257,0.02762202579306828,0.027887898031336296,0.027761030037281087,0.0277693147278091,0.0193003910314053,0.003000337800585444,0.026556653403913166,0.027512678389614534,0.02788205218097449,0.02736885424371428,0.02789012482197142,0.027956897453846562,0.022583813360582676,0.022682365874420966,0.02809157965389621,0.02800633283412554,0.022385045700451776,0.0279078046227039,0.023750141581969544,0.026890582937629057,0.02491657178641498,0.023663112579349988,0.0281178722518184,0.02814031118856143,0.027977989847119966,0.027689120932343287,0.02396916653481447,0.027911538046188036
r294,0.0,0.0,0.0,0.0,0.0,0.0,0.0,0.0,0.0,0.0,0.0,0.0,0.0,0.0,0.0,0.0,0.0,0.0,0.0,0.0,0.0,0.0,0.0,0.0,0.0,0.0,0.0,0.0,0.0,0.002787868670909394,0.0,0.0,0.0,0.0,0.0,0.0,0.0,0.0,0.0,0.0,0.0,0.0,0.0,0.0,0.0,0.0,0.0,0.0,0.0,2.7878686709093946e-05,0.0,0.0,0.0,0.0,0.0,0.0,0.0,0.0,0.0,0.0,0.0,0.0,0.0,0.0,0.0,0.0,0.0,0.0,0.0,0.0,0.0,0.0
r295,0.015493637239170957,0.017606306843368943,0.017560658341854864,0.010427927892114016,0.0,0.0135597230217357,0.0,0.0,0.0,0.0,0.0,0.09952006294242945,0.0,0.09758842142323348,0.0,0.531087962633627,0.02326322691732622,0.0,0.3648106253615554,0.09502597974352046,0.09557708926658312,0.10436800624494774,0.48375446172072745,0.09152844265098409,0.0,0.20074984923634176,0.0,0.09896491971836954,0.0,1.4257045994360917,0.004039115482360704,0.0,0.016753492873363997,0.019857092605689696,0.0,0.0,0.0,0.0,0.02190920459517583,0.0,0.0,0.0,0.0,0.10228444821536557,0.0,0.0,0.0,0.0,0.07338960501991734,0.012632187095151806,0.10098149308171199,0.013638857076289333,0.0,0.1040698813547052,0.0,0.0,0.0858747960379147,0.0862495412433328,0.01387340072490569,0.04533577291645478,0.08511898332751461,0.0,0.09030975103039232,0.10225125778371134,0.09474509393136503,0.08997882391828144,0.03332006491678669,0.00965237814935492,0.014967959124141745,0.10528769312954224,0.4480596448255812,0.0
r296,0.015493637239170957,0.017606306843368943,0.017560658341854864,0.010427927892114016,0.0,0.0135597230217357,0.0,0.0,0.0,0.0,0.0,0.09952006294242945,0.0,0.09758842142323348,0.0,0.531087962633627,0.02326322691732622,0.0,0.3648106253615554,0.09502597974352046,0.09557708926658312,0.10436800624494774,0.48375446172072745,0.09152844265098409,0.0,0.20074984923634176,0.0,0.09896491971836954,0.0,1.4257045994360917,0.004039115482360704,0.0,0.016753492873363997,0.019857092605689696,0.0,0.0,0.0,0.0,0.02190920459517583,0.0,0.0,0.0,0.0,0.10228444821536557,0.0,0.0,0.0,0.0,0.07338960501991734,0.012632187095151806,0.10098149308171199,0.013638857076289333,0.0,0.1040698813547052,0.0,0.0,0.0858747960379147,0.0862495412433328,0.01387340072490569,0.04533577291645478,0.08511898332751461,0.0,0.09030975103039232,0.10225125778371134,0.09474509393136503,0.08997882391828144,0.03332006491678669,0.00965237814935492,0.014967959124141745,0.10528769312954224,0.4480596448255812,0.0
r297,0.015493637239170957,0.017606306843368943,0.017560658341854864,0.010427927892114008,0.0,0.0135597230217357,0.0,0.0,0.0,0.0,0.0,0.09952006294242945,0.0,0.09758842142323348,0.0,0.5310879626336271,0.02326322691732622,0.0,0.3648106253615554,0.09502597974352046,0.09557708926658312,0.10436800624494774,0.48375446172072756,0.09152844265098409,0.0,0.20074984923634176,0.0,0.09896491971836954,0.0,1.4257045994360917,0.004039115482360698,0.0,0.016753492873363997,0.01985709260568969,0.0,0.0,0.0,0.0,0.02190920459517583,0.0,0.0,0.0,0.0,0.10228444821536556,0.0,0.0,0.0,0.0,0.07338960501991734,0.012632187095151806,0.10098149308171199,0.013638857076289325,0.0,0.1040698813547052,0.0,0.0,0.0858747960379147,0.0862495412433328,0.013873400724905683,0.04533577291645478,0.08511898332751461,0.0,0.09030975103039232,0.10225125778371134,0.09474509393136503,0.08997882391828144,0.03332006491678669,0.009652378149354914,0.014967959124141745,0.10528769312954225,0.4480596448255812,0.0
r298,0.0,0.0,0.0,0.0,0.0,0.0,0.0,0.0,0.0,0.0,0.0,0.04761387004117662,0.0,0.04668970537173659,0.0,0.4800419319482515,0.0,0.0,0.3174592454659137,0.04546374388027692,0.04572741390765064,0.0499332952838072,0.43388023013877947,0.04379040010740463,0.0,0.1499781322900036,0.0,0.0473482701986565,0.0,1.383929579286123,0.0,0.0,0.0,0.0,0.0,0.0,0.0,0.0,0.0,0.0,0.0,0.0,0.0,0.048936448441665226,0.0,0.0,0.0,0.0,0.035112147374597225,0.006366100859356991,0.04831306920285763,0.0,0.0,0.049790661964278664,0.0,0.0,0.041085498350999235,0.04126478950223908,0.0,0.0,0.04072389116107548,0.0,0.043207335488918516,0.04892056889880075,0.04532935827766313,0.04304900845295708,0.0,0.0,0.0,0.050373305540230014,0.4005228485328546,0.0
r301,0.04881722721161848,0.048628995161190944,0.04840988496851036,0.04888620261038683,0.048702987444908065,0.048646558560835954,0.04849503501299553,0.04863051284833721,0.04867318116436172,0.04850643535347159,0.04863466417209802,0.04550510400967509,0.048592148553596476,0.04462186953854792,0.048590206296753126,0.044751017283007025,0.048323153446622066,0.04823208883658197,0.04151199205173825,0.04345020452953447,0.04370219689146278,0.04772180438538046,0.04372372483292722,0.041850971333934395,0.04847172438427084,0.044510532005077166,0.04855420644316522,0.04525126721379814,0.048697805402548526,0.03740726936228657,0.04812659937681273,0.04844821070456051,0.04859921484669675,0.04841433179515452,0.04848074397193842,0.04862932109431726,0.04858280980087466,0.04844679741937373,0.04636281682597089,0.048511412327711424,0.047797986403099915,0.048646240350545475,0.04847797762319341,0.04676910678131696,0.048025670625462064,0.048487935509260484,0.048267353552634513,0.048281757920421005,0.033557068897151536,0.005590679037253145,0.04617333641079083,0.0478355512467689,0.04847777148703758,0.04758548808663938,0.04849180717002828,0.048607902942634444,0.039265866669143064,0.03943721726465573,0.04884207124828294,0.04869385490387545,0.03892027470394992,0.04852254656231936,0.041293730064142734,0.04675393067706555,0.043321770774333856,0.04114241508652393,0.04888778547855533,0.04892679945216001,0.048644575717451004,0.048142327132972604,0.04167454283735841,0.04852903776495146
r299,1.3529252475422051,1.3579135580679302,1.3577615072108808,0.09648662750853053,0.10651386205709555,0.09283072868366013,0.10605906811157821,0.10635536010588276,0.10644867554587735,0.10608400087951293,0.10636443863205773,0.0,0.10627145734484651,0.0,0.10626720880210815,0.0,0.08241993495540374,0.1054840027620869,0.0,0.0,0.0,0.0,0.0,0.0,0.10600808745630329,0.0,0.10618847684898668,0.0,0.10650252850943034,0.65352303624916,0.10121418095173916,0.10595666327707205,0.08953341773903374,0.08602547716067031,0.10602781391888426,0.10635275324010159,0.10625103239885854,0.10595357233543089,0.07948668385560313,0.10609488570350002,0.10453461691259282,0.10638975555551942,0.10602176331457433,0.0,0.105032564459862,0.106043541642901,0.10556112641859214,0.10559262911148878,0.0,0.000611581163443355,0.0,0.09097791447695007,0.10602131283145642,0.0,0.10605200915967525,0.10630591130869178,0.0,0.0,0.09294463898700862,0.061158116344335496,0.0,0.10611923719227175,0.0,0.0,0.0,0.0,0.0735979521999153,0.09735096287168317,0.09141815613019244,0.0,0.0,0.10613343314712251
r302,0.005701678372879112,0.005679693539406653,0.005654102248825052,0.005709734453938396,0.0056883355747667915,0.005681744881967863,0.005664047470928286,0.005679870799861408,0.00568485430729475,0.005665378990116259,0.00568035565969999,0.005314834172431463,0.005675389986793804,0.005211675530086241,0.005675163138107985,0.0052267595269363054,0.005643972315790118,0.005633336293482878,0.0048484529092686504,0.005074829227587453,0.005104261038491206,0.005573736885945439,0.005106775425425315,0.004888044482828822,0.005661324872467673,0.005198671702483983,0.005670958483350776,0.005285186938207791,0.0056877303306647345,0.0042774723445711494,0.005621015500072677,0.005658578558374697,0.005676215304675373,0.005654621622348415,0.005662378328201929,0.005679731607233939,0.005674299253717285,0.005658413491695486,0.005415011976336979,0.005665960282991879,0.005582634674444371,0.005681707716137121,0.0056620552285153595,0.005462465196928011,0.005609227381171875,0.005663218274162792,0.005637455086792686,0.005639137465677649,0.003919346200445953,0.0006520557758163222,0.005392881338301486,0.005587022114472455,0.005662031152546102,0.005557815627471785,0.005663670470359257,0.005677230043355524,0.004586113459688565,0.00460612659932019,0.005704580067930709,0.005687268926481561,0.00454574954829226,0.005667260721961658,0.004822960686023345,0.005460692681970949,0.005059828622141331,0.004805287635244731,0.00570991932730742,0.005714476020552615,0.005681513292916968,0.005622852446009035,0.004867438262427843,0.005668018871323588
r303,0.005701678372879112,0.005679693539406653,0.005654102248825052,0.005709734453938396,0.0056883355747667915,0.005681744881967863,0.005664047470928286,0.005679870799861408,0.00568485430729475,0.005665378990116259,0.00568035565969999,0.005314834172431463,0.005675389986793804,0.005211675530086241,0.005675163138107985,0.0052267595269363054,0.005643972315790118,0.005633336293482878,0.0048484529092686504,0.005074829227587453,0.005104261038491206,0.005573736885945439,0.005106775425425315,0.004888044482828822,0.005661324872467673,0.005198671702483983,0.005670958483350776,0.005285186938207791,0.0056877303306647345,0.0042774723445711494,0.005621015500072677,0.005658578558374697,0.005676215304675373,0.005654621622348415,0.005662378328201929,0.005679731607233939,0.005674299253717285,0.005658413491695486,0.005415011976336979,0.005665960282991879,0.005582634674444371,0.005681707716137121,0.0056620552285153595,0.005462465196928011,0.005609227381171875,0.005663218274162792,0.005637455086792686,0.005639137465677649,0.003919346200445953,0.0006520557758163222,0.005392881338301486,0.005587022114472455,0.005662031152546102,0.005557815627471785,0.005663670470359257,0.005677230043355524,0.004586113459688565,0.00460612659932019,0.005704580067930709,0.005687268926481561,0.00454574954829226,0.005667260721961658,0.004822960686023345,0.005460692681970949,0.005059828622141331,0.004805287635244731,0.00570991932730742,0.005714476020552615,0.005681513292916968,0.005622852446009035,0.004867438262427843,0.005668018871323588
r304,0.005701678372879112,0.005679693539406653,0.005654102248825052,0.005709734453938396,0.0056883355747667915,0.005681744881967863,0.005664047470928286,0.005679870799861408,0.00568485430729475,0.005665378990116259,0.00568035565969999,0.005314834172431463,0.005675389986793804,0.005211675530086241,0.005675163138107985,0.0052267595269363054,0.005643972315790118,0.005633336293482878,0.0048484529092686504,0.005074829227587453,0.005104261038491206,0.005573736885945439,0.005106775425425315,0.004888044482828822,0.005661324872467673,0.005198671702483983,0.005670958483350776,0.005285186938207791,0.0056877303306647345,0.0042774723445711494,0.005621015500072677,0.005658578558374697,0.005676215304675373,0.005654621622348415,0.005662378328201929,0.005679731607233939,0.005674299253717285,0.005658413491695486,0.005415011976336979,0.005665960282991879,0.005582634674444371,0.005681707716137121,0.0056620552285153595,0.005462465196928011,0.005609227381171875,0.005663218274162792,0.005637455086792686,0.005639137465677649,0.003919346200445953,0.0006520557758163222,0.005392881338301486,0.005587022114472455,0.005662031152546102,0.005557815627471785,0.005663670470359257,0.005677230043355524,0.004586113459688565,0.00460612659932019,0.005704580067930709,0.005687268926481561,0.00454574954829226,0.005667260721961658,0.004822960686023345,0.005460692681970949,0.005059828622141331,0.004805287635244731,0.00570991932730742,0.005714476020552615,0.005681513292916968,0.005622852446009035,0.004867438262427843,0.005668018871323588
r300,1.4963692181091361,1.4986320189461095,1.497812244476704,0.2452208753653369,0.26507953143074137,0.23765295575398399,0.2639476922985835,0.26468506953930876,0.26491730264038627,0.26400974205392796,0.2647076633872527,0.048634037267754227,0.2644762617775824,0.04769007152853898,0.2644656889291191,0.0,0.21648572583206935,0.2625165352140746,0.0,0.046437842770932325,0.04670716213552013,0.05100315803738943,0.0,0.0447286462295011,0.2638208175249239,0.0,0.2642697498154793,0.04836274659970444,0.265051325994539,0.0,0.25386414866620804,0.26369283865902027,0.23100773478116898,0.22379425799751965,0.26386991019560285,0.26467858213504586,0.26442543105577915,0.2636851463174508,0.20852409415662496,0.26403683088114244,0.260153812174833,0.2647706694054884,0.2638548524632994,0.04998495289036799,0.26139304706497196,0.263909051681125,0.262708472077934,0.2627868722699909,0.035864454645956334,0.00672200690119106,0.04934821736404887,0.23308055513193707,0.26385373115884636,0.05085746859565312,0.26393012458267767,0.264562007422674,0.041965789617256305,0.04214892231588175,0.23808973249120566,0.1743582794988545,0.04159643475156839,0.26409743364397276,0.04413308905150089,0.049968733355465915,0.04630057793383033,0.04397136961054629,0.199445216469647,0.24699293438923162,0.23482569144081672,0.05145259598304709,0.0,0.2641327631114388
r313m,0.02150347272057944,0.021420558491470093,0.021324042766996777,0.02153385565485338,0.021453151310549045,0.02142829498341606,0.021361550461786685,0.02142122701662017,0.0214400219589402,0.021366572191295608,0.021423055630868538,0.020044517450312948,0.021404327950193775,0.019655461999182403,0.021403472406578687,0.01971235021587406,0.021285838448122738,0.02124572544970685,0.018285593829241772,0.01913935594404411,0.019250355916595397,0.021020950541279938,0.019259838747318327,0.01843491062095442,0.021351282376163797,0.019606418992225316,0.021387614851494357,0.019932705024097955,0.021450868675649853,0.016916139940198117,0.021199258457416957,0.021340924848727436,0.021407440577632837,0.02132600154714259,0.0213552554092187,0.021420702061568,0.02140021432830519,0.02134030231153726,0.020422330882185175,0.02136876449585509,0.02105450791504735,0.021428154815145727,0.021354036861829354,0.02060129731412849,0.02115480040899108,0.02135842320541396,0.02126125918447527,0.02126760415626999,0.01478153424168188,0.002467021368342572,0.02033886676159418,0.021071054831724677,0.021353946061031016,0.02096090465217931,0.02136012863106919,0.021411267592083696,0.017296199333682594,0.017371677460293295,0.02151441625619582,0.021449128522730457,0.017143969724987947,0.02137366900854112,0.01818945173014519,0.02059461240057615,0.019082782232075872,0.018122799081494414,0.021534552891554967,0.02155173813465558,0.021427421561858288,0.02120618636780551,0.018357195732585017,0.021376528314706097
r316,0.032053999641285594,0.0319304040654944,0.031786533635682464,0.032099289734592897,0.03197898833773541,0.0319419364151813,0.03184244416620151,0.03193140068327714,0.031959417172179545,0.03184992978432897,0.031934126445879445,0.029879218207041595,0.0319062102413948,0.029299275491495577,0.0319049348428316,0.02938407551585314,0.03172958458870924,0.03166979045733497,0.027257291191839516,0.028529945659645332,0.028695406994232033,0.03133473135958095,0.028709542507651516,0.027479869198958107,0.03182713810640442,0.029226169895953388,0.03188129689510697,0.02971254588696972,0.03197558570427894,0.024047322178973173,0.03160052476432201,0.031811698776767795,0.0319108499713147,0.03178945346862815,0.03183306053814819,0.03193061810964399,0.03190007819096157,0.031810770789802774,0.03044240315734907,0.03185319774194927,0.03138475338918835,0.031941727478291146,0.03183124406213896,0.030709178261529343,0.031534253702798026,0.03183778256579461,0.031692945645610995,0.031702403748962986,0.02203398951919489,0.003665761941599955,0.03031798793056511,0.03140941888622378,0.03183110873947249,0.031245224433991907,0.03184032476216028,0.031916554659732733,0.025782457306073574,0.025894968188415735,0.032070312519973165,0.03197299182044249,0.025555537268352236,0.03186050870688199,0.02711397758145069,0.030699213289008466,0.028445614393519388,0.027014622353744997,0.03210032903300805,0.03212594609587648,0.03194063449922609,0.03161085177224525,0.027364024037525206,0.03186477087353123
r317,0.011131848251815114,0.011088925481695374,0.011038961533420046,0.011147576791022582,0.011105798026925642,0.01109293048383912,0.011058378395621894,0.011089271561634178,0.011099001266623085,0.011060978028322219,0.0110902181927476,0.01037658100331857,0.011080523307549807,0.010175176034930282,0.011080080412496541,0.010204625743066117,0.011019184045114044,0.010998418477752283,0.009466027108572129,0.009907999920527885,0.009965462027530445,0.010882057729702996,0.009970371068687518,0.009543324942665797,0.011053062846246409,0.01014978760961159,0.011071871324637233,0.010318698307929497,0.011104616359869243,0.008351255529877,0.01097436359537999,0.01104770099492203,0.01108213464246144,0.011039975548394521,0.011055119593156146,0.011088999804599596,0.01107839378106708,0.011047378721881662,0.010572166239515053,0.011062112933460336,0.010899429602486634,0.011092857921982002,0.011054488779482367,0.010664813003526114,0.010951348696573663,0.011056759487651165,0.011006459931357146,0.011009744575846837,0.007652056867537335,0.0012730612765937724,0.010528958803350521,0.010907995556827168,0.01105444177401858,0.010850973367921105,0.011057642346891878,0.011084115798932214,0.008953840564153867,0.008992913836767992,0.011137513465959956,0.011103715523130666,0.008875034832380124,0.011064651885734668,0.009416256577474148,0.010661352379086138,0.009878713024180691,0.00938175204976352,0.011147937734264566,0.01115683413536463,0.011092478333790274,0.01097795001363669,0.009503093750454362,0.011066132082107953
r318,0.011131848251815114,0.011088925481695374,0.011038961533420046,0.011147576791022582,0.011105798026925642,0.01109293048383912,0.011058378395621894,0.011089271561634178,0.011099001266623085,0.011060978028322219,0.0110902181927476,0.01037658100331857,0.011080523307549807,0.010175176034930282,0.011080080412496541,0.010204625743066117,0.011019184045114044,0.010998418477752283,0.009466027108572129,0.009907999920527885,0.009965462027530445,0.010882057729702996,0.009970371068687518,0.009543324942665797,0.011053062846246409,0.01014978760961159,0.011071871324637233,0.010318698307929497,0.011104616359869243,0.008351255529877,0.01097436359537999,0.01104770099492203,0.01108213464246144,0.011039975548394521,0.011055119593156146,0.011088999804599596,0.01107839378106708,0.011047378721881662,0.010572166239515053,0.011062112933460336,0.010899429602486634,0.011092857921982002,0.011054488779482367,0.010664813003526114,0.010951348696573663,0.011056759487651165,0.011006459931357146,0.011009744575846837,0.007652056867537335,0.0012730612765937724,0.010528958803350521,0.010907995556827168,0.01105444177401858,0.010850973367921105,0.011057642346891878,0.011084115798932214,0.008953840564153867,0.008992913836767992,0.011137513465959956,0.011103715523130666,0.008875034832380124,0.011064651885734668,0.009416256577474148,0.010661352379086138,0.009878713024180691,0.00938175204976352,0.011147937734264566,0.01115683413536463,0.011092478333790274,0.01097795001363669,0.009503093750454362,0.011066132082107953
r319,0.011131848251815114,0.011088925481695374,0.011038961533420046,0.011147576791022582,0.011105798026925642,0.01109293048383912,0.011058378395621894,0.011089271561634178,0.011099001266623085,0.011060978028322219,0.0110902181927476,0.01037658100331857,0.011080523307549807,0.010175176034930282,0.011080080412496541,0.010204625743066117,0.011019184045114044,0.010998418477752283,0.009466027108572129,0.009907999920527885,0.009965462027530445,0.010882057729702996,0.009970371068687518,0.009543324942665797,0.011053062846246409,0.01014978760961159,0.011071871324637233,0.010318698307929497,0.011104616359869243,0.008351255529877,0.01097436359537999,0.01104770099492203,0.01108213464246144,0.011039975548394521,0.011055119593156146,0.011088999804599596,0.01107839378106708,0.011047378721881662,0.010572166239515053,0.011062112933460336,0.010899429602486634,0.011092857921982002,0.011054488779482367,0.010664813003526114,0.010951348696573663,0.011056759487651165,0.011006459931357146,0.011009744575846837,0.007652056867537335,0.0012730612765937724,0.010528958803350521,0.010907995556827168,0.01105444177401858,0.010850973367921105,0.011057642346891878,0.011084115798932214,0.008953840564153867,0.008992913836767992,0.011137513465959956,0.011103715523130666,0.008875034832380124,0.011064651885734668,0.009416256577474148,0.010661352379086138,0.009878713024180691,0.00938175204976352,0.011147937734264566,0.01115683413536463,0.011092478333790274,0.01097795001363669,0.009503093750454362,0.011066132082107953
r320,0.011131848251815114,0.011088925481695374,0.011038961533420046,0.011147576791022582,0.011105798026925642,0.01109293048383912,0.011058378395621894,0.011089271561634178,0.011099001266623085,0.011060978028322219,0.0110902181927476,0.01037658100331857,0.011080523307549807,0.010175176034930282,0.011080080412496541,0.010204625743066117,0.011019184045114044,0.010998418477752283,0.009466027108572129,0.009907999920527885,0.009965462027530445,0.010882057729702996,0.009970371068687518,0.009543324942665797,0.011053062846246409,0.01014978760961159,0.011071871324637233,0.010318698307929497,0.011104616359869243,0.008351255529877,0.01097436359537999,0.01104770099492203,0.01108213464246144,0.011039975548394521,0.011055119593156146,0.011088999804599596,0.01107839378106708,0.011047378721881662,0.010572166239515053,0.011062112933460336,0.010899429602486634,0.011092857921982002,0.011054488779482367,0.010664813003526114,0.010951348696573663,0.011056759487651165,0.011006459931357146,0.011009744575846837,0.007652056867537335,0.0012730612765937724,0.010528958803350521,0.010907995556827168,0.01105444177401858,0.010850973367921105,0.011057642346891878,0.011084115798932214,0.008953840564153867,0.008992913836767992,0.011137513465959956,0.011103715523130666,0.008875034832380124,0.011064651885734668,0.009416256577474148,0.010661352379086138,0.009878713024180691,0.00938175204976352,0.011147937734264566,0.01115683413536463,0.011092478333790274,0.01097795001363669,0.009503093750454362,0.011066132082107953
r321,0.011131848251815114,0.011088925481695374,0.011038961533420046,0.011147576791022582,0.011105798026925642,0.01109293048383912,0.011058378395621894,0.011089271561634178,0.011099001266623085,0.011060978028322219,0.0110902181927476,0.01037658100331857,0.011080523307549807,0.010175176034930282,0.011080080412496541,0.010204625743066117,0.011019184045114044,0.010998418477752283,0.009466027108572129,0.009907999920527885,0.009965462027530445,0.010882057729702996,0.009970371068687518,0.009543324942665797,0.011053062846246409,0.01014978760961159,0.011071871324637233,0.010318698307929497,0.011104616359869243,0.008351255529877,0.01097436359537999,0.01104770099492203,0.01108213464246144,0.011039975548394521,0.011055119593156146,0.011088999804599596,0.01107839378106708,0.011047378721881662,0.010572166239515053,0.011062112933460336,0.010899429602486634,0.011092857921982002,0.011054488779482367,0.010664813003526114,0.010951348696573663,0.011056759487651165,0.011006459931357146,0.011009744575846837,0.007652056867537335,0.0012730612765937724,0.010528958803350521,0.010907995556827168,0.01105444177401858,0.010850973367921105,0.011057642346891878,0.011084115798932214,0.008953840564153867,0.008992913836767992,0.011137513465959956,0.011103715523130666,0.008875034832380124,0.011064651885734668,0.009416256577474148,0.010661352379086138,0.009878713024180691,0.00938175204976352,0.011147937734264566,0.01115683413536463,0.011092478333790274,0.01097795001363669,0.009503093750454362,0.011066132082107953
r322,0.011131848251815114,0.011088925481695374,0.011038961533420046,0.011147576791022582,0.011105798026925642,0.01109293048383912,0.011058378395621894,0.011089271561634178,0.011099001266623085,0.011060978028322219,0.0110902181927476,0.01037658100331857,0.011080523307549807,0.010175176034930282,0.011080080412496541,0.010204625743066117,0.011019184045114044,0.010998418477752283,0.009466027108572129,0.009907999920527885,0.009965462027530445,0.010882057729702996,0.009970371068687518,0.009543324942665797,0.011053062846246409,0.01014978760961159,0.011071871324637233,0.010318698307929497,0.011104616359869243,0.008351255529877,0.01097436359537999,0.01104770099492203,0.01108213464246144,0.011039975548394521,0.011055119593156146,0.011088999804599596,0.01107839378106708,0.011047378721881662,0.010572166239515053,0.011062112933460336,0.010899429602486634,0.011092857921982002,0.011054488779482367,0.010664813003526114,0.010951348696573663,0.011056759487651165,0.011006459931357146,0.011009744575846837,0.007652056867537335,0.0012730612765937724,0.010528958803350521,0.010907995556827168,0.01105444177401858,0.010850973367921105,0.011057642346891878,0.011084115798932214,0.008953840564153867,0.008992913836767992,0.011137513465959956,0.011103715523130666,0.008875034832380124,0.011064651885734668,0.009416256577474148,0.010661352379086138,0.009878713024180691,0.00938175204976352,0.011147937734264566,0.01115683413536463,0.011092478333790274,0.01097795001363669,0.009503093750454362,0.011066132082107953
r323,0.011131848251815114,0.011088925481695374,0.011038961533420046,0.011147576791022582,0.011105798026925642,0.01109293048383912,0.011058378395621894,0.011089271561634178,0.011099001266623085,0.011060978028322219,0.0110902181927476,0.01037658100331857,0.011080523307549807,0.010175176034930282,0.011080080412496541,0.010204625743066117,0.011019184045114044,0.010998418477752283,0.009466027108572129,0.009907999920527885,0.009965462027530445,0.010882057729702996,0.009970371068687518,0.009543324942665797,0.011053062846246409,0.01014978760961159,0.011071871324637233,0.010318698307929497,0.011104616359869243,0.008351255529877,0.01097436359537999,0.01104770099492203,0.01108213464246144,0.011039975548394521,0.011055119593156146,0.011088999804599596,0.01107839378106708,0.011047378721881662,0.010572166239515053,0.011062112933460336,0.010899429602486634,0.011092857921982002,0.011054488779482367,0.010664813003526114,0.010951348696573663,0.011056759487651165,0.011006459931357146,0.011009744575846837,0.007652056867537335,0.0012730612765937724,0.010528958803350521,0.010907995556827168,0.01105444177401858,0.010850973367921105,0.011057642346891878,0.011084115798932214,0.008953840564153867,0.008992913836767992,0.011137513465959956,0.011103715523130666,0.008875034832380124,0.011064651885734668,0.009416256577474148,0.010661352379086138,0.009878713024180691,0.00938175204976352,0.011147937734264566,0.01115683413536463,0.011092478333790274,0.01097795001363669,0.009503093750454362,0.011066132082107953
r324,0.011131848251815114,0.011088925481695374,0.011038961533420046,0.011147576791022582,0.011105798026925642,0.01109293048383912,0.011058378395621894,0.011089271561634178,0.011099001266623085,0.011060978028322219,0.0110902181927476,0.01037658100331857,0.011080523307549807,0.010175176034930282,0.011080080412496541,0.010204625743066117,0.011019184045114044,0.010998418477752283,0.009466027108572129,0.009907999920527885,0.009965462027530445,0.010882057729702996,0.009970371068687518,0.009543324942665797,0.011053062846246409,0.01014978760961159,0.011071871324637233,0.010318698307929497,0.011104616359869243,0.008351255529877,0.01097436359537999,0.01104770099492203,0.01108213464246144,0.011039975548394521,0.011055119593156146,0.011088999804599596,0.01107839378106708,0.011047378721881662,0.010572166239515053,0.011062112933460336,0.010899429602486634,0.011092857921982002,0.011054488779482367,0.010664813003526114,0.010951348696573663,0.011056759487651165,0.011006459931357146,0.011009744575846837,0.007652056867537335,0.0012730612765937724,0.010528958803350521,0.010907995556827168,0.01105444177401858,0.010850973367921105,0.011057642346891878,0.011084115798932214,0.008953840564153867,0.008992913836767992,0.011137513465959956,0.011103715523130666,0.008875034832380124,0.011064651885734668,0.009416256577474148,0.010661352379086138,0.009878713024180691,0.00938175204976352,0.011147937734264566,0.01115683413536463,0.011092478333790274,0.01097795001363669,0.009503093750454362,0.011066132082107953
r325,0.011131848251815114,0.011088925481695374,0.011038961533420046,0.011147576791022582,0.011105798026925642,0.01109293048383912,0.011058378395621894,0.011089271561634178,0.011099001266623085,0.011060978028322219,0.0110902181927476,0.01037658100331857,0.011080523307549807,0.010175176034930282,0.011080080412496541,0.010204625743066117,0.011019184045114044,0.010998418477752283,0.009466027108572129,0.009907999920527885,0.009965462027530445,0.010882057729702996,0.009970371068687518,0.009543324942665797,0.011053062846246409,0.01014978760961159,0.011071871324637233,0.010318698307929497,0.011104616359869243,0.008351255529877,0.01097436359537999,0.01104770099492203,0.01108213464246144,0.011039975548394521,0.011055119593156146,0.011088999804599596,0.01107839378106708,0.011047378721881662,0.010572166239515053,0.011062112933460336,0.010899429602486634,0.011092857921982002,0.011054488779482367,0.010664813003526114,0.010951348696573663,0.011056759487651165,0.011006459931357146,0.011009744575846837,0.007652056867537335,0.0012730612765937724,0.010528958803350521,0.010907995556827168,0.01105444177401858,0.010850973367921105,0.011057642346891878,0.011084115798932214,0.008953840564153867,0.008992913836767992,0.011137513465959956,0.011103715523130666,0.008875034832380124,0.011064651885734668,0.009416256577474148,0.010661352379086138,0.009878713024180691,0.00938175204976352,0.011147937734264566,0.01115683413536463,0.011092478333790274,0.01097795001363669,0.009503093750454362,0.011066132082107953
r328,0.06837908797734553,0.06811542826802731,0.06780851704021226,0.0684757029456682,0.06821907046908891,0.06814002960894905,0.06792778809913426,0.06811755411721654,0.06817732032480216,0.0679437567423549,0.06812336894425368,0.0637397428782131,0.06806381662258397,0.06250258191976577,0.06806109607168108,0.06268348127609674,0.06768703078004595,0.06755947509249005,0.058146525699130855,0.060861411593069285,0.061214381412744226,0.06684471132209294,0.06124453595218503,0.058621339519655764,0.06789513652051223,0.06234662961703915,0.06801067048841329,0.0633841895297613,0.06821181189766558,0.0505149114977926,0.06741171428217288,0.06786220052505695,0.06807371449481424,0.06781474578296769,0.06790777040436621,0.0681158848078838,0.06805073567902287,0.06786022091339841,0.0649411552376352,0.0679507280715112,0.06695142071935753,0.06813958388659469,0.06790389553446811,0.06551025221810237,0.06727034173067267,0.06791784370822423,0.06760887095659787,0.06762904738996768,0.0470039348288519,0.0078121348757213705,0.06467574692340597,0.06700403840980845,0.06790360679618564,0.06665377085462211,0.06792326680673678,0.06808588405277083,0.05500034116720642,0.05524035474673114,0.06841388742552822,0.0682062783696109,0.054516264853536285,0.06796632397589192,0.057840802566041176,0.0654889948008543,0.06068151233316147,0.05762885320394294,0.06847792009498077,0.06853256760541655,0.06813725220781484,0.06743374440726542,0.05837421324112333,0.0679754163095066
r329,0.06837908797734553,0.06811542826802731,0.06780851704021226,0.0684757029456682,0.06821907046908891,0.06814002960894905,0.06792778809913426,0.06811755411721654,0.06817732032480216,0.0679437567423549,0.06812336894425368,0.0637397428782131,0.06806381662258397,0.06250258191976577,0.06806109607168108,0.06268348127609674,0.06768703078004595,0.06755947509249005,0.058146525699130855,0.060861411593069285,0.061214381412744226,0.06684471132209294,0.06124453595218503,0.058621339519655764,0.06789513652051223,0.06234662961703915,0.06801067048841329,0.0633841895297613,0.06821181189766558,0.0505149114977926,0.06741171428217288,0.06786220052505695,0.06807371449481424,0.06781474578296769,0.06790777040436621,0.0681158848078838,0.06805073567902287,0.06786022091339841,0.0649411552376352,0.0679507280715112,0.06695142071935753,0.06813958388659469,0.06790389553446811,0.06551025221810237,0.06727034173067267,0.06791784370822423,0.06760887095659787,0.06762904738996768,0.0470039348288519,0.0078121348757213705,0.06467574692340597,0.06700403840980845,0.06790360679618564,0.06665377085462211,0.06792326680673678,0.06808588405277083,0.05500034116720642,0.05524035474673114,0.06841388742552822,0.0682062783696109,0.054516264853536285,0.06796632397589192,0.057840802566041176,0.0654889948008543,0.06068151233316147,0.05762885320394294,0.06847792009498077,0.06853256760541655,0.06813725220781484,0.06743374440726542,0.05837421324112333,0.0679754163095066
r330,0.06837908797734553,0.06811542826802731,0.06780851704021226,0.0684757029456682,0.06821907046908891,0.06814002960894905,0.06792778809913426,0.06811755411721654,0.06817732032480216,0.0679437567423549,0.06812336894425368,0.0637397428782131,0.06806381662258397,0.06250258191976577,0.06806109607168108,0.06268348127609674,0.06768703078004595,0.06755947509249005,0.058146525699130855,0.060861411593069285,0.061214381412744226,0.06684471132209294,0.06124453595218503,0.058621339519655764,0.06789513652051223,0.06234662961703915,0.06801067048841329,0.0633841895297613,0.06821181189766558,0.0505149114977926,0.06741171428217288,0.06786220052505695,0.06807371449481424,0.06781474578296769,0.06790777040436621,0.0681158848078838,0.06805073567902287,0.06786022091339841,0.0649411552376352,0.0679507280715112,0.06695142071935753,0.06813958388659469,0.06790389553446811,0.06551025221810237,0.06727034173067267,0.06791784370822423,0.06760887095659787,0.06762904738996768,0.0470039348288519,0.0078121348757213705,0.06467574692340597,0.06700403840980845,0.06790360679618564,0.06665377085462211,0.06792326680673678,0.06808588405277083,0.05500034116720642,0.05524035474673114,0.06841388742552822,0.0682062783696109,0.054516264853536285,0.06796632397589192,0.057840802566041176,0.0654889948008543,0.06068151233316147,0.05762885320394294,0.06847792009498077,0.06853256760541655,0.06813725220781484,0.06743374440726542,0.05837421324112333,0.0679754163095066
r331,0.029105710551087325,0.028993483210676692,0.02886284576542998,0.029146834926771243,0.02903759874357144,0.029003954826037903,0.02891361375635773,0.02899438808310205,0.029019827701999873,0.028920410844783955,0.02899686317713519,0.027130963013554894,0.02897151459925218,0.026604362705964058,0.028970356590722668,0.0266813629184558,0.02881113486917623,0.028756840507684022,0.02475019770826664,0.025905794914160715,0.02605603730125033,0.02845259972254052,0.026068872647885412,0.024952303264726187,0.028899715539454026,0.026537981262203962,0.028948892829295397,0.026979620941708346,0.029034509116536166,0.021835477873239383,0.028693945790847192,0.028885696259893706,0.028975727650533332,0.028865497043607143,0.028905093180154606,0.028993677537879924,0.0289659466665949,0.02888485363379791,0.02764234685063448,0.028923378206510933,0.02849802081430652,0.02900376510332856,0.028903443833183173,0.027884584243365835,0.02863377025055358,0.028909380904297684,0.028777865966865518,0.02878645411050685,0.020007329175609816,0.0033285894841671325,0.027529375212662827,0.02852041765102128,0.028903320931092488,0.028371325488808354,0.028911689258214864,0.028980907649891058,0.023411017279934016,0.023513179592720212,0.029120523013436764,0.029032153758039206,0.023204969122710962,0.028930016637823328,0.024620065978176318,0.027875535976537413,0.025829220394930977,0.02452984926182072,0.029147778661296617,0.0291710394953924,0.029002772619080915,0.028703322962484224,0.02484711341582214,0.028933886809804212
r337,0.03822839594769678,0.0380809928737246,0.03790940936354982,0.038282410053072674,0.0381389356631983,0.0380947466371841,0.037976089709842994,0.038082181362880295,0.03811559459367147,0.037985017228969964,0.038085432232655175,0.03563469768944524,0.03805213857812227,0.03494304355410204,0.038050617611695446,0.035044178161553884,0.03784149057444042,0.03777017857725662,0.03250772236309648,0.03402552167830064,0.03422285496283626,0.037370578740053215,0.03423971332856591,0.0327731744372523,0.0379578353354023,0.03485585598617834,0.038022426402656635,0.03543592004284082,0.038134877645599745,0.028679433624553215,0.03768757059096347,0.03793942195329322,0.03805767213801392,0.0379128916393646,0.03796489850527769,0.03808124810945422,0.03804482547254256,0.03793831522051068,0.03630636601277364,0.03798891465929794,0.03743023629341751,0.03809449744914795,0.03796273219880774,0.03662452855845064,0.03760853406042858,0.03797053014295815,0.03779779410573381,0.037809074055591085,0.02627828309632334,0.0043718787254732475,0.036157985353945196,0.037459653034177205,0.037962570775166245,0.03726383049276321,0.03797356201078967,0.038064475719259895,0.03074879881543572,0.030882982151632512,0.0382478511221259,0.03813178404040969,0.030478168399978574,0.037997633792961984,0.032336803075813665,0.036612644267690925,0.0339249461903571,0.03221830947821228,0.0382836495849866,0.038314201128276576,0.03809319388774806,0.037699886876098675,0.03263501463570669,0.03800271700392194
r338,0.03822839594769678,0.0380809928737246,0.03790940936354982,0.038282410053072674,0.0381389356631983,0.0380947466371841,0.037976089709842994,0.038082181362880295,0.03811559459367147,0.037985017228969964,0.038085432232655175,0.03563469768944524,0.03805213857812227,0.03494304355410204,0.038050617611695446,0.035044178161553884,0.03784149057444042,0.03777017857725662,0.03250772236309648,0.03402552167830064,0.03422285496283626,0.037370578740053215,0.03423971332856591,0.0327731744372523,0.0379578353354023,0.03485585598617834,0.038022426402656635,0.03543592004284082,0.038134877645599745,0.028679433624553215,0.03768757059096347,0.03793942195329322,0.03805767213801392,0.0379128916393646,0.03796489850527769,0.03808124810945422,0.03804482547254256,0.03793831522051068,0.03630636601277364,0.03798891465929794,0.03743023629341751,0.03809449744914795,0.03796273219880774,0.03662452855845064,0.03760853406042858,0.03797053014295815,0.03779779410573381,0.037809074055591085,0.02627828309632334,0.0043718787254732475,0.036157985353945196,0.037459653034177205,0.037962570775166245,0.03726383049276321,0.03797356201078967,0.038064475719259895,0.03074879881543572,0.030882982151632512,0.0382478511221259,0.03813178404040969,0.030478168399978574,0.037997633792961984,0.032336803075813665,0.036612644267690925,0.0339249461903571,0.03221830947821228,0.0382836495849866,0.038314201128276576,0.03809319388774806,0.037699886876098675,0.03263501463570669,0.03800271700392194
r339,0.03822839594769678,0.0380809928737246,0.03790940936354982,0.038282410053072674,0.0381389356631983,0.0380947466371841,0.037976089709842994,0.038082181362880295,0.03811559459367147,0.037985017228969964,0.038085432232655175,0.03563469768944524,0.03805213857812227,0.03494304355410204,0.038050617611695446,0.035044178161553884,0.03784149057444042,0.03777017857725662,0.03250772236309648,0.03402552167830064,0.03422285496283626,0.037370578740053215,0.03423971332856591,0.0327731744372523,0.0379578353354023,0.03485585598617834,0.038022426402656635,0.03543592004284082,0.038134877645599745,0.028679433624553215,0.03768757059096347,0.03793942195329322,0.03805767213801392,0.0379128916393646,0.03796489850527769,0.03808124810945422,0.03804482547254256,0.03793831522051068,0.03630636601277364,0.03798891465929794,0.03743023629341751,0.03809449744914795,0.03796273219880774,0.03662452855845064,0.03760853406042858,0.03797053014295815,0.03779779410573381,0.037809074055591085,0.02627828309632334,0.0043718787254732475,0.036157985353945196,0.037459653034177205,0.037962570775166245,0.03726383049276321,0.03797356201078967,0.038064475719259895,0.03074879881543572,0.030882982151632512,0.0382478511221259,0.03813178404040969,0.030478168399978574,0.037997633792961984,0.032336803075813665,0.036612644267690925,0.0339249461903571,0.03221830947821228,0.0382836495849866,0.038314201128276576,0.03809319388774806,0.037699886876098675,0.03263501463570669,0.03800271700392194
r332,0.02150347272057944,0.021420558491470093,0.021324042766996777,0.02153385565485338,0.021453151310549045,0.02142829498341606,0.021361550461786685,0.02142122701662017,0.0214400219589402,0.021366572191295608,0.021423055630868538,0.020044517450312948,0.021404327950193775,0.019655461999182403,0.021403472406578687,0.01971235021587406,0.021285838448122738,0.02124572544970685,0.018285593829241772,0.01913935594404411,0.019250355916595397,0.021020950541279938,0.019259838747318327,0.01843491062095442,0.021351282376163797,0.019606418992225316,0.021387614851494357,0.019932705024097955,0.021450868675649853,0.016916139940198117,0.021199258457416957,0.021340924848727436,0.021407440577632837,0.02132600154714259,0.0213552554092187,0.021420702061568,0.02140021432830519,0.02134030231153726,0.020422330882185175,0.02136876449585509,0.02105450791504735,0.021428154815145727,0.021354036861829354,0.02060129731412849,0.02115480040899108,0.02135842320541396,0.02126125918447527,0.02126760415626999,0.01478153424168188,0.002467021368342572,0.02033886676159418,0.021071054831724677,0.021353946061031016,0.02096090465217931,0.02136012863106919,0.021411267592083696,0.017296199333682594,0.017371677460293295,0.02151441625619582,0.021449128522730457,0.017143969724987947,0.02137366900854112,0.01818945173014519,0.02059461240057615,0.019082782232075872,0.018122799081494414,0.021534552891554967,0.02155173813465558,0.021427421561858288,0.02120618636780551,0.018357195732585017,0.021376528314706097
r333,0.02150347272057944,0.021420558491470093,0.021324042766996777,0.02153385565485338,0.021453151310549045,0.02142829498341606,0.021361550461786685,0.02142122701662017,0.0214400219589402,0.021366572191295608,0.021423055630868538,0.020044517450312948,0.021404327950193775,0.019655461999182403,0.021403472406578687,0.01971235021587406,0.021285838448122738,0.02124572544970685,0.018285593829241772,0.01913935594404411,0.019250355916595397,0.021020950541279938,0.019259838747318327,0.01843491062095442,0.021351282376163797,0.019606418992225316,0.021387614851494357,0.019932705024097955,0.021450868675649853,0.016916139940198117,0.021199258457416957,0.021340924848727436,0.021407440577632837,0.02132600154714259,0.0213552554092187,0.021420702061568,0.02140021432830519,0.02134030231153726,0.020422330882185175,0.02136876449585509,0.02105450791504735,0.021428154815145727,0.021354036861829354,0.02060129731412849,0.02115480040899108,0.02135842320541396,0.02126125918447527,0.02126760415626999,0.01478153424168188,0.002467021368342572,0.02033886676159418,0.021071054831724677,0.021353946061031016,0.02096090465217931,0.02136012863106919,0.021411267592083696,0.017296199333682594,0.017371677460293295,0.02151441625619582,0.021449128522730457,0.017143969724987947,0.02137366900854112,0.01818945173014519,0.02059461240057615,0.019082782232075872,0.018122799081494414,0.021534552891554967,0.02155173813465558,0.021427421561858288,0.02120618636780551,0.018357195732585017,0.021376528314706097
r334,0.02150347272057944,0.021420558491470093,0.021324042766996777,0.02153385565485338,0.021453151310549045,0.02142829498341606,0.021361550461786685,0.02142122701662017,0.0214400219589402,0.021366572191295608,0.021423055630868538,0.020044517450312948,0.021404327950193775,0.019655461999182403,0.021403472406578687,0.01971235021587406,0.021285838448122738,0.02124572544970685,0.018285593829241772,0.01913935594404411,0.019250355916595397,0.021020950541279938,0.019259838747318327,0.01843491062095442,0.021351282376163797,0.019606418992225316,0.021387614851494357,0.019932705024097955,0.021450868675649853,0.016916139940198117,0.021199258457416957,0.021340924848727436,0.021407440577632837,0.02132600154714259,0.0213552554092187,0.021420702061568,0.02140021432830519,0.02134030231153726,0.020422330882185175,0.02136876449585509,0.02105450791504735,0.021428154815145727,0.021354036861829354,0.02060129731412849,0.02115480040899108,0.02135842320541396,0.02126125918447527,0.02126760415626999,0.01478153424168188,0.002467021368342572,0.02033886676159418,0.021071054831724677,0.021353946061031016,0.02096090465217931,0.02136012863106919,0.021411267592083696,0.017296199333682594,0.017371677460293295,0.02151441625619582,0.021449128522730457,0.017143969724987947,0.02137366900854112,0.01818945173014519,0.02059461240057615,0.019082782232075872,0.018122799081494414,0.021534552891554967,0.02155173813465558,0.021427421561858288,0.02120618636780551,0.018357195732585017,0.021376528314706097
r335,0.02150347272057944,0.021420558491470093,0.021324042766996777,0.02153385565485338,0.021453151310549045,0.02142829498341606,0.021361550461786685,0.02142122701662017,0.0214400219589402,0.021366572191295608,0.021423055630868538,0.020044517450312948,0.021404327950193775,0.019655461999182403,0.021403472406578687,0.01971235021587406,0.021285838448122738,0.02124572544970685,0.018285593829241772,0.01913935594404411,0.019250355916595397,0.021020950541279938,0.019259838747318327,0.01843491062095442,0.021351282376163797,0.019606418992225316,0.021387614851494357,0.019932705024097955,0.021450868675649853,0.016132181413811186,0.021199258457416957,0.021340924848727436,0.021407440577632837,0.02132600154714259,0.0213552554092187,0.021420702061568,0.02140021432830519,0.02134030231153726,0.020422330882185175,0.02136876449585509,0.02105450791504735,0.021428154815145727,0.021354036861829354,0.02060129731412849,0.02115480040899108,0.02135842320541396,0.02126125918447527,0.02126760415626999,0.01478153424168188,0.0024591817830787025,0.02033886676159418,0.021071054831724677,0.021353946061031016,0.02096090465217931,0.02136012863106919,0.021411267592083696,0.017296199333682594,0.017371677460293295,0.02151441625619582,0.021449128522730457,0.017143969724987947,0.02137366900854112,0.01818945173014519,0.02059461240057615,0.019082782232075872,0.018122799081494414,0.021534552891554967,0.02155173813465558,0.021427421561858288,0.02120618636780551,0.018357195732585017,0.021376528314706097
r341,0.035350405911861664,0.035214099944310684,0.035055433942714403,0.035400353614418054,0.03526768056355412,0.03522681826819156,0.03511709431975538,0.035215198959140735,0.03524609670522745,0.03512534973872081,0.03521820509013995,0.032951971869075065,0.035187417918121584,0.0323123882865347,0.03518601145626951,0.03240590906700509,0.03499262835789875,0.03492668501959383,0.030060408037465642,0.031463941211042214,0.03164641843864546,0.03455716869286172,0.03166200763763695,0.030305875793538703,0.035100214209299575,0.03223176455540071,0.03515994259677482,0.03276815901688831,0.03526392805012136,0.02652032853634111,0.034850296100450595,0.035083187061923135,0.035192534888987305,0.035058654058560165,0.035106745634851964,0.03521433596485043,0.03518065537304717,0.035082163648512014,0.03357307425328927,0.03512895375454966,0.034612334981555117,0.03522658784005017,0.03510474241679523,0.033867284220953656,0.034777209763265635,0.03511195329980931,0.034952221538114656,0.03496265228720142,0.024299946442764907,0.0040427458100612,0.03343586429746922,0.03463953710972921,0.03510459314578584,0.034458456890325076,0.03511475691622738,0.03519882626880425,0.02843390345006911,0.02855798491578518,0.0353683964211704,0.03526106734418567,0.028183647199412007,0.03513701647616229,0.02990235625334474,0.03385629462821988,0.031370937457276246,0.029792783338517325,0.03540149982929869,0.03542975132742622,0.035225382416085214,0.03486168516525603,0.03017811722705264,0.03514171700220624
r351,0.035350405911861664,0.035214099944310684,0.035055433942714403,0.035400353614418054,0.03526768056355412,0.03522681826819156,0.03511709431975538,0.035215198959140735,0.03524609670522745,0.03512534973872081,0.03521820509013995,0.032951971869075065,0.035187417918121584,0.0323123882865347,0.03518601145626951,0.03240590906700509,0.03499262835789875,0.03492668501959383,0.030060408037465642,0.031463941211042214,0.03164641843864546,0.03455716869286172,0.03166200763763695,0.030305875793538703,0.035100214209299575,0.03223176455540071,0.03515994259677482,0.03276815901688831,0.03526392805012136,0.02652032853634111,0.034850296100450595,0.035083187061923135,0.035192534888987305,0.035058654058560165,0.035106745634851964,0.03521433596485043,0.03518065537304717,0.035082163648512014,0.03357307425328927,0.03512895375454966,0.034612334981555117,0.03522658784005017,0.03510474241679523,0.033867284220953656,0.034777209763265635,0.03511195329980931,0.034952221538114656,0.03496265228720142,0.024299946442764907,0.0040427458100612,0.03343586429746922,0.03463953710972921,0.03510459314578584,0.034458456890325076,0.03511475691622738,0.03519882626880425,0.02843390345006911,0.02855798491578518,0.0353683964211704,0.03526106734418567,0.028183647199412007,0.03513701647616229,0.02990235625334474,0.03385629462821988,0.031370937457276246,0.029792783338517325,0.03540149982929869,0.03542975132742622,0.035225382416085214,0.03486168516525603,0.03017811722705264,0.03514171700220624
r352,0.035350405911861664,0.035214099944310684,0.035055433942714403,0.035400353614418054,0.03526768056355412,0.03522681826819156,0.03511709431975538,0.035215198959140735,0.03524609670522745,0.03512534973872081,0.03521820509013995,0.032951971869075065,0.035187417918121584,0.0323123882865347,0.03518601145626951,0.03240590906700509,0.03499262835789875,0.03492668501959383,0.030060408037465642,0.031463941211042214,0.03164641843864546,0.03455716869286172,0.03166200763763695,0.030305875793538703,0.035100214209299575,0.03223176455540071,0.03515994259677482,0.03276815901688831,0.03526392805012136,0.02652032853634111,0.034850296100450595,0.035083187061923135,0.035192534888987305,0.035058654058560165,0.035106745634851964,0.03521433596485043,0.03518065537304717,0.035082163648512014,0.03357307425328927,0.03512895375454966,0.034612334981555117,0.03522658784005017,0.03510474241679523,0.033867284220953656,0.034777209763265635,0.03511195329980931,0.034952221538114656,0.03496265228720142,0.024299946442764907,0.0040427458100612,0.03343586429746922,0.03463953710972921,0.03510459314578584,0.034458456890325076,0.03511475691622738,0.03519882626880425,0.02843390345006911,0.02855798491578518,0.0353683964211704,0.03526106734418567,0.028183647199412007,0.03513701647616229,0.02990235625334474,0.03385629462821988,0.031370937457276246,0.029792783338517325,0.03540149982929869,0.03542975132742622,0.035225382416085214,0.03486168516525603,0.03017811722705264,0.03514171700220624
r353,0.035350405911861664,0.035214099944310684,0.035055433942714403,0.035400353614418054,0.03526768056355412,0.03522681826819156,0.03511709431975538,0.035215198959140735,0.03524609670522745,0.03512534973872081,0.03521820509013995,0.032951971869075065,0.035187417918121584,0.0323123882865347,0.03518601145626951,0.03240590906700509,0.03499262835789875,0.03492668501959383,0.030060408037465642,0.031463941211042214,0.03164641843864546,0.03455716869286172,0.03166200763763695,0.030305875793538703,0.035100214209299575,0.03223176455540071,0.03515994259677482,0.03276815901688831,0.03526392805012136,0.02652032853634111,0.034850296100450595,0.035083187061923135,0.035192534888987305,0.035058654058560165,0.035106745634851964,0.03521433596485043,0.03518065537304717,0.035082163648512014,0.03357307425328927,0.03512895375454966,0.034612334981555117,0.03522658784005017,0.03510474241679523,0.033867284220953656,0.034777209763265635,0.03511195329980931,0.034952221538114656,0.03496265228720142,0.024299946442764907,0.0040427458100612,0.03343586429746922,0.03463953710972921,0.03510459314578584,0.034458456890325076,0.03511475691622738,0.03519882626880425,0.02843390345006911,0.02855798491578518,0.0353683964211704,0.03526106734418567,0.028183647199412007,0.03513701647616229,0.02990235625334474,0.03385629462821988,0.031370937457276246,0.029792783338517325,0.03540149982929869,0.03542975132742622,0.035225382416085214,0.03486168516525603,0.03017811722705264,0.03514171700220624
NE3,0.035350405911861664,0.035214099944310684,0.035055433942714403,0.035400353614418054,0.03526768056355412,0.03522681826819156,0.03511709431975538,0.035215198959140735,0.03524609670522745,0.03512534973872081,0.03521820509013995,0.032951971869075065,0.035187417918121584,0.0323123882865347,0.03518601145626951,0.03240590906700509,0.03499262835789875,0.03492668501959383,0.030060408037465642,0.031463941211042214,0.03164641843864546,0.03455716869286172,0.03166200763763695,0.030305875793538703,0.035100214209299575,0.03223176455540071,0.03515994259677482,0.03276815901688831,0.03526392805012136,0.02652032853634111,0.034850296100450595,0.035083187061923135,0.035192534888987305,0.035058654058560165,0.035106745634851964,0.03521433596485043,0.03518065537304717,0.035082163648512014,0.03357307425328927,0.03512895375454966,0.034612334981555117,0.03522658784005017,0.03510474241679523,0.033867284220953656,0.034777209763265635,0.03511195329980931,0.034952221538114656,0.03496265228720142,0.024299946442764907,0.0040427458100612,0.03343586429746922,0.03463953710972921,0.03510459314578584,0.034458456890325076,0.03511475691622738,0.03519882626880425,0.02843390345006911,0.02855798491578518,0.0353683964211704,0.03526106734418567,0.028183647199412007,0.03513701647616229,0.02990235625334474,0.03385629462821988,0.031370937457276246,0.029792783338517325,0.03540149982929869,0.03542975132742622,0.035225382416085214,0.03486168516525603,0.03017811722705264,0.03514171700220624
r346,0.035350405911861664,0.035214099944310684,0.035055433942714403,0.035400353614418054,0.03526768056355412,0.03522681826819156,0.03511709431975538,0.035215198959140735,0.03524609670522745,0.03512534973872081,0.03521820509013995,0.032951971869075065,0.035187417918121584,0.0323123882865347,0.03518601145626951,0.03240590906700509,0.03499262835789875,0.03492668501959383,0.030060408037465642,0.031463941211042214,0.03164641843864546,0.03455716869286172,0.03166200763763695,0.030305875793538703,0.035100214209299575,0.03223176455540071,0.03515994259677482,0.03276815901688831,0.03526392805012136,0.02652032853634111,0.034850296100450595,0.035083187061923135,0.035192534888987305,0.035058654058560165,0.035106745634851964,0.03521433596485043,0.03518065537304717,0.035082163648512014,0.03357307425328927,0.03512895375454966,0.034612334981555117,0.03522658784005017,0.03510474241679523,0.033867284220953656,0.034777209763265635,0.03511195329980931,0.034952221538114656,0.03496265228720142,0.024299946442764907,0.0040427458100612,0.03343586429746922,0.03463953710972921,0.03510459314578584,0.034458456890325076,0.03511475691622738,0.03519882626880425,0.02843390345006911,0.02855798491578518,0.0353683964211704,0.03526106734418567,0.028183647199412007,0.03513701647616229,0.02990235625334474,0.03385629462821988,0.031370937457276246,0.029792783338517325,0.03540149982929869,0.03542975132742622,0.035225382416085214,0.03486168516525603,0.03017811722705264,0.03514171700220624
r348,0.035350405911861664,0.035214099944310684,0.035055433942714403,0.035400353614418054,0.03526768056355412,0.03522681826819156,0.03511709431975538,0.035215198959140735,0.03524609670522745,0.03512534973872081,0.03521820509013995,0.032951971869075065,0.035187417918121584,0.0323123882865347,0.03518601145626951,0.03240590906700509,0.03499262835789875,0.03492668501959383,0.030060408037465642,0.031463941211042214,0.03164641843864546,0.03455716869286172,0.03166200763763695,0.030305875793538703,0.035100214209299575,0.03223176455540071,0.03515994259677482,0.03276815901688831,0.03526392805012136,0.02652032853634111,0.034850296100450595,0.035083187061923135,0.035192534888987305,0.035058654058560165,0.035106745634851964,0.03521433596485043,0.03518065537304717,0.035082163648512014,0.03357307425328927,0.03512895375454966,0.034612334981555117,0.03522658784005017,0.03510474241679523,0.033867284220953656,0.034777209763265635,0.03511195329980931,0.034952221538114656,0.03496265228720142,0.024299946442764907,0.0040427458100612,0.03343586429746922,0.03463953710972921,0.03510459314578584,0.034458456890325076,0.03511475691622738,0.03519882626880425,0.02843390345006911,0.02855798491578518,0.0353683964211704,0.03526106734418567,0.028183647199412007,0.03513701647616229,0.02990235625334474,0.03385629462821988,0.031370937457276246,0.029792783338517325,0.03540149982929869,0.03542975132742622,0.035225382416085214,0.03486168516525603,0.03017811722705264,0.03514171700220624
r349,0.035350405911861664,0.035214099944310684,0.035055433942714403,0.035400353614418054,0.03526768056355412,0.03522681826819156,0.03511709431975538,0.035215198959140735,0.03524609670522745,0.03512534973872081,0.03521820509013995,0.032951971869075065,0.035187417918121584,0.0323123882865347,0.03518601145626951,0.03240590906700509,0.03499262835789875,0.03492668501959383,0.030060408037465642,0.031463941211042214,0.03164641843864546,0.03455716869286172,0.03166200763763695,0.030305875793538703,0.035100214209299575,0.03223176455540071,0.03515994259677482,0.03276815901688831,0.03526392805012136,0.02652032853634111,0.034850296100450595,0.035083187061923135,0.035192534888987305,0.035058654058560165,0.035106745634851964,0.03521433596485043,0.03518065537304717,0.035082163648512014,0.03357307425328927,0.03512895375454966,0.034612334981555117,0.03522658784005017,0.03510474241679523,0.033867284220953656,0.034777209763265635,0.03511195329980931,0.034952221538114656,0.03496265228720142,0.024299946442764907,0.0040427458100612,0.03343586429746922,0.03463953710972921,0.03510459314578584,0.034458456890325076,0.03511475691622738,0.03519882626880425,0.02843390345006911,0.02855798491578518,0.0353683964211704,0.03526106734418567,0.028183647199412007,0.03513701647616229,0.02990235625334474,0.03385629462821988,0.031370937457276246,0.029792783338517325,0.03540149982929869,0.03542975132742622,0.035225382416085214,0.03486168516525603,0.03017811722705264,0.03514171700220624
r350,0.035350405911861664,0.035214099944310684,0.035055433942714403,0.035400353614418054,0.03526768056355412,0.03522681826819156,0.03511709431975538,0.035215198959140735,0.03524609670522745,0.03512534973872081,0.03521820509013995,0.032951971869075065,0.035187417918121584,0.0323123882865347,0.03518601145626951,0.03240590906700509,0.03499262835789875,0.03492668501959383,0.030060408037465642,0.031463941211042214,0.03164641843864546,0.03455716869286172,0.03166200763763695,0.030305875793538703,0.035100214209299575,0.03223176455540071,0.03515994259677482,0.03276815901688831,0.03526392805012136,0.02652032853634111,0.034850296100450595,0.035083187061923135,0.035192534888987305,0.035058654058560165,0.035106745634851964,0.03521433596485043,0.03518065537304717,0.035082163648512014,0.03357307425328927,0.03512895375454966,0.034612334981555117,0.03522658784005017,0.03510474241679523,0.033867284220953656,0.034777209763265635,0.03511195329980931,0.034952221538114656,0.03496265228720142,0.024299946442764907,0.0040427458100612,0.03343586429746922,0.03463953710972921,0.03510459314578584,0.034458456890325076,0.03511475691622738,0.03519882626880425,0.02843390345006911,0.02855798491578518,0.0353683964211704,0.03526106734418567,0.028183647199412007,0.03513701647616229,0.02990235625334474,0.03385629462821988,0.031370937457276246,0.029792783338517325,0.03540149982929869,0.03542975132742622,0.035225382416085214,0.03486168516525603,0.03017811722705264,0.03514171700220624
r355,0.005701678372879112,0.005679693539406653,0.005654102248825052,0.005709734453938396,0.0056883355747667915,0.005681744881967863,0.005664047470928286,0.005679870799861408,0.00568485430729475,0.005665378990116259,0.00568035565969999,0.005314834172431463,0.005675389986793804,0.005211675530086241,0.005675163138107985,0.0052267595269363054,0.005643972315790118,0.005633336293482878,0.0048484529092686504,0.005074829227587453,0.005104261038491206,0.005573736885945439,0.005106775425425315,0.004888044482828822,0.005661324872467673,0.005198671702483983,0.005670958483350776,0.005285186938207791,0.0056877303306647345,0.0042774723445711494,0.005621015500072677,0.005658578558374697,0.005676215304675373,0.005654621622348415,0.005662378328201929,0.005679731607233939,0.005674299253717285,0.005658413491695486,0.005415011976336979,0.005665960282991879,0.005582634674444371,0.005681707716137121,0.0056620552285153595,0.005462465196928011,0.005609227381171875,0.005663218274162792,0.005637455086792686,0.005639137465677649,0.003919346200445953,0.0006520557758163222,0.005392881338301486,0.005587022114472455,0.005662031152546102,0.005557815627471785,0.005663670470359257,0.005677230043355524,0.004586113459688565,0.00460612659932019,0.005704580067930709,0.005687268926481561,0.00454574954829226,0.005667260721961658,0.004822960686023345,0.005460692681970949,0.005059828622141331,0.004805287635244731,0.00570991932730742,0.005714476020552615,0.005681513292916968,0.005622852446009035,0.004867438262427843,0.005668018871323588
r356r,0.004289834204358019,0.004273293234409437,0.004254038834830165,0.004295895446296508,0.004279795337205491,0.004274836625479467,0.0042615214305088255,0.004273426601800236,0.004277176097870164,0.004262523240183062,0.004273791401108078,0.003998779996400739,0.004270055323398838,0.003921165398826135,0.004269884646766193,0.003932514310743443,0.004246417266165354,0.00423841492557283,0.0036478836174506568,0.0038182048474232418,0.00384034878134102,0.004193573466567805,0.0038422405581767004,0.0036776715632707018,0.004259472999285602,0.003911381566631,0.004266721144615403,0.003976473982080483,0.004279339963072186,0.0032182887163916757,0.004229144995292777,0.004257406724872392,0.004270676276850993,0.0042544296015764255,0.004260265599313831,0.00427332187591887,0.00426923467660639,0.004257282531846319,0.00407415186791149,0.004262960593870202,0.004200267993153386,0.004274808662616806,0.004260022505263336,0.004109854767212554,0.004220275839167691,0.004260897558655391,0.0042415138272062225,0.004242779617034273,0.002948841427002877,0.0004905943456141855,0.004057501197389207,0.004203569019459273,0.004260004390962873,0.004181594614954436,0.004261237782461609,0.004271439746906247,0.0034505044125269168,0.0034655619175834374,0.0042920173844427055,0.004278992811353364,0.003420135374429537,0.004263939019380495,0.003628703754246757,0.004108521160719297,0.0038069186776114234,0.0036154068874697794,0.004296034541497076,0.0042994629107005545,0.004274662382290349,0.004230527078425992,0.003662167835539997,0.004264509436519825
r358,0.009991512577237412,0.009952986773815937,0.00990814108365277,0.010005629900234904,0.009968130911972283,0.0099565815074449,0.009925568901437112,0.009953297401661645,0.009962030405164914,0.009927902230299322,0.009954147060808067,0.009313614168832201,0.009945445310192641,0.009132840928912376,0.009945047784874178,0.009159273837679748,0.009890389581955471,0.009871751219055707,0.008496336526719305,0.008893034075010695,0.008944609819832226,0.009767310352513246,0.008949015983602015,0.008565716046099523,0.009920797871753276,0.009110053269114984,0.00993767962796618,0.009261660920288274,0.009967070293736922,0.007495761060962825,0.009850160495365452,0.00991598528324709,0.009946891581526366,0.00990905122392484,0.009922643927515762,0.009953053483152808,0.009943533930323675,0.009915696023541806,0.009489163844248468,0.00992892087686208,0.009782902667597758,0.009956516378753926,0.009922077733778695,0.009572319964140564,0.009829503220339568,0.009924115832818183,0.009878968913998908,0.009881917082711923,0.00686818762744883,0.0011426501214305078,0.009450382535690692,0.009790591133931726,0.009922035543508975,0.009739410242426222,0.009924908252820865,0.009948669790261771,0.008036617872215482,0.008071688516903628,0.009996597452373414,0.009966261737834926,0.007965884922721796,0.009931199741342154,0.008451664440270103,0.009569213842690246,0.008866747299752755,0.00842069452271451,0.010005953868806882,0.010013938931253168,0.009956175675207315,0.009853379524435026,0.00852960609796784,0.009932528307843413
r359,0.004289834204358019,0.004273293234409437,0.004254038834830165,0.004295895446296508,0.004279795337205491,0.004274836625479467,0.0042615214305088255,0.004273426601800236,0.004277176097870164,0.004262523240183062,0.004273791401108078,0.003998779996400739,0.004270055323398838,0.003921165398826135,0.004269884646766193,0.003932514310743443,0.004246417266165354,0.00423841492557283,0.0036478836174506568,0.0038182048474232418,0.00384034878134102,0.004193573466567805,0.0038422405581767004,0.0036776715632707018,0.004259472999285602,0.003911381566631,0.004266721144615403,0.003976473982080483,0.004279339963072186,0.0032182887163916757,0.004229144995292777,0.004257406724872392,0.004270676276850993,0.0042544296015764255,0.004260265599313831,0.00427332187591887,0.00426923467660639,0.004257282531846319,0.00407415186791149,0.004262960593870202,0.004200267993153386,0.004274808662616806,0.004260022505263336,0.004109854767212554,0.004220275839167691,0.004260897558655391,0.0042415138272062225,0.004242779617034273,0.002948841427002877,0.0004905943456141855,0.004057501197389207,0.004203569019459273,0.004260004390962873,0.004181594614954436,0.004261237782461609,0.004271439746906247,0.0034505044125269168,0.0034655619175834374,0.0042920173844427055,0.004278992811353364,0.003420135374429537,0.004263939019380495,0.003628703754246757,0.004108521160719297,0.0038069186776114234,0.0036154068874697794,0.004296034541497076,0.0042994629107005545,0.004274662382290349,0.004230527078425992,0.003662167835539997,0.004264509436519825
r362,0.02429144168922007,0.024197777461688632,0.024088748277258685,0.024325763832710706,0.024234596006043375,0.024206517005548673,0.02413111892095542,0.02419853266248396,0.024219764407298016,0.024136791727907586,0.024200598360288376,0.022643329901167263,0.024179442597728692,0.022203832619597193,0.024178476131144037,0.022268096509273336,0.024045590690748627,0.024000276960512545,0.020656358255598986,0.02162081236483402,0.021746203709561058,0.023746359528095843,0.02175691600857192,0.02082503427301444,0.02411951955714989,0.022148431087052084,0.024160562611794393,0.022517020766506784,0.02423201742288744,0.018223751541232663,0.023947785428174925,0.02410781915521788,0.0241829587836452,0.024090961017233868,0.0241240077020201,0.024197939645941705,0.024174795636396604,0.02410711590481498,0.023070127612819912,0.024139268269211575,0.023784267683615967,0.02420635866417703,0.024122631167483633,0.023272297406618764,0.023897563303358765,0.024127586209434244,0.024017824675583783,0.024024992285875103,0.0166979902165007,0.002778019702356189,0.022975842199257947,0.02380295994169106,0.024122528594177132,0.023678528567361325,0.024129512746993903,0.024187281978302402,0.019538686751613958,0.019623950770835404,0.02430380407648437,0.024230051655603185,0.019366720264571157,0.02414480866194138,0.020547751137835687,0.023264745780429624,0.021556903756058284,0.02047245683773955,0.024326551467568586,0.024345964812385868,0.0242055303431097,0.023955611556234258,0.020737243491323495,0.024148038682965462
r363,0.018589763316339155,0.01851808392228368,0.018434646028433786,0.01861602937877231,0.018546260431276586,0.018524772123582292,0.018467071450027135,0.018518661862622552,0.018534910100003268,0.018471412737791328,0.01852024270058839,0.0173284957287358,0.01850405261093489,0.016992157089510948,0.01850331299303605,0.017041336982337032,0.01840161837495851,0.01836694066702967,0.015807905346330337,0.01654598313724657,0.016641942671069852,0.018172622642150405,0.016650140583146605,0.01593698979018562,0.018458194684682218,0.0169497593845681,0.018489604128443617,0.01723183382829899,0.018544287092222705,0.013946279196661514,0.018326769928102248,0.01844924059684318,0.018506743478969825,0.01843633939488545,0.018461629373818175,0.018518208038707767,0.01850049638267932,0.018448702413119494,0.01765511563648293,0.018473307986219694,0.018201633009171596,0.01852465094803991,0.018460575938968275,0.017809832209690755,0.018288335922186892,0.018464367935271453,0.0183803695887911,0.018385854820197455,0.012778644016054747,0.0021259639265398663,0.017582960860956457,0.018215937827218608,0.01846049744163103,0.01812071293988954,0.01846584227663465,0.01851005193494688,0.014952573291925396,0.015017824171515216,0.01859922400855366,0.018542782729121625,0.014820970716278902,0.018477547939979723,0.015724790451812347,0.017804053098458672,0.016497075133916954,0.01566716920249482,0.018616632140262344,0.018631488791833253,0.018524017050192732,0.018332759110225225,0.015869805228895653,0.018480019811641876
r365,0.018589763316339155,0.01851808392228368,0.018434646028433786,0.01861602937877231,0.018546260431276586,0.018524772123582292,0.018467071450027135,0.018518661862622552,0.018534910100003268,0.018471412737791328,0.01852024270058839,0.0173284957287358,0.01850405261093489,0.016992157089510948,0.01850331299303605,0.017041336982337032,0.01840161837495851,0.01836694066702967,0.015807905346330337,0.01654598313724657,0.016641942671069852,0.018172622642150405,0.016650140583146605,0.01593698979018562,0.018458194684682218,0.0169497593845681,0.018489604128443617,0.01723183382829899,0.018544287092222705,0.013946279196661514,0.018326769928102248,0.01844924059684318,0.018506743478969825,0.01843633939488545,0.018461629373818175,0.018518208038707767,0.01850049638267932,0.018448702413119494,0.01765511563648293,0.018473307986219694,0.018201633009171596,0.01852465094803991,0.018460575938968275,0.017809832209690755,0.018288335922186892,0.018464367935271453,0.0183803695887911,0.018385854820197455,0.012778644016054747,0.0021259639265398663,0.017582960860956457,0.018215937827218608,0.01846049744163103,0.01812071293988954,0.01846584227663465,0.01851005193494688,0.014952573291925396,0.015017824171515216,0.01859922400855366,0.018542782729121625,0.014820970716278902,0.018477547939979723,0.015724790451812347,0.017804053098458672,0.016497075133916954,0.01566716920249482,0.018616632140262344,0.018631488791833253,0.018524017050192732,0.018332759110225225,0.015869805228895653,0.018480019811641876
r367,0.03491599232154692,0.03478136138892744,0.034624645199946784,0.03496532622745132,0.034834283567381406,0.034793923420041735,0.034685547845779895,0.034782446898198906,0.03481296494848119,0.03469370181566433,0.03478541608749613,0.0325470321226041,0.0347550072524611,0.031915308246147175,0.03475361807431842,0.0320076797697147,0.03456261141955283,0.034497478444852285,0.029691002101521362,0.031077287555606976,0.03125752235952232,0.034132503025361104,0.03127291998617597,0.02993345335675174,0.03466887517139727,0.0318356752828305,0.034727869569471895,0.03236547810731057,0.03483057716778499,0.026194425881516645,0.03442202825282601,0.034652057266999346,0.03476006134196442,0.034627825744476474,0.034675326333655616,0.034781594509061174,0.03474832781085918,0.034651046430097115,0.033160501912235026,0.03469726154251218,0.034186991387311745,0.03479369582358258,0.034673347732717866,0.03345109639642581,0.034349840058033494,0.034680470002730245,0.03452270115054949,0.034533003718387884,0.02400132958939759,0.003993065369999003,0.03302497810026529,0.034213859234340824,0.03467320029606804,0.034035004271089124,0.03468323916610477,0.03476627540835812,0.028084485281711886,0.028207041936789357,0.034933761749328066,0.03482775161645374,0.027837304376684975,0.03470522518306045,0.029534892582028675,0.03344024185245066,0.03098542670511309,0.029426666185355825,0.034966458356742024,0.034994362678241256,0.03479250521281535,0.03443327735984581,0.029807264788010518,0.03470986794534348
r368,0.03491599232154692,0.03478136138892744,0.034624645199946784,0.03496532622745132,0.034834283567381406,0.034793923420041735,0.034685547845779895,0.034782446898198906,0.03481296494848119,0.03469370181566433,0.03478541608749613,0.0325470321226041,0.0347550072524611,0.031915308246147175,0.03475361807431842,0.0320076797697147,0.03456261141955283,0.034497478444852285,0.029691002101521362,0.031077287555606976,0.03125752235952232,0.034132503025361104,0.03127291998617597,0.02993345335675174,0.03466887517139727,0.0318356752828305,0.034727869569471895,0.03236547810731057,0.03483057716778499,0.026194425881516645,0.03442202825282601,0.034652057266999346,0.03476006134196442,0.034627825744476474,0.034675326333655616,0.034781594509061174,0.03474832781085918,0.034651046430097115,0.033160501912235026,0.03469726154251218,0.034186991387311745,0.03479369582358258,0.034673347732717866,0.03345109639642581,0.034349840058033494,0.034680470002730245,0.03452270115054949,0.034533003718387884,0.02400132958939759,0.003993065369999003,0.03302497810026529,0.034213859234340824,0.03467320029606804,0.034035004271089124,0.03468323916610477,0.03476627540835812,0.028084485281711886,0.028207041936789357,0.034933761749328066,0.03482775161645374,0.027837304376684975,0.03470522518306045,0.029534892582028675,0.03344024185245066,0.03098542670511309,0.029426666185355825,0.034966458356742024,0.034994362678241256,0.03479250521281535,0.03443327735984581,0.029807264788010518,0.03470986794534348
r369,0.03491599232154692,0.03478136138892744,0.034624645199946784,0.03496532622745132,0.034834283567381406,0.034793923420041735,0.034685547845779895,0.034782446898198906,0.03481296494848119,0.03469370181566433,0.03478541608749613,0.0325470321226041,0.0347550072524611,0.031915308246147175,0.03475361807431842,0.0320076797697147,0.03456261141955283,0.034497478444852285,0.029691002101521362,0.031077287555606976,0.03125752235952232,0.034132503025361104,0.03127291998617597,0.02993345335675174,0.03466887517139727,0.0318356752828305,0.034727869569471895,0.03236547810731057,0.03483057716778499,0.026194425881516645,0.03442202825282601,0.034652057266999346,0.03476006134196442,0.034627825744476474,0.034675326333655616,0.034781594509061174,0.03474832781085918,0.034651046430097115,0.033160501912235026,0.03469726154251218,0.034186991387311745,0.03479369582358258,0.034673347732717866,0.03345109639642581,0.034349840058033494,0.034680470002730245,0.03452270115054949,0.034533003718387884,0.02400132958939759,0.003993065369999003,0.03302497810026529,0.034213859234340824,0.03467320029606804,0.034035004271089124,0.03468323916610477,0.03476627540835812,0.028084485281711886,0.028207041936789357,0.034933761749328066,0.03482775161645374,0.027837304376684975,0.03470522518306045,0.029534892582028675,0.03344024185245066,0.03098542670511309,0.029426666185355825,0.034966458356742024,0.034994362678241256,0.03479250521281535,0.03443327735984581,0.029807264788010518,0.03470986794534348
r371,0.03491599232154692,0.03478136138892744,0.034624645199946784,0.03496532622745132,0.034834283567381406,0.034793923420041735,0.034685547845779895,0.034782446898198906,0.03481296494848119,0.03469370181566433,0.03478541608749613,0.0325470321226041,0.0347550072524611,0.031915308246147175,0.03475361807431842,0.0320076797697147,0.03456261141955283,0.034497478444852285,0.029691002101521362,0.031077287555606976,0.03125752235952232,0.034132503025361104,0.03127291998617597,0.02993345335675174,0.03466887517139727,0.0318356752828305,0.034727869569471895,0.03236547810731057,0.03483057716778499,0.026194425881516645,0.03442202825282601,0.034652057266999346,0.03476006134196442,0.034627825744476474,0.034675326333655616,0.034781594509061174,0.03474832781085918,0.034651046430097115,0.033160501912235026,0.03469726154251218,0.034186991387311745,0.03479369582358258,0.034673347732717866,0.03345109639642581,0.034349840058033494,0.034680470002730245,0.03452270115054949,0.034533003718387884,0.02400132958939759,0.003993065369999003,0.03302497810026529,0.034213859234340824,0.03467320029606804,0.034035004271089124,0.03468323916610477,0.03476627540835812,0.028084485281711886,0.028207041936789357,0.034933761749328066,0.03482775161645374,0.027837304376684975,0.03470522518306045,0.029534892582028675,0.03344024185245066,0.03098542670511309,0.029426666185355825,0.034966458356742024,0.034994362678241256,0.03479250521281535,0.03443327735984581,0.029807264788010518,0.03470986794534348
r373,0.03491599232154692,0.03478136138892744,0.034624645199946784,0.03496532622745132,0.034834283567381406,0.034793923420041735,0.034685547845779895,0.034782446898198906,0.03481296494848119,0.03469370181566433,0.03478541608749613,0.0325470321226041,0.0347550072524611,0.031915308246147175,0.03475361807431842,0.0320076797697147,0.03456261141955283,0.034497478444852285,0.029691002101521362,0.031077287555606976,0.03125752235952232,0.034132503025361104,0.03127291998617597,0.02993345335675174,0.03466887517139727,0.0318356752828305,0.034727869569471895,0.03236547810731057,0.03483057716778499,0.026194425881516645,0.03442202825282601,0.034652057266999346,0.03476006134196442,0.034627825744476474,0.034675326333655616,0.034781594509061174,0.03474832781085918,0.034651046430097115,0.033160501912235026,0.03469726154251218,0.034186991387311745,0.03479369582358258,0.034673347732717866,0.03345109639642581,0.034349840058033494,0.034680470002730245,0.03452270115054949,0.034533003718387884,0.02400132958939759,0.003993065369999003,0.03302497810026529,0.034213859234340824,0.03467320029606804,0.034035004271089124,0.03468323916610477,0.03476627540835812,0.028084485281711886,0.028207041936789357,0.034933761749328066,0.03482775161645374,0.027837304376684975,0.03470522518306045,0.029534892582028675,0.03344024185245066,0.03098542670511309,0.029426666185355825,0.034966458356742024,0.034994362678241256,0.03479250521281535,0.03443327735984581,0.029807264788010518,0.03470986794534348
r374,0.03491599232154692,0.03478136138892744,0.034624645199946784,0.03496532622745132,0.034834283567381406,0.034793923420041735,0.034685547845779895,0.034782446898198906,0.03481296494848119,0.03469370181566433,0.03478541608749613,0.0325470321226041,0.0347550072524611,0.031915308246147175,0.03475361807431842,0.0320076797697147,0.03456261141955283,0.034497478444852285,0.029691002101521362,0.031077287555606976,0.03125752235952232,0.034132503025361104,0.03127291998617597,0.02993345335675174,0.03466887517139727,0.0318356752828305,0.034727869569471895,0.03236547810731057,0.03483057716778499,0.026194425881516645,0.03442202825282601,0.034652057266999346,0.03476006134196442,0.034627825744476474,0.034675326333655616,0.034781594509061174,0.03474832781085918,0.034651046430097115,0.033160501912235026,0.03469726154251218,0.034186991387311745,0.03479369582358258,0.034673347732717866,0.03345109639642581,0.034349840058033494,0.034680470002730245,0.03452270115054949,0.034533003718387884,0.02400132958939759,0.003993065369999003,0.03302497810026529,0.034213859234340824,0.03467320029606804,0.034035004271089124,0.03468323916610477,0.03476627540835812,0.028084485281711886,0.028207041936789357,0.034933761749328066,0.03482775161645374,0.027837304376684975,0.03470522518306045,0.029534892582028675,0.03344024185245066,0.03098542670511309,0.029426666185355825,0.034966458356742024,0.034994362678241256,0.03479250521281535,0.03443327735984581,0.029807264788010518,0.03470986794534348
r375,0.03491599232154692,0.03478136138892744,0.034624645199946784,0.03496532622745132,0.034834283567381406,0.034793923420041735,0.034685547845779895,0.034782446898198906,0.03481296494848119,0.03469370181566433,0.03478541608749613,0.0325470321226041,0.0347550072524611,0.031915308246147175,0.03475361807431842,0.0320076797697147,0.03456261141955283,0.034497478444852285,0.029691002101521362,0.031077287555606976,0.03125752235952232,0.034132503025361104,0.03127291998617597,0.02993345335675174,0.03466887517139727,0.0318356752828305,0.034727869569471895,0.03236547810731057,0.03483057716778499,0.026194425881516645,0.03442202825282601,0.034652057266999346,0.03476006134196442,0.034627825744476474,0.034675326333655616,0.034781594509061174,0.03474832781085918,0.034651046430097115,0.033160501912235026,0.03469726154251218,0.034186991387311745,0.03479369582358258,0.034673347732717866,0.03345109639642581,0.034349840058033494,0.034680470002730245,0.03452270115054949,0.034533003718387884,0.02400132958939759,0.003993065369999003,0.03302497810026529,0.034213859234340824,0.03467320029606804,0.034035004271089124,0.03468323916610477,0.03476627540835812,0.028084485281711886,0.028207041936789357,0.034933761749328066,0.03482775161645374,0.027837304376684975,0.03470522518306045,0.029534892582028675,0.03344024185245066,0.03098542670511309,0.029426666185355825,0.034966458356742024,0.034994362678241256,0.03479250521281535,0.03443327735984581,0.029807264788010518,0.03470986794534348
r376,0.028073978274089827,0.02796572914164151,0.027839722501356905,0.028113644882725247,0.028008280877661253,0.027975829561682083,0.027888690880665947,0.027966601938365216,0.027991139779727486,0.027895247027524817,0.027968989295856145,0.026169231115686347,0.02794453926830854,0.025661297610043685,0.027943422308588838,0.025735568337391136,0.02778984464060468,0.027737474892672826,0.023872858610398978,0.024987492482502035,0.025132409113332876,0.02744401876222658,0.025144789475665594,0.02406779997735715,0.027875285324436064,0.02559726923984972,0.027922719389450974,0.02602325378146122,0.02800530077098731,0.02106145906803127,0.027676809652738804,0.027861762996949712,0.027948602976353973,0.02784227979765838,0.027880472339813306,0.02796591658038045,0.02793916870639844,0.027860950240062528,0.026662487540630646,0.027898109202921923,0.027487829777978492,0.02797564656421803,0.027878881458499438,0.026896138160112194,0.02761876720062724,0.027884608073734888,0.02775775504639827,0.02776603875957471,0.019298114148862452,0.0032105984390194166,0.02655352049430351,0.02750943269697388,0.027878762913012712,0.027365625518122983,0.027886834601673665,0.027953599356331484,0.022581149130085604,0.022679690017605128,0.02808826566781121,0.028003028904675868,0.022382404918734264,0.02790451231670646,0.02374733975880066,0.026887410634085528,0.0249136323585435,0.023660321023062147,0.028114555163974535,0.028136991453578116,0.027974689261314984,0.027685854424634972,0.023966338873097105,0.02790824529975518
r377,0.016942130022274713,0.01687680365994613,0.016800760967936854,0.016966068091702664,0.01690248285073561,0.016882899077842958,0.016830312485044054,0.01687733037673104,0.0168921385131044,0.0168342689992026,0.016878771103108543,0.015792650112367773,0.016864015960758733,0.015486121575113405,0.016863341896092298,0.015530942594325019,0.016770660595490643,0.016739056414920548,0.01440683150182685,0.015079492561974148,0.015166947085802431,0.016561961032523585,0.015174418406978075,0.014524475034691358,0.01682222247818966,0.015447481630238128,0.016850848064813736,0.015704555473531723,0.01690068441111807,0.012710203538154267,0.01670244605735881,0.016814062002027678,0.016866468333892534,0.016802304249263857,0.016825352746657158,0.01687691677578085,0.016860774925331362,0.01681357151818087,0.016090321301115595,0.016835996269461587,0.016588400175491853,0.016882788642236024,0.01682439267901707,0.016231325156586082,0.016667418504053576,0.016827848586083726,0.016751295115041122,0.01675629418372787,0.011646057281325116,0.0019375371624256441,0.01602456169095299,0.016601437140146717,0.016824321138994132,0.01651465215020188,0.016829192254781786,0.016869483557399274,0.013627308565931738,0.013686776180837136,0.01695075220185125,0.016899313381545208,0.01350737008635414,0.016839860430971788,0.01433108318132651,0.01622605825499939,0.015034919334362806,0.014278568973298628,0.016966617429709972,0.016980157318213486,0.016882210927524708,0.01670790441099828,0.014463245122642741,0.016842113217647225
r378,0.016942130022274713,0.01687680365994613,0.016800760967936854,0.016966068091702664,0.01690248285073561,0.016882899077842958,0.016830312485044054,0.01687733037673104,0.0168921385131044,0.0168342689992026,0.016878771103108543,0.015792650112367773,0.016864015960758733,0.015486121575113405,0.016863341896092298,0.015530942594325019,0.016770660595490643,0.016739056414920548,0.01440683150182685,0.015079492561974148,0.015166947085802431,0.016561961032523585,0.015174418406978075,0.014524475034691358,0.01682222247818966,0.015447481630238128,0.016850848064813736,0.015704555473531723,0.01690068441111807,0.012710203538154267,0.01670244605735881,0.016814062002027678,0.016866468333892534,0.016802304249263857,0.016825352746657158,0.01687691677578085,0.016860774925331362,0.01681357151818087,0.016090321301115595,0.016835996269461587,0.016588400175491853,0.016882788642236024,0.01682439267901707,0.016231325156586082,0.016667418504053576,0.016827848586083726,0.016751295115041122,0.01675629418372787,0.011646057281325116,0.0019375371624256441,0.01602456169095299,0.016601437140146717,0.016824321138994132,0.01651465215020188,0.016829192254781786,0.016869483557399274,0.013627308565931738,0.013686776180837136,0.01695075220185125,0.016899313381545208,0.01350737008635414,0.016839860430971788,0.01433108318132651,0.01622605825499939,0.015034919334362806,0.014278568973298628,0.016966617429709972,0.016980157318213486,0.016882210927524708,0.01670790441099828,0.014463245122642741,0.016842113217647225
r379,0.011131848251815114,0.011088925481695374,0.011038961533420046,0.011147576791022582,0.011105798026925642,0.01109293048383912,0.011058378395621894,0.011089271561634178,0.011099001266623085,0.011060978028322219,0.0110902181927476,0.01037658100331857,0.011080523307549807,0.010175176034930282,0.011080080412496541,0.010204625743066117,0.011019184045114044,0.010998418477752283,0.009466027108572129,0.009907999920527885,0.009965462027530445,0.010882057729702996,0.009970371068687518,0.009543324942665797,0.011053062846246409,0.01014978760961159,0.011071871324637233,0.010318698307929497,0.011104616359869243,0.008351255529877,0.01097436359537999,0.01104770099492203,0.01108213464246144,0.011039975548394521,0.011055119593156146,0.011088999804599596,0.01107839378106708,0.011047378721881662,0.010572166239515053,0.011062112933460336,0.010899429602486634,0.011092857921982002,0.011054488779482367,0.010664813003526114,0.010951348696573663,0.011056759487651165,0.011006459931357146,0.011009744575846837,0.007652056867537335,0.0012730612765937724,0.010528958803350521,0.010907995556827168,0.01105444177401858,0.010850973367921105,0.011057642346891878,0.011084115798932214,0.008953840564153867,0.008992913836767992,0.011137513465959956,0.011103715523130666,0.008875034832380124,0.011064651885734668,0.009416256577474148,0.010661352379086138,0.009878713024180691,0.00938175204976352,0.011147937734264566,0.01115683413536463,0.011092478333790274,0.01097795001363669,0.009503093750454362,0.011066132082107953
r380,0.011131848251815114,0.011088925481695374,0.011038961533420046,0.011147576791022582,0.011105798026925642,0.01109293048383912,0.011058378395621894,0.011089271561634178,0.011099001266623085,0.011060978028322219,0.0110902181927476,0.01037658100331857,0.011080523307549807,0.010175176034930282,0.011080080412496541,0.010204625743066117,0.011019184045114044,0.010998418477752283,0.009466027108572129,0.009907999920527885,0.009965462027530445,0.010882057729702996,0.009970371068687518,0.009543324942665797,0.011053062846246409,0.01014978760961159,0.011071871324637233,0.010318698307929497,0.011104616359869243,0.008351255529877,0.01097436359537999,0.01104770099492203,0.01108213464246144,0.011039975548394521,0.011055119593156146,0.011088999804599596,0.01107839378106708,0.011047378721881662,0.010572166239515053,0.011062112933460336,0.010899429602486634,0.011092857921982002,0.011054488779482367,0.010664813003526114,0.010951348696573663,0.011056759487651165,0.011006459931357146,0.011009744575846837,0.007652056867537335,0.0012730612765937724,0.010528958803350521,0.010907995556827168,0.01105444177401858,0.010850973367921105,0.011057642346891878,0.011084115798932214,0.008953840564153867,0.008992913836767992,0.011137513465959956,0.011103715523130666,0.008875034832380124,0.011064651885734668,0.009416256577474148,0.010661352379086138,0.009878713024180691,0.00938175204976352,0.011147937734264566,0.01115683413536463,0.011092478333790274,0.01097795001363669,0.009503093750454362,0.011066132082107953
r381,0.006842014047457094,0.006815632247285938,0.0067849226985898835,0.006851681344726075,0.006826002689720151,0.006818093858359656,0.006796856965113944,0.0068158449598336905,0.006821825168753701,0.006798454788139512,0.006816426791639988,0.006377801006917754,0.006810467984152566,0.00625401063610349,0.006810195765729582,0.006272111432323565,0.006772766778948143,0.006760003552179452,0.005818143491122381,0.006089795073104945,0.006125113246189444,0.006688484263134524,0.006128130510510377,0.005865653379394587,0.006793589846961208,0.006238406042980783,0.0068051501800209325,0.00634222432584935,0.006825276396797681,0.005132966813485376,0.006745218600087212,0.00679029427004964,0.006811458365610446,0.006785545946818097,0.006794853993842314,0.006815677928680728,0.006809159104460742,0.006790096190034582,0.006498014371604375,0.006799152339590257,0.006699161609333248,0.006818049259364549,0.0067944662742184326,0.006554958236313611,0.006731072857406252,0.0067958619289953505,0.006764946104151222,0.006766964958813178,0.004703215440535143,0.000782466930979587,0.006471457605961783,0.006704426537366944,0.006794437383055323,0.0066693787529661435,0.006796404564431106,0.00681267605202663,0.005503336151626279,0.0055273519191842285,0.006845496081516852,0.006824722711777871,0.005454899457950711,0.006800712866353992,0.005787552823228014,0.006552831218365138,0.006071794346569595,0.005766345162293676,0.006851903192767488,0.006857371224663138,0.006817815951500364,0.006747422935210843,0.005840925914913414,0.006801622645588303
r382,0.006842014047457094,0.006815632247285938,0.0067849226985898835,0.006851681344726075,0.006826002689720151,0.006818093858359656,0.006796856965113944,0.0068158449598336905,0.006821825168753701,0.006798454788139512,0.006816426791639988,0.006377801006917754,0.006810467984152566,0.00625401063610349,0.006810195765729582,0.006272111432323565,0.006772766778948143,0.006760003552179452,0.005818143491122381,0.006089795073104945,0.006125113246189444,0.006688484263134524,0.006128130510510377,0.005865653379394587,0.006793589846961208,0.006238406042980783,0.0068051501800209325,0.00634222432584935,0.006825276396797681,0.005132966813485376,0.006745218600087212,0.00679029427004964,0.006811458365610446,0.006785545946818097,0.006794853993842314,0.006815677928680728,0.006809159104460742,0.006790096190034582,0.006498014371604375,0.006799152339590257,0.006699161609333248,0.006818049259364549,0.0067944662742184326,0.006554958236313611,0.006731072857406252,0.0067958619289953505,0.006764946104151222,0.006766964958813178,0.004703215440535143,0.000782466930979587,0.006471457605961783,0.006704426537366944,0.006794437383055323,0.0066693787529661435,0.006796404564431106,0.00681267605202663,0.005503336151626279,0.0055273519191842285,0.006845496081516852,0.006824722711777871,0.005454899457950711,0.006800712866353992,0.005787552823228014,0.006552831218365138,0.006071794346569595,0.005766345162293676,0.006851903192767488,0.006857371224663138,0.006817815951500364,0.006747422935210843,0.005840925914913414,0.006801622645588303
r383,0.006842014047457094,0.006815632247285938,0.0067849226985898835,0.006851681344726075,0.006826002689720151,0.006818093858359656,0.006796856965113944,0.0068158449598336905,0.006821825168753701,0.006798454788139512,0.006816426791639988,0.006377801006917754,0.006810467984152566,0.00625401063610349,0.006810195765729582,0.006272111432323565,0.006772766778948143,0.006760003552179452,0.005818143491122381,0.006089795073104945,0.006125113246189444,0.006688484263134524,0.006128130510510377,0.005865653379394587,0.006793589846961208,0.006238406042980783,0.0068051501800209325,0.00634222432584935,0.006825276396797681,0.005132966813485376,0.006745218600087212,0.00679029427004964,0.006811458365610446,0.006785545946818097,0.006794853993842314,0.006815677928680728,0.006809159104460742,0.006790096190034582,0.006498014371604375,0.006799152339590257,0.006699161609333248,0.006818049259364549,0.0067944662742184326,0.006554958236313611,0.006731072857406252,0.0067958619289953505,0.006764946104151222,0.006766964958813178,0.004703215440535143,0.000782466930979587,0.006471457605961783,0.006704426537366944,0.006794437383055323,0.0066693787529661435,0.006796404564431106,0.00681267605202663,0.005503336151626279,0.0055273519191842285,0.006845496081516852,0.006824722711777871,0.005454899457950711,0.006800712866353992,0.005787552823228014,0.006552831218365138,0.006071794346569595,0.005766345162293676,0.006851903192767488,0.006857371224663138,0.006817815951500364,0.006747422935210843,0.005840925914913414,0.006801622645588303
r384,0.006842014047457094,0.006815632247285938,0.0067849226985898835,0.006851681344726075,0.006826002689720151,0.006818093858359656,0.006796856965113944,0.0068158449598336905,0.006821825168753701,0.006798454788139512,0.006816426791639988,0.006377801006917754,0.006810467984152566,0.00625401063610349,0.006810195765729582,0.006272111432323565,0.006772766778948143,0.006760003552179452,0.005818143491122381,0.006089795073104945,0.006125113246189444,0.006688484263134524,0.006128130510510377,0.005865653379394587,0.006793589846961208,0.006238406042980783,0.0068051501800209325,0.00634222432584935,0.006825276396797681,0.005132966813485376,0.006745218600087212,0.00679029427004964,0.006811458365610446,0.006785545946818097,0.006794853993842314,0.006815677928680728,0.006809159104460742,0.006790096190034582,0.006498014371604375,0.006799152339590257,0.006699161609333248,0.006818049259364549,0.0067944662742184326,0.006554958236313611,0.006731072857406252,0.0067958619289953505,0.006764946104151222,0.006766964958813178,0.004703215440535143,0.000782466930979587,0.006471457605961783,0.006704426537366944,0.006794437383055323,0.0066693787529661435,0.006796404564431106,0.00681267605202663,0.005503336151626279,0.0055273519191842285,0.006845496081516852,0.006824722711777871,0.005454899457950711,0.006800712866353992,0.005787552823228014,0.006552831218365138,0.006071794346569595,0.005766345162293676,0.006851903192767488,0.006857371224663138,0.006817815951500364,0.006747422935210843,0.005840925914913414,0.006801622645588303
r385,0.006842014047457094,0.006815632247285938,0.0067849226985898835,0.006851681344726075,0.006826002689720151,0.006818093858359656,0.006796856965113944,0.0068158449598336905,0.006821825168753701,0.006798454788139512,0.006816426791639988,0.006377801006917754,0.006810467984152566,0.00625401063610349,0.006810195765729582,0.006272111432323565,0.006772766778948143,0.006760003552179452,0.005818143491122381,0.006089795073104945,0.006125113246189444,0.006688484263134524,0.006128130510510377,0.005865653379394587,0.006793589846961208,0.006238406042980783,0.0068051501800209325,0.00634222432584935,0.006825276396797681,0.005132966813485376,0.006745218600087212,0.00679029427004964,0.006811458365610446,0.006785545946818097,0.006794853993842314,0.006815677928680728,0.006809159104460742,0.006790096190034582,0.006498014371604375,0.006799152339590257,0.006699161609333248,0.006818049259364549,0.0067944662742184326,0.006554958236313611,0.006731072857406252,0.0067958619289953505,0.006764946104151222,0.006766964958813178,0.004703215440535143,0.000782466930979587,0.006471457605961783,0.006704426537366944,0.006794437383055323,0.0066693787529661435,0.006796404564431106,0.00681267605202663,0.005503336151626279,0.0055273519191842285,0.006845496081516852,0.006824722711777871,0.005454899457950711,0.006800712866353992,0.005787552823228014,0.006552831218365138,0.006071794346569595,0.005766345162293676,0.006851903192767488,0.006857371224663138,0.006817815951500364,0.006747422935210843,0.005840925914913414,0.006801622645588303
r412,0.007982349722033277,0.007951570955166925,0.00791574314835486,0.007993628235513752,0.007963669804673508,0.00795444283475293,0.007929666459299602,0.007951819119805971,0.00795879603021265,0.00793153058616276,0.007952497923579986,0.007440767841404048,0.007945545981511325,0.007296345742120737,0.007945228393351178,0.0073174633377108235,0.007901561242106166,0.007886670810876024,0.006787834072976113,0.007104760918622435,0.007145965453887684,0.007803231640323615,0.00714948559559544,0.006843262275960352,0.007925854821454744,0.007278140383477578,0.007939341876691089,0.007399261713490909,0.00796282246293063,0.005988461282399606,0.007869421700101745,0.007922009981724577,0.007946701426545522,0.00791647027128778,0.007927329659482698,0.007951624250127515,0.007944018955204201,0.007921778888373678,0.00758101676687177,0.007932344396188633,0.007815688544222123,0.007954390802591974,0.007926877319921501,0.007647451275699213,0.007852918333640628,0.00792850558382791,0.007892437121509761,0.007894792451948705,0.005487084680624333,0.0009128780861428516,0.007550033873622078,0.007821830960261431,0.007926843613564544,0.007780941878460501,0.007929138658502958,0.007948122060697735,0.006420558843563994,0.006448577239048265,0.007986412095102995,0.007962176497074185,0.006364049367609161,0.007934165010746322,0.006752144960432683,0.007644969754759328,0.007083760070997859,0.006727402689342621,0.007993887058228736,0.008000266428773661,0.007954118610083756,0.007871993424412648,0.006814413567398983,0.00793522641985302
NE4,0.007982349722033277,0.007951570955166925,0.00791574314835486,0.007993628235513752,0.007963669804673508,0.00795444283475293,0.007929666459299602,0.007951819119805971,0.00795879603021265,0.00793153058616276,0.007952497923579986,0.00744076784140405,0.007945545981511327,0.007296345742120737,0.007945228393351178,0.0073174633377108235,0.007901561242106166,0.007886670810876024,0.006787834072976113,0.007104760918622437,0.007145965453887684,0.007803231640323615,0.00714948559559544,0.006843262275960352,0.007925854821454742,0.007278140383477578,0.007939341876691089,0.00739926171349091,0.00796282246293063,0.005988461282399606,0.007869421700101745,0.007922009981724577,0.007946701426545522,0.007916470271287779,0.007927329659482698,0.007951624250127515,0.007944018955204201,0.007921778888373678,0.00758101676687177,0.007932344396188633,0.007815688544222123,0.007954390802591974,0.007926877319921501,0.007647451275699213,0.007852918333640628,0.00792850558382791,0.007892437121509761,0.007894792451948705,0.005487084680624333,0.0009128780861428516,0.007550033873622078,0.007821830960261431,0.007926843613564544,0.007780941878460501,0.007929138658502958,0.007948122060697735,0.006420558843563994,0.006448577239048265,0.007986412095102995,0.007962176497074185,0.006364049367609161,0.007934165010746322,0.006752144960432683,0.007644969754759328,0.007083760070997859,0.006727402689342621,0.007993887058228736,0.008000266428773661,0.007954118610083756,0.007871993424412648,0.006814413567398983,0.00793522641985302
r413,0.02394704916609983,0.023854712865500782,0.02374722944506459,0.023980884706541264,0.02389100941402053,0.023863328504258798,0.023788999377898804,0.023855457359417916,0.023876388090637954,0.023794591758488286,0.023857493770739962,0.022322303524212144,0.023836637944533976,0.021889037226362217,0.023835685180053537,0.021952390013132476,0.023704683726318506,0.02366001243262808,0.020363502218928336,0.021314282755867307,0.021437896361663055,0.02340969492097084,0.021448456786786318,0.020529786827881057,0.023777564464364225,0.02183442115043274,0.02381802563007326,0.022197785140472725,0.02388846738879188,0.017965383847198816,0.023608265100305243,0.023766029945173735,0.023840104279636565,0.02374941081386334,0.0237819889784481,0.02385487275038255,0.023832056865612596,0.02376533666512104,0.022743050300615308,0.023797033188565898,0.02344706563266637,0.023863172407775923,0.023780631959764507,0.02294235382709764,0.02355875500092188,0.023785516751483726,0.02367731136452928,0.02368437735584612,0.016461254041873,0.0027386342584285544,0.02265010162086624,0.0234654928807843,0.023780530840693634,0.023342825635381502,0.023787415975508867,0.023844366182093204,0.01926167653069198,0.0193457317171448,0.023959236285308983,0.023886529491222552,0.01909214810282749,0.023802495032238972,0.02025643488129805,0.022934909264277985,0.021251280212993585,0.020182208068027868,0.02398166117468621,0.024000799286320987,0.023862355830251272,0.02361598027323795,0.020443240702196948,0.02380567925955906
NE5,0.0,0.0,0.0,0.0,0.0,0.0,0.0,0.0,0.0,0.0,0.0,0.0,0.0,0.0,0.0,0.0,0.0,0.0,0.0,0.0,0.0,0.0,0.0,0.0,0.0,0.0,0.0,0.0,0.0,0.002787868670909394,0.0,0.0,0.0,0.0,0.0,0.0,0.0,0.0,0.0,0.0,0.0,0.0,0.0,0.0,0.0,0.0,0.0,0.0,0.0,2.7878686709093946e-05,0.0,0.0,0.0,0.0,0.0,0.0,0.0,0.0,0.0,0.0,0.0,0.0,0.0,0.0,0.0,0.0,0.0,0.0,0.0,0.0,0.0,0.0
r416r,0.015964699444066553,0.015903141910333856,0.01583148629670973,0.01598725647102751,0.015927339609347016,0.01590888566950587,0.015859332918599204,0.015903638239611943,0.0159175920604253,0.015863061172325527,0.015904995847159976,0.014881535682808094,0.01589109196302265,0.01459269148424148,0.01589045678670236,0.014634926675421652,0.015803122484212336,0.015773341621752056,0.013575668145952223,0.01420952183724487,0.014291930907775372,0.015606463280647223,0.01429897119119088,0.013686524551920704,0.015851709642909485,0.01455628076695516,0.015878683753382174,0.014798523426981815,0.01592564492586125,0.011976922564799212,0.015738843400203498,0.015844019963449158,0.01589340285309104,0.015832940542575558,0.015854659318965403,0.015903248500255034,0.0158880379104084,0.015843557776747362,0.015162033533743537,0.015864688792377266,0.015631377088444243,0.01590878160518395,0.015853754639843006,0.015294902551398426,0.015705836667281255,0.015857011167655817,0.015784874243019522,0.015789584903897418,0.010974169361248667,0.001825756172285703,0.015100067747244164,0.01564366192052287,0.015853687227129088,0.015561883756921002,0.01585827731700591,0.015896244121395467,0.012841117687127986,0.012897154478096536,0.015972824190205986,0.015924352994148367,0.012728098735218327,0.01586833002149265,0.013504289920865368,0.015289939509518659,0.014167520141995724,0.013454805378685245,0.015987774116457475,0.016000532857547326,0.01590823722016752,0.015743986848825303,0.01362882713479797,0.01587045283970604
PAND,0.0,0.0,0.0,2.0403967119703603,2.0992987662767515,2.162892042976352,3.3785827158422728,3.0906279721483245,2.9581566076442236,5.73720926327432,4.601273452264058,5.63376731547875,6.693995801482352,6.37158469051489,7.275316463362509,3.105170331639431,3.110678239953244,2.746423813734153,4.5862084749818255,5.970159482175854,5.187654345688584,4.2271301823841085,3.8252491299203815,5.865674427512177,4.368487327398385,4.100207376390329,4.238821582091564,4.639857732754045,5.597457893084811,3.379668088462689,3.9106640961128822,3.588145840018832,4.0646495658181125,3.836661155397688,3.134414567929638,3.013030048760787,4.286191879826884,4.607029681936677,4.40364509640517,4.914653994595837,4.765274347904403,4.218199707741621,4.869720777764033,5.455121872320107,4.154947761651799,4.724880923027126,5.8875644586977876,5.298907978680556,7.027961683204534,1.2250699758520054,7.655245908189706,6.268666826895259,4.730006210333906,5.328308211890789,6.756309605003387,3.8819969185639405,6.583549273707843,6.785201925787749,7.0826274146352,6.12375528506308,7.021447043289511,7.2378774178584635,7.422561714222581,7.5288288463128925,8.476370928557829,8.722218518503253,2.30932578407414,3.0061620795082864,3.5417031802793013,5.9597782834364565,4.421721631341132,5.023040655115998
r424,0.0076280920681465825,0.007598679228919353,0.00756444149119815,0.0076388700277630305,0.007610241138081139,0.0076014236551463134,0.007577746854957369,0.0075989164236195455,0.007605583668361303,0.007579528260623328,0.0075995650753946506,0.007110545617009205,0.0075929217020634585,0.006972533009972051,0.007592618164970754,0.006992713410360312,0.007550888953458354,0.007536659375582254,0.006486589155331556,0.006789450748528271,0.006828826626189426,0.007456923262626638,0.006832190544583913,0.006539557439176584,0.007574104372458896,0.006955135614080813,0.007586992894721856,0.007070881577562061,0.007609431382490108,0.005722692615734954,0.007520175789342325,0.0075704301931260945,0.007594025824860286,0.007565136339508473,0.007575513786442688,0.007598730175896376,0.007591462389372431,0.007570209351267853,0.007244570292656428,0.0075803059656577056,0.007468827312405418,0.007601373933947458,0.007575081482428189,0.0073080564578405635,0.00750440484445834,0.007576637513420291,0.007542169745481729,0.007544420552638719,0.00524356717307429,0.0008723644429107182,0.0072149624073930205,0.007474697103072371,0.007575049300090599,0.007435622750619251,0.007577242500514902,0.007595383398754133,0.0061356136586215105,0.006162388566664938,0.00763197413487081,0.007608814115012778,0.006081612059856909,0.007582045820966308,0.006452483891970722,0.007305684988068163,0.00676938189158029,0.006428839723827441,0.007639117348614325,0.007645213602240797,0.0076011138420452404,0.007522633357354183,0.006511989035334806,0.007583060104891461
r425,0.0076280920681465825,0.007598679228919353,0.00756444149119815,0.0076388700277630305,0.007610241138081139,0.0076014236551463134,0.007577746854957369,0.0075989164236195455,0.007605583668361303,0.007579528260623328,0.0075995650753946506,0.007110545617009205,0.0075929217020634585,0.006972533009972051,0.007592618164970754,0.006992713410360312,0.007550888953458354,0.007536659375582254,0.006486589155331556,0.006789450748528271,0.006828826626189426,0.007456923262626638,0.006832190544583913,0.006539557439176584,0.007574104372458896,0.006955135614080813,0.007586992894721856,0.007070881577562061,0.007609431382490108,0.005722692615734954,0.007520175789342325,0.0075704301931260945,0.007594025824860286,0.007565136339508473,0.007575513786442688,0.007598730175896376,0.007591462389372431,0.007570209351267853,0.007244570292656428,0.0075803059656577056,0.007468827312405418,0.007601373933947458,0.007575081482428189,0.0073080564578405635,0.00750440484445834,0.007576637513420291,0.007542169745481729,0.007544420552638719,0.00524356717307429,0.0008723644429107182,0.0072149624073930205,0.007474697103072371,0.007575049300090599,0.007435622750619251,0.007577242500514902,0.007595383398754133,0.0061356136586215105,0.006162388566664938,0.00763197413487081,0.007608814115012778,0.006081612059856909,0.007582045820966308,0.006452483891970722,0.007305684988068163,0.00676938189158029,0.006428839723827441,0.007639117348614325,0.007645213602240797,0.0076011138420452404,0.007522633357354183,0.006511989035334806,0.007583060104891461
r426,0.0076280920681465825,0.007598679228919353,0.00756444149119815,0.0076388700277630305,0.007610241138081139,0.0076014236551463134,0.007577746854957369,0.0075989164236195455,0.007605583668361303,0.007579528260623328,0.0075995650753946506,0.007110545617009205,0.0075929217020634585,0.006972533009972051,0.007592618164970754,0.006992713410360312,0.007550888953458354,0.007536659375582254,0.006486589155331556,0.006789450748528271,0.006828826626189426,0.007456923262626638,0.006832190544583913,0.006539557439176584,0.007574104372458896,0.006955135614080813,0.007586992894721856,0.007070881577562061,0.007609431382490108,0.005722692615734954,0.007520175789342325,0.0075704301931260945,0.007594025824860286,0.007565136339508473,0.007575513786442688,0.007598730175896376,0.007591462389372431,0.007570209351267853,0.007244570292656428,0.0075803059656577056,0.007468827312405418,0.007601373933947458,0.007575081482428189,0.0073080564578405635,0.00750440484445834,0.007576637513420291,0.007542169745481729,0.007544420552638719,0.00524356717307429,0.0008723644429107182,0.0072149624073930205,0.007474697103072371,0.007575049300090599,0.007435622750619251,0.007577242500514902,0.007595383398754133,0.0061356136586215105,0.006162388566664938,0.00763197413487081,0.007608814115012778,0.006081612059856909,0.007582045820966308,0.006452483891970722,0.007305684988068163,0.00676938189158029,0.006428839723827441,0.007639117348614325,0.007645213602240797,0.0076011138420452404,0.007522633357354183,0.006511989035334806,0.007583060104891461
r427,0.0076280920681465825,0.007598679228919353,0.00756444149119815,0.0076388700277630305,0.007610241138081139,0.0076014236551463134,0.007577746854957369,0.0075989164236195455,0.007605583668361303,0.007579528260623328,0.0075995650753946506,0.007110545617009205,0.0075929217020634585,0.006972533009972051,0.007592618164970754,0.006992713410360312,0.007550888953458354,0.007536659375582254,0.006486589155331556,0.006789450748528271,0.006828826626189426,0.007456923262626638,0.006832190544583913,0.006539557439176584,0.007574104372458896,0.006955135614080813,0.007586992894721856,0.007070881577562061,0.007609431382490108,0.005722692615734954,0.007520175789342325,0.0075704301931260945,0.007594025824860286,0.007565136339508473,0.007575513786442688,0.007598730175896376,0.007591462389372431,0.007570209351267853,0.007244570292656428,0.0075803059656577056,0.007468827312405418,0.007601373933947458,0.007575081482428189,0.0073080564578405635,0.00750440484445834,0.007576637513420291,0.007542169745481729,0.007544420552638719,0.00524356717307429,0.0008723644429107182,0.0072149624073930205,0.007474697103072371,0.007575049300090599,0.007435622750619251,0.007577242500514902,0.007595383398754133,0.0061356136586215105,0.006162388566664938,0.00763197413487081,0.007608814115012778,0.006081612059856909,0.007582045820966308,0.006452483891970722,0.007305684988068163,0.00676938189158029,0.006428839723827441,0.007639117348614325,0.007645213602240797,0.0076011138420452404,0.007522633357354183,0.006511989035334806,0.007583060104891461
r428,0.0076280920681465825,0.007598679228919353,0.00756444149119815,0.0076388700277630305,0.007610241138081139,0.0076014236551463134,0.007577746854957369,0.0075989164236195455,0.007605583668361303,0.007579528260623328,0.0075995650753946506,0.007110545617009205,0.0075929217020634585,0.006972533009972051,0.007592618164970754,0.006992713410360312,0.007550888953458354,0.007536659375582254,0.006486589155331556,0.006789450748528271,0.006828826626189426,0.007456923262626638,0.006832190544583913,0.006539557439176584,0.007574104372458896,0.006955135614080813,0.007586992894721856,0.007070881577562061,0.007609431382490108,0.005722692615734954,0.007520175789342325,0.0075704301931260945,0.007594025824860286,0.007565136339508473,0.007575513786442688,0.007598730175896376,0.007591462389372431,0.007570209351267853,0.007244570292656428,0.0075803059656577056,0.007468827312405418,0.007601373933947458,0.007575081482428189,0.0073080564578405635,0.00750440484445834,0.007576637513420291,0.007542169745481729,0.007544420552638719,0.00524356717307429,0.0008723644429107182,0.0072149624073930205,0.007474697103072371,0.007575049300090599,0.007435622750619251,0.007577242500514902,0.007595383398754133,0.0061356136586215105,0.006162388566664938,0.00763197413487081,0.007608814115012778,0.006081612059856909,0.007582045820966308,0.006452483891970722,0.007305684988068163,0.00676938189158029,0.006428839723827441,0.007639117348614325,0.007645213602240797,0.0076011138420452404,0.007522633357354183,0.006511989035334806,0.007583060104891461
r429,0.0076280920681465825,0.007598679228919353,0.00756444149119815,0.0076388700277630305,0.007610241138081139,0.0076014236551463134,0.007577746854957369,0.0075989164236195455,0.007605583668361303,0.007579528260623328,0.0075995650753946506,0.007110545617009205,0.0075929217020634585,0.006972533009972051,0.007592618164970754,0.006992713410360312,0.007550888953458354,0.007536659375582254,0.006486589155331556,0.006789450748528271,0.006828826626189426,0.007456923262626638,0.006832190544583913,0.006539557439176584,0.007574104372458896,0.006955135614080813,0.007586992894721856,0.007070881577562061,0.007609431382490108,0.005722692615734954,0.007520175789342325,0.0075704301931260945,0.007594025824860286,0.007565136339508473,0.007575513786442688,0.007598730175896376,0.007591462389372431,0.007570209351267853,0.007244570292656428,0.0075803059656577056,0.007468827312405418,0.007601373933947458,0.007575081482428189,0.0073080564578405635,0.00750440484445834,0.007576637513420291,0.007542169745481729,0.007544420552638719,0.00524356717307429,0.0008723644429107182,0.0072149624073930205,0.007474697103072371,0.007575049300090599,0.007435622750619251,0.007577242500514902,0.007595383398754133,0.0061356136586215105,0.006162388566664938,0.00763197413487081,0.007608814115012778,0.006081612059856909,0.007582045820966308,0.006452483891970722,0.007305684988068163,0.00676938189158029,0.006428839723827441,0.007639117348614325,0.007645213602240797,0.0076011138420452404,0.007522633357354183,0.006511989035334806,0.007583060104891461
r430,0.0076280920681465825,0.007598679228919353,0.00756444149119815,0.0076388700277630305,0.007610241138081139,0.0076014236551463134,0.007577746854957369,0.0075989164236195455,0.007605583668361303,0.007579528260623328,0.0075995650753946506,0.007110545617009205,0.0075929217020634585,0.006972533009972051,0.007592618164970754,0.006992713410360312,0.007550888953458354,0.007536659375582254,0.006486589155331556,0.006789450748528271,0.006828826626189426,0.007456923262626638,0.006832190544583913,0.006539557439176584,0.007574104372458896,0.006955135614080813,0.007586992894721856,0.007070881577562061,0.007609431382490108,0.005722692615734954,0.007520175789342325,0.0075704301931260945,0.007594025824860286,0.007565136339508473,0.007575513786442688,0.007598730175896376,0.007591462389372431,0.007570209351267853,0.007244570292656428,0.0075803059656577056,0.007468827312405418,0.007601373933947458,0.007575081482428189,0.0073080564578405635,0.00750440484445834,0.007576637513420291,0.007542169745481729,0.007544420552638719,0.00524356717307429,0.0008723644429107182,0.0072149624073930205,0.007474697103072371,0.007575049300090599,0.007435622750619251,0.007577242500514902,0.007595383398754133,0.0061356136586215105,0.006162388566664938,0.00763197413487081,0.007608814115012778,0.006081612059856909,0.007582045820966308,0.006452483891970722,0.007305684988068163,0.00676938189158029,0.006428839723827441,0.007639117348614325,0.007645213602240797,0.0076011138420452404,0.007522633357354183,0.006511989035334806,0.007583060104891461
r431,0.0076280920681465825,0.007598679228919353,0.00756444149119815,0.0076388700277630305,0.007610241138081139,0.0076014236551463134,0.007577746854957369,0.0075989164236195455,0.007605583668361303,0.007579528260623328,0.0075995650753946506,0.007110545617009205,0.0075929217020634585,0.006972533009972051,0.007592618164970754,0.006992713410360312,0.007550888953458354,0.007536659375582254,0.006486589155331556,0.006789450748528271,0.006828826626189426,0.007456923262626638,0.006832190544583913,0.006539557439176584,0.007574104372458896,0.006955135614080813,0.007586992894721856,0.007070881577562061,0.007609431382490108,0.005722692615734954,0.007520175789342325,0.0075704301931260945,0.007594025824860286,0.007565136339508473,0.007575513786442688,0.007598730175896376,0.007591462389372431,0.007570209351267853,0.007244570292656428,0.0075803059656577056,0.007468827312405418,0.007601373933947458,0.007575081482428189,0.0073080564578405635,0.00750440484445834,0.007576637513420291,0.007542169745481729,0.007544420552638719,0.00524356717307429,0.0008723644429107182,0.0072149624073930205,0.007474697103072371,0.007575049300090599,0.007435622750619251,0.007577242500514902,0.007595383398754133,0.0061356136586215105,0.006162388566664938,0.00763197413487081,0.007608814115012778,0.006081612059856909,0.007582045820966308,0.006452483891970722,0.007305684988068163,0.00676938189158029,0.006428839723827441,0.007639117348614325,0.007645213602240797,0.0076011138420452404,0.007522633357354183,0.006511989035334806,0.007583060104891461
r432,0.018759940319961695,0.01868760471061473,0.018603403024618194,0.01878644681878561,0.018716039165006783,0.018694354138985434,0.01863612525057926,0.018688187985253724,0.01870458493498439,0.018640506288945546,0.018689783268142253,0.017487126620327777,0.018673445009613265,0.017147709044902332,0.018672698577467294,0.017197339153426427,0.0185700729985724,0.01853507785333454,0.015952616263903683,0.016697450669056157,0.01679428865371987,0.018338980992329636,0.01680256161327143,0.01608288238184238,0.018627167218705304,0.017104923223692402,0.018658864219359087,0.017389579885491557,0.018714047742359352,0.014073948145611956,0.018494539384722314,0.018618131188048125,0.018676160467321727,0.018605111887902995,0.018630633379598832,0.01868772998049597,0.018669856170439512,0.018617588073149515,0.01781673653217148,0.01864241889911804,0.018368256914892054,0.01869423185592946,0.018629570261910557,0.017972869461366676,0.018455753541032002,0.018633397001071455,0.018548629676838877,0.018554165128485556,0.012895624040611625,0.0021454257195044906,0.017743921210743543,0.018382692659899537,0.018629491074109182,0.018286596118540357,0.01863488484740678,0.01867949919768635,0.015089454222775377,0.01515530240343293,0.01876948760083077,0.018712529638143443,0.014956646892237031,0.018646697706700976,0.015868740469444868,0.0179670373671543,0.01664809491576098,0.01581059177359096,0.01878705508287889,0.018802047737605427,0.018693592175835515,0.018500583370990874,0.01601508278578917,0.01864919218699941
r433,0.018759940319961695,0.01868760471061473,0.018603403024618194,0.01878644681878561,0.018716039165006783,0.018694354138985434,0.01863612525057926,0.018688187985253724,0.01870458493498439,0.018640506288945546,0.018689783268142253,0.017487126620327777,0.018673445009613265,0.017147709044902332,0.018672698577467294,0.017197339153426427,0.0185700729985724,0.01853507785333454,0.015952616263903683,0.016697450669056157,0.01679428865371987,0.018338980992329636,0.01680256161327143,0.01608288238184238,0.018627167218705304,0.017104923223692402,0.018658864219359087,0.017389579885491557,0.018714047742359352,0.014073948145611956,0.018494539384722314,0.018618131188048125,0.018676160467321727,0.018605111887902995,0.018630633379598832,0.01868772998049597,0.018669856170439512,0.018617588073149515,0.01781673653217148,0.01864241889911804,0.018368256914892054,0.01869423185592946,0.018629570261910557,0.017972869461366676,0.018455753541032002,0.018633397001071455,0.018548629676838877,0.018554165128485556,0.012895624040611625,0.0021454257195044906,0.017743921210743543,0.018382692659899537,0.018629491074109182,0.018286596118540357,0.01863488484740678,0.01867949919768635,0.015089454222775377,0.01515530240343293,0.01876948760083077,0.018712529638143443,0.014956646892237031,0.018646697706700976,0.015868740469444868,0.0179670373671543,0.01664809491576098,0.01581059177359096,0.01878705508287889,0.018802047737605427,0.018693592175835515,0.018500583370990874,0.01601508278578917,0.01864919218699941
r434,0.014856870481406706,0.01479958453548122,0.014732901304202068,0.014877862209852502,0.014822103105924075,0.01480492972237054,0.014758815552951743,0.014800046466913557,0.014813031968945106,0.014762285103149348,0.014801309840195521,0.01384887002311188,0.014788370820782602,0.01358006944134822,0.014787779677343751,0.013619373837108921,0.014706505698777498,0.014678791416325524,0.012633619807732779,0.01322348886366568,0.013300179374914631,0.014523493182450938,0.013306731117105503,0.012736783611839766,0.014751721269123684,0.013546185358185036,0.014776823605257507,0.013771618229190518,0.014820526001631126,0.011145815023834837,0.014646687116391199,0.014744565220991091,0.014790521309175988,0.014734254631624893,0.01475446628949953,0.01479968374612335,0.014785528640241023,0.014744135102080181,0.01410990346687926,0.01476379979071932,0.014546678145886723,0.014804832881090977,0.01475362434890219,0.014233552411198221,0.014615970800360955,0.014756654928040323,0.014689523730047963,0.01469390751338705,0.010212645285693428,0.0016990625497141196,0.014052237619021668,0.01455811047966675,0.014753561642247231,0.014482007166802199,0.014757833224587189,0.01479316540268577,0.01195004158844507,0.012002189823832634,0.014864431414101932,0.01481932375050768,0.011844865273695795,0.014767188386019217,0.012567194651692466,0.014228933687719611,0.013184401737755022,0.012521143999070429,0.014878343919340321,0.014890217300968012,0.014804326292931977,0.01465147362586007,0.012683089953034838,0.014769163877046028
r435,0.014856870481406706,0.01479958453548122,0.014732901304202068,0.014877862209852502,0.014822103105924075,0.01480492972237054,0.014758815552951743,0.014800046466913557,0.014813031968945106,0.014762285103149348,0.014801309840195521,0.01384887002311188,0.014788370820782602,0.01358006944134822,0.014787779677343751,0.013619373837108921,0.014706505698777498,0.014678791416325524,0.012633619807732779,0.01322348886366568,0.013300179374914631,0.014523493182450938,0.013306731117105503,0.012736783611839766,0.014751721269123684,0.013546185358185036,0.014776823605257507,0.013771618229190518,0.014820526001631126,0.011145815023834837,0.014646687116391199,0.014744565220991091,0.014790521309175988,0.014734254631624893,0.01475446628949953,0.01479968374612335,0.014785528640241023,0.014744135102080181,0.01410990346687926,0.01476379979071932,0.014546678145886723,0.014804832881090977,0.01475362434890219,0.014233552411198221,0.014615970800360955,0.014756654928040323,0.014689523730047963,0.01469390751338705,0.010212645285693428,0.0016990625497141196,0.014052237619021668,0.01455811047966675,0.014753561642247231,0.014482007166802199,0.014757833224587189,0.01479316540268577,0.01195004158844507,0.012002189823832634,0.014864431414101932,0.01481932375050768,0.011844865273695795,0.014767188386019217,0.012567194651692466,0.014228933687719611,0.013184401737755022,0.012521143999070429,0.014878343919340321,0.014890217300968012,0.014804326292931977,0.01465147362586007,0.012683089953034838,0.014769163877046028
r436,0.0762290337123632,0.07655261211793372,0.07763995655240298,0.266799636393456,0.27794955714079267,0.28658993633944235,0.4779776969655139,0.43473870470801773,0.4148369844448416,0.843888586711386,0.6664183948465908,0.6842153378898781,0.9405042456120098,0.7570819698788797,0.9383490260601957,0.32196067017523466,0.42829874926346323,0.37480230121740643,0.3362439516239131,0.629555829267278,0.5188459841371743,0.5607916232460133,0.3296206638711606,0.5249987325640523,0.6229189339182655,0.39657130977360644,0.603322668778016,0.5080470050935809,0.8163051414333553,0.014085475819577637,0.5482272631091456,0.4973540819135733,0.5685441931419951,0.532734412096714,0.42833333676505864,0.4097499379122041,0.6107883257220355,0.659599389669751,0.6365124279456246,0.7062785175977864,0.6885235140825525,0.5998112848211617,0.699648313973325,0.7097677831713206,0.5889759709020964,0.6799515187760694,0.8655536197605534,0.7719518586897816,0.31870234879914927,0.06607193745720535,0.9675382002276315,0.809043802757282,0.6759729520606722,0.7274696922387266,0.8593257626860933,0.5507272153347547,0.4847165218207975,0.5266623191915591,0.8609147789619807,0.8070513180241533,0.5417295928188309,0.8169870282075555,0.7275733732537774,0.8193772421439345,0.8823601191031997,0.8723249692040634,0.30408754239276836,0.4143160671008913,0.49566992524900183,0.8534404725299178,0.3258409457725606,0.7308370060243589
r437,0.00040000737325672877,0.0003984650036393833,0.0003966696191484126,0.00040057255628035823,0.0003990712949169,0.00039860891778114747,0.00039736733689218275,0.00039847743953718985,0.00039882706285643884,0.0003974607510516616,0.0003985114554001945,0.0003728679026725265,0.00039816308328136324,0.00036563069726481553,0.0003981471684680386,0.00036668893127305156,0.00039595894281076036,0.00039521276123635654,0.00034014842398336824,0.0003560300978583679,0.0003580949181796602,0.0003910315007552147,0.0003582713176969758,0.0003429260133714737,0.00039717633007148176,0.00036471839976550335,0.00039785218639523673,0.0003707879690967317,0.0003990288333665265,0.0003000906688929335,0.00039434838273477463,0.000396983659455108,0.0003982209843442288,0.0003967060563560718,0.00039725023639055907,0.00039846767432883377,0.00039808656173028135,0.0003969720790248476,0.0003798959841562994,0.0003975015322780064,0.0003916557346688956,0.0003986063103724576,0.00039722756898484584,0.00038322511583995824,0.0003935213745858101,0.0003973091637020469,0.0003955017196070496,0.0003956197487056038,0.0002749659444105005,4.574567364966542e-05,0.0003783433854633991,0.000391963540238796,0.00039722587990935053,0.00038991452775805687,0.00039734088801213853,0.00039829217442677013,0.0003217437179888554,0.0003231477613057746,0.00040021094479110046,0.00039899646306023223,0.0003189119444099037,0.0003975927659713793,0.00033835998966772363,0.00038310076314840616,0.00035497771426368734,0.0003371201177989401,0.0004005855262701437,0.0004009052059814526,0.0003985926704025211,0.0003944772556509168,0.0003414803618358577,0.0003976459547545705
r438r,0.00040000737325672877,0.0003984650036393833,0.0003966696191484126,0.00040057255628035823,0.0003990712949169,0.00039860891778114747,0.00039736733689218275,0.00039847743953718985,0.00039882706285643884,0.0003974607510516616,0.0003985114554001945,0.0003728679026725265,0.00039816308328136324,0.00036563069726481553,0.0003981471684680386,0.00036668893127305156,0.00039595894281076036,0.00039521276123635654,0.00034014842398336824,0.0003560300978583679,0.0003580949181796602,0.0003910315007552147,0.0003582713176969758,0.0003429260133714737,0.00039717633007148176,0.00036471839976550335,0.00039785218639523673,0.0003707879690967317,0.0003990288333665265,0.0003000906688929335,0.00039434838273477463,0.000396983659455108,0.0003982209843442288,0.0003967060563560718,0.00039725023639055907,0.00039846767432883377,0.00039808656173028135,0.0003969720790248476,0.0003798959841562994,0.0003975015322780064,0.0003916557346688956,0.0003986063103724576,0.00039722756898484584,0.00038322511583995824,0.0003935213745858101,0.0003973091637020469,0.0003955017196070496,0.0003956197487056038,0.0002749659444105005,4.574567364966542e-05,0.0003783433854633991,0.000391963540238796,0.00039722587990935053,0.00038991452775805687,0.00039734088801213853,0.00039829217442677013,0.0003217437179888554,0.0003231477613057746,0.00040021094479110046,0.00039899646306023223,0.0003189119444099037,0.0003975927659713793,0.00033835998966772363,0.00038310076314840616,0.00035497771426368734,0.0003371201177989401,0.0004005855262701437,0.0004009052059814526,0.0003985926704025211,0.0003944772556509168,0.0003414803618358577,0.0003976459547545705
r439,0.00013870952573886714,0.00013817468220215698,0.00013755210135037448,0.00013890551279934727,0.00013838492426594147,0.00013822458693840516,0.0001377940471338868,0.00013817899456614537,0.0001383002325441073,0.00013782644012097297,0.00013819079016007282,0.0001292984414807874,0.00013806998605817464,0.0001267888144169251,0.00013806446731941602,0.00012715577549602923,0.0001373056619492456,0.00013704691048735957,0.00011795239219556328,0.00012345963930742612,0.00012417565172809672,0.00013559698556838017,0.00012423682133375216,0.00011891556970830933,0.000137727812191511,0.00012647245936456663,0.00013796217714651216,0.00012857718827619119,0.00013837019998348088,0.00010406166771875715,0.00013674717218258587,0.00013766100029860868,0.0001380900642601643,0.0001375647365869785,0.00013775344049473683,0.00013817560831053978,0.00013804345087702925,0.0001376569845825229,0.0001317355511810475,0.00013784058172210302,0.00013581344955370026,0.00013822368277406624,0.00013774558017720995,0.0001328899855937549,0.00013646039269830148,0.00013777387456672476,0.0001371471118371257,0.0001371880404833451,9.534923177290818e-05,1.586310933443501e-05,0.00013119716053484326,0.00013592018649766173,0.00013774499446046615,0.00013520965572083276,0.00013778487552388175,0.00013811475066133273,0.00011157023973969025,0.00011205711622064087,0.00013878011771476645,0.00013835897501606657,0.0001105882729146022,0.00013787221859487962,0.00011733222143807273,0.00013284686413123073,0.0001230947069609543,0.00011690227426610589,0.00013891001036874255,0.000139020864877816,0.00013821895287681539,0.00013679186111116993,0.00011841426485147212,0.00013789066273201482
r440,0.0039030698385549905,0.00388802017513351,0.0038705017204161266,0.003908584608933112,0.003893936059082706,0.003889424416614893,0.003877309697627517,0.0038881415183401684,0.0038915529660392832,0.0038782211857961986,0.0038884734279467314,0.0036382565972158977,0.003885074188830663,0.003567639603554114,0.003884918900123543,0.003577965316317509,0.0038635672997949,0.0038562864370090136,0.0033189964561709064,0.0034739618053904768,0.0034941092788052406,0.003815487809878698,0.0034958304961659257,0.003346098770002615,0.0038754459495816203,0.003558737865507367,0.0038820406141015775,0.00361796165630104,0.0038935217407282253,0.0029281331217771186,0.003847852268331114,0.003873565967057034,0.0038856391581457393,0.0038708572562781035,0.0038761670900993015,0.00388804623437262,0.0038843275301984888,0.0038734529710693333,0.0037068330652922227,0.0038786191083987225,0.0038215787690053294,0.0038893989748384843,0.003875945913008366,0.003739317050168452,0.0038397827406710496,0.0038767420730311335,0.003859105946790913,0.003860257615098504,0.0026829787549181956,0.00044636316979037124,0.0036916835917218766,0.0038245821802327896,0.0038759294318619496,0.003804588951738158,0.0038770516228195913,0.0038863337950005785,0.003139412634330307,0.003153112579600295,0.0039050561867288343,0.003893205887635764,0.0031117816185412387,0.003879509320681759,0.003301545817752404,0.003738103679434694,0.0034636931780059584,0.0032894477745205332,0.003908711163538568,0.003911830436637415,0.0038892658829035357,0.003849109745130803,0.0033319928327543323,0.0038800283099533856
r441,0.0039030698385549905,0.00388802017513351,0.0038705017204161266,0.003908584608933112,0.003893936059082706,0.003889424416614893,0.003877309697627517,0.0038881415183401684,0.0038915529660392832,0.0038782211857961986,0.0038884734279467314,0.0036382565972158977,0.003885074188830663,0.003567639603554114,0.003884918900123543,0.003577965316317509,0.0038635672997949,0.0038562864370090136,0.0033189964561709064,0.0034739618053904768,0.0034941092788052406,0.003815487809878698,0.0034958304961659257,0.003346098770002615,0.0038754459495816203,0.003558737865507367,0.0038820406141015775,0.00361796165630104,0.0038935217407282253,0.0029281331217771186,0.003847852268331114,0.003873565967057034,0.0038856391581457393,0.0038708572562781035,0.0038761670900993015,0.00388804623437262,0.0038843275301984888,0.0038734529710693333,0.0037068330652922227,0.0038786191083987225,0.0038215787690053294,0.0038893989748384843,0.003875945913008366,0.003739317050168452,0.0038397827406710496,0.0038767420730311335,0.003859105946790913,0.003860257615098504,0.0026829787549181956,0.00044636316979037124,0.0036916835917218766,0.0038245821802327896,0.0038759294318619496,0.003804588951738158,0.0038770516228195913,0.0038863337950005785,0.003139412634330307,0.003153112579600295,0.0039050561867288343,0.003893205887635764,0.0031117816185412387,0.003879509320681759,0.003301545817752404,0.003738103679434694,0.0034636931780059584,0.0032894477745205332,0.003908711163538568,0.003911830436637415,0.0038892658829035357,0.003849109745130803,0.0033319928327543323,0.0038800283099533856
r442,0.0002774190514777343,0.00027634936440431397,0.00027510420270074895,0.00027781102559869454,0.00027676984853188295,0.0002764491738768103,0.0002755880942677736,0.00027635798913229075,0.0002766004650882146,0.00027565288024194594,0.00027638158032014564,0.0002585968829615748,0.0002761399721163493,0.0002535776288338502,0.00027612893463883204,0.00025431155099205847,0.0002746113238984912,0.00027409382097471913,0.00023590478439112657,0.00024691927861485223,0.00024835130345619345,0.00027119397113676034,0.0002484736426675043,0.00023783113941661866,0.000275455624383022,0.00025294491872913325,0.0002759243542930243,0.00025715437655238237,0.00027674039996696177,0.0002081233354375143,0.00027349434436517173,0.00027532200059721736,0.0002761801285203286,0.000275129473173957,0.00027550688098947366,0.00027635121662107956,0.0002760869017540585,0.0002753139691650458,0.000263471102362095,0.00027568116344420604,0.00027162689910740053,0.0002764473655481325,0.0002754911603544199,0.0002657799711875098,0.00027292078539660296,0.0002755477491334495,0.0002742942236742514,0.0002743760809666902,0.00019069846354581637,3.172621866887002e-05,0.0002623943210696865,0.00027184037299532346,0.0002754899889209323,0.0002704193114416655,0.0002755697510477635,0.00027622950132266547,0.0002231404794793805,0.00022411423244128175,0.0002775602354295329,0.00027671795003213315,0.0002211765458292044,0.00027574443718975924,0.00023466444287614547,0.00026569372826246146,0.0002461894139219086,0.00023380454853221179,0.0002778200207374851,0.000278041729755632,0.00027643790575363077,0.00027358372222233986,0.00023682852970294423,0.00027578132546402965
r443,0.0,0.0,0.0,0.36416047787977823,0.3992451697267909,0.4256698532721942,1.0011852629709417,0.8702593429184848,0.8101734294268057,2.0765323766602823,1.565261368881222,1.625673967586275,2.3655751106187606,1.8525612070033624,2.359127676235317,0.5665441087164307,0.8536822134630812,0.6940054888015246,0.6382975538852658,1.4930774497386081,1.1665592508802913,1.2565270032067068,0.5986911844403002,1.2015369984506017,1.4362169873882276,0.7925220096896817,1.3766921591839458,1.1203391085696974,1.9919864255926445,0.0,1.2152217148477904,1.0597322567618797,1.271955097584436,1.1661755674172252,0.8523797090856033,0.7953036773071859,1.3988338865988692,1.5464807915649708,1.4958164096445201,1.6851362386341957,1.6362619724750973,1.3653367382733697,1.666349326470744,1.6904712303864147,1.3383684808750247,1.607170081132019,2.1437707681239697,1.8628303294383382,0.6566588931216513,0.1511583574266413,2.469372564408787,1.9782928958711252,1.5953250801447834,1.7359168937934006,2.1229811600236843,1.218426635555492,1.1037586746521213,1.228067011412743,2.124461699060766,1.964262022564022,1.2778817946260648,1.9956765303024242,1.7952631784553137,2.0194420042107817,2.2405944144887995,2.2309377467993112,0.4760100711404781,0.806347502150244,1.0529275139134788,2.108604442823474,0.6056380064589088,1.7371655572058136
r444,0.2831648585387819,0.2808380036463614,0.2767080743114756,0.0,0.0,0.0,0.0,0.0,0.0,0.0,0.0,0.0,0.0,0.0,0.0,0.0,0.0,0.0,0.0,0.0,0.0,0.0,0.0,0.0,0.0,0.0,0.0,0.0,0.0,0.29863896225063025,0.0,0.0,0.0,0.0,0.0,0.0,0.0,0.0,0.0,0.0,0.0,0.0,0.0,0.0,0.0,0.0,0.0,0.0,0.0,0.002767080743114756,0.0,0.0,0.0,0.0,0.0,0.0,0.0,0.0,0.0,0.0,0.0,0.0,0.0,0.0,0.0,0.0,0.0,0.0,0.0,0.0,0.0,0.0
r445,0.0004161285772166976,0.0004145240466072173,0.0004126563040511193,0.00041671653839745056,0.0004151547727976819,0.00041467376081514835,0.00041338214140169125,0.0004145369836998977,0.00041490069763150937,0.0004134793203635674,0.0004145723704792956,0.0003878953244427039,0.0004142099581743148,0.00038036644325029924,0.0004141934019579343,0.0003814673264880863,0.00041191698584595464,0.0004111407314625069,0.0003538571765872319,0.0003703789179231887,0.00037252695518438203,0.00040679095670504686,0.0003727104640021435,0.00035674670912448024,0.0004131834365731032,0.000379417378093584,0.00041388653143887335,0.0003857315648285899,0.00041511059995056774,0.00031218500315562087,0.00041024151654776294,0.00041298300089410474,0.0004142701927812758,0.0004126942097608504,0.00041326032148438505,0.0004145268249315071,0.00041413035263124985,0.000412970953746252,0.0003952066535429512,0.000413521745165785,0.000407440348660589,0.00041467104832197725,0.0004132367405308345,0.00039866995678061143,0.00040938117809556564,0.00041332162370011436,0.0004114413355106082,0.0004115641214494064,0.0002860476953187322,4.758932800330432e-05,0.0003935914816029819,0.00040776055949275243,0.0004132349833817677,0.00040562896716392306,0.00041335462657182166,0.00041434425198553165,0.0003347107192176253,0.00033617134866318607,0.0004163403531454017,0.00041507692504754644,0.00033176481874380405,0.00041361665578382785,0.00035199666431428173,0.000398540592393682,0.0003692841208838863,0.00035070682279839355,0.00041673003110722756,0.00041706259463561695,0.00041465685863033053,0.00041037558333458093,0.00035524279455468314,0.00041367198819556065
r447,0.0004161285772166976,0.0004145240466072173,0.0004126563040511193,0.00041671653839745056,0.0004151547727976819,0.00041467376081514835,0.00041338214140169125,0.0004145369836998977,0.00041490069763150937,0.0004134793203635674,0.0004145723704792956,0.0003878953244427039,0.0004142099581743148,0.00038036644325029924,0.0004141934019579343,0.0003814673264880863,0.00041191698584595464,0.0004111407314625069,0.0003538571765872319,0.0003703789179231887,0.00037252695518438203,0.00040679095670504686,0.0003727104640021435,0.00035674670912448024,0.0004131834365731032,0.000379417378093584,0.00041388653143887335,0.0003857315648285899,0.00041511059995056774,0.00031218500315562087,0.00041024151654776294,0.00041298300089410474,0.0004142701927812758,0.0004126942097608504,0.00041326032148438505,0.0004145268249315071,0.00041413035263124985,0.000412970953746252,0.0003952066535429512,0.000413521745165785,0.000407440348660589,0.00041467104832197725,0.0004132367405308345,0.00039866995678061143,0.00040938117809556564,0.00041332162370011436,0.0004114413355106082,0.0004115641214494064,0.0002860476953187322,4.758932800330432e-05,0.0003935914816029819,0.00040776055949275243,0.0004132349833817677,0.00040562896716392306,0.00041335462657182166,0.00041434425198553165,0.0003347107192176253,0.00033617134866318607,0.0004163403531454017,0.00041507692504754644,0.00033176481874380405,0.00041361665578382785,0.00035199666431428173,0.000398540592393682,0.0003692841208838863,0.00035070682279839355,0.00041673003110722756,0.00041706259463561695,0.00041465685863033053,0.00041037558333458093,0.00035524279455468314,0.00041367198819556065
r450,0.00013870952573886714,0.00013817468220215698,0.00013755210135037448,0.00013890551279934727,0.00013838492426594147,0.00013822458693840516,0.0001377940471338868,0.00013817899456614537,0.0001383002325441073,0.00013782644012097297,0.00013819079016007282,0.0001292984414807874,0.00013806998605817464,0.0001267888144169251,0.00013806446731941602,0.00012715577549602923,0.0001373056619492456,0.00013704691048735957,0.00011795239219556328,0.00012345963930742612,0.00012417565172809672,0.00013559698556838017,0.00012423682133375216,0.00011891556970830933,0.000137727812191511,0.00012647245936456663,0.00013796217714651216,0.00012857718827619119,0.00013837019998348088,0.00010406166771875715,0.00013674717218258587,0.00013766100029860868,0.0001380900642601643,0.0001375647365869785,0.00013775344049473683,0.00013817560831053978,0.00013804345087702925,0.0001376569845825229,0.0001317355511810475,0.00013784058172210302,0.00013581344955370026,0.00013822368277406624,0.00013774558017720995,0.0001328899855937549,0.00013646039269830148,0.00013777387456672476,0.0001371471118371257,0.0001371880404833451,9.534923177290818e-05,1.586310933443501e-05,0.00013119716053484326,0.00013592018649766173,0.00013774499446046615,0.00013520965572083276,0.00013778487552388175,0.00013811475066133273,0.00011157023973969025,0.00011205711622064087,0.00013878011771476645,0.00013835897501606657,0.0001105882729146022,0.00013787221859487962,0.00011733222143807273,0.00013284686413123073,0.0001230947069609543,0.00011690227426610589,0.00013891001036874255,0.000139020864877816,0.00013821895287681539,0.00013679186111116993,0.00011841426485147212,0.00013789066273201482
r452r,0.005163616673089957,0.005143706526415965,0.00512053026039693,0.005170912509815148,0.005151533021522459,0.005145564285826333,0.005129536961812278,0.0051438670589800915,0.005148380277788601,0.018471412737791328,0.01852024270058839,0.0173284957287358,0.01850405261093489,0.016992157089510948,0.01850331299303605,0.00473351544483616,0.005111356279036687,0.005101723967543413,0.015807905346330337,0.01654598313724657,0.016641942671069852,0.018172622642150405,0.004624854123283147,0.01593698979018562,0.018458194684682218,0.004708078240355763,0.018489604128443617,0.01723183382829899,0.018544287092222705,0.013946279196661514,0.018326769928102248,0.00603467767267369,0.018506743478969825,0.01843633939488545,0.005128025334419773,0.005143741001821966,0.01850049638267932,0.018448702413119494,0.01765511563648293,0.018473307986219694,0.018201633009171596,0.01852465094803991,0.018460575938968275,0.017809832209690755,0.018288335922186892,0.018464367935271453,0.0183803695887911,0.018385854820197455,0.012778644016054747,0.0020853792476878607,0.017582960860956457,0.018215937827218608,0.01846049744163103,0.01812071293988954,0.01846584227663465,0.01851005193494688,0.014952573291925396,0.015017824171515216,0.01859922400855366,0.018542782729121625,0.014820970716278902,0.018477547939979723,0.015724790451812347,0.017804053098458672,0.016497075133916954,0.01566716920249482,0.0051710799368677295,0.005175206619518593,0.0051453545516044075,0.018332759110225225,0.011811337343695093,0.018480019811641876
r453,0.005163616673089957,0.005143706526415965,0.00512053026039693,0.005170912509815148,0.005151533021522459,0.005145564285826333,0.005129536961812278,0.0051438670589800915,0.005148380277788601,0.018471412737791328,0.01852024270058839,0.0173284957287358,0.01850405261093489,0.016992157089510948,0.01850331299303605,0.00473351544483616,0.005111356279036687,0.005101723967543413,0.015807905346330337,0.01654598313724657,0.016641942671069852,0.018172622642150405,0.004624854123283147,0.01593698979018562,0.018458194684682218,0.004708078240355763,0.018489604128443617,0.01723183382829899,0.018544287092222705,0.013946279196661514,0.018326769928102248,0.00603467767267369,0.018506743478969825,0.01843633939488545,0.005128025334419773,0.005143741001821966,0.01850049638267932,0.018448702413119494,0.01765511563648293,0.018473307986219694,0.018201633009171596,0.01852465094803991,0.018460575938968275,0.017809832209690755,0.018288335922186892,0.018464367935271453,0.0183803695887911,0.018385854820197455,0.012778644016054747,0.0020853792476878607,0.017582960860956457,0.018215937827218608,0.01846049744163103,0.01812071293988954,0.01846584227663465,0.01851005193494688,0.014952573291925396,0.015017824171515216,0.01859922400855366,0.018542782729121625,0.014820970716278902,0.018477547939979723,0.015724790451812347,0.017804053098458672,0.016497075133916954,0.01566716920249482,0.0051710799368677295,0.005175206619518593,0.0051453545516044075,0.018332759110225225,0.011811337343695093,0.018480019811641876
r479,0.02844505915304981,0.02833537918729278,0.028207706995579472,0.02848525007355215,0.028378493370694254,0.028345613114328674,0.02825732263723469,0.02833626352060557,0.028361125702307855,0.028263965443015873,0.028338682434117978,0.026515135112235078,0.02831390922693976,0.026000487758994287,0.02831277750328559,0.026075740194261884,0.028157169850972778,0.028104107881513463,0.024188409234189138,0.02531777629845807,0.02546460843232642,0.027806772858031147,0.02547715243785849,0.02438592732942694,0.02824373988682557,0.02593561306400497,0.028291800933664183,0.026367228254644274,0.028375473873078743,0.021339848709383717,0.028042640770524895,0.02823003882167644,0.0283180266489406,0.028210298094125213,0.028248995463989915,0.028335569103584965,0.028308467677132985,0.028229215321795696,0.02701491138363213,0.028266865450549575,0.027851162966286938,0.02834542769801672,0.02824738355445541,0.027251650388971618,0.027983831115275824,0.028253185863900108,0.028124656097619147,0.0281330493046299,0.019553195957741524,0.003253036018727712,0.0269045040146323,0.027873051431920527,0.028247263442036662,0.02772734341473407,0.028255441822004304,0.0283230890708844,0.02287962598239936,0.022979469379968153,0.028459535397051067,0.028373171977304726,0.02267825477689954,0.0282733532004697,0.02406123127872187,0.027242807502802262,0.02524293989392,0.023973062332319526,0.028486172386873093,0.028508905238573426,0.028344457741521265,0.028051805095905078,0.02428312511577106,0.028277135525963438
r480,0.006018457553051556,0.005995251265633318,0.005968238150201523,0.006026961221394461,0.0060043734432782036,0.005997416578594247,0.0059787359182500955,0.005995438374484034,0.006000698760281838,0.005980141415225258,0.005995950172631351,0.005610120700671318,0.00599070861221747,0.005501230673988402,0.005990469160060854,0.005517152721645756,0.005957545408864976,0.005946318460480815,0.0051178277910657755,0.005356781336614088,0.005387848347594357,0.005883407773312426,0.005390502431185588,0.005159619030300235,0.005975862055119392,0.0054875043675679655,0.0059860308991511275,0.005578826297693634,0.006003734572464117,0.0045151241540705355,0.005933313136905697,0.005972963158735957,0.005991579783884134,0.005968786379554787,0.0059769740397289965,0.005995291448464804,0.005989557279178333,0.00597278892112679,0.0057158642767066795,0.005980755004114848,0.005892799913472403,0.005997377347877369,0.005976632988961667,0.005765953947721454,0.005920870082666443,0.005977860652193128,0.005950666089567922,0.005952441939631148,0.004137100902654113,0.0006882833005168435,0.005692504083979792,0.005897431114995546,0.005976607575355325,0.005866601946678375,0.005978337971924574,0.005992650900352669,0.004840913040957663,0.004862038089308735,0.006021520463190274,0.00600324753314392,0.004798306553616655,0.005982127694087174,0.005090919247030048,0.005764082953716527,0.005340947313497441,0.00507226430035692,0.006027156366135216,0.006031966224399812,0.00599717212271452,0.00593525214160287,0.005137867950221535,0.005982927965423998
r481,0.006018457553051556,0.005995251265633318,0.005968238150201523,0.006026961221394461,0.0060043734432782036,0.005997416578594247,0.0059787359182500955,0.005995438374484034,0.006000698760281838,0.005980141415225258,0.005995950172631351,0.005610120700671318,0.00599070861221747,0.005501230673988402,0.005990469160060854,0.005517152721645756,0.005957545408864976,0.005946318460480815,0.0051178277910657755,0.005356781336614088,0.005387848347594357,0.005883407773312426,0.005390502431185588,0.005159619030300235,0.005975862055119392,0.0054875043675679655,0.0059860308991511275,0.005578826297693634,0.006003734572464117,0.0045151241540705355,0.005933313136905697,0.005972963158735957,0.005991579783884134,0.005968786379554787,0.0059769740397289965,0.005995291448464804,0.005989557279178333,0.00597278892112679,0.0057158642767066795,0.005980755004114848,0.005892799913472403,0.005997377347877369,0.005976632988961667,0.005765953947721454,0.005920870082666443,0.005977860652193128,0.005950666089567922,0.005952441939631148,0.004137100902654113,0.0006882833005168435,0.005692504083979792,0.005897431114995546,0.005976607575355325,0.005866601946678375,0.005978337971924574,0.005992650900352669,0.004840913040957663,0.004862038089308735,0.006021520463190274,0.00600324753314392,0.004798306553616655,0.005982127694087174,0.005090919247030048,0.005764082953716527,0.005340947313497441,0.00507226430035692,0.006027156366135216,0.006031966224399812,0.00599717212271452,0.00593525214160287,0.005137867950221535,0.005982927965423998
r482,0.006018457553051556,0.005995251265633318,0.005968238150201523,0.006026961221394461,0.0060043734432782036,0.005997416578594247,0.0059787359182500955,0.005995438374484034,0.006000698760281838,0.005980141415225258,0.005995950172631351,0.005610120700671318,0.00599070861221747,0.005501230673988402,0.005990469160060854,0.005517152721645756,0.005957545408864976,0.005946318460480815,0.0051178277910657755,0.005356781336614088,0.005387848347594357,0.005883407773312426,0.005390502431185588,0.005159619030300235,0.005975862055119392,0.0054875043675679655,0.0059860308991511275,0.005578826297693634,0.006003734572464117,0.0045151241540705355,0.005933313136905697,0.005972963158735957,0.005991579783884134,0.005968786379554787,0.0059769740397289965,0.005995291448464804,0.005989557279178333,0.00597278892112679,0.0057158642767066795,0.005980755004114848,0.005892799913472403,0.005997377347877369,0.005976632988961667,0.005765953947721454,0.005920870082666443,0.005977860652193128,0.005950666089567922,0.005952441939631148,0.004137100902654113,0.0006882833005168435,0.005692504083979792,0.005897431114995546,0.005976607575355325,0.005866601946678375,0.005978337971924574,0.005992650900352669,0.004840913040957663,0.004862038089308735,0.006021520463190274,0.00600324753314392,0.004798306553616655,0.005982127694087174,0.005090919247030048,0.005764082953716527,0.005340947313497441,0.00507226430035692,0.006027156366135216,0.006031966224399812,0.00599717212271452,0.00593525214160287,0.005137867950221535,0.005982927965423998
r483,0.006018457553051556,0.005995251265633318,0.005968238150201523,0.006026961221394461,0.0060043734432782036,0.005997416578594247,0.0059787359182500955,0.005995438374484034,0.006000698760281838,0.005980141415225258,0.005995950172631351,0.005610120700671318,0.00599070861221747,0.005501230673988402,0.005990469160060854,0.005517152721645756,0.005957545408864976,0.005946318460480815,0.0051178277910657755,0.005356781336614088,0.005387848347594357,0.005883407773312426,0.005390502431185588,0.005159619030300235,0.005975862055119392,0.0054875043675679655,0.0059860308991511275,0.005578826297693634,0.006003734572464117,0.0045151241540705355,0.005933313136905697,0.005972963158735957,0.005991579783884134,0.005968786379554787,0.0059769740397289965,0.005995291448464804,0.005989557279178333,0.00597278892112679,0.0057158642767066795,0.005980755004114848,0.005892799913472403,0.005997377347877369,0.005976632988961667,0.005765953947721454,0.005920870082666443,0.005977860652193128,0.005950666089567922,0.005952441939631148,0.004137100902654113,0.0006882833005168435,0.005692504083979792,0.005897431114995546,0.005976607575355325,0.005866601946678375,0.005978337971924574,0.005992650900352669,0.004840913040957663,0.004862038089308735,0.006021520463190274,0.00600324753314392,0.004798306553616655,0.005982127694087174,0.005090919247030048,0.005764082953716527,0.005340947313497441,0.00507226430035692,0.006027156366135216,0.006031966224399812,0.00599717212271452,0.00593525214160287,0.005137867950221535,0.005982927965423998
r484,0.006018457553051556,0.005995251265633318,0.005968238150201523,0.006026961221394461,0.0060043734432782036,0.005997416578594247,0.0059787359182500955,0.005995438374484034,0.006000698760281838,0.005980141415225258,0.005995950172631351,0.005610120700671318,0.00599070861221747,0.005501230673988402,0.005990469160060854,0.005517152721645756,0.005957545408864976,0.005946318460480815,0.0051178277910657755,0.005356781336614088,0.005387848347594357,0.005883407773312426,0.005390502431185588,0.005159619030300235,0.005975862055119392,0.0054875043675679655,0.0059860308991511275,0.005578826297693634,0.006003734572464117,0.0045151241540705355,0.005933313136905697,0.005972963158735957,0.005991579783884134,0.005968786379554787,0.0059769740397289965,0.005995291448464804,0.005989557279178333,0.00597278892112679,0.0057158642767066795,0.005980755004114848,0.005892799913472403,0.005997377347877369,0.005976632988961667,0.005765953947721454,0.005920870082666443,0.005977860652193128,0.005950666089567922,0.005952441939631148,0.004137100902654113,0.0006882833005168435,0.005692504083979792,0.005897431114995546,0.005976607575355325,0.005866601946678375,0.005978337971924574,0.005992650900352669,0.004840913040957663,0.004862038089308735,0.006021520463190274,0.00600324753314392,0.004798306553616655,0.005982127694087174,0.005090919247030048,0.005764082953716527,0.005340947313497441,0.00507226430035692,0.006027156366135216,0.006031966224399812,0.00599717212271452,0.00593525214160287,0.005137867950221535,0.005982927965423998
r485r,0.0037113084478051016,0.0036969981881116694,0.0036803404311028737,0.0037165522724690006,0.003702623419270161,0.0036983334379147616,0.0036868139261608075,0.0036971135696083008,0.0037003574097569324,0.0036876806320814332,0.0036974291722023807,0.003459505723197101,0.0036941969408058883,0.003392358207020779,0.0036940492815755468,0.003402176608074409,0.0036737467048999356,0.0036668235575625426,0.003155931124874715,0.0033032828847554306,0.0033224404943714724,0.0036280294042953347,0.0033240771467458077,0.003181701877238308,0.0036850417457613195,0.003383893819504789,0.003691312408367221,0.003440207891305836,0.003702229456761524,0.002784271263554487,0.0036588037673046785,0.0036832541284939546,0.003694734152665024,0.003680678499152451,0.0036857274559836724,0.0036970229670301572,0.003693486966201407,0.003683146684101863,0.0035247129666772137,0.0036880590043821236,0.0036338211090341166,0.0036983092461222336,0.0036855171455184126,0.003555600983675797,0.0036511307029168136,0.003686274189477907,0.0036695045422551467,0.0036705996280441923,0.0025511615549492,0.0004244329390336719,0.003510307800593878,0.0036366769599195854,0.003685501474105036,0.00361766601703433,0.0036865685307981137,0.003695394661364256,0.002985170420432935,0.002998197274853271,0.0037131972048787027,0.0037019291218077875,0.0029588969417206094,0.0036889054797191547,0.0031393378522739553,0.0035544472269525566,0.003293518764423513,0.0031278341969617697,0.0037166726093378795,0.0037196386296904195,0.003698182693120296,0.003659999463120451,0.003168288977577982,0.0036893989705770363
r486,0.0,0.0,0.0,0.0,0.0,0.0,0.0,0.0,0.0,0.07303866524532555,0.0,0.014790545329799834,0.12072996169940135,0.057576945727900196,0.11966632253076571,0.0,0.0,0.0,0.0,0.002241633778937361,0.0,0.0,0.0,0.0,0.0,0.0,0.0,0.0,0.05787042242517245,0.0,0.0,0.0,0.0,0.0,0.0,0.0,0.0,0.0,0.0,0.004197831432125498,0.00045198526869160105,0.0,0.0011232246490235694,0.01847482629828523,0.0,0.0,0.08559089143893098,0.038686400631091175,0.0,4.5198526869160105e-06,0.15164539683726144,0.06044192658488052,0.0,0.021453569649175695,0.08086247340625774,0.0,0.0,0.0,0.07913754041581053,0.05327192656332272,0.0,0.059471998454376444,0.06676187496923082,0.07338871713912534,0.12956759962338704,0.14022607795541386,0.0,0.0,0.0,0.08043362986702439,0.0,0.016350296297470337
r487,0.38925566336077,0.3880635039316161,0.38703112177906573,0.48503710309303305,0.4892942011682144,0.4932084991554781,0.5878124742168056,0.5671674669140042,0.55752351895809,0.7708499214657571,0.6830371723556541,0.6694247925598481,0.8197742839123733,0.6995050241507932,0.8186827035297978,0.48287333093277884,0.5617366603743627,0.5343334107918415,0.46671674072053615,0.627314195488397,0.5737718479492228,0.6236576079660474,0.4793140377836461,0.5635324010511421,0.6601154198987397,0.5184488458857544,0.6509105788034957,0.5795147841666748,0.7584347190076957,0.2704733358821302,0.6202871085789536,0.5971638605612207,0.6338450853545118,0.614610335468814,0.5628874990004316,0.5546645112579646,0.6548491505428485,0.6782763487129794,0.6517428453394857,0.7020806861656409,0.688071528813794,0.6498168845176017,0.6985250893243943,0.6912929568732539,0.6399354843835164,0.6887483185618907,0.7799627283211678,0.7332654580585368,0.4007263675215364,0.0731954591634514,0.8158928033908392,0.7486018761721772,0.6866859256354809,0.7060161225893542,0.7784632892801562,0.6249990897170159,0.5247966997207453,0.5470021191370434,0.7817772385467665,0.7537793914611064,0.5508174004885656,0.7575150297537909,0.6608114982843015,0.7459885250050512,0.7527925194807044,0.7320988912483142,0.5036924416256741,0.5590873305578093,0.5977342310654928,0.7730068426630072,0.462684461703812,0.7144867097271116
r488,0.0,0.0,0.0,0.0,0.0,0.0,0.0032894465892696835,0.0,0.0,0.0032902198810304583,0.0032989177167993154,0.003086637820529074,0.00329603385752751,0.0030267275097549708,0.0032959021131107134,0.0030354876767984314,0.003277787762088369,0.0,0.0028157827008829044,0.0029472527868912115,0.0029643455761932795,0.003236997903538475,0.0029658058290545387,0.0028387758638555014,0.003287865415686196,0.003019175419738373,0.0032934602219875523,0.003069419922194754,0.0033032006233895735,0.0,0.0032644553845698194,0.0032862704690386937,0.003296513168319392,0.003283972442795587,0.0,0.0,0.003295400404466922,0.0032861746050803667,0.0031448169825222484,0.0032905574721023402,0.0032421653743598287,0.003299702935754185,0.003288289576538349,0.0031723758678335674,0.003257609328336565,0.0032889650257780668,0.003274002822642069,0.003274979879333981,0.002276195610535114,0.0003538454594373213,0.0031319644151351542,0.0032447134196753836,0.003288275594205596,0.0032277514892700967,0.003289227642792014,0.003297102486952152,0.0026634267024432767,0.002675049513556115,0.003312986260085145,0.0033029326587536473,0.002639984997311306,0.0032913127137492552,0.002800977862602148,0.003171346463804318,0.0029385410501612803,0.002790714079166923,0.0,0.0,0.003299590022715328,0.003265522207469692,0.002826808615741816,0.0032917530158209658
r489,0.003311301074549441,0.0032985331844698346,0.0032836708119453268,0.003315979716188654,0.0033035521243532286,0.003299724520138341,0.0,0.003298636130081099,0.003301530346906855,0.0,0.0,0.0,0.0,0.0,0.0,0.0,0.0,0.0032716107963258597,0.0,0.0,0.0,0.0,0.0,0.0,0.0,0.0,0.0,0.0,0.0,0.0024841805946651425,0.0,0.0,0.0,0.0,0.003288477219593372,0.0032985552927065447,0.0,0.0,0.0,0.0,0.0,0.0,0.0,0.0,0.0,0.0,0.0,0.0,0.0,2.4841805946651425e-05,0.0,0.0,0.0,0.0,0.0,0.0,0.0,0.0,0.0,0.0,0.0,0.0,0.0,0.0,0.0,0.0,0.0033160870830630453,0.0033187334237118546,0.0,0.0,0.0,0.0
r490r,0.04203098455505531,0.04217767243409341,0.042703766061959685,0.1373218195963645,0.14288208113685819,0.14719774360651905,0.24287946761511559,0.22127084048902912,0.21132340351530426,0.42583582710512774,0.33711101860701403,0.34575841439185406,0.4741505330823971,0.38212087098967756,0.4730727674846275,0.1645705822950695,0.21802620419355503,0.19127067431511033,0.17145236521077037,0.3182638013229445,0.262929095390404,0.2842243966548435,0.16831816238319203,0.2658569510270511,0.31534821594608914,0.2018566086424568,0.3055567006772925,0.25765388338760437,0.4120594575422894,0.009980922278486636,0.2779746921407284,0.2525639035077433,0.28817107375588585,0.2702513505902886,0.21805614098530798,0.20877636147987455,0.3092918239158736,0.33368644400185493,0.3219757712869113,0.357031191836745,0.34809645394060573,0.30380839231827017,0.35371340765318504,0.35863604439053554,0.2983409488095594,0.34386580894728747,0.43664916277473204,0.3898494378611752,0.16204336287290377,0.033483864105500034,0.4874734559513146,0.40835961199892185,0.341875710158917,0.3675524948812458,0.43355324151531266,0.27926328187349697,0.24550845003957106,0.26649509569696633,0.43437585034642645,0.40743222890025604,0.27398725967526805,0.4123863404100735,0.3670995654852001,0.41343955634126095,0.444655642364465,0.4394632238887583,0.1559658995848043,0.21108329191944622,0.2517375789836214,0.43058255864445577,0.1662639032735792,0.3693118500890409
r491,0.034198049157534695,0.03437493968376867,0.034936190490404986,0.12947781679756765,0.1350674760043569,0.13939219273269882,0.23509822935037777,0.21346786421923516,0.20351358092952168,0.418052759606418,0.32930737623935363,0.33845692349766365,0.46635371252974184,0.37496109888920603,0.4652762585754902,0.15739008788001727,0.21027254507008178,0.18353162690246505,0.16479158641327005,0.3112920279443826,0.25591688874669644,0.2765672265910154,0.1613025014880997,0.2591417815365461,0.3075707179726228,0.19471470113112116,0.2977659681004794,0.25039312170597094,0.4042456838909142,0.004104553541329213,0.2702525709684841,0.24479017840595907,0.28037311938591636,0.26248306150615447,0.21027719577996204,0.20097357643216943,0.30149650180651283,0.32591294566779944,0.3145366566589771,0.3492473257609769,0.34042706014230256,0.29600289250267403,0.34593490632046764,0.35113173878075954,0.2906350220923132,0.33608570982865094,0.42890445698576324,0.38210242082905027,0.15665898592616825,0.03258807335170291,0.4800647442761095,0.4006841907588598,0.334097241901642,0.3599171973575603,0.42577252117195064,0.27146393346093445,0.23920807178142506,0.2601672234941261,0.42653892861568915,0.39961908912349126,0.267742333143734,0.40460068779817077,0.36047380776829435,0.4059376858030946,0.4377044767378153,0.43286174531493543,0.14812164280796083,0.20323277518167737,0.2439323462656091,0.4228579138856631,0.1595770424989723,0.36152515593558093
r492r,0.008249063974739441,0.008217256796931856,0.008180231875602703,0.008260719337194307,0.008229759905298974,0.008220224634630338,0.008194620406139674,0.008217513253494816,0.008224723283416077,0.008196546819073385,0.008218214738140382,0.007689386218634681,0.008211030510829963,0.007540138543721136,0.008210702311095225,0.007561961741538436,0.008165576109319235,0.008150188144107798,0.007014635974084971,0.007342152296483388,0.007384733598892077,0.008063961020534048,0.007388371359093985,0.0070719161996276965,0.008190681410039369,0.0075213248894294,0.008204619108254834,0.007646493246461373,0.008228884251326068,0.0061885537403118555,0.008132362688792092,0.00818670810267831,0.008212224562749523,0.008180983293895681,0.008192205526830325,0.008217311872636754,0.00820945246199364,0.008186469287802745,0.007834321281475593,0.00819738782093302,0.00807683414696456,0.008220170863917914,0.008191738073246363,0.0079029755665566,0.008115307895344167,0.008193420742336201,0.008156147124478957,0.008158581153575437,0.005670424642051616,0.0009433800818004292,0.007802303156808234,0.008083181799551064,0.008191703240659962,0.008040926490854604,0.008194074969934113,0.008213692664551055,0.006635088977364842,0.006664043551502901,0.008253262083882615,0.008228216701811522,0.00657669135028069,0.008199269267686517,0.0069777543812192065,0.00790041113055898,0.0073204497475334515,0.006952185396620433,0.00826098680795271,0.008267579332408214,0.008219889576642473,0.00813502034212761,0.00704210356916231,0.008200366141655742
r493,0.0004161285772166976,0.0004145240466072173,0.0004126563040511193,0.00041671653839745056,0.0004151547727976819,0.00041467376081514835,0.00041338214140169125,0.0004145369836998977,0.00041490069763150937,0.0004134793203635674,0.0004145723704792956,0.0003878953244427039,0.0004142099581743148,0.00038036644325029924,0.0004141934019579343,0.0003814673264880863,0.00041191698584595464,0.0004111407314625069,0.0003538571765872319,0.0003703789179231887,0.00037252695518438203,0.00040679095670504686,0.0003727104640021435,0.00035674670912448024,0.0004131834365731032,0.000379417378093584,0.00041388653143887335,0.0003857315648285899,0.00041511059995056774,0.00031218500315562087,0.00041024151654776294,0.00041298300089410474,0.0004142701927812758,0.0004126942097608504,0.00041326032148438505,0.0004145268249315071,0.00041413035263124985,0.000412970953746252,0.0003952066535429512,0.000413521745165785,0.000407440348660589,0.00041467104832197725,0.0004132367405308345,0.00039866995678061143,0.00040938117809556564,0.00041332162370011436,0.0004114413355106082,0.0004115641214494064,0.0002860476953187322,4.758932800330432e-05,0.0003935914816029819,0.00040776055949275243,0.0004132349833817677,0.00040562896716392306,0.00041335462657182166,0.00041434425198553165,0.0003347107192176253,0.00033617134866318607,0.0004163403531454017,0.00041507692504754644,0.00033176481874380405,0.00041361665578382785,0.00035199666431428173,0.000398540592393682,0.0003692841208838863,0.00035070682279839355,0.00041673003110722756,0.00041706259463561695,0.00041465685863033053,0.00041037558333458093,0.00035524279455468314,0.00041367198819556065
r494,0.00040000737325672877,0.0003984650036393833,0.0003966696191484126,0.00040057255628035823,0.0003990712949169,0.00039860891778114747,0.00039736733689218275,0.00039847743953718985,0.00039882706285643884,0.0003974607510516616,0.0003985114554001945,0.0003728679026725265,0.00039816308328136324,0.00036563069726481553,0.0003981471684680386,0.00036668893127305156,0.00039595894281076036,0.00039521276123635654,0.00034014842398336824,0.0003560300978583679,0.0003580949181796602,0.0003910315007552147,0.0003582713176969758,0.0003429260133714737,0.00039717633007148176,0.00036471839976550335,0.00039785218639523673,0.0003707879690967317,0.0003990288333665265,0.0003000906688929335,0.00039434838273477463,0.000396983659455108,0.0003982209843442288,0.0003967060563560718,0.00039725023639055907,0.00039846767432883377,0.00039808656173028135,0.0003969720790248476,0.0003798959841562994,0.0003975015322780064,0.0003916557346688956,0.0003986063103724576,0.00039722756898484584,0.00038322511583995824,0.0003935213745858101,0.0003973091637020469,0.0003955017196070496,0.0003956197487056038,0.0002749659444105005,4.574567364966542e-05,0.0003783433854633991,0.000391963540238796,0.00039722587990935053,0.00038991452775805687,0.00039734088801213853,0.00039829217442677013,0.0003217437179888554,0.0003231477613057746,0.00040021094479110046,0.00039899646306023223,0.0003189119444099037,0.0003975927659713793,0.00033835998966772363,0.00038310076314840616,0.00035497771426368734,0.0003371201177989401,0.0004005855262701437,0.0004009052059814526,0.0003985926704025211,0.0003944772556509168,0.0003414803618358577,0.0003976459547545705
r495,0.00040000737325672877,0.0003984650036393833,0.0003966696191484126,0.00040057255628035823,0.0003990712949169,0.00039860891778114747,0.00039736733689218275,0.00039847743953718985,0.00039882706285643884,0.0003974607510516616,0.0003985114554001945,0.0003728679026725265,0.00039816308328136324,0.00036563069726481553,0.0003981471684680386,0.00036668893127305156,0.00039595894281076036,0.00039521276123635654,0.00034014842398336824,0.0003560300978583679,0.0003580949181796602,0.0003910315007552147,0.0003582713176969758,0.0003429260133714737,0.00039717633007148176,0.00036471839976550335,0.00039785218639523673,0.0003707879690967317,0.0003990288333665265,0.0003000906688929335,0.00039434838273477463,0.000396983659455108,0.0003982209843442288,0.0003967060563560718,0.00039725023639055907,0.00039846767432883377,0.00039808656173028135,0.0003969720790248476,0.0003798959841562994,0.0003975015322780064,0.0003916557346688956,0.0003986063103724576,0.00039722756898484584,0.00038322511583995824,0.0003935213745858101,0.0003973091637020469,0.0003955017196070496,0.0003956197487056038,0.0002749659444105005,4.574567364966542e-05,0.0003783433854633991,0.000391963540238796,0.00039722587990935053,0.00038991452775805687,0.00039734088801213853,0.00039829217442677013,0.0003217437179888554,0.0003231477613057746,0.00040021094479110046,0.00039899646306023223,0.0003189119444099037,0.0003975927659713793,0.00033835998966772363,0.00038310076314840616,0.00035497771426368734,0.0003371201177989401,0.0004005855262701437,0.0004009052059814526,0.0003985926704025211,0.0003944772556509168,0.0003414803618358577,0.0003976459547545705
r497r,0.0004161285772166976,0.0004145240466072173,0.0004126563040511193,0.00041671653839745056,0.0004151547727976819,0.00041467376081514835,0.00041338214140169125,0.0004145369836998977,0.00041490069763150937,0.0004134793203635674,0.0004145723704792956,0.0003878953244427039,0.0004142099581743148,0.00038036644325029924,0.0004141934019579343,0.0003814673264880863,0.00041191698584595464,0.0004111407314625069,0.0003538571765872319,0.0003703789179231887,0.00037252695518438203,0.00040679095670504686,0.0003727104640021435,0.00035674670912448024,0.0004131834365731032,0.000379417378093584,0.00041388653143887335,0.0003857315648285899,0.00041511059995056774,0.00031218500315562087,0.00041024151654776294,0.00041298300089410474,0.0004142701927812758,0.0004126942097608504,0.00041326032148438505,0.0004145268249315071,0.00041413035263124985,0.000412970953746252,0.0003952066535429512,0.000413521745165785,0.000407440348660589,0.00041467104832197725,0.0004132367405308345,0.00039866995678061143,0.00040938117809556564,0.00041332162370011436,0.0004114413355106082,0.0004115641214494064,0.0002860476953187322,4.758932800330432e-05,0.0003935914816029819,0.00040776055949275243,0.0004132349833817677,0.00040562896716392306,0.00041335462657182166,0.00041434425198553165,0.0003347107192176253,0.00033617134866318607,0.0004163403531454017,0.00041507692504754644,0.00033176481874380405,0.00041361665578382785,0.00035199666431428173,0.000398540592393682,0.0003692841208838863,0.00035070682279839355,0.00041673003110722756,0.00041706259463561695,0.00041465685863033053,0.00041037558333458093,0.00035524279455468314,0.00041367198819556065
r499r,0.00040000737325672877,0.0003984650036393833,0.0003966696191484126,0.00040057255628035823,0.0003990712949169,0.00039860891778114747,0.00039736733689218275,0.00039847743953718985,0.00039882706285643884,0.0003974607510516616,0.0003985114554001945,0.0003728679026725265,0.00039816308328136324,0.00036563069726481553,0.0003981471684680386,0.00036668893127305156,0.00039595894281076036,0.00039521276123635654,0.00034014842398336824,0.0003560300978583679,0.0003580949181796602,0.0003910315007552147,0.0003582713176969758,0.0003429260133714737,0.00039717633007148176,0.00036471839976550335,0.00039785218639523673,0.0003707879690967317,0.0003990288333665265,0.0003000906688929335,0.00039434838273477463,0.000396983659455108,0.0003982209843442288,0.0003967060563560718,0.00039725023639055907,0.00039846767432883377,0.00039808656173028135,0.0003969720790248476,0.0003798959841562994,0.0003975015322780064,0.0003916557346688956,0.0003986063103724576,0.00039722756898484584,0.00038322511583995824,0.0003935213745858101,0.0003973091637020469,0.0003955017196070496,0.0003956197487056038,0.0002749659444105005,4.574567364966542e-05,0.0003783433854633991,0.000391963540238796,0.00039722587990935053,0.00038991452775805687,0.00039734088801213853,0.00039829217442677013,0.0003217437179888554,0.0003231477613057746,0.00040021094479110046,0.00039899646306023223,0.0003189119444099037,0.0003975927659713793,0.00033835998966772363,0.00038310076314840616,0.00035497771426368734,0.0003371201177989401,0.0004005855262701437,0.0004009052059814526,0.0003985926704025211,0.0003944772556509168,0.0003414803618358577,0.0003976459547545705
r508,0.08659339272030211,0.08665652564470419,0.08740869876774958,0.12060510078360065,0.12382821905511263,0.12625260233573868,0.17153829564326026,0.16164104510682503,0.15706419358520804,0.2474286984268004,0.21385604169938272,0.1820337944001684,0.32905141346175104,0.18943228200934142,0.4251490379632655,0.12900871652384213,0.1560548158094702,0.14442269936072719,0.07748067531215894,0.14881144682480882,0.12848476509381995,0.18355763159376104,0.10539434184755254,0.10603788068664555,0.20117992392857337,0.11581541807284651,0.19731230583391252,0.1435756557987289,0.24091025631180113,0.008720312405060123,0.18138134460255992,0.16960755958085158,0.18784769964597875,0.17751132935796018,0.1550985409728976,0.15070796629186645,0.19954655946527497,0.20975464835834814,0.21034109371854579,0.21959160244198866,0.217880551588572,0.1970165417844824,0.21842629370531147,0.20159765460755844,0.188897935035968,0.21177690833133545,0.2537206572815338,0.22553515220277193,0.007990214906907314,0.005544377489573446,0.32267674226261756,0.3408315040236325,0.20614965859470327,0.20865035456211264,0.392114215365119,0.18156510883015556,0.06588732599741996,0.07984952033430116,0.4441642124308889,0.31709967656970256,0.08416692114980197,0.4885780615325954,0.1489772160776247,0.41194583572032606,0.3344020926780849,0.2426994578930694,0.12914425731820683,0.15527726206992187,0.17334181381674585,0.24579424929296295,0.07609983270299142,0.22112019186926182
r531,0.013426146643249193,0.013374377395867717,0.01331411576803685,0.013445116868957158,0.013394727409754123,0.013379207837755957,0.013337534488214854,0.013374794803642459,0.013386529822214666,0.0,0.0,0.0,0.0,0.0,0.0,0.01230782153750087,0.013290262095921821,0.013265216699486255,0.0,0.0,0.0,0.0,0.012025286459863458,0.0,0.0,0.012241681144212336,0.0,0.0,0.0,0.0,0.0,0.012414562924169488,0.0,0.0,0.013333604039398398,0.0133744670368858,0.0,0.0,0.0,0.0,0.0,0.0,0.0,0.0,0.0,0.0,0.0,0.0,0.0,4.058467885200561e-05,0.0,0.0,0.0,0.0,0.0,0.0,0.0,0.0,0.0,0.0,0.0,0.0,0.0,0.0,0.0,0.0,0.013445552203394613,0.013456282172314659,0.013378662498588325,0.0,0.004058467885200561,0.0
r541,1.8715195489479164,1.8576983583821163,1.8430422021944641,2.5761924321847682,2.6003805627321133,2.626535569668652,3.280046031646709,3.1467466016619436,3.0807951375752505,4.500009168919122,3.9275208378600936,3.7505845570189345,4.837158715092192,3.917087306281402,4.801736361276336,2.611006479709033,3.1274526756661847,2.9294458344122782,2.4683447859789163,3.4700740312888003,3.0956144090279176,3.53737258154995,2.5352920143093822,3.109370754387089,3.7724625502666145,2.7419404347282463,3.7068009010646077,3.148276074177479,4.4141988629112365,1.115016241493167,3.507832177125812,3.367981889211588,3.6100327434181865,3.4902732001534322,3.1275478191311588,3.077180758121452,3.731556894915095,3.893597188996484,3.624467091796153,4.06053562447224,3.924637172472691,3.7050755574573224,4.031576689569066,3.9305795016314877,3.648859158762602,3.9807869267347487,4.583799998574648,4.265108838451182,2.287914727770036,0.43666360490112444,4.803502278362868,4.275944323664204,3.9836350638973137,4.080873419659076,4.503028640172909,3.5529186963142143,2.972783248656998,3.1185766928113545,4.498758593607594,4.323120214667649,3.164862399324437,4.277228288468312,3.814571133151097,4.184236241858775,4.316814132250877,4.289684140227819,2.72052833051372,3.0900847385888413,3.3501543002586005,4.536422894274484,2.453522825702079,4.126897761570714
r542r,1.849092947347918,1.8353582304604565,1.8208027333490866,2.553734143332611,2.5780064428046967,2.604187373132918,3.2577674449277243,3.1244057765158217,3.0584347106332244,4.500009168919122,3.905178105598607,3.7505845570189345,4.837158715092192,3.917087306281402,4.801736361276336,2.590447892236417,3.1052530512240772,2.9072880449912457,2.449274204535793,3.4579730391017,3.075537648943186,3.5154492164652313,2.5152053643027092,3.090144446087962,3.7501946724349082,2.7214923260318096,3.6844951310300944,3.1274876722205285,4.4141988629112365,1.0981915169378538,3.485722849492192,3.345724813548647,3.58770629655313,3.468031688438862,3.1052757977068977,3.054840480466332,3.7092379845171397,3.8713407625958145,3.603168044689228,4.039054856433504,3.905459698739185,3.682727507107183,4.009305939003572,3.9305795016314877,3.6267961977299934,3.9585116015230417,4.583799998574648,4.265108838451182,2.2724986327149486,0.43410690560699056,4.803502278362868,4.275944323664204,3.9613644080306316,4.080873419659076,4.503028640172909,3.5305882581436823,2.954744535715556,3.100459261520695,4.498758593607594,4.323120214667649,3.1469824511011537,4.277228288468312,3.814571133151097,4.184236241858775,4.316814132250877,4.289684140227819,2.698069314492982,3.0676077995746676,3.3278070146397942,4.536422894274484,2.4343775685365294,4.126897761570714
r544,0.00043358772081524195,0.00043191584196041003,0.00042996976227286597,0.0004342003496867449,0.0004325730397302729,0.00043207183924196376,0.00043072603225820363,0.0004319293637056976,0.00043230830815961334,0.0004308272920186511,0.00043196621346585615,0.0004041698791247419,0.0004315886354114976,0.00039632513650135167,0.0004315713395738673,0.0003974722084573856,0.00042919940232372014,0.0004283905913401656,0.0003687036457476736,0.00038591858087014394,0.00038815674672836096,0.0004238583308043681,0.00038834795268412184,0.00037171440742090586,0.00043051898561851054,0.00039533626171223076,0.0004312515965758204,0.000401915377935176,0.0004325269926577845,0.0003252830658053096,0.0004274536426067922,0.0004303101599340743,0.0004316513544983966,0.00043000925435227673,0.0004305991249780517,0.0004319187520024898,0.000431505636882982,0.0004302976054918872,0.000411787976866534,0.00043087149912612383,0.0004245349514906473,0.0004320690151197728,0.0004305745370483087,0.00041539661612760624,0.0004265572216933268,0.000430662983534676,0.00042870377505298143,0.00042883172203310774,0.00029804913539400416,4.958599059903404e-05,0.00041010502987999325,0.00042486857396175325,0.0004305727069526626,0.0004226476158070252,0.000430697378397823,0.0004317285096670934,0.00034875389071425397,0.000350275776489844,0.00043380837443527515,0.00043249193737725716,0.00034568436454784066,0.0004309704397398462,0.00036676504174776276,0.00041526174977249956,0.0003847778176913732,0.0003654211175034427,0.000434214391226454,0.00043456090920810584,0.00043205424917568423,0.00042759332444066366,0.0003701473866010828,0.0004310280755195123
r1267,0.00043358772081524195,0.00043191584196041003,0.00042996976227286597,0.0004342003496867449,0.0004325730397302729,0.00043207183924196376,0.00043072603225820363,0.0004319293637056976,0.00043230830815961334,0.0004308272920186511,0.00043196621346585615,0.0004041698791247419,0.0004315886354114976,0.00039632513650135167,0.0004315713395738673,0.0003974722084573856,0.00042919940232372014,0.0004283905913401656,0.0003687036457476736,0.00038591858087014394,0.00038815674672836096,0.0004238583308043681,0.00038834795268412184,0.00037171440742090586,0.00043051898561851054,0.00039533626171223076,0.0004312515965758204,0.000401915377935176,0.0004325269926577845,0.0003252830658053096,0.0004274536426067922,0.0004303101599340743,0.0004316513544983966,0.00043000925435227673,0.0004305991249780517,0.0004319187520024898,0.000431505636882982,0.0004302976054918872,0.000411787976866534,0.00043087149912612383,0.0004245349514906473,0.0004320690151197728,0.0004305745370483087,0.00041539661612760624,0.0004265572216933268,0.000430662983534676,0.00042870377505298143,0.00042883172203310774,0.00029804913539400416,4.958599059903404e-05,0.00041010502987999325,0.00042486857396175325,0.0004305727069526626,0.0004226476158070252,0.000430697378397823,0.0004317285096670934,0.00034875389071425397,0.000350275776489844,0.00043380837443527515,0.00043249193737725716,0.00034568436454784066,0.0004309704397398462,0.00036676504174776276,0.00041526174977249956,0.0003847778176913732,0.0003654211175034427,0.000434214391226454,0.00043456090920810584,0.00043205424917568423,0.00042759332444066366,0.0003701473866010828,0.0004310280755195123
r545,0.00043358772081524195,0.00043191584196041003,0.00042996976227286597,0.0004342003496867449,0.0004325730397302729,0.00043207183924196376,0.00043072603225820363,0.0004319293637056976,0.00043230830815961334,0.0004308272920186511,0.00043196621346585615,0.0004041698791247419,0.0004315886354114976,0.00039632513650135167,0.0004315713395738673,0.0003974722084573856,0.00042919940232372014,0.0004283905913401656,0.0003687036457476736,0.00038591858087014394,0.00038815674672836096,0.0004238583308043681,0.00038834795268412184,0.00037171440742090586,0.00043051898561851054,0.00039533626171223076,0.0004312515965758204,0.000401915377935176,0.0004325269926577845,0.0003252830658053096,0.0004274536426067922,0.0004303101599340743,0.0004316513544983966,0.00043000925435227673,0.0004305991249780517,0.0004319187520024898,0.000431505636882982,0.0004302976054918872,0.000411787976866534,0.00043087149912612383,0.0004245349514906473,0.0004320690151197728,0.0004305745370483087,0.00041539661612760624,0.0004265572216933268,0.000430662983534676,0.00042870377505298143,0.00042883172203310774,0.00029804913539400416,4.958599059903404e-05,0.00041010502987999325,0.00042486857396175325,0.0004305727069526626,0.0004226476158070252,0.000430697378397823,0.0004317285096670934,0.00034875389071425397,0.000350275776489844,0.00043380837443527515,0.00043249193737725716,0.00034568436454784066,0.0004309704397398462,0.00036676504174776276,0.00041526174977249956,0.0003847778176913732,0.0003654211175034427,0.000434214391226454,0.00043456090920810584,0.00043205424917568423,0.00042759332444066366,0.0003701473866010828,0.0004310280755195123
r548,0.00043358772081524195,0.00043191584196041003,0.00042996976227286597,0.0004342003496867449,0.0004325730397302729,0.00043207183924196376,0.00043072603225820363,0.0004319293637056976,0.00043230830815961334,0.0004308272920186511,0.00043196621346585615,0.0004041698791247419,0.0004315886354114976,0.00039632513650135167,0.0004315713395738673,0.0003974722084573856,0.00042919940232372014,0.0004283905913401656,0.0003687036457476736,0.00038591858087014394,0.00038815674672836096,0.0004238583308043681,0.00038834795268412184,0.00037171440742090586,0.00043051898561851054,0.00039533626171223076,0.0004312515965758204,0.000401915377935176,0.0004325269926577845,0.0003252830658053096,0.0004274536426067922,0.0004303101599340743,0.0004316513544983966,0.00043000925435227673,0.0004305991249780517,0.0004319187520024898,0.000431505636882982,0.0004302976054918872,0.000411787976866534,0.00043087149912612383,0.0004245349514906473,0.0004320690151197728,0.0004305745370483087,0.00041539661612760624,0.0004265572216933268,0.000430662983534676,0.00042870377505298143,0.00042883172203310774,0.00029804913539400416,4.958599059903404e-05,0.00041010502987999325,0.00042486857396175325,0.0004305727069526626,0.0004226476158070252,0.000430697378397823,0.0004317285096670934,0.00034875389071425397,0.000350275776489844,0.00043380837443527515,0.00043249193737725716,0.00034568436454784066,0.0004309704397398462,0.00036676504174776276,0.00041526174977249956,0.0003847778176913732,0.0003654211175034427,0.000434214391226454,0.00043456090920810584,0.00043205424917568423,0.00042759332444066366,0.0003701473866010828,0.0004310280755195123
r549,0.00043358772081524195,0.00043191584196041003,0.00042996976227286597,0.0004342003496867449,0.0004325730397302729,0.00043207183924196376,0.00043072603225820363,0.0004319293637056976,0.00043230830815961334,0.0004308272920186511,0.00043196621346585615,0.0004041698791247419,0.0004315886354114976,0.00039632513650135167,0.0004315713395738673,0.0003974722084573856,0.00042919940232372014,0.0004283905913401656,0.0003687036457476736,0.00038591858087014394,0.00038815674672836096,0.0004238583308043681,0.00038834795268412184,0.00037171440742090586,0.00043051898561851054,0.00039533626171223076,0.0004312515965758204,0.000401915377935176,0.0004325269926577845,0.0003252830658053096,0.0004274536426067922,0.0004303101599340743,0.0004316513544983966,0.00043000925435227673,0.0004305991249780517,0.0004319187520024898,0.000431505636882982,0.0004302976054918872,0.000411787976866534,0.00043087149912612383,0.0004245349514906473,0.0004320690151197728,0.0004305745370483087,0.00041539661612760624,0.0004265572216933268,0.000430662983534676,0.00042870377505298143,0.00042883172203310774,0.00029804913539400416,4.958599059903404e-05,0.00041010502987999325,0.00042486857396175325,0.0004305727069526626,0.0004226476158070252,0.000430697378397823,0.0004317285096670934,0.00034875389071425397,0.000350275776489844,0.00043380837443527515,0.00043249193737725716,0.00034568436454784066,0.0004309704397398462,0.00036676504174776276,0.00041526174977249956,0.0003847778176913732,0.0003654211175034427,0.000434214391226454,0.00043456090920810584,0.00043205424917568423,0.00042759332444066366,0.0003701473866010828,0.0004310280755195123
r550,4.5423476949558524e-05,4.5248321653404464e-05,4.504444746880001e-05,4.548766489901744e-05,4.5317172707042915e-05,4.526467001929654e-05,4.512367280647992e-05,4.5249743645351e-05,4.528943326726826e-05,4.513427870666881e-05,4.5253596849930036e-05,4.234161570391971e-05,4.5214055583453616e-05,4.151977601349055e-05,4.521223293089475e-05,4.1639941902127995e-05,4.4963743622815136e-05,4.4879007435579464e-05,3.862609859845136e-05,4.042957344123359e-05,4.066404114171263e-05,4.440420543477382e-05,4.068407316310851e-05,3.8941510844048885e-05,4.510197557095218e-05,4.1416184556178836e-05,4.5178737905547985e-05,4.210542173145731e-05,4.5312333493853676e-05,3.4077274532509484e-05,4.4780849622441034e-05,4.508011484167332e-05,4.52206185455745e-05,4.504858779666421e-05,4.51103854069284e-05,4.5248622401168884e-05,4.520533793516818e-05,4.507878771647127e-05,4.3139679164208035e-05,4.5138896900527826e-05,4.44750830035497e-05,4.5264359179325265e-05,4.510779877431025e-05,4.3517744334601106e-05,4.468694769293535e-05,4.5117060392545425e-05,4.4911800043328784e-05,4.492527717636927e-05,3.122419604722563e-05,5.194722475674202e-06,4.2963365282706476e-05,4.451002626058083e-05,4.510762216069021e-05,4.427737061584346e-05,4.512068046714601e-05,4.5228682218855424e-05,3.653612315967304e-05,3.6695557320591356e-05,4.544659214015005e-05,4.530864983834987e-05,3.6214554163280744e-05,4.5149306002682954e-05,3.8423005550657855e-05,4.350359405136308e-05,4.0310058499938596e-05,3.8282213209640485e-05,4.5489120699856954e-05,4.552542135871073e-05,4.526282011777915e-05,4.479548534082901e-05,3.877734596116507e-05,4.51553249948541e-05
r559,0.3981992490207188,0.39666385126457554,0.3948765823195365,0.39876187728863266,0.39726740196772703,0.3968071148817084,0.39557114622053596,0.3966762309492966,0.3970242738916848,0.39566413812678713,0.39671009305287047,0.371182455011491,0.3963632956551898,0.3639779634170083,0.3963474527804382,0.3650314139670244,0.3941691184004453,0.39342630973633774,0.3386108758021011,0.35442076090178704,0.3564762477659599,0.3892639495028465,0.35665184991736626,0.34137590985491334,0.3953810027940749,0.36306978970972903,0.39605380409364577,0.36911192320816133,0.3972251323532114,0.29873419086852127,0.3925658384220313,0.3951892030926755,0.39642093499209247,0.3949128548227365,0.39545457503979325,0.396666509881902,0.3962871199989097,0.3951776750085912,0.3781787679697002,0.39570473501271775,0.38988536173736327,0.3968045192590988,0.395432010095906,0.3814928512215422,0.3917425685378526,0.39551323598644017,0.39371396194952646,0.3938314575297314,0.2737230358507953,0.04553889280823958,0.37663318737574614,0.39019177595613297,0.395430328655415,0.3881520254774817,0.39554481689544324,0.3964918032791856,0.32028936326148266,0.3216870599835153,0.39840190036548967,0.39719290836805754,0.3174703899426805,0.39579555630905155,0.33683052561601545,0.381369060632427,0.353373134320128,0.3355962582498624,0.3987747886511175,0.39909302333747815,0.39679094094493145,0.3926941288033039,0.3399367929927889,0.39584850466686516
r560,0.3981992490207188,0.39666385126457554,0.3948765823195365,0.39876187728863266,0.39726740196772703,0.3968071148817084,0.39557114622053596,0.3966762309492966,0.3970242738916848,0.39566413812678713,0.39671009305287047,0.371182455011491,0.3963632956551898,0.3639779634170083,0.3963474527804382,0.3650314139670244,0.3941691184004453,0.39342630973633774,0.3386108758021011,0.35442076090178704,0.3564762477659599,0.3892639495028465,0.35665184991736626,0.34137590985491334,0.3953810027940749,0.36306978970972903,0.39605380409364577,0.36911192320816133,0.3972251323532114,0.29873419086852127,0.3925658384220313,0.3951892030926755,0.39642093499209247,0.3949128548227365,0.39545457503979325,0.396666509881902,0.3962871199989097,0.3951776750085912,0.3781787679697002,0.39570473501271775,0.38988536173736327,0.3968045192590988,0.395432010095906,0.3814928512215422,0.3917425685378526,0.39551323598644017,0.39371396194952646,0.3938314575297314,0.2737230358507953,0.04553889280823958,0.37663318737574614,0.39019177595613297,0.395430328655415,0.3881520254774817,0.39554481689544324,0.3964918032791856,0.32028936326148266,0.3216870599835153,0.39840190036548967,0.39719290836805754,0.3174703899426805,0.39579555630905155,0.33683052561601545,0.381369060632427,0.353373134320128,0.3355962582498624,0.3987747886511175,0.39909302333747815,0.39679094094493145,0.3926941288033039,0.3399367929927889,0.39584850466686516
r561,0.3981992490207188,0.39666385126457554,0.3948765823195365,0.39876187728863266,0.39726740196772703,0.3968071148817084,0.39557114622053596,0.3966762309492966,0.3970242738916848,0.39566413812678713,0.39671009305287047,0.371182455011491,0.3963632956551898,0.3639779634170083,0.3963474527804382,0.3650314139670244,0.3941691184004453,0.39342630973633774,0.3386108758021011,0.35442076090178704,0.3564762477659599,0.3892639495028465,0.35665184991736626,0.34137590985491334,0.3953810027940749,0.36306978970972903,0.39605380409364577,0.36911192320816133,0.3972251323532114,0.29873419086852127,0.3925658384220313,0.3951892030926755,0.39642093499209247,0.3949128548227365,0.39545457503979325,0.396666509881902,0.3962871199989097,0.3951776750085912,0.3781787679697002,0.39570473501271775,0.38988536173736327,0.3968045192590988,0.395432010095906,0.3814928512215422,0.3917425685378526,0.39551323598644017,0.39371396194952646,0.3938314575297314,0.2737230358507953,0.04553889280823958,0.37663318737574614,0.39019177595613297,0.395430328655415,0.3881520254774817,0.39554481689544324,0.3964918032791856,0.32028936326148266,0.3216870599835153,0.39840190036548967,0.39719290836805754,0.3174703899426805,0.39579555630905155,0.33683052561601545,0.381369060632427,0.353373134320128,0.3355962582498624,0.3987747886511175,0.39909302333747815,0.39679094094493145,0.3926941288033039,0.3399367929927889,0.39584850466686516
r562,0.051187884528007946,0.050990511571531186,0.050760760971538595,0.05126020950320825,0.05106809706114649,0.051008927883237104,0.05085004606398695,0.05099210296044918,0.05103684333097864,0.050862000026659596,0.05099645588038023,0.047714918329647894,0.05095187562265562,0.04678879231427162,0.05094983904612929,0.046924211718609526,0.0506698176021393,0.05057433072159374,0.04352789326728156,0.04556022902601069,0.04582445861587268,0.05003926588779622,0.045847031995082235,0.04388333402755303,0.050825603426836306,0.04667204801861082,0.05091209097124385,0.04744875473661988,0.051062663368963014,0.03840180840207986,0.05046371849320597,0.050800947878158316,0.0509592850683763,0.05076542374453451,0.050835061022820136,0.050990853332589445,0.050942083362356054,0.050799465961157315,0.04861428331013766,0.05086721869222581,0.050119147449055934,0.051008594220050246,0.05083216033492342,0.04904030347775163,0.05035788844990388,0.05084260179485997,0.05061130795926818,0.050626411830525714,0.03518666392828196,0.005853952744346337,0.048415601365943826,0.05015853651291458,0.050831944188404164,0.049896329810556604,0.050846661470831646,0.05096839507476194,0.04117269176799716,0.04135236347403007,0.051213935038301704,0.05105852102656761,0.04081031720027704,0.050878893626423685,0.043299032062824726,0.04902439039303999,0.04542555828360637,0.04314036894236248,0.05126186923846281,0.05130277780476047,0.05100684874921042,0.05048021001909102,0.043698337827932074,0.05088570005419026
r563,0.01023757690560159,0.010198102314306236,0.010152152194307726,0.010252041900641648,0.010213619412229303,0.010201785576647424,0.010170009212797393,0.010198420592089839,0.010207368666195728,0.010172400005331924,0.010199291176076049,0.009542983665929582,0.010190375124531127,0.009357758462854325,0.010189967809225863,0.00938484234372191,0.010133963520427865,0.010114866144318753,0.008705578653747837,0.009112045805202142,0.00916489172317454,0.010007853177559244,0.009169406399016452,0.00877666680551061,0.010165120685367268,0.009334409603722171,0.010182418194248775,0.00948975094732398,0.010212532673792608,0.007680361680415973,0.010092743698641195,0.010160189575631664,0.010191857013675266,0.010153084748906903,0.010167012204564028,0.010198170666517896,0.010188416672471213,0.010159893192231463,0.009722856661927065,0.010173443738445162,0.010023829489811193,0.010201718844010051,0.010166432066984686,0.009808060695550333,0.010071577689980783,0.010168520358971998,0.010122261591853638,0.01012528236610515,0.007037332785656393,0.0011707905488692737,0.009683120273188768,0.010031707302582921,0.010166388837680838,0.009979265962111322,0.010169332294166337,0.010193679014952389,0.008234538353599434,0.008270472694806016,0.010242787007660343,0.010211704205313522,0.008162063440055408,0.010175778725284737,0.008659806412564948,0.009804878078607998,0.009085111656721278,0.008628073788472497,0.01025237384769256,0.010260555560952097,0.010201369749842084,0.01009604200381821,0.00873966756558642,0.010177140010838056
r564,0.010237576905601588,0.010198102314306233,0.010152152194307727,0.010252041900641648,0.010213619412229298,0.010201785576647424,0.010170009212797395,0.010198420592089835,0.010207368666195728,0.010172400005331926,0.010199291176076049,0.009542983665929582,0.010190375124531127,0.009357758462854327,0.010189967809225866,0.009384842343721911,0.010133963520427869,0.010114866144318755,0.008705578653747837,0.009112045805202144,0.009164891723174536,0.010007853177559244,0.009169406399016453,0.008776666805510614,0.01016512068536727,0.009334409603722173,0.010182418194248777,0.009489750947323978,0.010212532673792608,0.007680361680415971,0.010092743698641196,0.010160189575631662,0.010191857013675266,0.010153084748906905,0.010167012204564025,0.010198170666517898,0.010188416672471216,0.010159893192231465,0.009722856661927065,0.010173443738445162,0.010023829489811195,0.01020171884401005,0.010166432066984686,0.009808060695550331,0.01007157768998078,0.010168520358972,0.010122261591853634,0.010125282366105146,0.007037332785656393,0.0011707905488692737,0.009683120273188772,0.010031707302582925,0.010166388837680838,0.009979265962111322,0.010169332294166337,0.01019367901495239,0.008234538353599434,0.008270472694806016,0.010242787007660344,0.010211704205313522,0.008162063440055408,0.010175778725284738,0.008659806412564948,0.009804878078607995,0.009085111656721276,0.008628073788472497,0.01025237384769256,0.0102605555609521,0.010201369749842084,0.010096042003818213,0.008739667565586421,0.010177140010838052
r565,0.010237576905601588,0.010198102314306233,0.010152152194307727,0.010252041900641648,0.010213619412229298,0.010201785576647424,0.010170009212797395,0.010198420592089835,0.010207368666195728,0.010172400005331926,0.010199291176076049,0.009542983665929582,0.010190375124531127,0.009357758462854327,0.010189967809225866,0.009384842343721911,0.010133963520427869,0.010114866144318755,0.008705578653747837,0.009112045805202144,0.009164891723174536,0.010007853177559244,0.009169406399016453,0.008776666805510614,0.01016512068536727,0.009334409603722173,0.010182418194248777,0.009489750947323978,0.010212532673792608,0.007680361680415971,0.010092743698641196,0.010160189575631662,0.010191857013675266,0.010153084748906905,0.010167012204564025,0.010198170666517898,0.010188416672471216,0.010159893192231465,0.009722856661927065,0.010173443738445162,0.010023829489811195,0.01020171884401005,0.010166432066984686,0.009808060695550331,0.01007157768998078,0.010168520358972,0.010122261591853634,0.010125282366105146,0.007037332785656393,0.0011707905488692737,0.009683120273188772,0.010031707302582925,0.010166388837680838,0.009979265962111322,0.010169332294166337,0.01019367901495239,0.008234538353599434,0.008270472694806016,0.010242787007660344,0.010211704205313522,0.008162063440055408,0.010175778725284738,0.008659806412564948,0.009804878078607995,0.009085111656721276,0.008628073788472497,0.01025237384769256,0.0102605555609521,0.010201369749842084,0.010096042003818213,0.008739667565586421,0.010177140010838052
r566,0.010237576905601588,0.010198102314306233,0.010152152194307727,0.010252041900641648,0.010213619412229298,0.010201785576647424,0.010170009212797395,0.010198420592089835,0.010207368666195728,0.010172400005331926,0.010199291176076049,0.009542983665929582,0.010190375124531127,0.009357758462854327,0.010189967809225866,0.009384842343721911,0.010133963520427869,0.010114866144318755,0.008705578653747837,0.009112045805202144,0.009164891723174536,0.010007853177559244,0.009169406399016453,0.008776666805510614,0.01016512068536727,0.009334409603722173,0.010182418194248777,0.009489750947323978,0.010212532673792608,0.007680361680415971,0.010092743698641196,0.010160189575631662,0.010191857013675266,0.010153084748906905,0.010167012204564025,0.010198170666517898,0.010188416672471216,0.010159893192231465,0.009722856661927065,0.010173443738445162,0.010023829489811195,0.01020171884401005,0.010166432066984686,0.009808060695550331,0.01007157768998078,0.010168520358972,0.010122261591853634,0.010125282366105146,0.007037332785656393,0.0011707905488692737,0.009683120273188772,0.010031707302582925,0.010166388837680838,0.009979265962111322,0.010169332294166337,0.01019367901495239,0.008234538353599434,0.008270472694806016,0.010242787007660344,0.010211704205313522,0.008162063440055408,0.010175778725284738,0.008659806412564948,0.009804878078607995,0.009085111656721276,0.008628073788472497,0.01025237384769256,0.0102605555609521,0.010201369749842084,0.010096042003818213,0.008739667565586421,0.010177140010838052
r567,0.040950307622406354,0.040792409257224944,0.040608608777230874,0.0410081676025666,0.04085447764891719,0.04080714230658969,0.04068003685118955,0.040793682368359355,0.0408294746647829,0.040689600021327675,0.040797164704304174,0.03817193466371831,0.0407615004981245,0.03743103385141729,0.04075987123690343,0.03753936937488762,0.04053585408171144,0.04045946457727499,0.034822314613533724,0.03644818322080855,0.03665956689269814,0.040031412710236976,0.03667762559606578,0.03510666722204242,0.040660482741469044,0.037337638414888644,0.040729672776995074,0.037959003789295905,0.04085013069517041,0.030721446721663884,0.04037097479456477,0.04064075830252665,0.04076742805470104,0.0406123389956276,0.040668048818256114,0.040792682666071556,0.040753666689884845,0.040639572768925845,0.03889142664821059,0.04069377495378065,0.04009531795924474,0.0408068753760402,0.040665728267938725,0.0392322427822013,0.0402863107599231,0.04067408143588797,0.04048904636741455,0.04050112946442057,0.02814933114262556,0.004683162195477095,0.03873248109275505,0.040126829210331665,0.04066555535072333,0.03991706384844529,0.04067732917666531,0.04077471605980955,0.03293815341439773,0.033081890779224056,0.04097114803064136,0.04084681682125409,0.03264825376022163,0.04070311490113894,0.03463922565025978,0.03921951231443199,0.0363404466268851,0.03451229515388998,0.04100949539077024,0.04104222224380837,0.04080547899936834,0.0403841680152728,0.034958670262345656,0.04070856004335221
r568,0.010237576905601588,0.010198102314306236,0.01015215219430772,0.01025204190064165,0.010213619412229298,0.010201785576647422,0.01017000921279739,0.010198420592089839,0.010207368666195725,0.01017240000533192,0.010199291176076047,0.00954298366592958,0.010190375124531125,0.009357758462854325,0.010189967809225858,0.009384842343721906,0.010133963520427862,0.01011486614431875,0.008705578653456314,0.009112045805202139,0.009164891723174536,0.010007853177559244,0.009169406399016448,0.008776666805510607,0.010165120685367261,0.009334409603722163,0.01018241819424877,0.009489750947323976,0.010212532673792603,0.007680361680415971,0.010092743698641195,0.010160189575631662,0.010191857013675263,0.010153084748906903,0.010167012204564028,0.01019817066651789,0.010188416672471213,0.010159893192231463,0.009722856662027532,0.010173443738445162,0.010023829489811188,0.01020171884401005,0.010166432066984683,0.009808060695550328,0.010071577689980777,0.010168520358971995,0.010122261591853638,0.010125282366105144,0.007037332785656392,0.0011707905488692737,0.009683120273188765,0.010031707302582918,0.010166388837680833,0.009979265962111322,0.010169332294166332,0.010193679014952389,0.008234538353599434,0.008270472694806016,0.010242787007660343,0.010211704205313522,0.008162063440055408,0.010175778725284737,0.008659806412564945,0.009804878078607998,0.009085111656721274,0.008628073788472497,0.01025237384769256,0.010260555560952097,0.010201369749842084,0.010096042003818204,0.008739667565586416,0.010177140010838052
r569,0.010237576905601588,0.010198102314306236,0.01015215219430772,0.01025204190064165,0.010213619412229298,0.010201785576647422,0.01017000921279739,0.010198420592089839,0.010207368666195725,0.01017240000533192,0.010199291176076047,0.00954298366592958,0.010190375124531125,0.009357758462854325,0.010189967809225858,0.009384842343721906,0.010133963520427862,0.01011486614431875,0.008705578653456314,0.009112045805202139,0.009164891723174536,0.010007853177559244,0.009169406399016448,0.008776666805510607,0.010165120685367261,0.009334409603722163,0.01018241819424877,0.009489750947323976,0.010212532673792603,0.007680361680415971,0.010092743698641195,0.010160189575631662,0.010191857013675263,0.010153084748906903,0.010167012204564028,0.01019817066651789,0.010188416672471213,0.010159893192231463,0.009722856662027532,0.010173443738445162,0.010023829489811188,0.01020171884401005,0.010166432066984683,0.009808060695550328,0.010071577689980777,0.010168520358971995,0.010122261591853638,0.010125282366105144,0.007037332785656392,0.0011707905488692737,0.009683120273188765,0.010031707302582918,0.010166388837680833,0.009979265962111322,0.010169332294166332,0.010193679014952389,0.008234538353599434,0.008270472694806016,0.010242787007660343,0.010211704205313522,0.008162063440055408,0.010175778725284737,0.008659806412564945,0.009804878078607998,0.009085111656721274,0.008628073788472497,0.01025237384769256,0.010260555560952097,0.010201369749842084,0.010096042003818204,0.008739667565586416,0.010177140010838052
r570,0.010237576905601588,0.010198102314306236,0.01015215219430772,0.01025204190064165,0.010213619412229298,0.010201785576647422,0.01017000921279739,0.010198420592089839,0.010207368666195725,0.01017240000533192,0.010199291176076047,0.00954298366592958,0.010190375124531125,0.009357758462854325,0.010189967809225858,0.009384842343721906,0.010133963520427862,0.01011486614431875,0.008705578653456314,0.009112045805202139,0.009164891723174536,0.010007853177559244,0.009169406399016448,0.008776666805510607,0.010165120685367261,0.009334409603722163,0.01018241819424877,0.009489750947323976,0.010212532673792603,0.007680361680415971,0.010092743698641195,0.010160189575631662,0.010191857013675263,0.010153084748906903,0.010167012204564028,0.01019817066651789,0.010188416672471213,0.010159893192231463,0.009722856662027532,0.010173443738445162,0.010023829489811188,0.01020171884401005,0.010166432066984683,0.009808060695550328,0.010071577689980777,0.010168520358971995,0.010122261591853638,0.010125282366105144,0.007037332785656392,0.0011707905488692737,0.009683120273188765,0.010031707302582918,0.010166388837680833,0.009979265962111322,0.010169332294166332,0.010193679014952389,0.008234538353599434,0.008270472694806016,0.010242787007660343,0.010211704205313522,0.008162063440055408,0.010175778725284737,0.008659806412564945,0.009804878078607998,0.009085111656721274,0.008628073788472497,0.01025237384769256,0.010260555560952097,0.010201369749842084,0.010096042003818204,0.008739667565586416,0.010177140010838052
r571,0.010237576905601588,0.010198102314306236,0.01015215219430772,0.01025204190064165,0.010213619412229298,0.010201785576647422,0.01017000921279739,0.010198420592089839,0.010207368666195725,0.01017240000533192,0.010199291176076047,0.00954298366592958,0.010190375124531125,0.009357758462854325,0.010189967809225858,0.009384842343721906,0.010133963520427862,0.01011486614431875,0.008705578653456314,0.009112045805202139,0.009164891723174536,0.010007853177559244,0.009169406399016448,0.008776666805510607,0.010165120685367261,0.009334409603722163,0.01018241819424877,0.009489750947323976,0.010212532673792603,0.007680361680415971,0.010092743698641195,0.010160189575631662,0.010191857013675263,0.010153084748906903,0.010167012204564028,0.01019817066651789,0.010188416672471213,0.010159893192231463,0.009722856662027532,0.010173443738445162,0.010023829489811188,0.01020171884401005,0.010166432066984683,0.009808060695550328,0.010071577689980777,0.010168520358971995,0.010122261591853638,0.010125282366105144,0.007037332785656392,0.0011707905488692737,0.009683120273188765,0.010031707302582918,0.010166388837680833,0.009979265962111322,0.010169332294166332,0.010193679014952389,0.008234538353599434,0.008270472694806016,0.010242787007660343,0.010211704205313522,0.008162063440055408,0.010175778725284737,0.008659806412564945,0.009804878078607998,0.009085111656721274,0.008628073788472497,0.01025237384769256,0.010260555560952097,0.010201369749842084,0.010096042003818204,0.008739667565586416,0.010177140010838052
r572,0.040950307622406354,0.040792409257224944,0.04060860877723088,0.0410081676025666,0.04085447764891719,0.04080714230658969,0.04068003685118956,0.040793682368359355,0.0408294746647829,0.04068960002132768,0.04079716470430419,0.03817193466371832,0.0407615004981245,0.0374310338514173,0.04075987123690343,0.037539369374887624,0.040535854081711446,0.040459464577275,0.034822314613825255,0.036448183220808554,0.03665956689269814,0.040031412710236976,0.03667762559606579,0.03510666722204243,0.040660482741469044,0.03733763841488865,0.04072967277699508,0.037959003789295905,0.04085013069517041,0.030721446721663884,0.04037097479456478,0.04064075830252665,0.04076742805470105,0.04061233899562761,0.040668048818256114,0.04079268266607156,0.04075366668988485,0.04063957276892585,0.03889142664811013,0.04069377495378065,0.04009531795924475,0.0408068753760402,0.04066572826793873,0.03923224278220131,0.04028631075992311,0.04067408143588798,0.04048904636741455,0.040501129464420575,0.028149331142625567,0.004683162195477095,0.03873248109275506,0.04012682921033167,0.04066555535072333,0.03991706384844529,0.040677329176665326,0.040774716059809556,0.032938153414397736,0.03308189077922406,0.04097114803064137,0.04084681682125409,0.03264825376022163,0.04070311490113895,0.03463922565025978,0.03921951231443199,0.0363404466268851,0.03451229515388999,0.04100949539077024,0.041042222243808386,0.04080547899936834,0.040384168015272816,0.03495867026234566,0.04070856004335221
r573,0.010237576905601588,0.010198102314306236,0.01015215219430772,0.01025204190064165,0.010213619412229298,0.010201785576647422,0.01017000921279739,0.010198420592089839,0.010207368666195725,0.01017240000533192,0.010199291176076047,0.00954298366592958,0.010190375124531125,0.009357758462854325,0.010189967809225858,0.009384842343721906,0.010133963520427862,0.01011486614431875,0.008705578653456314,0.009112045805202139,0.009164891723174536,0.010007853176804454,0.009169406399016448,0.008776666805510607,0.010165120685367261,0.009334409603722163,0.01018241819424877,0.009489750947323976,0.010212532673792603,0.007680361680415971,0.010092743698641195,0.010160189575631662,0.010191857013675263,0.010153084748906903,0.010167012204564028,0.01019817066651789,0.010188416672471213,0.010159893192231463,0.009722856662027532,0.010173443738445162,0.010023829489811188,0.01020171884401005,0.010166432066984683,0.009808060695550328,0.010071577689980777,0.010168520358971995,0.010122261591853638,0.010125282366105144,0.007037332785656392,0.0011707905488692737,0.009683120273188765,0.010031707302582918,0.010166388837680833,0.009979265962111322,0.010169332294166332,0.010193679014952389,0.008234538353599434,0.008270472694806016,0.010242787007660343,0.010211704205313522,0.008162063439852344,0.010175778725284737,0.008659806412564945,0.009804878078607998,0.009085111656721274,0.008628073788472497,0.01025237384769256,0.010260555560952097,0.010201369750385249,0.010096042003818204,0.008739667565586416,0.010177140010838052
r574,0.010237576905601588,0.010198102314306236,0.01015215219430772,0.01025204190064165,0.010213619412229298,0.010201785576647422,0.01017000921279739,0.010198420592089839,0.010207368666195725,0.01017240000533192,0.010199291176076047,0.00954298366592958,0.010190375124531125,0.009357758462854325,0.010189967809225858,0.009384842343721906,0.010133963520427862,0.01011486614431875,0.008705578653456314,0.009112045805202139,0.009164891723174536,0.010007853176804454,0.009169406399016448,0.008776666805510607,0.010165120685367261,0.009334409603722163,0.01018241819424877,0.009489750947323976,0.010212532673792603,0.007680361680415971,0.010092743698641195,0.010160189575631662,0.010191857013675263,0.010153084748906903,0.010167012204564028,0.01019817066651789,0.010188416672471213,0.010159893192231463,0.009722856662027532,0.010173443738445162,0.010023829489811188,0.01020171884401005,0.010166432066984683,0.009808060695550328,0.010071577689980777,0.010168520358971995,0.010122261591853638,0.010125282366105144,0.007037332785656392,0.0011707905488692737,0.009683120273188765,0.010031707302582918,0.010166388837680833,0.009979265962111322,0.010169332294166332,0.010193679014952389,0.008234538353599434,0.008270472694806016,0.010242787007660343,0.010211704205313522,0.008162063439852344,0.010175778725284737,0.008659806412564945,0.009804878078607998,0.009085111656721274,0.008628073788472497,0.01025237384769256,0.010260555560952097,0.010201369750385249,0.010096042003818204,0.008739667565586416,0.010177140010838052
r575,0.010237576905601588,0.010198102314306236,0.01015215219430772,0.01025204190064165,0.010213619412229298,0.010201785576647422,0.01017000921279739,0.010198420592089839,0.010207368666195725,0.01017240000533192,0.010199291176076047,0.00954298366592958,0.010190375124531125,0.009357758462854325,0.010189967809225858,0.009384842343721906,0.010133963520427862,0.01011486614431875,0.008705578653456314,0.009112045805202139,0.009164891723174536,0.010007853176804454,0.009169406399016448,0.008776666805510607,0.010165120685367261,0.009334409603722163,0.01018241819424877,0.009489750947323976,0.010212532673792603,0.007680361680415971,0.010092743698641195,0.010160189575631662,0.010191857013675263,0.010153084748906903,0.010167012204564028,0.01019817066651789,0.010188416672471213,0.010159893192231463,0.009722856662027532,0.010173443738445162,0.010023829489811188,0.01020171884401005,0.010166432066984683,0.009808060695550328,0.010071577689980777,0.010168520358971995,0.010122261591853638,0.010125282366105144,0.007037332785656392,0.0011707905488692737,0.009683120273188765,0.010031707302582918,0.010166388837680833,0.009979265962111322,0.010169332294166332,0.010193679014952389,0.008234538353599434,0.008270472694806016,0.010242787007660343,0.010211704205313522,0.008162063439852344,0.010175778725284737,0.008659806412564945,0.009804878078607998,0.009085111656721274,0.008628073788472497,0.01025237384769256,0.010260555560952097,0.010201369750385249,0.010096042003818204,0.008739667565586416,0.010177140010838052
r576,0.010237576905601588,0.010198102314306236,0.01015215219430772,0.01025204190064165,0.010213619412229298,0.010201785576647422,0.01017000921279739,0.010198420592089839,0.010207368666195725,0.01017240000533192,0.010199291176076047,0.00954298366592958,0.010190375124531125,0.009357758462854325,0.010189967809225858,0.009384842343721906,0.010133963520427862,0.01011486614431875,0.008705578653456314,0.009112045805202139,0.009164891723174536,0.010007853176804454,0.009169406399016448,0.008776666805510607,0.010165120685367261,0.009334409603722163,0.01018241819424877,0.009489750947323976,0.010212532673792603,0.007680361680415971,0.010092743698641195,0.010160189575631662,0.010191857013675263,0.010153084748906903,0.010167012204564028,0.01019817066651789,0.010188416672471213,0.010159893192231463,0.009722856662027532,0.010173443738445162,0.010023829489811188,0.01020171884401005,0.010166432066984683,0.009808060695550328,0.010071577689980777,0.010168520358971995,0.010122261591853638,0.010125282366105144,0.007037332785656392,0.0011707905488692737,0.009683120273188765,0.010031707302582918,0.010166388837680833,0.009979265962111322,0.010169332294166332,0.010193679014952389,0.008234538353599434,0.008270472694806016,0.010242787007660343,0.010211704205313522,0.008162063439852344,0.010175778725284737,0.008659806412564945,0.009804878078607998,0.009085111656721274,0.008628073788472497,0.01025237384769256,0.010260555560952097,0.010201369750385249,0.010096042003818204,0.008739667565586416,0.010177140010838052
r577,0.040950307622406354,0.040792409257224944,0.04060860877723088,0.0410081676025666,0.04085447764891719,0.04080714230658969,0.04068003685118956,0.040793682368359355,0.0408294746647829,0.04068960002132768,0.04079716470430419,0.03817193466371832,0.0407615004981245,0.0374310338514173,0.04075987123690343,0.037539369374887624,0.040535854081711446,0.040459464577275,0.034822314613825255,0.036448183220808554,0.03665956689269814,0.04003141271099177,0.03667762559606579,0.03510666722204243,0.040660482741469044,0.03733763841488865,0.04072967277699508,0.037959003789295905,0.04085013069517041,0.030721446721663884,0.04037097479456478,0.04064075830252665,0.04076742805470105,0.04061233899562761,0.040668048818256114,0.04079268266607156,0.04075366668988485,0.04063957276892585,0.03889142664811013,0.04069377495378065,0.04009531795924475,0.0408068753760402,0.04066572826793873,0.03923224278220131,0.04028631075992311,0.04067408143588798,0.04048904636741455,0.040501129464420575,0.028149331142625567,0.004683162195477095,0.03873248109275506,0.04012682921033167,0.04066555535072333,0.03991706384844529,0.040677329176665326,0.040774716059809556,0.032938153414397736,0.03308189077922406,0.04097114803064137,0.04084681682125409,0.0326482537604247,0.04070311490113895,0.03463922565025978,0.03921951231443199,0.0363404466268851,0.03451229515388999,0.04100949539077024,0.041042222243808386,0.040805478998825175,0.040384168015272816,0.03495867026234566,0.04070856004335221
r578,0.010237576905601585,0.010198102314306236,0.010152152194307719,0.010252041900641651,0.010213619412229298,0.010201785576647424,0.010170009212797388,0.010198420592089839,0.010207368666195728,0.010172400005331915,0.010199291176076049,0.009542983665929582,0.010190375124531127,0.009357758462854325,0.010189967809225858,0.009384842343721904,0.010133963520427858,0.010114866144318745,0.008705578653456314,0.00911204580520214,0.009164891723174536,0.010007853177558835,0.009169406399016448,0.008776666805510607,0.010165120685367261,0.009334409603722164,0.010182418194248768,0.00948975094732398,0.0102125326737926,0.00768036168041597,0.010092743698641188,0.010160189575631659,0.01019185701367526,0.010153084748906903,0.010167012204564028,0.010198170666517889,0.010188416672471208,0.010159893192231463,0.009722856662027532,0.010173443738445162,0.010023829489811188,0.010201718844010051,0.010166432066984678,0.009808060695550328,0.010071577689980776,0.01016852035897199,0.010122261591853638,0.010125282366105144,0.00703733278565639,0.0011707905488692735,0.009683120273188768,0.010031707302582914,0.010166388837680833,0.009979265962111322,0.010169332294166328,0.010193679014952389,0.00823453835359943,0.008270472694806012,0.010242787007660343,0.010211704205313518,0.008162063440055368,0.010175778725284731,0.008659806412564945,0.009804878078607998,0.009085111656721274,0.008628073788472492,0.01025237384769256,0.01026055556095209,0.010201369749841914,0.010096042003818204,0.008739667565586414,0.01017714001083805
r579,0.010237576905601582,0.010198102314306233,0.01015215219430772,0.010252041900641655,0.010213619412229298,0.010201785576647424,0.010170009212797388,0.010198420592089835,0.010207368666195728,0.010172400005331919,0.010199291176076049,0.009542983665929582,0.010190375124531127,0.009357758462854327,0.010189967809225858,0.009384842343721904,0.01013396352042786,0.010114866144318748,0.008705578653456314,0.009112045805202144,0.009164891723174536,0.010007853177558835,0.009169406399016445,0.008776666805510605,0.010165120685367261,0.009334409603722164,0.01018241819424877,0.009489750947323978,0.010212532673792603,0.007680361680415968,0.010092743698641188,0.010160189575631653,0.010191857013675257,0.010153084748906905,0.010167012204564025,0.01019817066651789,0.010188416672471208,0.010159893192231465,0.009722856662027532,0.010173443738445162,0.010023829489811188,0.01020171884401005,0.01016643206698468,0.009808060695550324,0.010071577689980772,0.010168520358971993,0.010122261591853634,0.010125282366105146,0.007037332785656388,0.0011707905488692737,0.009683120273188772,0.010031707302582916,0.01016638883768083,0.009979265962111322,0.010169332294166328,0.01019367901495239,0.00823453835359943,0.00827047269480601,0.010242787007660344,0.010211704205313518,0.008162063440055366,0.010175778725284731,0.008659806412564945,0.009804878078607995,0.009085111656721276,0.008628073788472492,0.01025237384769256,0.010260555560952091,0.010201369749841916,0.010096042003818206,0.008739667565586414,0.010177140010838052
r580,0.010237576905601582,0.010198102314306233,0.01015215219430772,0.010252041900641655,0.010213619412229298,0.010201785576647424,0.010170009212797388,0.010198420592089835,0.010207368666195728,0.010172400005331919,0.010199291176076049,0.009542983665929582,0.010190375124531127,0.009357758462854327,0.010189967809225858,0.009384842343721904,0.01013396352042786,0.010114866144318748,0.008705578653456314,0.009112045805202144,0.009164891723174536,0.010007853177558835,0.009169406399016445,0.008776666805510605,0.010165120685367261,0.009334409603722164,0.01018241819424877,0.009489750947323978,0.010212532673792603,0.007680361680415968,0.010092743698641188,0.010160189575631653,0.010191857013675257,0.010153084748906905,0.010167012204564025,0.01019817066651789,0.010188416672471208,0.010159893192231465,0.009722856662027532,0.010173443738445162,0.010023829489811188,0.01020171884401005,0.01016643206698468,0.009808060695550324,0.010071577689980772,0.010168520358971993,0.010122261591853634,0.010125282366105146,0.007037332785656388,0.0011707905488692737,0.009683120273188772,0.010031707302582916,0.01016638883768083,0.009979265962111322,0.010169332294166328,0.01019367901495239,0.00823453835359943,0.00827047269480601,0.010242787007660344,0.010211704205313518,0.008162063440055366,0.010175778725284731,0.008659806412564945,0.009804878078607995,0.009085111656721276,0.008628073788472492,0.01025237384769256,0.010260555560952091,0.010201369749841916,0.010096042003818206,0.008739667565586414,0.010177140010838052
r581,0.010237576905601582,0.010198102314306233,0.01015215219430772,0.010252041900641655,0.010213619412229298,0.010201785576647424,0.010170009212797388,0.010198420592089835,0.010207368666195728,0.010172400005331919,0.010199291176076049,0.009542983665929582,0.010190375124531127,0.009357758462854327,0.010189967809225858,0.009384842343721904,0.01013396352042786,0.010114866144318748,0.008705578653456314,0.009112045805202144,0.009164891723174536,0.010007853177558835,0.009169406399016445,0.008776666805510605,0.010165120685367261,0.009334409603722164,0.01018241819424877,0.009489750947323978,0.010212532673792603,0.007680361680415968,0.010092743698641188,0.010160189575631653,0.010191857013675257,0.010153084748906905,0.010167012204564025,0.01019817066651789,0.010188416672471208,0.010159893192231465,0.009722856662027532,0.010173443738445162,0.010023829489811188,0.01020171884401005,0.01016643206698468,0.009808060695550324,0.010071577689980772,0.010168520358971993,0.010122261591853634,0.010125282366105146,0.007037332785656388,0.0011707905488692737,0.009683120273188772,0.010031707302582916,0.01016638883768083,0.009979265962111322,0.010169332294166328,0.01019367901495239,0.00823453835359943,0.00827047269480601,0.010242787007660344,0.010211704205313518,0.008162063440055366,0.010175778725284731,0.008659806412564945,0.009804878078607995,0.009085111656721276,0.008628073788472492,0.01025237384769256,0.010260555560952091,0.010201369749841916,0.010096042003818206,0.008739667565586414,0.010177140010838052
r582,0.04095030762240636,0.040792409257224944,0.04060860877723088,0.04100816760256659,0.04085447764891719,0.04080714230658969,0.04068003685118956,0.040793682368359355,0.0408294746647829,0.04068960002132768,0.040797164704304174,0.03817193466371831,0.0407615004981245,0.03743103385141729,0.04075987123690343,0.037539369374887624,0.040535854081711446,0.040459464577275,0.034822314613825255,0.03644818322080855,0.03665956689269814,0.04003141271023534,0.03667762559606579,0.03510666722204243,0.040660482741469044,0.03733763841488865,0.04072967277699508,0.037959003789295905,0.04085013069517041,0.030721446721663884,0.04037097479456478,0.040640758302526656,0.04076742805470105,0.0406123389956276,0.040668048818256114,0.04079268266607156,0.04075366668988485,0.040639572768925845,0.03889142664811013,0.04069377495378065,0.04009531795924475,0.0408068753760402,0.04066572826793873,0.03923224278220131,0.04028631075992311,0.04067408143588798,0.04048904636741455,0.04050112946442057,0.028149331142625567,0.004683162195477095,0.03873248109275505,0.04012682921033167,0.04066555535072333,0.03991706384844529,0.040677329176665326,0.04077471605980955,0.032938153414397736,0.03308189077922406,0.04097114803064136,0.04084681682125409,0.03264825376022147,0.04070311490113895,0.03463922565025978,0.03921951231443199,0.0363404466268851,0.03451229515388999,0.04100949539077024,0.041042222243808386,0.04080547899936765,0.040384168015272816,0.03495867026234566,0.04070856004335221
r583,0.010237576905601585,0.010198102314306236,0.010152152194307719,0.010252041900641651,0.010213619412229298,0.010201785576647424,0.010170009212797388,0.010198420592089839,0.010207368666195728,0.010172400005331915,0.01019929117607604,0.009542983665929582,0.010190375124531127,0.009357758462854318,0.010189967809225858,0.009384842343721903,0.010133963520427858,0.010114866144318745,0.008705578653456314,0.00911204580520214,0.009164891723174536,0.010007853177558835,0.009169406399016448,0.008776666805510607,0.010165120685367261,0.009334409603722163,0.010182418194248768,0.00948975094732398,0.0102125326737926,0.00768036168041597,0.010092743698641188,0.010160189575631659,0.01019185701367526,0.010153084748906903,0.010167012204564028,0.010198170666517889,0.010188416672471208,0.010159893192231463,0.009722856662027532,0.010173443738445162,0.010023829489811188,0.010201718844010051,0.010166432066984678,0.009808060695550328,0.010071577689980776,0.01016852035897199,0.010122261591853638,0.010125282366105144,0.00703733278565639,0.0011707905488692735,0.009683120273188768,0.010031707302582914,0.010166388837680833,0.009979265962111322,0.010169332294166328,0.010193679014952389,0.00823453835359943,0.008270472694806012,0.010242787007660343,0.010211704205313518,0.008162063440055368,0.010175778725284731,0.008659806412564945,0.009804878078607998,0.009085111656721274,0.008628073788472492,0.01025237384769256,0.01026055556095209,0.010201369749841914,0.010096042003818204,0.008739667565586414,0.01017714001083805
r584,0.010237576905601582,0.010198102314306233,0.01015215219430772,0.010252041900641655,0.010213619412229298,0.010201785576647424,0.010170009212797388,0.010198420592089835,0.010207368666195728,0.010172400005331919,0.01019929117607604,0.009542983665929582,0.010190375124531127,0.009357758462854318,0.010189967809225858,0.009384842343721904,0.01013396352042786,0.010114866144318748,0.008705578653456314,0.009112045805202144,0.009164891723174536,0.010007853177558835,0.009169406399016445,0.008776666805510605,0.010165120685367261,0.009334409603722164,0.01018241819424877,0.009489750947323978,0.010212532673792603,0.007680361680415968,0.010092743698641188,0.010160189575631653,0.010191857013675257,0.010153084748906905,0.010167012204564025,0.01019817066651789,0.010188416672471208,0.010159893192231465,0.009722856662027532,0.010173443738445162,0.010023829489811188,0.01020171884401005,0.01016643206698468,0.009808060695550324,0.010071577689980772,0.010168520358971993,0.010122261591853634,0.010125282366105146,0.007037332785656388,0.0011707905488692737,0.009683120273188772,0.010031707302582916,0.01016638883768083,0.009979265962111322,0.010169332294166328,0.01019367901495239,0.00823453835359943,0.00827047269480601,0.010242787007660344,0.010211704205313518,0.008162063440055366,0.010175778725284731,0.008659806412564945,0.009804878078607995,0.009085111656721276,0.008628073788472492,0.01025237384769256,0.010260555560952091,0.010201369749841916,0.010096042003818206,0.008739667565586414,0.010177140010838052
r585,0.010237576905601582,0.010198102314306233,0.01015215219430772,0.010252041900641655,0.010213619412229298,0.010201785576647424,0.010170009212797388,0.010198420592089835,0.010207368666195728,0.010172400005331919,0.01019929117607604,0.009542983665929582,0.010190375124531127,0.009357758462854318,0.010189967809225858,0.009384842343721904,0.01013396352042786,0.010114866144318748,0.008705578653456314,0.009112045805202144,0.009164891723174536,0.010007853177558835,0.009169406399016445,0.008776666805510605,0.010165120685367261,0.009334409603722164,0.01018241819424877,0.009489750947323978,0.010212532673792603,0.007680361680415968,0.010092743698641188,0.010160189575631653,0.010191857013675257,0.010153084748906905,0.010167012204564025,0.01019817066651789,0.010188416672471208,0.010159893192231465,0.009722856662027532,0.010173443738445162,0.010023829489811188,0.01020171884401005,0.01016643206698468,0.009808060695550324,0.010071577689980772,0.010168520358971993,0.010122261591853634,0.010125282366105146,0.007037332785656388,0.0011707905488692737,0.009683120273188772,0.010031707302582916,0.01016638883768083,0.009979265962111322,0.010169332294166328,0.01019367901495239,0.00823453835359943,0.00827047269480601,0.010242787007660344,0.010211704205313518,0.008162063440055366,0.010175778725284731,0.008659806412564945,0.009804878078607995,0.009085111656721276,0.008628073788472492,0.01025237384769256,0.010260555560952091,0.010201369749841916,0.010096042003818206,0.008739667565586414,0.010177140010838052
r586,0.010237576905601582,0.010198102314306233,0.01015215219430772,0.010252041900641655,0.010213619412229298,0.010201785576647424,0.010170009212797388,0.010198420592089835,0.010207368666195728,0.010172400005331919,0.01019929117607604,0.009542983665929582,0.010190375124531127,0.009357758462854318,0.010189967809225858,0.009384842343721904,0.01013396352042786,0.010114866144318748,0.008705578653456314,0.009112045805202144,0.009164891723174536,0.010007853177558835,0.009169406399016445,0.008776666805510605,0.010165120685367261,0.009334409603722164,0.01018241819424877,0.009489750947323978,0.010212532673792603,0.007680361680415968,0.010092743698641188,0.010160189575631653,0.010191857013675257,0.010153084748906905,0.010167012204564025,0.01019817066651789,0.010188416672471208,0.010159893192231465,0.009722856662027532,0.010173443738445162,0.010023829489811188,0.01020171884401005,0.01016643206698468,0.009808060695550324,0.010071577689980772,0.010168520358971993,0.010122261591853634,0.010125282366105146,0.007037332785656388,0.0011707905488692737,0.009683120273188772,0.010031707302582916,0.01016638883768083,0.009979265962111322,0.010169332294166328,0.01019367901495239,0.00823453835359943,0.00827047269480601,0.010242787007660344,0.010211704205313518,0.008162063440055366,0.010175778725284731,0.008659806412564945,0.009804878078607995,0.009085111656721276,0.008628073788472492,0.01025237384769256,0.010260555560952091,0.010201369749841916,0.010096042003818206,0.008739667565586414,0.010177140010838052
r587,0.04095030762240636,0.040792409257224944,0.04060860877723088,0.04100816760256659,0.04085447764891719,0.04080714230658969,0.04068003685118956,0.040793682368359355,0.0408294746647829,0.04068960002132768,0.04079716470430419,0.03817193466371831,0.0407615004981245,0.0374310338514173,0.04075987123690343,0.037539369374887624,0.040535854081711446,0.040459464577275,0.034822314613825255,0.03644818322080855,0.03665956689269814,0.04003141271023534,0.03667762559606579,0.03510666722204243,0.040660482741469044,0.03733763841488865,0.04072967277699508,0.037959003789295905,0.04085013069517041,0.030721446721663884,0.04037097479456478,0.040640758302526656,0.04076742805470105,0.0406123389956276,0.040668048818256114,0.04079268266607156,0.04075366668988485,0.040639572768925845,0.03889142664811013,0.04069377495378065,0.04009531795924475,0.0408068753760402,0.04066572826793873,0.03923224278220131,0.04028631075992311,0.04067408143588798,0.04048904636741455,0.04050112946442057,0.028149331142625567,0.004683162195477095,0.03873248109275505,0.04012682921033167,0.04066555535072333,0.03991706384844529,0.040677329176665326,0.04077471605980955,0.032938153414397736,0.03308189077922406,0.04097114803064136,0.04084681682125409,0.03264825376022147,0.04070311490113895,0.03463922565025978,0.03921951231443199,0.0363404466268851,0.03451229515388999,0.04100949539077024,0.041042222243808386,0.04080547899936765,0.040384168015272816,0.03495867026234566,0.04070856004335221
r588,0.010015152233366409,0.00997653527890362,0.00993158348502017,0.010029302957577504,0.009991715247694335,0.009980138517580367,0.009949052536560112,0.009976846641688457,0.00998560030724743,0.009951391386017609,0.009977698311105369,0.009335649935144252,0.009968975972375577,0.00915444899049104,0.009968577506525033,0.009180944438824213,0.009913789983734708,0.009895107522957686,0.008516438635611549,0.008914074759875476,0.008965772531553845,0.009790419552070917,0.008970189120191763,0.008585982305112379,0.009944270218745931,0.009131607415688704,0.009961191916751594,0.009283573766579466,0.009990652120063477,0.007513495834604402,0.009873465716182701,0.009939446243782244,0.009970425665550862,0.009932495778657898,0.009946120642228226,0.009976602146074588,0.009967060070233636,0.009939156299696859,0.00951161495647728,0.009952412442671588,0.0098060487581624,0.009980073234796324,0.00994555310889226,0.009594967821564014,0.00985275956658681,0.009947596030020326,0.009902342294777112,0.009905297438779487,0.006884437578842071,0.0011453536015828695,0.009472741892363183,0.00981375541520658,0.009945510818801257,0.00976245343105665,0.00994839032486664,0.009972208081480735,0.008055632298856613,0.008090785919767899,0.010020249139182202,0.009989841651139527,0.007984731997062861,0.009954696698885424,0.008471660856180313,0.009591854351113746,0.0088877257907982,0.00844061766461453,0.01002962769264704,0.010037631647545698,0.00997973172515299,0.009876692361390297,0.008549786921793022,0.009956028408739744
r589,0.010015152233366405,0.00997653527890362,0.009931583485020167,0.010029302957577504,0.009991715247694332,0.009980138517580369,0.009949052536560109,0.00997684664168846,0.009985600307247428,0.009951391386017609,0.009977698311105372,0.009335649935144252,0.00996897597237558,0.00915444899049104,0.009968577506525035,0.009180944438824213,0.009913789983734708,0.009895107522957688,0.008516438635611549,0.008914074759875476,0.008965772531553848,0.009790419552070915,0.008970189120191763,0.008585982305112375,0.009944270218745934,0.009131607415688704,0.00996119191675159,0.009283573766579466,0.009990652120063477,0.007513495834604402,0.009873465716182705,0.00993944624378224,0.009970425665550862,0.009932495778657895,0.009946120642228223,0.00997660214607459,0.009967060070233631,0.009939156299696859,0.009511614956477281,0.00995241244267159,0.0098060487581624,0.00998007323479632,0.009945553108892264,0.00959496782156402,0.00985275956658681,0.009947596030020326,0.009902342294777112,0.009905297438779487,0.006884437578842068,0.0011453536015828695,0.009472741892363183,0.00981375541520658,0.009945510818801259,0.009762453431056653,0.00994839032486664,0.00997220808148073,0.008055632298856613,0.008090785919767899,0.010020249139182202,0.009989841651139529,0.007984731997062861,0.009954696698885428,0.008471660856180315,0.009591854351113743,0.008887725790798197,0.00844061766461453,0.01002962769264704,0.0100376316475457,0.00997973172515299,0.009876692361390297,0.008549786921793022,0.009956028408739744
r590,0.010015152233366405,0.00997653527890362,0.009931583485020167,0.010029302957577504,0.009991715247694332,0.009980138517580369,0.009949052536560109,0.00997684664168846,0.009985600307247428,0.009951391386017609,0.009977698311105372,0.009335649935144252,0.00996897597237558,0.00915444899049104,0.009968577506525035,0.009180944438824213,0.009913789983734708,0.009895107522957688,0.008516438635611549,0.008914074759875476,0.008965772531553848,0.009790419552070915,0.008970189120191763,0.008585982305112375,0.009944270218745934,0.009131607415688704,0.00996119191675159,0.009283573766579466,0.009990652120063477,0.007513495834604402,0.009873465716182705,0.00993944624378224,0.009970425665550862,0.009932495778657895,0.009946120642228223,0.00997660214607459,0.009967060070233631,0.009939156299696859,0.009511614956477281,0.00995241244267159,0.0098060487581624,0.00998007323479632,0.009945553108892264,0.00959496782156402,0.00985275956658681,0.009947596030020326,0.009902342294777112,0.009905297438779487,0.006884437578842068,0.0011453536015828695,0.009472741892363183,0.00981375541520658,0.009945510818801259,0.009762453431056653,0.00994839032486664,0.00997220808148073,0.008055632298856613,0.008090785919767899,0.010020249139182202,0.009989841651139529,0.007984731997062861,0.009954696698885428,0.008471660856180315,0.009591854351113743,0.008887725790798197,0.00844061766461453,0.01002962769264704,0.0100376316475457,0.00997973172515299,0.009876692361390297,0.008549786921793022,0.009956028408739744
r591,0.010015152233366405,0.00997653527890362,0.009931583485020167,0.010029302957577504,0.009991715247694332,0.009980138517580369,0.009949052536560109,0.00997684664168846,0.009985600307247428,0.009951391386017609,0.009977698311105372,0.009335649935144252,0.00996897597237558,0.00915444899049104,0.009968577506525035,0.009180944438824213,0.009913789983734708,0.009895107522957688,0.008516438635611549,0.008914074759875476,0.008965772531553848,0.009790419552070915,0.008970189120191763,0.008585982305112375,0.009944270218745934,0.009131607415688704,0.00996119191675159,0.009283573766579466,0.009990652120063477,0.007513495834604402,0.009873465716182705,0.00993944624378224,0.009970425665550862,0.009932495778657895,0.009946120642228223,0.00997660214607459,0.009967060070233631,0.009939156299696859,0.009511614956477281,0.00995241244267159,0.0098060487581624,0.00998007323479632,0.009945553108892264,0.00959496782156402,0.00985275956658681,0.009947596030020326,0.009902342294777112,0.009905297438779487,0.006884437578842068,0.0011453536015828695,0.009472741892363183,0.00981375541520658,0.009945510818801259,0.009762453431056653,0.00994839032486664,0.00997220808148073,0.008055632298856613,0.008090785919767899,0.010020249139182202,0.009989841651139529,0.007984731997062861,0.009954696698885428,0.008471660856180315,0.009591854351113743,0.008887725790798197,0.00844061766461453,0.01002962769264704,0.0100376316475457,0.00997973172515299,0.009876692361390297,0.008549786921793022,0.009956028408739744
r592,0.04006060893346564,0.03990614111561449,0.03972633394008069,0.040117211830310036,0.03996686099077734,0.039920554070321475,0.039796210146240456,0.03990738656675382,0.03994240122898973,0.03980556554407043,0.039910793244421476,0.03734259974057702,0.03987590388950233,0.036617795961964184,0.03987431002610014,0.03672377775529684,0.039655159934938844,0.039580430091830765,0.03406575454244622,0.03565629903950191,0.0358630901262154,0.03916167820828368,0.03588075648076704,0.034343929220449515,0.039777080874983724,0.036526429662754815,0.03984476766700637,0.03713429506631788,0.03996260848025391,0.030053983338417627,0.03949386286473082,0.039757784975128975,0.03988170266220347,0.0397299831146316,0.03978448256891291,0.03990640858429835,0.039868240280934546,0.039756625198787435,0.03804645982590914,0.039809649770686364,0.03922419503264963,0.039920292939185316,0.03978221243556906,0.038379871286256056,0.03941103826634726,0.03979038412008132,0.03960936917910843,0.03962118975511795,0.027537750315368266,0.004581414406331479,0.03789096756945273,0.03925502166082632,0.039782043275205035,0.03904981372422661,0.03979356129946659,0.03988883232592295,0.03222252919542645,0.032363143679071595,0.0400809965567288,0.03995936660455811,0.03193892798825146,0.0398187867955417,0.03388664342472125,0.038367417404455005,0.03555090316319281,0.03376247065845811,0.04011851077058818,0.040150526590182804,0.03991892690061197,0.0395067694455612,0.034199147687172096,0.03982411363495899
r598,0.009641670703145394,0.009604493838549359,0.009561218371133499,0.009655293723532434,0.0096191077212896,0.009607962706518262,0.009578035972955196,0.00960479359010287,0.009613220817048452,0.009580287602862348,0.009605613499363801,0.008987508165339785,0.009597216431018327,0.00881306450250413,0.009596832824615958,0.008838571891908507,0.009544088418831942,0.009526102657803135,0.008198846605101555,0.008581654223048175,0.00863142409963064,0.009425318673860494,0.008635675986400382,0.008265796876569368,0.009573431995652833,0.008791074727665589,0.009589722655655488,0.008937374002914337,0.00961808423943997,0.007233305193840273,0.009505267909665174,0.00956878791466471,0.009598612062746233,0.009562096643838157,0.009575213413794255,0.009604558212133334,0.009595371976024369,0.009568508783072053,0.009156911161063866,0.009581270582631163,0.00944036504110229,0.009607899858236818,0.0095746670447116,0.009237155660458745,0.009485333926508282,0.009576633781944377,0.00953306763305961,0.009535912574872513,0.006627705557027089,0.0011026414784123236,0.009119487737567447,0.009447784304205894,0.009574626331687779,0.009398395455582737,0.009577398456226998,0.00960032800944893,0.00775522449598256,0.00778906718044227,0.009646577536944393,0.009617303994237719,0.007686968183275552,0.009583469655166684,0.00815573866285224,0.00923415829645209,0.008556287850446861,0.008125853123054371,0.009655606348696113,0.009663311822927307,0.009607571084050833,0.009508374227955963,0.00823095127873845,0.009584751703366076
r599,0.009641670703145396,0.009604493838549359,0.009561218371133502,0.009655293723532434,0.009619107721289597,0.009607962706518262,0.009578035972955198,0.009604793590102871,0.009613220817048452,0.009580287602862348,0.009605613499363801,0.008987508165339785,0.009597216431018327,0.00881306450250413,0.009596832824615955,0.008838571891908507,0.009544088418831942,0.009526102657803135,0.008198846605101555,0.008581654223048175,0.008631424099630637,0.009425318673860492,0.008635675986400382,0.008265796876569368,0.009573431995652835,0.008791074727665589,0.009589722655655483,0.008937374002914337,0.00961808423943997,0.007233305193840271,0.009505267909665178,0.009568787914664714,0.009598612062746233,0.009562096643838157,0.009575213413794255,0.009604558212133334,0.00959537197602437,0.009568508783072052,0.009156911161063869,0.009581270582631163,0.00944036504110229,0.009607899858236818,0.0095746670447116,0.009237155660458745,0.009485333926508278,0.009576633781944377,0.009533067633059607,0.009535912574872513,0.006627705557027089,0.0011026414784123236,0.009119487737567447,0.009447784304205896,0.009574626331687779,0.00939839545558274,0.009577398456226998,0.00960032800944893,0.00775522449598256,0.00778906718044227,0.009646577536944393,0.009617303994237722,0.00768696818327555,0.009583469655166686,0.00815573866285224,0.009234158296452091,0.00855628785044686,0.008125853123054371,0.009655606348696116,0.009663311822927307,0.009607571084050836,0.009508374227955963,0.00823095127873845,0.009584751703366076
r600,0.009641670703145396,0.009604493838549359,0.009561218371133502,0.009655293723532434,0.009619107721289597,0.009607962706518262,0.009578035972955198,0.009604793590102871,0.009613220817048452,0.009580287602862348,0.009605613499363801,0.008987508165339785,0.009597216431018327,0.00881306450250413,0.009596832824615955,0.008838571891908507,0.009544088418831942,0.009526102657803135,0.008198846605101555,0.008581654223048175,0.008631424099630637,0.009425318673860492,0.008635675986400382,0.008265796876569368,0.009573431995652835,0.008791074727665589,0.009589722655655483,0.008937374002914337,0.00961808423943997,0.007233305193840271,0.009505267909665178,0.009568787914664714,0.009598612062746233,0.009562096643838157,0.009575213413794255,0.009604558212133334,0.00959537197602437,0.009568508783072052,0.009156911161063869,0.009581270582631163,0.00944036504110229,0.009607899858236818,0.0095746670447116,0.009237155660458745,0.009485333926508278,0.009576633781944377,0.009533067633059607,0.009535912574872513,0.006627705557027089,0.0011026414784123236,0.009119487737567447,0.009447784304205896,0.009574626331687779,0.00939839545558274,0.009577398456226998,0.00960032800944893,0.00775522449598256,0.00778906718044227,0.009646577536944393,0.009617303994237722,0.00768696818327555,0.009583469655166686,0.00815573866285224,0.009234158296452091,0.00855628785044686,0.008125853123054371,0.009655606348696116,0.009663311822927307,0.009607571084050836,0.009508374227955963,0.00823095127873845,0.009584751703366076
r601,0.009641670703145396,0.009604493838549359,0.009561218371133502,0.009655293723532434,0.009619107721289597,0.009607962706518262,0.009578035972955198,0.009604793590102871,0.009613220817048452,0.009580287602862348,0.009605613499363801,0.008987508165339785,0.009597216431018327,0.00881306450250413,0.009596832824615955,0.008838571891908507,0.009544088418831942,0.009526102657803135,0.008198846605101555,0.008581654223048175,0.008631424099630637,0.009425318673860492,0.008635675986400382,0.008265796876569368,0.009573431995652835,0.008791074727665589,0.009589722655655483,0.008937374002914337,0.00961808423943997,0.007233305193840271,0.009505267909665178,0.009568787914664714,0.009598612062746233,0.009562096643838157,0.009575213413794255,0.009604558212133334,0.00959537197602437,0.009568508783072052,0.009156911161063869,0.009581270582631163,0.00944036504110229,0.009607899858236818,0.0095746670447116,0.009237155660458745,0.009485333926508278,0.009576633781944377,0.009533067633059607,0.009535912574872513,0.006627705557027089,0.0011026414784123236,0.009119487737567447,0.009447784304205896,0.009574626331687779,0.00939839545558274,0.009577398456226998,0.00960032800944893,0.00775522449598256,0.00778906718044227,0.009646577536944393,0.009617303994237722,0.00768696818327555,0.009583469655166686,0.00815573866285224,0.009234158296452091,0.00855628785044686,0.008125853123054371,0.009655606348696116,0.009663311822927307,0.009607571084050836,0.009508374227955963,0.00823095127873845,0.009584751703366076
r602,0.03856668281258158,0.03841797535419745,0.038244873484534016,0.038621174894129744,0.038476430885158404,0.038431850826073054,0.038312143891820784,0.03841917436041148,0.038452883268193794,0.038321150411449414,0.038422453997455225,0.03595003266135913,0.03838886572407333,0.03525225801001652,0.038387331298463855,0.03535428756763402,0.038176353675327776,0.038104410631212546,0.032795386420406226,0.0343266168921927,0.03452569639852257,0.037701274695441975,0.03454270394560154,0.033063187506277465,0.03829372798261133,0.035164298910662355,0.038358890622621974,0.03574949601165735,0.03847233695775988,0.0289332207753611,0.03802107163866071,0.03827515165865886,0.038394448250984946,0.03824838657535263,0.03830085365517705,0.03841823284853334,0.03838148790409748,0.038274035132288234,0.03662764464425546,0.03832508233052467,0.03776146016440916,0.03843159943294727,0.03829866817884641,0.03694862264183498,0.03794133570603314,0.03830653512777753,0.03813227053223845,0.038143650299490066,0.026510822228108338,0.004410565913649293,0.03647795095026978,0.03779113721682358,0.038298505326751116,0.03759358182233096,0.03830959382490801,0.038401312037795725,0.031020897983930235,0.031156268721769093,0.03858631014777759,0.03846921597695089,0.030747872733102206,0.038333878620666714,0.03262295465140895,0.03693663318580837,0.034225151401787446,0.03250341249221749,0.03862242539478444,0.03865324729170923,0.038430284336203345,0.03803349691182385,0.03292380511495379,0.038339006813464326
r608,0.007292976194036566,0.007264855550134121,0.007232121912638419,0.007303280669934207,0.007275909516008753,0.007267479407792856,0.007244842775391634,0.0072650822827213645,0.007271456651582124,0.007246545912100645,0.007265702463487267,0.006798166532709874,0.007259350906643156,0.006666217048078966,0.007259060746104955,0.00668551088100747,0.007219164787448543,0.007205560327075102,0.006201621581004277,0.0064911779173008255,0.006528823936986778,0.007129327149416993,0.006532040071404366,0.006252262880736675,0.007241360319093575,0.006649583944818411,0.007253682602154511,0.006760244966589861,0.007275135352588928,0.0054712844077602464,0.007189800887984392,0.0072378475282990785,0.007260406564866781,0.007232786239612876,0.007242707786819556,0.007264904242423028,0.007257955757734209,0.00723763639268546,0.0069263032481248895,0.007247289439677333,0.007140708247307562,0.007267431869245387,0.007242294512311885,0.006987000324576409,0.007174722789064445,0.007243782155715211,0.007210828646259758,0.007212980565108031,0.005013207807720905,0.000834039898292209,0.006897996106648909,0.007146320190596005,0.0072422637169111004,0.007108962381109518,0.0072443605566491435,0.0072617045098846405,0.005866065059674663,0.005891663724025071,0.00729668773150616,0.007274545173784785,0.0058144358681173815,0.0072489528219006295,0.006169014659830794,0.006984733113320354,0.006471990749723111,0.006146409186463954,0.007303517140142179,0.007309345574016561,0.007267183183889352,0.007192150512447132,0.0062259056109986635,0.007249922565349218
r609,0.007292976194036566,0.007264855550134121,0.007232121912638418,0.007303280669934207,0.007275909516008753,0.007267479407792857,0.007244842775391634,0.0072650822827213645,0.007271456651582123,0.007246545912100645,0.007265702463487267,0.006798166532709876,0.007259350906643156,0.006666217048078965,0.007259060746104955,0.00668551088100747,0.007219164787448543,0.0072055603270751,0.006201621581004277,0.006491177917300824,0.006528823936986778,0.007129327149416993,0.006532040071404368,0.006252262880736673,0.007241360319093575,0.006649583944818409,0.007253682602154513,0.006760244966589862,0.007275135352588928,0.0054712844077602464,0.007189800887984392,0.00723784752829908,0.007260406564866781,0.007232786239612876,0.007242707786819554,0.007264904242423028,0.007257955757734209,0.00723763639268546,0.0069263032481248895,0.007247289439677333,0.007140708247307564,0.007267431869245387,0.007242294512311885,0.006987000324576409,0.007174722789064445,0.007243782155715211,0.007210828646259758,0.007212980565108031,0.005013207807720905,0.0008340398982922089,0.006897996106648909,0.007146320190596005,0.007242263716911102,0.007108962381109518,0.0072443605566491435,0.0072617045098846405,0.005866065059674663,0.005891663724025071,0.007296687731506158,0.007274545173784785,0.0058144358681173815,0.0072489528219006295,0.006169014659830794,0.006984733113320354,0.0064719907497231095,0.006146409186463954,0.007303517140142179,0.007309345574016559,0.007267183183889352,0.00719215051244713,0.0062259056109986635,0.007249922565349218
r610,0.007292976194036566,0.007264855550134121,0.007232121912638418,0.007303280669934207,0.007275909516008753,0.007267479407792857,0.007244842775391634,0.0072650822827213645,0.007271456651582123,0.007246545912100645,0.007265702463487267,0.006798166532709876,0.007259350906643156,0.006666217048078965,0.007259060746104955,0.00668551088100747,0.007219164787448543,0.0072055603270751,0.006201621581004277,0.006491177917300824,0.006528823936986778,0.007129327149416993,0.006532040071404368,0.006252262880736673,0.007241360319093575,0.006649583944818409,0.007253682602154513,0.006760244966589862,0.007275135352588928,0.0054712844077602464,0.007189800887984392,0.00723784752829908,0.007260406564866781,0.007232786239612876,0.007242707786819554,0.007264904242423028,0.007257955757734209,0.00723763639268546,0.0069263032481248895,0.007247289439677333,0.007140708247307564,0.007267431869245387,0.007242294512311885,0.006987000324576409,0.007174722789064445,0.007243782155715211,0.007210828646259758,0.007212980565108031,0.005013207807720905,0.0008340398982922089,0.006897996106648909,0.007146320190596005,0.007242263716911102,0.007108962381109518,0.0072443605566491435,0.0072617045098846405,0.005866065059674663,0.005891663724025071,0.007296687731506158,0.007274545173784785,0.0058144358681173815,0.0072489528219006295,0.006169014659830794,0.006984733113320354,0.0064719907497231095,0.006146409186463954,0.007303517140142179,0.007309345574016559,0.007267183183889352,0.00719215051244713,0.0062259056109986635,0.007249922565349218
r611,0.007292976194036566,0.007264855550134121,0.007232121912638418,0.007303280669934207,0.007275909516008753,0.007267479407792857,0.007244842775391634,0.0072650822827213645,0.007271456651582123,0.007246545912100645,0.007265702463487267,0.006798166532709876,0.007259350906643156,0.006666217048078965,0.007259060746104955,0.00668551088100747,0.007219164787448543,0.0072055603270751,0.006201621581004277,0.006491177917300824,0.006528823936986778,0.007129327149416993,0.006532040071404368,0.006252262880736673,0.007241360319093575,0.006649583944818409,0.007253682602154513,0.006760244966589862,0.007275135352588928,0.0054712844077602464,0.007189800887984392,0.00723784752829908,0.007260406564866781,0.007232786239612876,0.007242707786819554,0.007264904242423028,0.007257955757734209,0.00723763639268546,0.0069263032481248895,0.007247289439677333,0.007140708247307564,0.007267431869245387,0.007242294512311885,0.006987000324576409,0.007174722789064445,0.007243782155715211,0.007210828646259758,0.007212980565108031,0.005013207807720905,0.0008340398982922089,0.006897996106648909,0.007146320190596005,0.007242263716911102,0.007108962381109518,0.0072443605566491435,0.0072617045098846405,0.005866065059674663,0.005891663724025071,0.007296687731506158,0.007274545173784785,0.0058144358681173815,0.0072489528219006295,0.006169014659830794,0.006984733113320354,0.0064719907497231095,0.006146409186463954,0.007303517140142179,0.007309345574016559,0.007267183183889352,0.00719215051244713,0.0062259056109986635,0.007249922565349218
r612,0.029171904776146274,0.029059422200536485,0.028928487650553694,0.029213122679736837,0.02910363806403501,0.02906991763117143,0.028979371101566554,0.029060329130885458,0.029085826606328514,0.02898618364840257,0.02906280985394907,0.027192666130839496,0.029037403626572623,0.026664868192315862,0.02903624298441982,0.02674204352402988,0.028876659149794173,0.028822241308300408,0.024806486324017114,0.025964711669203305,0.02611529574794711,0.028517308597667972,0.026128160285617475,0.02500905152294669,0.0289654412763743,0.026598335779273636,0.029014730408618055,0.027040979866359435,0.029100541410355712,0.021885137631040986,0.02875920355193757,0.028951390113196324,0.029041626259467115,0.028931144958451522,0.028970831147278234,0.029059616969692118,0.029031823030936835,0.02895054557074184,0.027705212992499555,0.028989157758709343,0.02856283298923025,0.029069727476981545,0.02896917804924754,0.027948001298305648,0.028698891156257792,0.028975128622860846,0.028843314585039033,0.028851922260432122,0.02005283123088362,0.0033361595931688383,0.027591984426595634,0.02858528076238402,0.028969054867644402,0.02843584952443808,0.028977442226596564,0.029046818039538562,0.023464260238698652,0.023566654896100284,0.029186750926024643,0.02909818069513914,0.023257743472469526,0.028995811287602518,0.02467605863932317,0.027938932453281416,0.025887962998892428,0.024585636745855816,0.029214068560568716,0.029237382296066247,0.029068732735557407,0.02876860204978854,0.024903622443994654,0.02899969026139687
r618,5.172988361713698e-05,5.153042079186382e-05,5.129823749481663e-05,5.180297439993105e-05,5.1608827789636585e-05,5.154903210330966e-05,5.138846797579251e-05,5.153202903108443e-05,5.157724313168298e-05,5.140054851210534e-05,5.153642804158277e-05,4.822014417578313e-05,5.1491375749131556e-05,4.7284211944319195e-05,5.148931760846691e-05,4.742106522689762e-05,5.120633117834829e-05,5.110983324210553e-05,4.398878511151598e-05,4.604264010551325e-05,4.6309667470636847e-05,5.056910291430835e-05,4.6332479866384824e-05,4.434798942970908e-05,5.13637665296054e-05,4.716623151041018e-05,5.145116984091215e-05,4.795116232944555e-05,5.160333656320957e-05,3.880842307988408e-05,5.0998049804405536e-05,5.13388499174932e-05,5.14988636492144e-05,5.130294963923587e-05,5.137332426663738e-05,5.153076617163352e-05,5.148147980421575e-05,5.133735230932481e-05,4.912903201514303e-05,5.140582243512183e-05,5.064983029551054e-05,5.1548694907155095e-05,5.13703928650237e-05,4.955956306545758e-05,5.089109918760052e-05,5.1380944883578314e-05,5.1147202010497106e-05,5.1162465807966495e-05,3.5559235289151216e-05,5.91593688540819e-06,4.8928246342034184e-05,5.06896364275276e-05,5.137017442985318e-05,5.042465336910117e-05,5.1385047545125555e-05,5.150807011622169e-05,4.1608645737203196e-05,4.179021988366533e-05,5.175620996131178e-05,5.1599150359931305e-05,4.124243419345939e-05,5.141762098848778e-05,4.37575006273027e-05,4.954348148623796e-05,4.5906543412019366e-05,4.359715751424922e-05,5.1804651709168274e-05,5.184599343276235e-05,5.1546930954526905e-05,5.101471594957969e-05,4.416103441165659e-05,5.142449948560601e-05
r619,5.172988361713698e-05,5.153042079186382e-05,5.129823749481663e-05,5.180297439993105e-05,5.1608827789636585e-05,5.154903210330966e-05,5.138846797579251e-05,5.153202903108443e-05,5.157724313168298e-05,5.140054851210534e-05,5.153642804158277e-05,4.822014417578313e-05,5.1491375749131556e-05,4.7284211944319195e-05,5.148931760846691e-05,4.742106522689762e-05,5.120633117834829e-05,5.110983324210553e-05,4.398878511151598e-05,4.604264010551325e-05,4.6309667470636847e-05,5.056910291430835e-05,4.6332479866384824e-05,4.434798942970908e-05,5.13637665296054e-05,4.716623151041018e-05,5.145116984091215e-05,4.795116232944555e-05,5.160333656320957e-05,3.880842307988408e-05,5.0998049804405536e-05,5.13388499174932e-05,5.14988636492144e-05,5.130294963923587e-05,5.137332426663738e-05,5.153076617163352e-05,5.148147980421575e-05,5.133735230932481e-05,4.912903201514303e-05,5.140582243512183e-05,5.064983029551054e-05,5.1548694907155095e-05,5.13703928650237e-05,4.955956306545758e-05,5.089109918760052e-05,5.1380944883578314e-05,5.1147202010497106e-05,5.1162465807966495e-05,3.5559235289151216e-05,5.91593688540819e-06,4.8928246342034184e-05,5.06896364275276e-05,5.137017442985318e-05,5.042465336910117e-05,5.1385047545125555e-05,5.150807011622169e-05,4.1608645737203196e-05,4.179021988366533e-05,5.175620996131178e-05,5.1599150359931305e-05,4.124243419345939e-05,5.141762098848778e-05,4.37575006273027e-05,4.954348148623796e-05,4.5906543412019366e-05,4.359715751424922e-05,5.1804651709168274e-05,5.184599343276235e-05,5.1546930954526905e-05,5.101471594957969e-05,4.416103441165659e-05,5.142449948560601e-05
r620,5.172988361713698e-05,5.153042079186382e-05,5.129823749481663e-05,5.180297439993105e-05,5.1608827789636585e-05,5.154903210330966e-05,5.138846797579251e-05,5.153202903108443e-05,5.157724313168298e-05,5.140054851210534e-05,5.153642804158277e-05,4.822014417578313e-05,5.1491375749131556e-05,4.7284211944319195e-05,5.148931760846691e-05,4.742106522689762e-05,5.120633117834829e-05,5.110983324210553e-05,4.398878511151598e-05,4.604264010551325e-05,4.6309667470636847e-05,5.056910291430835e-05,4.6332479866384824e-05,4.434798942970908e-05,5.13637665296054e-05,4.716623151041018e-05,5.145116984091215e-05,4.795116232944555e-05,5.160333656320957e-05,3.880842307988408e-05,5.0998049804405536e-05,5.13388499174932e-05,5.14988636492144e-05,5.130294963923587e-05,5.137332426663738e-05,5.153076617163352e-05,5.148147980421575e-05,5.133735230932481e-05,4.912903201514303e-05,5.140582243512183e-05,5.064983029551054e-05,5.1548694907155095e-05,5.13703928650237e-05,4.955956306545758e-05,5.089109918760052e-05,5.1380944883578314e-05,5.1147202010497106e-05,5.1162465807966495e-05,3.5559235289151216e-05,5.91593688540819e-06,4.8928246342034184e-05,5.06896364275276e-05,5.137017442985318e-05,5.042465336910117e-05,5.1385047545125555e-05,5.150807011622169e-05,4.1608645737203196e-05,4.179021988366533e-05,5.175620996131178e-05,5.1599150359931305e-05,4.124243419345939e-05,5.141762098848778e-05,4.37575006273027e-05,4.954348148623796e-05,4.5906543412019366e-05,4.359715751424922e-05,5.1804651709168274e-05,5.184599343276235e-05,5.1546930954526905e-05,5.101471594957969e-05,4.416103441165659e-05,5.142449948560601e-05
r621,5.172988361713698e-05,5.153042079186382e-05,5.129823749481663e-05,5.180297439993105e-05,5.1608827789636585e-05,5.154903210330966e-05,5.138846797579251e-05,5.153202903108443e-05,5.157724313168298e-05,5.140054851210534e-05,5.153642804158277e-05,4.822014417578313e-05,5.1491375749131556e-05,4.7284211944319195e-05,5.148931760846691e-05,4.742106522689762e-05,5.120633117834829e-05,5.110983324210553e-05,4.398878511151598e-05,4.604264010551325e-05,4.6309667470636847e-05,5.056910291430835e-05,4.6332479866384824e-05,4.434798942970908e-05,5.13637665296054e-05,4.716623151041018e-05,5.145116984091215e-05,4.795116232944555e-05,5.160333656320957e-05,3.880842307988408e-05,5.0998049804405536e-05,5.13388499174932e-05,5.14988636492144e-05,5.130294963923587e-05,5.137332426663738e-05,5.153076617163352e-05,5.148147980421575e-05,5.133735230932481e-05,4.912903201514303e-05,5.140582243512183e-05,5.064983029551054e-05,5.1548694907155095e-05,5.13703928650237e-05,4.955956306545758e-05,5.089109918760052e-05,5.1380944883578314e-05,5.1147202010497106e-05,5.1162465807966495e-05,3.5559235289151216e-05,5.91593688540819e-06,4.8928246342034184e-05,5.06896364275276e-05,5.137017442985318e-05,5.042465336910117e-05,5.1385047545125555e-05,5.150807011622169e-05,4.1608645737203196e-05,4.179021988366533e-05,5.175620996131178e-05,5.1599150359931305e-05,4.124243419345939e-05,5.141762098848778e-05,4.37575006273027e-05,4.954348148623796e-05,4.5906543412019366e-05,4.359715751424922e-05,5.1804651709168274e-05,5.184599343276235e-05,5.1546930954526905e-05,5.101471594957969e-05,4.416103441165659e-05,5.142449948560601e-05
r622,0.0002069195344685479,0.00020612168316745528,0.0002051929499792665,0.0002072118975997242,0.00020643531115854634,0.00020619612841323864,0.00020555387190317003,0.00020612811612433771,0.0002063089725267319,0.00020560219404842136,0.0002061457121663311,0.00019288057670313252,0.00020596550299652622,0.0001891368477772768,0.00020595727043386765,0.00018968426090759034,0.00020482532471339317,0.00020443933296842212,0.00017595514044606392,0.000184170560422053,0.00018523866988254739,0.0002022764116572334,0.0001853299194655393,0.0001773919577188363,0.0002054550661184216,0.00018866492604164073,0.0002058046793636486,0.00019180464931778225,0.00020641334625283827,0.00015523369231953632,0.00020399219921762214,0.0002053553996699728,0.0002059954545968576,0.00020521179855694348,0.0002054932970665495,0.00020612306468653407,0.000205925919216863,0.00020534940923729923,0.00019651612806057212,0.00020562328974048732,0.00020259932118204215,0.00020619477962862038,0.0002054815714600948,0.00019823825226183037,0.00020356439675040208,0.00020552377953431326,0.00020458880804198842,0.0002046498632318659,0.00014223694115660486,2.3663747541632752e-05,0.00019571298536813668,0.0002027585457101104,0.00020548069771941273,0.00020169861347640468,0.00020554019018050222,0.00020603228046488676,0.00016643458294881278,0.00016716087953466132,0.00020702483984524713,0.00020639660143972522,0.00016496973677383755,0.00020567048395395113,0.0001750300025092108,0.00019817392594495184,0.00018362617364807746,0.00017438863005699688,0.0002072186068366731,0.0002073839737310494,0.00020618772381810762,0.00020405886379831875,0.00017664413764662622,0.00020569799794242403
r1224,0.0010449814785614272,0.0010409521836260147,0.001036261911232447,0.001046457965824279,0.001042536062319171,0.0010413281457270398,0.0010380846329327254,0.0010409846712342017,0.0010418980291309304,0.0010383286686009826,0.001041073534463303,0.0009740821752121692,0.0010401634452095149,0.0009551756596996555,0.0010401218692629704,0.0009579401960870392,0.0010344053364297909,0.001032456007549412,0.0008886056277677346,0.0009300950006079201,0.000935489148657637,0.0010215328594981158,0.0009359499757341978,0.0008958618176772764,0.0010375856456559002,0.000952792368656793,0.0010393512564613864,0.0009686485452126998,0.0010424251355296696,0.0007839585263869318,0.0010301979003622165,0.0010370823118700861,0.0010403147062670527,0.0010363570999956946,0.0010377787189334274,0.0010409591605498381,0.0010399635398854162,0.00103705205908982,0.000992442374227081,0.001038435205702334,0.0010231636116334946,0.0010413213341181724,0.0010377195024771984,0.0010011394162858826,0.0010280374196909392,0.0010379326609684084,0.0010332108839985433,0.0010335192238697477,0.000718322556918749,0.0001195062513448596,0.000988386356797701,0.0010239677246099692,0.0010377150899268995,0.0010186148730505456,0.001038015537732255,0.0010405006836198762,0.0008405250718366815,0.0008441930023784139,0.001045513289965915,0.0010423405711620093,0.0008331273308466532,0.0010386735451065978,0.0008839335120507072,0.001000814556625963,0.0009273457478733882,0.0008806944639099276,0.0010464918486975583,0.0010473269817468933,0.0010412857009854278,0.0010305345686825117,0.0008920851895944916,0.001038812495780449
r1225,0.00020899629571228547,0.00020819043672520295,0.00020725238224648945,0.00020929159316485503,0.0002085072124638342,0.00020826562914540796,0.0002076169265865451,0.00020819693424684033,0.00020837960582618606,0.00020766573372019652,0.00020821470689266059,0.00019481643504243385,0.00020803268904190297,0.0001910351319399311,0.00020802437385259413,0.00019158803921740785,0.00020688106728595818,0.00020649120150988243,0.00017772112555357154,0.000186019000121584,0.0001870978297315274,0.00020430657189962316,0.00018718999514681493,0.00017917236353545528,0.00020751712913118009,0.00019055847373133393,0.00020787025129227727,0.00019372970904253997,0.00020848502710593393,0.00015679170527738636,0.00020603958007244332,0.00020741646237401723,0.00020806294125341054,0.0002072714199991389,0.00020755574378668543,0.0002081918321099676,0.00020799270797708326,0.00020741041181796397,0.0001984884748454162,0.0002076870411404668,0.00020463272232669892,0.00020826426682363447,0.00020754390049543972,0.00020022788325717655,0.00020560748393818785,0.00020758653219368168,0.00020664217679970863,0.0002067038447739495,0.0001436645113837498,2.390125026897192e-05,0.00019767727149402084,0.00020479354492199388,0.00020754301798537987,0.00020372297461010913,0.00020760310754645102,0.00020810013672377815,0.0001681050143673363,0.00016883860047568278,0.00020910265799318302,0.0002084681142324019,0.00016662546616933065,0.00020773470902122102,0.00017678670241014146,0.0002001629113251926,0.00018546914957467766,0.00017613889278198552,0.00020929836973951165,0.0002094653963493787,0.00020825714019708552,0.00020610691373650235,0.0001784170379189106,0.00020776249915608984
r1226,0.00020899629571228547,0.00020819043672520295,0.00020725238224648945,0.00020929159316485503,0.0002085072124638342,0.00020826562914540796,0.0002076169265865451,0.00020819693424684033,0.00020837960582618606,0.00020766573372019652,0.00020821470689266059,0.00019481643504243385,0.00020803268904190297,0.0001910351319399311,0.00020802437385259413,0.00019158803921740785,0.00020688106728595818,0.00020649120150988243,0.00017772112555357154,0.000186019000121584,0.0001870978297315274,0.00020430657189962316,0.00018718999514681493,0.00017917236353545528,0.00020751712913118009,0.00019055847373133393,0.00020787025129227727,0.00019372970904253997,0.00020848502710593393,0.00015679170527738636,0.00020603958007244332,0.00020741646237401723,0.00020806294125341054,0.0002072714199991389,0.00020755574378668543,0.0002081918321099676,0.00020799270797708326,0.00020741041181796397,0.0001984884748454162,0.0002076870411404668,0.00020463272232669892,0.00020826426682363447,0.00020754390049543972,0.00020022788325717655,0.00020560748393818785,0.00020758653219368168,0.00020664217679970863,0.0002067038447739495,0.0001436645113837498,2.390125026897192e-05,0.00019767727149402084,0.00020479354492199388,0.00020754301798537987,0.00020372297461010913,0.00020760310754645102,0.00020810013672377815,0.0001681050143673363,0.00016883860047568278,0.00020910265799318302,0.0002084681142324019,0.00016662546616933065,0.00020773470902122102,0.00017678670241014146,0.0002001629113251926,0.00018546914957467766,0.00017613889278198552,0.00020929836973951165,0.0002094653963493787,0.00020825714019708552,0.00020610691373650235,0.0001784170379189106,0.00020776249915608984
r1227,0.00020899629571228547,0.00020819043672520295,0.00020725238224648945,0.00020929159316485503,0.0002085072124638342,0.00020826562914540796,0.0002076169265865451,0.00020819693424684033,0.00020837960582618606,0.00020766573372019652,0.00020821470689266059,0.00019481643504243385,0.00020803268904190297,0.0001910351319399311,0.00020802437385259413,0.00019158803921740785,0.00020688106728595818,0.00020649120150988243,0.00017772112555357154,0.000186019000121584,0.0001870978297315274,0.00020430657189962316,0.00018718999514681493,0.00017917236353545528,0.00020751712913118009,0.00019055847373133393,0.00020787025129227727,0.00019372970904253997,0.00020848502710593393,0.00015679170527738636,0.00020603958007244332,0.00020741646237401723,0.00020806294125341054,0.0002072714199991389,0.00020755574378668543,0.0002081918321099676,0.00020799270797708326,0.00020741041181796397,0.0001984884748454162,0.0002076870411404668,0.00020463272232669892,0.00020826426682363447,0.00020754390049543972,0.00020022788325717655,0.00020560748393818785,0.00020758653219368168,0.00020664217679970863,0.0002067038447739495,0.0001436645113837498,2.390125026897192e-05,0.00019767727149402084,0.00020479354492199388,0.00020754301798537987,0.00020372297461010913,0.00020760310754645102,0.00020810013672377815,0.0001681050143673363,0.00016883860047568278,0.00020910265799318302,0.0002084681142324019,0.00016662546616933065,0.00020773470902122102,0.00017678670241014146,0.0002001629113251926,0.00018546914957467766,0.00017613889278198552,0.00020929836973951165,0.0002094653963493787,0.00020825714019708552,0.00020610691373650235,0.0001784170379189106,0.00020776249915608984
r1228,0.00020899629571228547,0.00020819043672520295,0.00020725238224648945,0.00020929159316485503,0.0002085072124638342,0.00020826562914540796,0.0002076169265865451,0.00020819693424684033,0.00020837960582618606,0.00020766573372019652,0.00020821470689266059,0.00019481643504243385,0.00020803268904190297,0.0001910351319399311,0.00020802437385259413,0.00019158803921740785,0.00020688106728595818,0.00020649120150988243,0.00017772112555357154,0.000186019000121584,0.0001870978297315274,0.00020430657189962316,0.00018718999514681493,0.00017917236353545528,0.00020751712913118009,0.00019055847373133393,0.00020787025129227727,0.00019372970904253997,0.00020848502710593393,0.00015679170527738636,0.00020603958007244332,0.00020741646237401723,0.00020806294125341054,0.0002072714199991389,0.00020755574378668543,0.0002081918321099676,0.00020799270797708326,0.00020741041181796397,0.0001984884748454162,0.0002076870411404668,0.00020463272232669892,0.00020826426682363447,0.00020754390049543972,0.00020022788325717655,0.00020560748393818785,0.00020758653219368168,0.00020664217679970863,0.0002067038447739495,0.0001436645113837498,2.390125026897192e-05,0.00019767727149402084,0.00020479354492199388,0.00020754301798537987,0.00020372297461010913,0.00020760310754645102,0.00020810013672377815,0.0001681050143673363,0.00016883860047568278,0.00020910265799318302,0.0002084681142324019,0.00016662546616933065,0.00020773470902122102,0.00017678670241014146,0.0002001629113251926,0.00018546914957467766,0.00017613889278198552,0.00020929836973951165,0.0002094653963493787,0.00020825714019708552,0.00020610691373650235,0.0001784170379189106,0.00020776249915608984
r1229,0.0008359851828491419,0.0008327617469008118,0.0008290095289859578,0.0008371663726594201,0.0008340288498553368,0.0008330625165816318,0.0008304677063461804,0.0008327877369873613,0.0008335184233047442,0.0008306629348807861,0.0008328588275706423,0.0007792657401697354,0.0008321307561676119,0.0007641405277597244,0.0008320974954103765,0.0007663521568696314,0.0008275242691438327,0.0008259648060395297,0.0007108845022142862,0.000744076000486336,0.0007483913189261096,0.0008172262875984927,0.0007487599805872597,0.0007166894541418211,0.0008300685165247203,0.0007622338949253357,0.0008314810051691091,0.0007749188361701599,0.0008339401084237357,0.0006271668211095454,0.0008241583202897733,0.0008296658494960689,0.0008322517650136422,0.0008290856799965556,0.0008302229751467417,0.0008327673284398705,0.000831970831908333,0.0008296416472718559,0.0007939538993816648,0.0008307481645618672,0.0008185308893067957,0.0008330570672945379,0.0008301756019817589,0.0008009115330287062,0.0008224299357527514,0.0008303461287747267,0.0008265687071988345,0.000826815379095798,0.0005746580455349992,9.560500107588767e-05,0.00079070908530368,0.0008191741796879755,0.0008301720719415195,0.0008148918984404365,0.0008304124301858041,0.0008324005468951126,0.0006724200574693452,0.0006753544019027311,0.0008364106319727321,0.0008338724569296076,0.0006665018646773226,0.0008309388360848841,0.0007071468096405658,0.0008006516453007704,0.0007418765982987106,0.0007045555711279421,0.0008371934789580466,0.0008378615853975148,0.0008330285607883421,0.0008244276549460094,0.0007136681516756424,0.0008310499966243594
r1230,0.00020899629571228547,0.00020819043672520295,0.00020725238224648945,0.00020929159316485503,0.0002085072124638342,0.00020826562914540796,0.0002076169265865451,0.00020819693424684033,0.00020837960582618606,0.00020766573372019652,0.00020821470689266059,0.00019481643504243385,0.00020803268904190297,0.0001910351319399311,0.00020802437385259413,0.00019158803921740785,0.00020688106728595818,0.00020649120150988243,0.00017772112555357154,0.000186019000121584,0.0001870978297315274,0.00020430657189962316,0.00018718999514681493,0.00017917236353545528,0.00020751712913118009,0.00019055847373133393,0.00020787025129227727,0.00019372970904253997,0.00020848502710593393,0.00015679170527738636,0.00020603958007244332,0.00020741646237401723,0.00020806294125341054,0.0002072714199991389,0.00020755574378668543,0.0002081918321099676,0.00020799270797708326,0.00020741041181796397,0.0001984884748454162,0.0002076870411404668,0.00020463272232669892,0.00020826426682363447,0.00020754390049543972,0.00020022788325717655,0.00020560748393818785,0.00020758653219368168,0.00020664217679970863,0.0002067038447739495,0.0001436645113837498,2.390125026897192e-05,0.0001976772715785332,0.00020479354492199388,0.00020754301798537987,0.00020372297461010913,0.00020760310754645102,0.00020810013672377815,0.0001681050143673363,0.00016883860047568278,0.00020910265799318302,0.0002084681142324019,0.00016662546616933065,0.00020773470902122102,0.00017678670241014146,0.0002001629113251926,0.00018546914957467766,0.00017613889278198552,0.00020929836973951165,0.0002094653963493787,0.00020825714019708552,0.00020610691373650235,0.0001784170379189106,0.00020776249915608984
r1231,0.00020899629571228547,0.00020819043672520295,0.00020725238224648945,0.00020929159316485503,0.0002085072124638342,0.00020826562914540796,0.0002076169265865451,0.00020819693424684033,0.00020837960582618606,0.00020766573372019652,0.00020821470689266059,0.00019481643504243385,0.00020803268904190297,0.0001910351319399311,0.00020802437385259413,0.00019158803921740785,0.00020688106728595818,0.00020649120150988243,0.00017772112555357154,0.000186019000121584,0.0001870978297315274,0.00020430657189962316,0.00018718999514681493,0.00017917236353545528,0.00020751712913118009,0.00019055847373133393,0.00020787025129227727,0.00019372970904253997,0.00020848502710593393,0.00015679170527738636,0.00020603958007244332,0.00020741646237401723,0.00020806294125341054,0.0002072714199991389,0.00020755574378668543,0.0002081918321099676,0.00020799270797708326,0.00020741041181796397,0.0001984884748454162,0.0002076870411404668,0.00020463272232669892,0.00020826426682363447,0.00020754390049543972,0.00020022788325717655,0.00020560748393818785,0.00020758653219368168,0.00020664217679970863,0.0002067038447739495,0.0001436645113837498,2.390125026897192e-05,0.0001976772715785332,0.00020479354492199388,0.00020754301798537987,0.00020372297461010913,0.00020760310754645102,0.00020810013672377815,0.0001681050143673363,0.00016883860047568278,0.00020910265799318302,0.0002084681142324019,0.00016662546616933065,0.00020773470902122102,0.00017678670241014146,0.0002001629113251926,0.00018546914957467766,0.00017613889278198552,0.00020929836973951165,0.0002094653963493787,0.00020825714019708552,0.00020610691373650235,0.0001784170379189106,0.00020776249915608984
r1232,0.00020899629571228547,0.00020819043672520295,0.00020725238224648945,0.00020929159316485503,0.0002085072124638342,0.00020826562914540796,0.0002076169265865451,0.00020819693424684033,0.00020837960582618606,0.00020766573372019652,0.00020821470689266059,0.00019481643504243385,0.00020803268904190297,0.0001910351319399311,0.00020802437385259413,0.00019158803921740785,0.00020688106728595818,0.00020649120150988243,0.00017772112555357154,0.000186019000121584,0.0001870978297315274,0.00020430657189962316,0.00018718999514681493,0.00017917236353545528,0.00020751712913118009,0.00019055847373133393,0.00020787025129227727,0.00019372970904253997,0.00020848502710593393,0.00015679170527738636,0.00020603958007244332,0.00020741646237401723,0.00020806294125341054,0.0002072714199991389,0.00020755574378668543,0.0002081918321099676,0.00020799270797708326,0.00020741041181796397,0.0001984884748454162,0.0002076870411404668,0.00020463272232669892,0.00020826426682363447,0.00020754390049543972,0.00020022788325717655,0.00020560748393818785,0.00020758653219368168,0.00020664217679970863,0.0002067038447739495,0.0001436645113837498,2.390125026897192e-05,0.0001976772715785332,0.00020479354492199388,0.00020754301798537987,0.00020372297461010913,0.00020760310754645102,0.00020810013672377815,0.0001681050143673363,0.00016883860047568278,0.00020910265799318302,0.0002084681142324019,0.00016662546616933065,0.00020773470902122102,0.00017678670241014146,0.0002001629113251926,0.00018546914957467766,0.00017613889278198552,0.00020929836973951165,0.0002094653963493787,0.00020825714019708552,0.00020610691373650235,0.0001784170379189106,0.00020776249915608984
r1233,0.00020899629571228547,0.00020819043672520295,0.00020725238224648945,0.00020929159316485503,0.0002085072124638342,0.00020826562914540796,0.0002076169265865451,0.00020819693424684033,0.00020837960582618606,0.00020766573372019652,0.00020821470689266059,0.00019481643504243385,0.00020803268904190297,0.0001910351319399311,0.00020802437385259413,0.00019158803921740785,0.00020688106728595818,0.00020649120150988243,0.00017772112555357154,0.000186019000121584,0.0001870978297315274,0.00020430657189962316,0.00018718999514681493,0.00017917236353545528,0.00020751712913118009,0.00019055847373133393,0.00020787025129227727,0.00019372970904253997,0.00020848502710593393,0.00015679170527738636,0.00020603958007244332,0.00020741646237401723,0.00020806294125341054,0.0002072714199991389,0.00020755574378668543,0.0002081918321099676,0.00020799270797708326,0.00020741041181796397,0.0001984884748454162,0.0002076870411404668,0.00020463272232669892,0.00020826426682363447,0.00020754390049543972,0.00020022788325717655,0.00020560748393818785,0.00020758653219368168,0.00020664217679970863,0.0002067038447739495,0.0001436645113837498,2.390125026897192e-05,0.0001976772715785332,0.00020479354492199388,0.00020754301798537987,0.00020372297461010913,0.00020760310754645102,0.00020810013672377815,0.0001681050143673363,0.00016883860047568278,0.00020910265799318302,0.0002084681142324019,0.00016662546616933065,0.00020773470902122102,0.00017678670241014146,0.0002001629113251926,0.00018546914957467766,0.00017613889278198552,0.00020929836973951165,0.0002094653963493787,0.00020825714019708552,0.00020610691373650235,0.0001784170379189106,0.00020776249915608984
r1234,0.0008359851828491419,0.0008327617469008118,0.0008290095289859578,0.0008371663726594201,0.0008340288498553368,0.0008330625165816318,0.0008304677063461804,0.0008327877369873613,0.0008335184233047442,0.0008306629348807861,0.0008328588275706423,0.0007792657401697354,0.0008321307561676119,0.0007641405277597244,0.0008320974954103765,0.0007663521568696314,0.0008275242691438327,0.0008259648060395297,0.0007108845022142862,0.000744076000486336,0.0007483913189261096,0.0008172262875984927,0.0007487599805872597,0.0007166894541418211,0.0008300685165247203,0.0007622338949253357,0.0008314810051691091,0.0007749188361701599,0.0008339401084237357,0.0006271668211095454,0.0008241583202897733,0.0008296658494960689,0.0008322517650136422,0.0008290856799965556,0.0008302229751467417,0.0008327673284398705,0.000831970831908333,0.0008296416472718559,0.0007939538993816648,0.0008307481645618672,0.0008185308893067957,0.0008330570672945379,0.0008301756019817589,0.0008009115330287062,0.0008224299357527514,0.0008303461287747267,0.0008265687071988345,0.000826815379095798,0.0005746580455349992,9.560500107588767e-05,0.0007907090852191677,0.0008191741796879755,0.0008301720719415195,0.0008148918984404365,0.0008304124301858041,0.0008324005468951126,0.0006724200574693452,0.0006753544019027311,0.0008364106319727321,0.0008338724569296076,0.0006665018646773226,0.0008309388360848841,0.0007071468096405658,0.0008006516453007704,0.0007418765982987106,0.0007045555711279421,0.0008371934789580466,0.0008378615853975148,0.0008330285607883421,0.0008244276549460094,0.0007136681516756424,0.0008310499966243594
r1235,0.00020899629571228547,0.00020819043672520295,0.00020725238224648945,0.00020929159316485503,0.0002085072124638342,0.00020826562914540796,0.0002076169265865451,0.00020819693424684033,0.00020837960582618606,0.00020766573372019652,0.00020821470689266059,0.00019481643504243385,0.00020803268904190297,0.0001910351319399311,0.00020802437385259413,0.00019158803921740785,0.00020688106728595818,0.00020649120150988243,0.00017772112555357154,0.000186019000121584,0.0001870978297315274,0.00020430657189962316,0.00018718999514681493,0.00017917236353545528,0.00020751712913118009,0.00019055847373133393,0.00020787025129227727,0.00019372970904253997,0.00020848502710593393,0.00015679170527738636,0.00020603958007244332,0.00020741646237401723,0.00020806294125341054,0.0002072714199991389,0.00020755574378668543,0.0002081918321099676,0.00020799270797708326,0.00020741041181796397,0.0001984884748454162,0.0002076870411404668,0.00020463272232669892,0.00020826426682363447,0.00020754390049543972,0.00020022788325717655,0.00020560748393818785,0.00020758653219368168,0.00020664217679970863,0.0002067038447739495,0.0001436645113837498,2.390125026897192e-05,0.00019767727132622803,0.00020479354492199388,0.00020754301798537987,0.00020372297461010913,0.00020760310754645102,0.00020810013672377815,0.0001681050143673363,0.00016883860047568278,0.00020910265799318302,0.0002084681142324019,0.00016662546616933065,0.00020773470902122102,0.00017678670241014146,0.0002001629113251926,0.00018546914957467766,0.00017613889278198552,0.00020929836973951165,0.0002094653963493787,0.00020825714019708552,0.00020610691373650235,0.0001784170379189106,0.00020776249915608984
r1236,0.00020899629571228547,0.00020819043672520295,0.00020725238224648945,0.00020929159316485503,0.0002085072124638342,0.00020826562914540796,0.0002076169265865451,0.00020819693424684033,0.00020837960582618606,0.00020766573372019652,0.00020821470689266059,0.00019481643504243385,0.00020803268904190297,0.0001910351319399311,0.00020802437385259413,0.00019158803921740785,0.00020688106728595818,0.00020649120150988243,0.00017772112555357154,0.000186019000121584,0.0001870978297315274,0.00020430657189962316,0.00018718999514681493,0.00017917236353545528,0.00020751712913118009,0.00019055847373133393,0.00020787025129227727,0.00019372970904253997,0.00020848502710593393,0.00015679170527738636,0.00020603958007244332,0.00020741646237401723,0.00020806294125341054,0.0002072714199991389,0.00020755574378668543,0.0002081918321099676,0.00020799270797708326,0.00020741041181796397,0.0001984884748454162,0.0002076870411404668,0.00020463272232669892,0.00020826426682363447,0.00020754390049543972,0.00020022788325717655,0.00020560748393818785,0.00020758653219368168,0.00020664217679970863,0.0002067038447739495,0.0001436645113837498,2.390125026897192e-05,0.00019767727132622803,0.00020479354492199388,0.00020754301798537987,0.00020372297461010913,0.00020760310754645102,0.00020810013672377815,0.0001681050143673363,0.00016883860047568278,0.00020910265799318302,0.0002084681142324019,0.00016662546616933065,0.00020773470902122102,0.00017678670241014146,0.0002001629113251926,0.00018546914957467766,0.00017613889278198552,0.00020929836973951165,0.0002094653963493787,0.00020825714019708552,0.00020610691373650235,0.0001784170379189106,0.00020776249915608984
r1237,0.00020899629571228547,0.00020819043672520295,0.00020725238224648945,0.00020929159316485503,0.0002085072124638342,0.00020826562914540796,0.0002076169265865451,0.00020819693424684033,0.00020837960582618606,0.00020766573372019652,0.00020821470689266059,0.00019481643504243385,0.00020803268904190297,0.0001910351319399311,0.00020802437385259413,0.00019158803921740785,0.00020688106728595818,0.00020649120150988243,0.00017772112555357154,0.000186019000121584,0.0001870978297315274,0.00020430657189962316,0.00018718999514681493,0.00017917236353545528,0.00020751712913118009,0.00019055847373133393,0.00020787025129227727,0.00019372970904253997,0.00020848502710593393,0.00015679170527738636,0.00020603958007244332,0.00020741646237401723,0.00020806294125341054,0.0002072714199991389,0.00020755574378668543,0.0002081918321099676,0.00020799270797708326,0.00020741041181796397,0.0001984884748454162,0.0002076870411404668,0.00020463272232669892,0.00020826426682363447,0.00020754390049543972,0.00020022788325717655,0.00020560748393818785,0.00020758653219368168,0.00020664217679970863,0.0002067038447739495,0.0001436645113837498,2.390125026897192e-05,0.00019767727132622803,0.00020479354492199388,0.00020754301798537987,0.00020372297461010913,0.00020760310754645102,0.00020810013672377815,0.0001681050143673363,0.00016883860047568278,0.00020910265799318302,0.0002084681142324019,0.00016662546616933065,0.00020773470902122102,0.00017678670241014146,0.0002001629113251926,0.00018546914957467766,0.00017613889278198552,0.00020929836973951165,0.0002094653963493787,0.00020825714019708552,0.00020610691373650235,0.0001784170379189106,0.00020776249915608984
r1238,0.00020899629571228547,0.00020819043672520295,0.00020725238224648945,0.00020929159316485503,0.0002085072124638342,0.00020826562914540796,0.0002076169265865451,0.00020819693424684033,0.00020837960582618606,0.00020766573372019652,0.00020821470689266059,0.00019481643504243385,0.00020803268904190297,0.0001910351319399311,0.00020802437385259413,0.00019158803921740785,0.00020688106728595818,0.00020649120150988243,0.00017772112555357154,0.000186019000121584,0.0001870978297315274,0.00020430657189962316,0.00018718999514681493,0.00017917236353545528,0.00020751712913118009,0.00019055847373133393,0.00020787025129227727,0.00019372970904253997,0.00020848502710593393,0.00015679170527738636,0.00020603958007244332,0.00020741646237401723,0.00020806294125341054,0.0002072714199991389,0.00020755574378668543,0.0002081918321099676,0.00020799270797708326,0.00020741041181796397,0.0001984884748454162,0.0002076870411404668,0.00020463272232669892,0.00020826426682363447,0.00020754390049543972,0.00020022788325717655,0.00020560748393818785,0.00020758653219368168,0.00020664217679970863,0.0002067038447739495,0.0001436645113837498,2.390125026897192e-05,0.00019767727132622803,0.00020479354492199388,0.00020754301798537987,0.00020372297461010913,0.00020760310754645102,0.00020810013672377815,0.0001681050143673363,0.00016883860047568278,0.00020910265799318302,0.0002084681142324019,0.00016662546616933065,0.00020773470902122102,0.00017678670241014146,0.0002001629113251926,0.00018546914957467766,0.00017613889278198552,0.00020929836973951165,0.0002094653963493787,0.00020825714019708552,0.00020610691373650235,0.0001784170379189106,0.00020776249915608984
r1239,0.0008359851828491419,0.0008327617469008118,0.0008290095289859578,0.0008371663726594201,0.0008340288498553368,0.0008330625165816318,0.0008304677063461804,0.0008327877369873613,0.0008335184233047442,0.0008306629348807861,0.0008328588275706423,0.0007792657401697354,0.0008321307561676119,0.0007641405277597244,0.0008320974954103765,0.0007663521568696314,0.0008275242691438327,0.0008259648060395297,0.0007108845022142862,0.000744076000486336,0.0007483913189261096,0.0008172262875984927,0.0007487599805872597,0.0007166894541418211,0.0008300685165247203,0.0007622338949253357,0.0008314810051691091,0.0007749188361701599,0.0008339401084237357,0.0006271668211095454,0.0008241583202897733,0.0008296658494960689,0.0008322517650136422,0.0008290856799965556,0.0008302229751467417,0.0008327673284398705,0.000831970831908333,0.0008296416472718559,0.0007939538993816648,0.0008307481645618672,0.0008185308893067957,0.0008330570672945379,0.0008301756019817589,0.0008009115330287062,0.0008224299357527514,0.0008303461287747267,0.0008265687071988345,0.000826815379095798,0.0005746580455349992,9.560500107588767e-05,0.000790709085471473,0.0008191741796879755,0.0008301720719415195,0.0008148918984404365,0.0008304124301858041,0.0008324005468951126,0.0006724200574693452,0.0006753544019027311,0.0008364106319727321,0.0008338724569296076,0.0006665018646773226,0.0008309388360848841,0.0007071468096405658,0.0008006516453007704,0.0007418765982987106,0.0007045555711279421,0.0008371934789580466,0.0008378615853975148,0.0008330285607883421,0.0008244276549460094,0.0007136681516756424,0.0008310499966243594
r1240,0.00020899629571228547,0.00020819043672520295,0.00020725238224648945,0.00020929159316485503,0.0002085072124638342,0.00020826562914540796,0.0002076169265865451,0.00020819693424684033,0.00020837960582618606,0.00020766573372019652,0.00020821470689266059,0.00019481643504243385,0.00020803268904190297,0.0001910351319399311,0.00020802437385259413,0.00019158803921740785,0.00020688106728595818,0.00020649120150988243,0.00017772112555357154,0.000186019000121584,0.0001870978297315274,0.00020430657189962316,0.00018718999514681493,0.00017917236353545528,0.00020751712913118009,0.00019055847373133393,0.00020787025129227727,0.00019372970904253997,0.00020848502710593393,0.00015679170527738636,0.00020603958007244332,0.00020741646237401723,0.00020806294125341054,0.0002072714199991389,0.00020755574378668543,0.0002081918321099676,0.00020799270797708326,0.00020741041181796397,0.0001984884748454162,0.0002076870411404668,0.00020463272232669892,0.00020826426682363447,0.00020754390049543972,0.00020022788325717655,0.00020560748393818785,0.00020758653219368168,0.00020664217679970863,0.0002067038447739495,0.0001436645113837498,2.390125026897192e-05,0.00019767727145238062,0.00020479354492199388,0.00020754301798537987,0.00020372297461010913,0.00020760310754645102,0.00020810013672377815,0.0001681050143673363,0.00016883860047568278,0.00020910265799318302,0.0002084681142324019,0.00016662546616933065,0.00020773470902122102,0.00017678670241014146,0.0002001629113251926,0.00018546914957467766,0.00017613889278198552,0.00020929836973951165,0.0002094653963493787,0.00020825714019708552,0.00020610691373650235,0.0001784170379189106,0.00020776249915608984
r1241,0.00020899629571228547,0.00020819043672520295,0.00020725238224648945,0.00020929159316485503,0.0002085072124638342,0.00020826562914540796,0.0002076169265865451,0.00020819693424684033,0.00020837960582618606,0.00020766573372019652,0.00020821470689266059,0.00019481643504243385,0.00020803268904190297,0.0001910351319399311,0.00020802437385259413,0.00019158803921740785,0.00020688106728595818,0.00020649120150988243,0.00017772112555357154,0.000186019000121584,0.0001870978297315274,0.00020430657189962316,0.00018718999514681493,0.00017917236353545528,0.00020751712913118009,0.00019055847373133393,0.00020787025129227727,0.00019372970904253997,0.00020848502710593393,0.00015679170527738636,0.00020603958007244332,0.00020741646237401723,0.00020806294125341054,0.0002072714199991389,0.00020755574378668543,0.0002081918321099676,0.00020799270797708326,0.00020741041181796397,0.0001984884748454162,0.0002076870411404668,0.00020463272232669892,0.00020826426682363447,0.00020754390049543972,0.00020022788325717655,0.00020560748393818785,0.00020758653219368168,0.00020664217679970863,0.0002067038447739495,0.0001436645113837498,2.3901250268971908e-05,0.00019767727145238062,0.00020479354492199388,0.00020754301798537987,0.00020372297461010913,0.00020760310754645102,0.00020810013672377815,0.0001681050143673363,0.00016883860047568278,0.00020910265799318302,0.0002084681142324019,0.00016662546616933065,0.00020773470902122102,0.00017678670241014146,0.0002001629113251926,0.00018546914957467766,0.00017613889278198552,0.00020929836973951165,0.0002094653963493787,0.00020825714019708552,0.00020610691373650235,0.0001784170379189106,0.00020776249915608984
r1242,0.00020899629571228547,0.00020819043672520295,0.00020725238224648945,0.00020929159316485503,0.0002085072124638342,0.00020826562914540796,0.0002076169265865451,0.00020819693424684033,0.00020837960582618606,0.00020766573372019652,0.00020821470689266059,0.00019481643504243385,0.00020803268904190297,0.0001910351319399311,0.00020802437385259413,0.00019158803921740785,0.00020688106728595818,0.00020649120150988243,0.00017772112555357154,0.000186019000121584,0.0001870978297315274,0.00020430657189962316,0.00018718999514681493,0.00017917236353545528,0.00020751712913118009,0.00019055847373133393,0.00020787025129227727,0.00019372970904253997,0.00020848502710593393,0.00015679170527738636,0.00020603958007244332,0.00020741646237401723,0.00020806294125341054,0.0002072714199991389,0.00020755574378668543,0.0002081918321099676,0.00020799270797708326,0.00020741041181796397,0.0001984884748454162,0.0002076870411404668,0.00020463272232669892,0.00020826426682363447,0.00020754390049543972,0.00020022788325717655,0.00020560748393818785,0.00020758653219368168,0.00020664217679970863,0.0002067038447739495,0.0001436645113837498,2.3901250268971908e-05,0.00019767727145238062,0.00020479354492199388,0.00020754301798537987,0.00020372297461010913,0.00020760310754645102,0.00020810013672377815,0.0001681050143673363,0.00016883860047568278,0.00020910265799318302,0.0002084681142324019,0.00016662546616933065,0.00020773470902122102,0.00017678670241014146,0.0002001629113251926,0.00018546914957467766,0.00017613889278198552,0.00020929836973951165,0.0002094653963493787,0.00020825714019708552,0.00020610691373650235,0.0001784170379189106,0.00020776249915608984
r1243,0.00020899629571228547,0.00020819043672520295,0.00020725238224648945,0.00020929159316485503,0.0002085072124638342,0.00020826562914540796,0.0002076169265865451,0.00020819693424684033,0.00020837960582618606,0.00020766573372019652,0.00020821470689266059,0.00019481643504243385,0.00020803268904190297,0.0001910351319399311,0.00020802437385259413,0.00019158803921740785,0.00020688106728595818,0.00020649120150988243,0.00017772112555357154,0.000186019000121584,0.0001870978297315274,0.00020430657189962316,0.00018718999514681493,0.00017917236353545528,0.00020751712913118009,0.00019055847373133393,0.00020787025129227727,0.00019372970904253997,0.00020848502710593393,0.00015679170527738636,0.00020603958007244332,0.00020741646237401723,0.00020806294125341054,0.0002072714199991389,0.00020755574378668543,0.0002081918321099676,0.00020799270797708326,0.00020741041181796397,0.0001984884748454162,0.0002076870411404668,0.00020463272232669892,0.00020826426682363447,0.00020754390049543972,0.00020022788325717655,0.00020560748393818785,0.00020758653219368168,0.00020664217679970863,0.0002067038447739495,0.0001436645113837498,2.3901250268971908e-05,0.00019767727145238062,0.00020479354492199388,0.00020754301798537987,0.00020372297461010913,0.00020760310754645102,0.00020810013672377815,0.0001681050143673363,0.00016883860047568278,0.00020910265799318302,0.0002084681142324019,0.00016662546616933065,0.00020773470902122102,0.00017678670241014146,0.0002001629113251926,0.00018546914957467766,0.00017613889278198552,0.00020929836973951165,0.0002094653963493787,0.00020825714019708552,0.00020610691373650235,0.0001784170379189106,0.00020776249915608984
r1244,0.0008359851828491419,0.0008327617469008118,0.0008290095289859578,0.0008371663726594201,0.0008340288498553368,0.0008330625165816318,0.0008304677063461804,0.0008327877369873613,0.0008335184233047442,0.0008306629348807861,0.0008328588275706423,0.0007792657401697354,0.0008321307561676119,0.0007641405277597244,0.0008320974954103765,0.0007663521568696314,0.0008275242691438327,0.0008259648060395297,0.0007108845022142862,0.000744076000486336,0.0007483913189261096,0.0008172262875984927,0.0007487599805872597,0.0007166894541418211,0.0008300685165247203,0.0007622338949253357,0.0008314810051691091,0.0007749188361701599,0.0008339401084237357,0.0006271668211095454,0.0008241583202897733,0.0008296658494960689,0.0008322517650136422,0.0008290856799965556,0.0008302229751467417,0.0008327673284398705,0.000831970831908333,0.0008296416472718559,0.0007939538993816648,0.0008307481645618672,0.0008185308893067957,0.0008330570672945379,0.0008301756019817589,0.0008009115330287062,0.0008224299357527514,0.0008303461287747267,0.0008265687071988345,0.000826815379095798,0.0005746580455349992,9.560500107588767e-05,0.0007907090853453204,0.0008191741796879755,0.0008301720719415195,0.0008148918984404365,0.0008304124301858041,0.0008324005468951126,0.0006724200574693452,0.0006753544019027311,0.0008364106319727321,0.0008338724569296076,0.0006665018646773226,0.0008309388360848841,0.0007071468096405658,0.0008006516453007704,0.0007418765982987106,0.0007045555711279421,0.0008371934789580466,0.0008378615853975148,0.0008330285607883421,0.0008244276549460094,0.0007136681516756424,0.0008310499966243594
r1245,0.00020899629571228547,0.00020819043672520295,0.00020725238224648945,0.00020929159316485503,0.0002085072124638342,0.00020826562914540796,0.0002076169265865451,0.00020819693424684033,0.00020837960582618606,0.00020766573372019652,0.00020821470689266059,0.00019481643504243385,0.00020803268904190297,0.0001910351319399311,0.00020802437385259413,0.00019158803921740785,0.00020688106728595818,0.00020649120150988243,0.00017772112555357154,0.000186019000121584,0.0001870978297315274,0.00020430657189962316,0.00018718999514681493,0.00017917236353545528,0.00020751712913118009,0.00019055847373133393,0.00020787025129227727,0.00019372970904253997,0.00020848502710593393,0.00015679170527738636,0.00020603958007244332,0.00020741646237401723,0.00020806294125341054,0.0002072714199991389,0.00020755574378668543,0.0002081918321099676,0.00020799270797708326,0.00020741041181796397,0.0001984884748454162,0.0002076870411404668,0.00020463272232669892,0.00020826426682363447,0.00020754390049543972,0.00020022788325717655,0.00020560748393818785,0.00020758653219368168,0.00020664217679970863,0.0002067038447739495,0.0001436645113837498,2.390125026897192e-05,0.00019767727107392288,0.00020479354492199388,0.00020754301798537987,0.00020372297461010913,0.00020760310754645102,0.00020810013672377815,0.0001681050143673363,0.00016883860047568278,0.00020910265799318302,0.0002084681142324019,0.00016662546616933065,0.00020773470902122102,0.00017678670241014146,0.0002001629113251926,0.00018546914957467766,0.00017613889278198552,0.00020929836973951165,0.0002094653963493787,0.00020825714019708552,0.00020610691373650235,0.0001784170379189106,0.00020776249915608984
r1246,0.00020899629571228547,0.00020819043672520295,0.00020725238224648945,0.00020929159316485503,0.0002085072124638342,0.00020826562914540796,0.0002076169265865451,0.00020819693424684033,0.00020837960582618606,0.00020766573372019652,0.00020821470689266059,0.00019481643504243385,0.00020803268904190297,0.0001910351319399311,0.00020802437385259413,0.00019158803921740785,0.00020688106728595818,0.00020649120150988243,0.00017772112555357154,0.000186019000121584,0.0001870978297315274,0.00020430657189962316,0.00018718999514681493,0.00017917236353545528,0.00020751712913118009,0.00019055847373133393,0.00020787025129227727,0.00019372970904253997,0.00020848502710593393,0.00015679170527738636,0.00020603958007244332,0.00020741646237401723,0.00020806294125341054,0.0002072714199991389,0.00020755574378668543,0.0002081918321099676,0.00020799270797708326,0.00020741041181796397,0.0001984884748454162,0.0002076870411404668,0.00020463272232669892,0.00020826426682363447,0.00020754390049543972,0.00020022788325717655,0.00020560748393818785,0.00020758653219368168,0.00020664217679970863,0.0002067038447739495,0.0001436645113837498,2.3901250268971908e-05,0.00019767727107392288,0.00020479354492199388,0.00020754301798537987,0.00020372297461010913,0.00020760310754645102,0.00020810013672377815,0.0001681050143673363,0.00016883860047568278,0.00020910265799318302,0.0002084681142324019,0.00016662546616933065,0.00020773470902122102,0.00017678670241014146,0.0002001629113251926,0.00018546914957467766,0.00017613889278198552,0.00020929836973951165,0.0002094653963493787,0.00020825714019708552,0.00020610691373650235,0.0001784170379189106,0.00020776249915608984
r1247,0.00020899629571228547,0.00020819043672520295,0.00020725238224648945,0.00020929159316485503,0.0002085072124638342,0.00020826562914540796,0.0002076169265865451,0.00020819693424684033,0.00020837960582618606,0.00020766573372019652,0.00020821470689266059,0.00019481643504243385,0.00020803268904190297,0.0001910351319399311,0.00020802437385259413,0.00019158803921740785,0.00020688106728595818,0.00020649120150988243,0.00017772112555357154,0.000186019000121584,0.0001870978297315274,0.00020430657189962316,0.00018718999514681493,0.00017917236353545528,0.00020751712913118009,0.00019055847373133393,0.00020787025129227727,0.00019372970904253997,0.00020848502710593393,0.00015679170527738636,0.00020603958007244332,0.00020741646237401723,0.00020806294125341054,0.0002072714199991389,0.00020755574378668543,0.0002081918321099676,0.00020799270797708326,0.00020741041181796397,0.0001984884748454162,0.0002076870411404668,0.00020463272232669892,0.00020826426682363447,0.00020754390049543972,0.00020022788325717655,0.00020560748393818785,0.00020758653219368168,0.00020664217679970863,0.0002067038447739495,0.0001436645113837498,2.3901250268971908e-05,0.00019767727107392288,0.00020479354492199388,0.00020754301798537987,0.00020372297461010913,0.00020760310754645102,0.00020810013672377815,0.0001681050143673363,0.00016883860047568278,0.00020910265799318302,0.0002084681142324019,0.00016662546616933065,0.00020773470902122102,0.00017678670241014146,0.0002001629113251926,0.00018546914957467766,0.00017613889278198552,0.00020929836973951165,0.0002094653963493787,0.00020825714019708552,0.00020610691373650235,0.0001784170379189106,0.00020776249915608984
r1248,0.00020899629571228547,0.00020819043672520295,0.00020725238224648945,0.00020929159316485503,0.0002085072124638342,0.00020826562914540796,0.0002076169265865451,0.00020819693424684033,0.00020837960582618606,0.00020766573372019652,0.00020821470689266059,0.00019481643504243385,0.00020803268904190297,0.0001910351319399311,0.00020802437385259413,0.00019158803921740785,0.00020688106728595818,0.00020649120150988243,0.00017772112555357154,0.000186019000121584,0.0001870978297315274,0.00020430657189962316,0.00018718999514681493,0.00017917236353545528,0.00020751712913118009,0.00019055847373133393,0.00020787025129227727,0.00019372970904253997,0.00020848502710593393,0.00015679170527738636,0.00020603958007244332,0.00020741646237401723,0.00020806294125341054,0.0002072714199991389,0.00020755574378668543,0.0002081918321099676,0.00020799270797708326,0.00020741041181796397,0.0001984884748454162,0.0002076870411404668,0.00020463272232669892,0.00020826426682363447,0.00020754390049543972,0.00020022788325717655,0.00020560748393818785,0.00020758653219368168,0.00020664217679970863,0.0002067038447739495,0.0001436645113837498,2.3901250268971908e-05,0.00019767727107392288,0.00020479354492199388,0.00020754301798537987,0.00020372297461010913,0.00020760310754645102,0.00020810013672377815,0.0001681050143673363,0.00016883860047568278,0.00020910265799318302,0.0002084681142324019,0.00016662546616933065,0.00020773470902122102,0.00017678670241014146,0.0002001629113251926,0.00018546914957467766,0.00017613889278198552,0.00020929836973951165,0.0002094653963493787,0.00020825714019708552,0.00020610691373650235,0.0001784170379189106,0.00020776249915608984
r1249,0.0008359851828491419,0.0008327617469008118,0.0008290095289859578,0.0008371663726594201,0.0008340288498553368,0.0008330625165816318,0.0008304677063461804,0.0008327877369873613,0.0008335184233047442,0.0008306629348807861,0.0008328588275706423,0.0007792657401697354,0.0008321307561676119,0.0007641405277597244,0.0008320974954103765,0.0007663521568696314,0.0008275242691438327,0.0008259648060395297,0.0007108845022142862,0.000744076000486336,0.0007483913189261096,0.0008172262875984927,0.0007487599805872597,0.0007166894541418211,0.0008300685165247203,0.0007622338949253357,0.0008314810051691091,0.0007749188361701599,0.0008339401084237357,0.0006271668211095454,0.0008241583202897733,0.0008296658494960689,0.0008322517650136422,0.0008290856799965556,0.0008302229751467417,0.0008327673284398705,0.000831970831908333,0.0008296416472718559,0.0007939538993816648,0.0008307481645618672,0.0008185308893067957,0.0008330570672945379,0.0008301756019817589,0.0008009115330287062,0.0008224299357527514,0.0008303461287747267,0.0008265687071988345,0.000826815379095798,0.0005746580455349992,9.560500107588767e-05,0.0007907090857237781,0.0008191741796879755,0.0008301720719415195,0.0008148918984404365,0.0008304124301858041,0.0008324005468951126,0.0006724200574693452,0.0006753544019027311,0.0008364106319727321,0.0008338724569296076,0.0006665018646773226,0.0008309388360848841,0.0007071468096405658,0.0008006516453007704,0.0007418765982987106,0.0007045555711279421,0.0008371934789580466,0.0008378615853975148,0.0008330285607883421,0.0008244276549460094,0.0007136681516756424,0.0008310499966243594
r1250,0.00020899629571228547,0.00020819043672520295,0.00020725238224648945,0.00020929159316485503,0.0002085072124638342,0.00020826562914540796,0.0002076169265865451,0.00020819693424684033,0.00020837960582618606,0.00020766573372019652,0.00020821470689266059,0.00019481643504243385,0.00020803268904190297,0.0001910351319399311,0.00020802437385259413,0.00019158803921740785,0.00020688106728595818,0.00020649120150988243,0.00017772112555357154,0.000186019000121584,0.0001870978297315274,0.00020430657189962316,0.00018718999514681493,0.00017917236353545528,0.00020751712913118009,0.00019055847373133393,0.00020787025129227727,0.00019372970904253997,0.00020848502710593393,0.00015679170527738636,0.00020603958007244332,0.00020741646237401723,0.00020806294125341054,0.0002072714199991389,0.00020755574378668543,0.0002081918321099676,0.00020799270797708326,0.00020741041181796397,0.0001984884748454162,0.0002076870411404668,0.00020463272232669892,0.00020826426682363447,0.00020754390049543972,0.00020022788325717655,0.00020560748393818785,0.00020758653219368168,0.00020664217679970863,0.0002067038447739495,0.0001436645113837498,2.3901250268971908e-05,0.00019767727143094453,0.00020479354492199388,0.00020754301798537987,0.00020372297461010913,0.00020760310754645102,0.00020810013672377815,0.0001681050143673363,0.00016883860047568278,0.00020910265799318302,0.0002084681142324019,0.00016662546616933065,0.00020773470902122102,0.00017678670241014146,0.0002001629113251926,0.00018546914957467766,0.00017613889278198552,0.00020929836973951165,0.0002094653963493787,0.00020825714019708552,0.00020610691373650235,0.0001784170379189106,0.00020776249915608984
r1251,0.00020899629571228547,0.00020819043672520295,0.00020725238224648945,0.00020929159316485503,0.0002085072124638342,0.00020826562914540796,0.0002076169265865451,0.00020819693424684033,0.00020837960582618606,0.00020766573372019652,0.00020821470689266059,0.00019481643504243385,0.00020803268904190297,0.0001910351319399311,0.00020802437385259413,0.00019158803921740785,0.00020688106728595818,0.00020649120150988243,0.00017772112555357154,0.000186019000121584,0.0001870978297315274,0.00020430657189962316,0.00018718999514681493,0.00017917236353545528,0.00020751712913118009,0.00019055847373133393,0.00020787025129227727,0.00019372970904253997,0.00020848502710593393,0.00015679170527738636,0.00020603958007244332,0.00020741646237401723,0.00020806294125341054,0.0002072714199991389,0.00020755574378668543,0.0002081918321099676,0.00020799270797708326,0.00020741041181796397,0.0001984884748454162,0.0002076870411404668,0.00020463272232669892,0.00020826426682363447,0.00020754390049543972,0.00020022788325717655,0.00020560748393818785,0.00020758653219368168,0.00020664217679970863,0.0002067038447739495,0.0001436645113837498,2.3901250268971908e-05,0.00019767727143094453,0.00020479354492199388,0.00020754301798537987,0.00020372297461010913,0.00020760310754645102,0.00020810013672377815,0.0001681050143673363,0.00016883860047568278,0.00020910265799318302,0.0002084681142324019,0.00016662546616933065,0.00020773470902122102,0.00017678670241014146,0.0002001629113251926,0.00018546914957467766,0.00017613889278198552,0.00020929836973951165,0.0002094653963493787,0.00020825714019708552,0.00020610691373650235,0.0001784170379189106,0.00020776249915608984
r1252,0.00020899629571228547,0.00020819043672520295,0.00020725238224648945,0.00020929159316485503,0.0002085072124638342,0.00020826562914540796,0.0002076169265865451,0.00020819693424684033,0.00020837960582618606,0.00020766573372019652,0.00020821470689266059,0.00019481643504243385,0.00020803268904190297,0.0001910351319399311,0.00020802437385259413,0.00019158803921740785,0.00020688106728595818,0.00020649120150988243,0.00017772112555357154,0.000186019000121584,0.0001870978297315274,0.00020430657189962316,0.00018718999514681493,0.00017917236353545528,0.00020751712913118009,0.00019055847373133393,0.00020787025129227727,0.00019372970904253997,0.00020848502710593393,0.00015679170527738636,0.00020603958007244332,0.00020741646237401723,0.00020806294125341054,0.0002072714199991389,0.00020755574378668543,0.0002081918321099676,0.00020799270797708326,0.00020741041181796397,0.0001984884748454162,0.0002076870411404668,0.00020463272232669892,0.00020826426682363447,0.00020754390049543972,0.00020022788325717655,0.00020560748393818785,0.00020758653219368168,0.00020664217679970863,0.0002067038447739495,0.0001436645113837498,2.3901250268971908e-05,0.00019767727143094453,0.00020479354492199388,0.00020754301798537987,0.00020372297461010913,0.00020760310754645102,0.00020810013672377815,0.0001681050143673363,0.00016883860047568278,0.00020910265799318302,0.0002084681142324019,0.00016662546616933065,0.00020773470902122102,0.00017678670241014146,0.0002001629113251926,0.00018546914957467766,0.00017613889278198552,0.00020929836973951165,0.0002094653963493787,0.00020825714019708552,0.00020610691373650235,0.0001784170379189106,0.00020776249915608984
r1253,0.00020899629571228547,0.00020819043672520295,0.00020725238224648945,0.00020929159316485503,0.0002085072124638342,0.00020826562914540796,0.0002076169265865451,0.00020819693424684033,0.00020837960582618606,0.00020766573372019652,0.00020821470689266059,0.00019481643504243385,0.00020803268904190297,0.0001910351319399311,0.00020802437385259413,0.00019158803921740785,0.00020688106728595818,0.00020649120150988243,0.00017772112555357154,0.000186019000121584,0.0001870978297315274,0.00020430657189962316,0.00018718999514681493,0.00017917236353545528,0.00020751712913118009,0.00019055847373133393,0.00020787025129227727,0.00019372970904253997,0.00020848502710593393,0.00015679170527738636,0.00020603958007244332,0.00020741646237401723,0.00020806294125341054,0.0002072714199991389,0.00020755574378668543,0.0002081918321099676,0.00020799270797708326,0.00020741041181796397,0.0001984884748454162,0.0002076870411404668,0.00020463272232669892,0.00020826426682363447,0.00020754390049543972,0.00020022788325717655,0.00020560748393818785,0.00020758653219368168,0.00020664217679970863,0.0002067038447739495,0.0001436645113837498,2.3901250268971908e-05,0.00019767727143094453,0.00020479354492199388,0.00020754301798537987,0.00020372297461010913,0.00020760310754645102,0.00020810013672377815,0.0001681050143673363,0.00016883860047568278,0.00020910265799318302,0.0002084681142324019,0.00016662546616933065,0.00020773470902122102,0.00017678670241014146,0.0002001629113251926,0.00018546914957467766,0.00017613889278198552,0.00020929836973951165,0.0002094653963493787,0.00020825714019708552,0.00020610691373650235,0.0001784170379189106,0.00020776249915608984
r1254,0.0008359851828491419,0.0008327617469008118,0.0008290095289859578,0.0008371663726594201,0.0008340288498553368,0.0008330625165816318,0.0008304677063461804,0.0008327877369873613,0.0008335184233047442,0.0008306629348807861,0.0008328588275706423,0.0007792657401697354,0.0008321307561676119,0.0007641405277597244,0.0008320974954103765,0.0007663521568696314,0.0008275242691438327,0.0008259648060395297,0.0007108845022142862,0.000744076000486336,0.0007483913189261096,0.0008172262875984927,0.0007487599805872597,0.0007166894541418211,0.0008300685165247203,0.0007622338949253357,0.0008314810051691091,0.0007749188361701599,0.0008339401084237357,0.0006271668211095454,0.0008241583202897733,0.0008296658494960689,0.0008322517650136422,0.0008290856799965556,0.0008302229751467417,0.0008327673284398705,0.000831970831908333,0.0008296416472718559,0.0007939538993816648,0.0008307481645618672,0.0008185308893067957,0.0008330570672945379,0.0008301756019817589,0.0008009115330287062,0.0008224299357527514,0.0008303461287747267,0.0008265687071988345,0.000826815379095798,0.0005746580455349992,9.560500107588767e-05,0.0007907090853667564,0.0008191741796879755,0.0008301720719415195,0.0008148918984404365,0.0008304124301858041,0.0008324005468951126,0.0006724200574693452,0.0006753544019027311,0.0008364106319727321,0.0008338724569296076,0.0006665018646773226,0.0008309388360848841,0.0007071468096405658,0.0008006516453007704,0.0007418765982987106,0.0007045555711279421,0.0008371934789580466,0.0008378615853975148,0.0008330285607883421,0.0008244276549460094,0.0007136681516756424,0.0008310499966243594
r1255,0.0001964584876965691,0.00019570097265373472,0.00019481919260286215,0.00019673607008507295,0.00019599874483356347,0.0001957716542373881,0.00019516186771823492,0.00019570708038530913,0.00019587879339151942,0.0001952077468838643,0.00019572378683988304,0.00018312928502600023,0.00019555268834470726,0.00017957482447200708,0.00019554487198838847,0.00018009456252383136,0.00019447015304043227,0.00019410367553654903,0.00016705953298832616,0.00017485961328723187,0.00017587372328822272,0.0001920501031134347,0.00017596035964719615,0.00016842371036878721,0.00019506805716963156,0.0001791267612635385,0.00019539999532913282,0.00018210775234403555,0.00019597789038804694,0.00014738568067525305,0.00019367914676673807,0.0001949734294691458,0.0001955811257086429,0.00019483708826977818,0.0001951043553097382,0.00019570228432856337,0.00019551510514343457,0.00019496774188943014,0.00018658103704867257,0.00019522777605973022,0.00019235668758875587,0.00019577037364208212,0.0001950932225043486,0.00018821609734912456,0.0001932729726903888,0.00019513329670248493,0.0001942455937318853,0.00019430356220887467,0.00013504599469539276,2.2467400514904977e-05,0.00018581849828059883,0.00019250786234403688,0.0001950923929365736,0.00019150151616106296,0.00019514887769031016,0.0001956160898012082,0.00015802029784432858,0.00015870987570000222,0.0001965584692430451,0.00019596199212752665,0.00015662950859390883,0.00019527258431696701,0.0001661811664268561,0.0001881550231207746,0.00017434274859096511,0.00016557221927097996,0.00019674244012911845,0.0001968994467165687,0.00019576367454596344,0.00019374244140777972,0.00016771369717052747,0.00019529870730558509
r1256,0.0001964584876965691,0.00019570097265373472,0.00019481919260286215,0.00019673607008507295,0.00019599874483356347,0.0001957716542373881,0.00019516186771823492,0.00019570708038530913,0.00019587879339151942,0.0001952077468838643,0.00019572378683988304,0.00018312928502600023,0.00019555268834470726,0.00017957482447200708,0.00019554487198838847,0.00018009456252383136,0.00019447015304043227,0.00019410367553654903,0.00016705953298832616,0.00017485961328723187,0.00017587372328822272,0.0001920501031134347,0.00017596035964719615,0.00016842371036878721,0.00019506805716963156,0.0001791267612635385,0.00019539999532913282,0.00018210775234403555,0.00019597789038804694,0.00014738568067525305,0.00019367914676673807,0.0001949734294691458,0.0001955811257086429,0.00019483708826977818,0.0001951043553097382,0.00019570228432856337,0.00019551510514343457,0.00019496774188943014,0.00018658103704867257,0.00019522777605973022,0.00019235668758875587,0.00019577037364208212,0.0001950932225043486,0.00018821609734912456,0.0001932729726903888,0.00019513329670248493,0.0001942455937318853,0.00019430356220887467,0.00013504599469539276,2.2467400514904977e-05,0.00018581849828059883,0.00019250786234403688,0.0001950923929365736,0.00019150151616106296,0.00019514887769031016,0.0001956160898012082,0.00015802029784432858,0.00015870987570000222,0.0001965584692430451,0.00019596199212752665,0.00015662950859390883,0.00019527258431696701,0.0001661811664268561,0.0001881550231207746,0.00017434274859096511,0.00016557221927097996,0.00019674244012911845,0.0001968994467165687,0.00019576367454596344,0.00019374244140777972,0.00016771369717052747,0.00019529870730558509
r1257,0.0001964584876965691,0.00019570097265373472,0.00019481919260286215,0.00019673607008507295,0.00019599874483356347,0.0001957716542373881,0.00019516186771823492,0.00019570708038530913,0.00019587879339151942,0.0001952077468838643,0.00019572378683988304,0.00018312928502600023,0.00019555268834470726,0.00017957482447200708,0.00019554487198838847,0.00018009456252383136,0.00019447015304043227,0.00019410367553654903,0.00016705953298832616,0.00017485961328723187,0.00017587372328822272,0.0001920501031134347,0.00017596035964719615,0.00016842371036878721,0.00019506805716963156,0.0001791267612635385,0.00019539999532913282,0.00018210775234403555,0.00019597789038804694,0.00014738568067525305,0.00019367914676673807,0.0001949734294691458,0.0001955811257086429,0.00019483708826977818,0.0001951043553097382,0.00019570228432856337,0.00019551510514343457,0.00019496774188943014,0.00018658103704867257,0.00019522777605973022,0.00019235668758875587,0.00019577037364208212,0.0001950932225043486,0.00018821609734912456,0.0001932729726903888,0.00019513329670248493,0.0001942455937318853,0.00019430356220887467,0.00013504599469539276,2.2467400514904977e-05,0.00018581849828059883,0.00019250786234403688,0.0001950923929365736,0.00019150151616106296,0.00019514887769031016,0.0001956160898012082,0.00015802029784432858,0.00015870987570000222,0.0001965584692430451,0.00019596199212752665,0.00015662950859390883,0.00019527258431696701,0.0001661811664268561,0.0001881550231207746,0.00017434274859096511,0.00016557221927097996,0.00019674244012911845,0.0001968994467165687,0.00019576367454596344,0.00019374244140777972,0.00016771369717052747,0.00019529870730558509
r1258,0.0001964584876965691,0.00019570097265373472,0.00019481919260286215,0.00019673607008507295,0.00019599874483356347,0.0001957716542373881,0.00019516186771823492,0.00019570708038530913,0.00019587879339151942,0.0001952077468838643,0.00019572378683988304,0.00018312928502600023,0.00019555268834470726,0.00017957482447200708,0.00019554487198838847,0.00018009456252383136,0.00019447015304043227,0.00019410367553654903,0.00016705953298832616,0.00017485961328723187,0.00017587372328822272,0.0001920501031134347,0.00017596035964719615,0.00016842371036878721,0.00019506805716963156,0.0001791267612635385,0.00019539999532913282,0.00018210775234403555,0.00019597789038804694,0.00014738568067525305,0.00019367914676673807,0.0001949734294691458,0.0001955811257086429,0.00019483708826977818,0.0001951043553097382,0.00019570228432856337,0.00019551510514343457,0.00019496774188943014,0.00018658103704867257,0.00019522777605973022,0.00019235668758875587,0.00019577037364208212,0.0001950932225043486,0.00018821609734912456,0.0001932729726903888,0.00019513329670248493,0.0001942455937318853,0.00019430356220887467,0.00013504599469539276,2.2467400514904977e-05,0.00018581849828059883,0.00019250786234403688,0.0001950923929365736,0.00019150151616106296,0.00019514887769031016,0.0001956160898012082,0.00015802029784432858,0.00015870987570000222,0.0001965584692430451,0.00019596199212752665,0.00015662950859390883,0.00019527258431696701,0.0001661811664268561,0.0001881550231207746,0.00017434274859096511,0.00016557221927097996,0.00019674244012911845,0.0001968994467165687,0.00019576367454596344,0.00019374244140777972,0.00016771369717052747,0.00019529870730558509
r1259,0.0007858339507862764,0.0007828038906149389,0.0007792767704114486,0.0007869442803402918,0.0007839949793342539,0.0007830866169495524,0.0007806474708729397,0.0007828283215412365,0.0007835151735660777,0.0007808309875354572,0.0007828951473595322,0.0007325171401040009,0.000782210753378829,0.0007182992978880283,0.0007821794879535539,0.0007203782500953255,0.0007778806121617291,0.0007764147021461961,0.0006682381319533047,0.0006994384531489275,0.0007034948931528909,0.0007682004124537388,0.0007038414385887846,0.0006736948414751489,0.0007802722286785262,0.000716507045054154,0.0007815999813165313,0.0007284310093761422,0.0007839115615521878,0.0005895427227010122,0.0007747165888780851,0.0007798937178765832,0.0007823245028345715,0.0007793483530791127,0.0007804174212389528,0.0007828091373142535,0.0007820604236914013,0.0007798709675577206,0.0007463241481946903,0.0007809111042389209,0.0007694267503550235,0.0007830814945683285,0.0007803728900173944,0.0007528643893964982,0.0007730918907615552,0.0007805331868099397,0.0007769823749275412,0.0007772142488354987,0.000540183978781571,8.986960205961995e-05,0.0007432739923523929,0.0007700314493761475,0.0007803695717462943,0.0007660060646442518,0.0007805955107612406,0.0007824643592048328,0.0006320811913773143,0.0006348395028000089,0.0007862338769721804,0.0007838479685101066,0.0006265180343756353,0.0007810903372678681,0.0006647246657074244,0.0007526200924830984,0.0006973709943638605,0.0006622888770839198,0.0007869697605164738,0.0007875977868662748,0.0007830546981838538,0.0007749697656311189,0.0006708547886821099,0.0007811948292223403
r625,0.03361088681374865,0.03348128817607481,0.03333042979458581,0.03365837669495159,0.03353223220577824,0.03349338065799671,0.03338905599420527,0.0334823331106974,0.03351171044370767,0.03339690518137272,0.033485191316315006,0.03133047466393252,0.033455919116255846,0.030722363643813144,0.03345458186343233,0.03081128246344313,0.033270714740456786,0.0332080163350859,0.028581198604662628,0.02991566686378366,0.030089164770946343,0.03285668312933457,0.03010398685825493,0.02881458740892041,0.03337300651846946,0.03064570723685694,0.033429795797664814,0.031155706855461946,0.033528664345636255,0.025215318967505656,0.03313538635393238,0.0333568172411905,0.033460784291751304,0.0333334914553059,0.03337921654631244,0.03348151258254039,0.03344948934179624,0.0333558441878001,0.03192101390661114,0.03340033185116543,0.03290913480103053,0.03349316156873935,0.03337731190240153,0.03220074642078084,0.03306589644162756,0.0333841679530341,0.03323229625525882,0.0332422137291292,0.02310419720509834,0.003843810794634459,0.031790555764028984,0.032934998369710124,0.03337716997670446,0.03276282872691235,0.033386833609387025,0.03346676608600445,0.027034730885866682,0.027152706563720708,0.033627992047946115,0.03352594440902078,0.026796789218768397,0.03340799782321137,0.028430924216299357,0.03219029760278354,0.029827239629061777,0.028326743154070567,0.03365946650700958,0.033686327808355045,0.0334920154611515,0.03314621498682118,0.028693115572688718,0.03341246704625854
r626,0.018222697356330312,0.01815243331464615,0.018070642951756484,0.018248444779700744,0.01818005346166999,0.018158989453422574,0.01810242811406824,0.018152999843208454,0.01816892724945479,0.018106683680517238,0.018154549466586158,0.016986334249219446,0.018138679059905488,0.01665663681695319,0.01813795404620303,0.016704845623474077,0.01803826744899037,0.01800427447307964,0.015495768830499633,0.01621927283538784,0.01631333759100414,0.017813793373455178,0.01632137363041929,0.015622304425050073,0.018093726625747448,0.0166150762799722,0.018124515871315278,0.01689158099563717,0.018178119087372234,0.013670901599068622,0.01796489692934237,0.018084949341711266,0.018141316795146765,0.01807230288167797,0.018097093494898627,0.01815255498031744,0.01813519305149708,0.018084421784746074,0.01730650485215537,0.018108541506135428,0.01784223091348338,0.01815887067056352,0.018096060860747897,0.01745816645438226,0.017927221825788396,0.018099777981823263,0.018017438232774487,0.018022815155016393,0.012526322071253999,0.002083985501297969,0.01723577481569078,0.017856253274369436,0.018095983913387386,0.01776290865921433,0.018101223211437242,0.018144559923688033,0.01465732581746298,0.014721288279532336,0.018231971241536523,0.018176644428817498,0.014528321813134867,0.01811269773948057,0.015414295089127488,0.017452501455147006,0.01617133054974321,0.015357811605731877,0.01824903563930579,0.018263598937433803,0.018158249289407263,0.017970767851493544,0.015556446462978617,0.018115120802563014
r627,0.002022002626090114,0.002014206081263243,0.0020051305681645045,0.0020248595773225274,0.0020172708311585615,0.0020149335547850694,0.002008657470928038,0.0020142689436495505,0.002016036259246531,0.002009129671413351,0.002014440890890835,0.0018848149529100688,0.0020126799000035967,0.0018482315064080644,0.002012599452000661,0.0018535807876631852,0.0020015381608312756,0.0019977662776014737,0.001719420822059096,0.0017997013079424041,0.001810138795826857,0.001976630368019606,0.0018110304801084423,0.0017334612958414249,0.002007691947993014,0.0018436199215655991,0.002011108343171846,0.0018743010688331105,0.002017056191699133,0.0015169323395876747,0.001993396919142138,0.0020067180147149673,0.002012972584861412,0.0020053147550932963,0.002008065538034722,0.0020142195813671023,0.002012293090190621,0.002006659476643017,0.0019203412960893573,0.002009335816980351,0.001979785816386669,0.002014920374559977,0.002007950956262124,0.001937169768405136,0.0019892164645785426,0.0020083634104904363,0.00199922693713786,0.001999823564008232,0.0013899290334494561,0.0002312404181422895,0.001912493044171527,0.0019813417468826414,0.0020079424181317944,0.0019709841662630284,0.002008523774130224,0.0020133324445626975,0.001626386627338298,0.0016334839446973282,0.0020230316625644805,0.002016892562604496,0.0016120722571642797,0.0020097969953983535,0.001710380441494655,0.0019365411763198701,0.001794381600021089,0.0017041129965866208,0.002024925139497527,0.0020265410927498683,0.0020148514256933415,0.0019940483605712074,0.0017261536525406864,0.0020100658600905627
r988,9.910576204898924e-06,9.872362480225875e-06,9.827880063139428e-06,9.924579170343763e-06,9.887383943103605e-06,9.875928094672688e-06,9.845166706665138e-06,9.87267059182863e-06,9.881332853526997e-06,9.847481134368296e-06,9.873513368299819e-06,9.23816912101069e-06,9.864882106322745e-06,9.058860236977716e-06,9.864487801165428e-06,9.085079025636162e-06,9.810272357701458e-06,9.791784975092453e-06,8.427511846637525e-06,8.820995941488241e-06,8.872153896345384e-06,9.688190133093644e-06,8.876524367931017e-06,8.496329356356454e-06,9.840434324767275e-06,9.036257168902094e-06,9.857179330104556e-06,9.186636720404635e-06,9.886331916418875e-06,7.435041554930836e-06,9.770369147328934e-06,9.835660720694753e-06,9.86631666211906e-06,9.828782830806585e-06,9.84226542653241e-06,9.872428649184469e-06,9.862986209611793e-06,9.83537380414207e-06,9.412296754089262e-06,9.848491529372088e-06,9.703656142434543e-06,9.875863493557195e-06,9.841703819255377e-06,9.49477926679502e-06,9.749879206816949e-06,9.843725408647981e-06,9.798944203007383e-06,9.801868490042625e-06,6.8125517878473924e-06,1.133394069859985e-06,9.373829594005841e-06,9.711282328251956e-06,9.84166197074825e-06,9.660516028196477e-06,9.84451140964129e-06,9.868080466451754e-06,7.971517148834009e-06,8.006303703326784e-06,9.915619889939309e-06,9.885529910234109e-06,7.901357172479755e-06,9.850751933882298e-06,8.383201626982457e-06,9.491698306522017e-06,8.794922102581343e-06,8.352482581631252e-06,9.924900514600744e-06,9.932820893953488e-06,9.875525549882838e-06,9.77356210061321e-06,8.460511917310757e-06,9.852069738313675e-06
r628,0.002319624352749876,0.0023106802223049608,0.0023002688702493767,0.0023229018230992294,0.0023141960775271723,0.0023115147737914083,0.002304314903342763,0.0023107523375041523,0.0023127797870459354,0.0023048566077554958,0.0023109495939286104,0.0021622438115480756,0.00230892940004048,0.0021202755903803002,0.002308837110770268,0.0021264122407035854,0.0022961476908663083,0.0022918206182489507,0.0019725050600877606,0.0020646021561561293,0.0020765759541947182,0.002267573681103063,0.0020775988868793004,0.001988612173149534,0.0023032072635779453,0.0021149852191575695,0.002307126523302529,0.0021501823724420044,0.0023139498449502565,0.0017402119814183665,0.002286808127089254,0.0023020899755385746,0.002309265165639948,0.0023004801679400774,0.002303635842921766,0.0023106957095102025,0.0023084856550865942,0.002302022821156322,0.00220299933270295,0.0023050930962106816,0.002271193584846831,0.002311499653548386,0.002303504395678986,0.0022223048141595874,0.0022820123448849356,0.0023039775596897754,0.0022934962745453165,0.002294180719857188,0.0015945148601601092,0.0002652770566871725,0.0021939958843195427,0.0022729785351842213,0.002303494600807906,0.002261096406085664,0.0023041615275043274,0.002309677993653074,0.0018657770168457335,0.0018739189994390177,0.002320804854711154,0.0023137621310334497,0.0018493556921543159,0.002305622156200792,0.0019621340117791076,0.0022215836986228775,0.002058499432111868,0.001954944051859859,0.0023229770354732324,0.0023248308434103086,0.002311420555990314,0.002287555455200382,0.0019802289064104655,0.0023059305955072436
r629,0.0008830222228099514,0.0008796174189514267,0.0008756540809981585,0.0008842698727363928,0.0008809558159594227,0.0008799351115587397,0.0008771943032895172,0.0008796448713807017,0.0008804166700553007,0.0008774005164352237,0.0008797199619039504,0.0008231114380510746,0.0008789509252728731,0.0008071351995282223,0.0008789157930858759,0.0008094712668326766,0.0008740852524181679,0.000872438045500242,0.0007508827024503935,0.0007859417336199121,0.0007904998551739378,0.0008632078508312159,0.0007908892597306947,0.0007570142723151421,0.0008767726528933909,0.0008051212892366496,0.0008782646157750827,0.0008185199537630674,0.0008808620814557571,0.0006624546126060835,0.0008705299171085034,0.0008763473296435832,0.0008790787427298823,0.0008757345166757271,0.0008769358021914151,0.0008796233145380899,0.0008787820028113219,0.0008763217656716334,0.0008386260324030834,0.0008774905415986168,0.0008645858564752723,0.000879929355665296,0.0008768857635563386,0.0008459751400842676,0.0008687042843256998,0.0008770658851075137,0.0008730759253990837,0.0008733364763887143,0.0006069914098172525,0.00010098425461807835,0.0008351986477082099,0.000865265341846539,0.0008768820348970739,0.0008607421163355274,0.0008771359169936415,0.0008792358958953752,0.0007102540403706873,0.0007133534868647195,0.0008834716099982884,0.0008807906235234089,0.0007040028580991657,0.0008776919413329801,0.0007469347071124761,0.0008457006296690905,0.0007836185811903512,0.000744197671530709,0.0008842985041816509,0.0008850042018965929,0.0008798992452288953,0.0008708144059866591,0.0007538229750598061,0.000877809356362557
r630,0.0009627050104952085,0.0009589929615232987,0.0009546719770595607,0.0009640652467435179,0.0009604521337528822,0.0009593393223021748,0.0009563511870260426,0.0009590228912244213,0.0009598643360170173,0.0009565760085803289,0.0009591047578197398,0.0008973879537097826,0.0009582663243139142,0.0008799700400066903,0.0009582280218436276,0.0008825169110148688,0.0009529615794098178,0.000951165730661908,0.0008186413900692488,0.0008568641030408421,0.0008618335436111406,0.0009411026151182918,0.0008622580875333836,0.0008253262648985714,0.0009558914874414317,0.0008777743970451629,0.0009575180831312966,0.0008923821397953735,0.000960349940768375,0.0007222336633296695,0.0009490854152225645,0.0009554277835695551,0.0009584056758535617,0.0009547596711490382,0.0009560693591219047,0.0009589993891201062,0.0009580821585070749,0.0009553999127377133,0.0009143025650668447,0.0009566741574984766,0.000942604970216221,0.0009593330470043231,0.00095601480506487,0.0009223148467564616,0.0009470950396896176,0.0009562111805527513,0.0009518611720209657,0.0009521452347962023,0.0006617655325809245,0.00011009694364495247,0.0009105658975930076,0.0009433457714719306,0.000956010739936197,0.0009384143759186068,0.0009562875320260531,0.0009585770103182298,0.0007743464498701414,0.0007777255864224139,0.0009631949498044222,0.0009602720345642794,0.0007675311689645691,0.000956893731285382,0.000814337132718703,0.0009220155648751025,0.0008543313123292275,0.0008113531105724814,0.0009640964618535069,0.0009648658408210125,0.000959300219440936,0.0009493955760105444,0.000821846989090637,0.0009570217416959484
r941,4.604288528525958e-05,4.586535068938271e-05,4.565869279333527e-05,4.610794072888872e-05,4.593513790233549e-05,4.5881915939833524e-05,4.573900365804845e-05,4.586678212453718e-05,4.5907025548677505e-05,4.574975610341937e-05,4.587069752355958e-05,4.291899404136216e-05,4.583059811895776e-05,4.2085954850958976e-05,4.582876624291438e-05,4.2207762973268004e-05,4.5576890328488023e-05,4.549100103011702e-05,3.9152815454170166e-05,4.098087697816412e-05,4.121854831010459e-05,4.5009716659997557e-05,4.123885279267952e-05,3.947253013473936e-05,4.57170178004813e-05,4.198094476385764e-05,4.5794812304444075e-05,4.2679583096879865e-05,4.593025036169602e-05,3.4541963890616175e-05,4.5391506663632334e-05,4.569484043156103e-05,4.58372628260948e-05,4.566288690145559e-05,4.57255247940985e-05,4.586565809933618e-05,4.582179009882146e-05,4.5693507465076706e-05,4.372796200337303e-05,4.575445023020783e-05,4.508156916172715e-05,4.5881615813817796e-05,4.5722915660290605e-05,4.411116201031852e-05,4.529631381500374e-05,4.5732307627677084e-05,4.552426160980513e-05,4.5537847359989705e-05,3.164998018104101e-05,5.265559949557846e-06,4.35492499888188e-05,4.511699915000387e-05,4.5722721239101246e-05,4.488114738099613e-05,4.5735959257291826e-05,4.5845457167057106e-05,3.7034340087291334e-05,3.7195952621705686e-05,4.6066317405343046e-05,4.59265243746293e-05,3.6708388530478855e-05,4.576495169282817e-05,3.894695755868933e-05,4.4096848382383536e-05,4.0859742268242486e-05,3.880424199382853e-05,4.610943364074929e-05,4.614623040315891e-05,4.5880045783830673e-05,4.540634059243219e-05,3.9306128282506226e-05,4.577107399258228e-05
r944,0.0001522074552361881,0.0001516205656681823,0.00015093740099970062,0.00015242251394640373,0.0001518512665468471,0.00015167532667199104,0.00015120289071152208,0.0001516252976718534,0.00015175833340887206,0.00015123843588505615,0.00015163824110312932,0.00014188057120790895,0.00015150568146241356,0.00013912673042452351,0.00015149962569094877,0.00013952940076563894,0.00015066698039227548,0.00015038304962955112,0.000129430429233313,0.0001354735907523715,0.00013625927888623042,0.00014879203141322995,0.0001363264009530486,0.0001304873342823688,0.0001511302103959695,0.0001387795906214291,0.0001513873815833566,0.00014108913230503445,0.00015183510943335413,0.00011418798778742404,0.00015005414356210667,0.00015105689698682336,0.00015152771348987966,0.00015095126578076342,0.0001511583326094703,0.0001516215818965625,0.00015147656412273537,0.0001510524904984976,0.00014455483790736572,0.00015125395361572397,0.0001490295596735216,0.0001516743345226759,0.00015114970739810903,0.00014582161121104345,0.0001497394573482286,0.00015118075513646643,0.000150493001648471,0.00015053791309244886,0.00010462773807040925,1.740676057441547e-05,0.0001439640560572079,0.00014914668327082093,0.00015114906468524915,0.0001483670102040439,0.00015119282660522174,0.00015155480214380492,0.00012242722466488846,0.00012296147946766806,0.00015228491657134544,0.0001518227921555346,0.0001213497019013751,0.00015128866909655883,0.00012874990918733216,0.000145774293566424,0.00013507314656161952,0.0001282781235289079,0.0001524274491782811,0.00015254909102441213,0.00015166914435556312,0.00015010318120472604,0.0001299372470687184,0.00015130890804683294
r948,4.3616858818435364e-05,4.344867862391074e-05,4.325290965287925e-05,4.367848645281499e-05,4.351478870792992e-05,4.346437104165843e-05,4.332898889131271e-05,4.345003463591245e-05,4.348815761057454e-05,4.333917478406878e-05,4.345374373027785e-05,4.065756722528142e-05,4.341575718668082e-05,3.9868421355448794e-05,4.341402183325409e-05,3.998381133678415e-05,4.317541740759235e-05,4.309405366642251e-05,3.7089830783378686e-05,3.882157067998731e-05,3.9046718970895045e-05,4.2638128450334e-05,3.90659535984464e-05,3.739269951104793e-05,4.330816148139764e-05,3.9768944311053475e-05,4.3381856947595564e-05,4.04307709830308e-05,4.351015869465598e-05,3.272192767664872e-05,4.29998017161091e-05,4.3287152650974286e-05,4.3422070726513566e-05,4.325688277099773e-05,4.3316220236561915e-05,4.3448969836254553e-05,4.340741326626023e-05,4.328588991927109e-05,4.142391019377825e-05,4.3343621574580274e-05,4.270619500186035e-05,4.346408672945743e-05,4.331374857953538e-05,4.178691916896765e-05,4.290962463416834e-05,4.332264567868512e-05,4.312556172677728e-05,4.313843163586467e-05,2.9982324274640863e-05,4.988114526206702e-06,4.125461461945278e-05,4.273975816340052e-05,4.3313564402511825e-05,4.2516333561593864e-05,4.332610490180671e-05,4.3429833302873604e-05,3.508297911856634e-05,3.523607619432882e-05,4.363905628645165e-05,4.350662903201989e-05,3.4774202139298914e-05,4.335356970901323e-05,3.689481966041757e-05,4.1773359734432836e-05,3.870681862854809e-05,3.6759623861866706e-05,4.367990070227931e-05,4.371475862182654e-05,4.3462599425265593e-05,4.301385403655291e-05,3.723506546941452e-05,4.3359369421224245e-05
r951,9.70410586729686e-06,9.666688261887834e-06,9.623132561824023e-06,9.717817104294933e-06,9.681396777622278e-06,9.67017959270034e-06,9.640059066942946e-06,9.666989954498866e-06,9.67547175241185e-06,9.642325277402288e-06,9.667815173126906e-06,9.045707264322968e-06,9.659363729107687e-06,8.870133982040679e-06,9.658977638641147e-06,8.895806545935408e-06,9.605891683582678e-06,9.587789454778025e-06,8.25193868316591e-06,8.637225192707235e-06,8.687317356838188e-06,9.486352838654194e-06,8.691596776932454e-06,8.319322494765696e-06,9.635425276334624e-06,8.848001811216632e-06,9.651821427394044e-06,8.995248455396203e-06,9.680366668160146e-06,7.280144855869777e-06,9.566819790092914e-06,9.630751122346944e-06,9.660768398324914e-06,9.624016521831447e-06,9.63721823014632e-06,9.666753052326458e-06,9.657507330244881e-06,9.630470183222444e-06,9.216207238379069e-06,9.64331462251017e-06,9.501496639467155e-06,9.670116337441419e-06,9.63666832302089e-06,9.296971365403454e-06,9.546756723341594e-06,9.638647795967816e-06,9.594799532111397e-06,9.59766289650007e-06,6.670623625600571e-06,1.1097816934045683e-06,9.178541477464054e-06,9.508963946413372e-06,9.63662734635766e-06,9.45925527760905e-06,9.63941742194043e-06,9.662495456734006e-06,7.805443874899968e-06,7.839505709507476e-06,9.709044475565573e-06,9.679581370437563e-06,7.73674556471976e-06,9.645527935259748e-06,8.208551593086988e-06,9.293954591802808e-06,8.611694558777565e-06,8.178472527847266e-06,9.718131753879893e-06,9.725887125329455e-06,9.669785434260278e-06,9.5699462235171e-06,8.284251252366782e-06,9.646818285432139e-06
r639,1.1975279580919533e-05,1.1929104663606265e-05,1.1875355076293476e-05,1.1992199830832045e-05,1.1947255597916858e-05,1.1933413114396164e-05,1.189624310388704e-05,1.192947696512626e-05,1.1939943864678456e-05,1.1899039704028357e-05,1.193049532002895e-05,1.116278768788792e-05,1.1920065878473315e-05,1.0946122786348073e-05,1.1919589426408226e-05,1.0977803822643696e-05,1.1854079098889262e-05,1.1831740178236715e-05,1.0183243481353674e-05,1.0658703429298293e-05,1.0720519291417339e-05,1.1706563077488154e-05,1.0725800277916646e-05,1.026639797226405e-05,1.189052480909379e-05,1.0918810745756698e-05,1.1910758357209672e-05,1.1100519370488935e-05,1.194598439900614e-05,8.984008545541428e-06,1.1805862719689129e-05,1.1884756704172824e-05,1.1921799300060533e-05,1.1876445920557957e-05,1.1892737390393332e-05,1.1929184617764565e-05,1.1917775003280917e-05,1.1884410013338336e-05,1.1373191911191192e-05,1.1900260597991275e-05,1.1725251172108406e-05,1.1933335054714944e-05,1.1892058781600246e-05,1.1472858280710646e-05,1.178110404157048e-05,1.1894501535449645e-05,1.1840390911967256e-05,1.1843924425468174e-05,8.231833410315599e-06,1.3695178344141484e-06,1.1326710759423725e-05,1.173446614663778e-05,1.1892008214654135e-05,1.1673123534070746e-05,1.1895451286649892e-05,1.1923930563629203e-05,9.632249888174428e-06,9.674283641519864e-06,1.1981374033676664e-05,1.1945015308199546e-05,9.547473250079704e-06,1.1902991920107775e-05,1.0129701965937137e-05,1.1469135453714105e-05,1.0627197540619121e-05,1.0092583119471098e-05,1.1992588121809231e-05,1.2002158580193796e-05,1.1932926706108428e-05,1.1809720871574295e-05,1.0223118566750499e-05,1.1904584267129024e-05
r985,9.910576204898924e-06,9.872362480225875e-06,9.827880063139428e-06,9.924579170343763e-06,9.887383943103605e-06,9.875928094672688e-06,9.845166706665138e-06,9.87267059182863e-06,9.881332853526997e-06,9.847481134368296e-06,9.873513368299819e-06,9.23816912101069e-06,9.864882106322745e-06,9.058860236977716e-06,9.864487801165428e-06,9.085079025636162e-06,9.810272357701458e-06,9.791784975092453e-06,8.427511846637525e-06,8.820995941488241e-06,8.872153896345384e-06,9.688190133093644e-06,8.876524367931017e-06,8.496329356356454e-06,9.840434324767275e-06,9.036257168902094e-06,9.857179330104556e-06,9.186636720404635e-06,9.886331916418875e-06,7.435041554930836e-06,9.770369147328934e-06,9.835660720694753e-06,9.86631666211906e-06,9.828782830806585e-06,9.84226542653241e-06,9.872428649184469e-06,9.862986209611793e-06,9.83537380414207e-06,9.412296754089262e-06,9.848491529372088e-06,9.703656142434543e-06,9.875863493557195e-06,9.841703819255377e-06,9.49477926679502e-06,9.749879206816949e-06,9.843725408647981e-06,9.798944203007383e-06,9.801868490042625e-06,6.8125517878473924e-06,1.133394069859985e-06,9.373829594005841e-06,9.711282328251956e-06,9.84166197074825e-06,9.660516028196477e-06,9.84451140964129e-06,9.868080466451754e-06,7.971517148834009e-06,8.006303703326784e-06,9.915619889939309e-06,9.885529910234109e-06,7.901357172479755e-06,9.850751933882298e-06,8.383201626982457e-06,9.491698306522017e-06,8.794922102581343e-06,8.352482581631252e-06,9.924900514600744e-06,9.932820893953488e-06,9.875525549882838e-06,9.77356210061321e-06,8.460511917310757e-06,9.852069738313675e-06
r643,2.81315834982808e-05,2.8023112248557816e-05,2.7896847054223897e-05,2.8171331499152867e-05,2.8065751296830547e-05,2.803323339373237e-05,2.7945915912148433e-05,2.8023986836180222e-05,2.8048575026938612e-05,2.795248551161833e-05,2.8026379092309385e-05,2.6222927973702225e-05,2.8001878895551537e-05,2.571395223517112e-05,2.8000759643933118e-05,2.5788375359227646e-05,2.7846866848683824e-05,2.7794389642840554e-05,2.3921843523007557e-05,2.5038764521411934e-05,2.5183978507855386e-05,2.750033136737519e-05,2.5196384273554187e-05,2.411718489174098e-05,2.7932482848948775e-05,2.5649792484643963e-05,2.79800142443072e-05,2.607665110739857e-05,2.8062765075251497e-05,2.11046752470693e-05,2.773359992340765e-05,2.7918932774888748e-05,2.800595094195254e-05,2.789940959786244e-05,2.7937680507605023e-05,2.8023300071903827e-05,2.799649731374181e-05,2.7918118350299107e-05,2.6717196515513787e-05,2.7955353559936393e-05,2.7544232279306384e-05,2.8033050020774328e-05,2.7936086361948857e-05,2.6951326564600435e-05,2.7675438373516864e-05,2.794182472767266e-05,2.7814711409578245e-05,2.7823012120173078e-05,1.9337712106129317e-05,3.2171862920504774e-06,2.6608005878818662e-05,2.7565879525506853e-05,2.793596757321769e-05,2.742177726753688e-05,2.7944055824242197e-05,2.801095757404274e-05,2.2627483573513208e-05,2.272622665788072e-05,2.814590020842148e-05,2.8060488547279108e-05,2.2428331557299302e-05,2.796176981232214e-05,2.3796067118257492e-05,2.6942581130492188e-05,2.496475284326475e-05,2.3708869828067877e-05,2.8172243648215655e-05,2.8194725975024218e-05,2.8032090753573678e-05,2.7742663254344783e-05,2.4015515598616475e-05,2.7965510455109135e-05
r644,0.0024555649392029163,0.002446096641844272,0.0024350751369841927,0.002459034484290943,0.00244981854224799,0.002446980101861256,0.0024393582861049518,0.0024461729833236624,0.0024483192506729004,0.0024399317368715566,0.002446381799875944,0.002288961179145914,0.002444243213394816,0.0022445334284464814,0.002444145515551661,0.002251029714519761,0.002430712437657798,0.0024261317788127693,0.00208810286985038,0.002185597276580415,0.0021982727938976037,0.002400463860355234,0.002199355675111732,0.002105153933338044,0.0024381857335886246,0.002238933017296071,0.002442334679841887,0.002276192884594217,0.002449557879316924,0.0018421963553219153,0.002420825532766843,0.002437002967364766,0.002444598656392674,0.002435298817685081,0.00243863942964036,0.002446113036670509,0.0024437734629589674,0.002436931877428856,0.0023321051600703304,0.002440182084630837,0.002404295906999315,0.0024469640955029014,0.002438500278988513,0.0023525420309555463,0.0024157486958113167,0.002439001172572429,0.0024279056362249136,0.0024286301931595905,0.0016879607170038223,0.0002808235043763597,0.0023225740684709477,0.002406185463582698,0.0024384899100932307,0.0023936069874243016,0.002439195921741543,0.0024450356780137622,0.0019751200755870916,0.0019837392155646343,0.002456814623973358,0.002449359164506843,0.001957736386232516,0.0024407421499538728,0.0020771240307209684,0.0023517786547532903,0.0021791369050211356,0.0020695127062963685,0.002459114104453741,0.0024610765540067922,0.0024468803624664954,0.0024216166577201523,0.00209627936886124,0.0024410686652130793
r645r,0.0011155080294202096,0.001111206794474277,0.0011061999722268056,0.0011170841658694392,0.0011128975702785601,0.001111608130528105,0.0011081457107243431,0.001111241474694652,0.0011122164757720562,0.0011084062165348037,0.0011113363353668455,0.0010398236811433072,0.0011103648235354046,0.0010196411513135797,0.0011103204415983776,0.0010225922682482048,0.0011042180958565889,0.001102137205369806,0.0009485782600925954,0.0009928677805180726,0.0009986259834955794,0.0010904768462073322,0.0009991179121226674,0.0009563241754731988,0.0011076130464376052,0.0010170970102458354,0.0011094978195850217,0.0010340233315508246,0.0011127791569603314,0.0008368684506455353,0.0010997266969056184,0.0011070757422928126,0.0011105262933103557,0.0011063015853480403,0.0011078191503693508,0.0011112142422758059,0.0011101514264573445,0.0011070434477307538,0.0010594230231822765,0.001108519943902044,0.0010922176589760523,0.0011116008591988147,0.001107755937351867,0.001068707034859069,0.0010974204038414308,0.0011079834820629938,0.0011029430289726362,0.0011032721789232245,0.0007668026624353347,0.0001275718141192536,0.00105509326222238,0.0010930760421151646,0.0011077512269955009,0.0010873619227577203,0.0011080719522387978,0.0011107248224225654,0.0008972527128936925,0.0009011681947032538,0.001116075733158529,0.0011126888852828574,0.0008893556930485276,0.0011087743690059674,0.0009435908199288068,0.0010683602501866342,0.0009899329787409492,0.0009401331661015295,0.0011171203355220874,0.0011180118323010208,0.0011115628211600124,0.0011000860872127545,0.0009522926600473857,0.0011089226975586183
r664,0.000113648706748328,0.00011321049404511685,0.00011270039563404617,0.00011380928458765286,0.00011338275141887868,0.00011325138243165118,0.00011289862877812352,0.0001132140272892455,0.00011331336105341644,0.00011292516928494055,0.00011322369175819749,0.00010593793454776334,0.00011312471348074719,0.0001038817248625222,0.00011312019181921443,0.00010418238663656387,0.00011249848073924498,0.0001122864782197914,9.66417898086619e-05,0.00010115403587602134,0.00010174068546018263,0.00011109851300207356,0.00010179080347888492,9.743094886657126e-05,0.00011284436058307503,0.00010362252606295401,0.00011303638253636316,0.0001053469910381801,0.0001133706873905404,8.526071944437317e-05,0.00011204089399956557,0.00011278961967617366,0.00011314116412979518,0.00011271074804703862,0.0001128653585899749,0.00011321125283213543,0.0001131029724432058,0.00011278632948451555,0.00010793472866945573,0.000112936755905447,0.00011127586817535631,0.00011325064162374264,0.00011285891840532608,0.00010888059001036632,0.00011180592731423948,0.00011288210081321998,0.00011236857606930355,0.00011240211008718969,7.812236991449095e-05,1.2997102046613558e-05,0.00010749360971679583,0.00011136332082570194,0.000112858438511058,0.00011078116251034074,0.00011289111421411073,0.00011316139040899662,9.141270861115833e-05,9.18116205259246e-05,0.00011370654478622159,0.00011336149045145042,9.060815492898056e-05,0.0001129626769058007,9.613366605728575e-05,0.00010884525935518241,0.00010085503630117635,9.578139796464131e-05,0.00011381296957614114,0.0001139037958663372,0.00011324676628281894,0.00011207750892527355,9.702021536910135e-05,0.00011297778871830054
r665,0.0011155080294202096,0.001111206794474277,0.0011061999722268056,0.0011170841658694392,0.0011128975702785601,0.001111608130528105,0.0011081457107243431,0.001111241474694652,0.0011122164757720562,0.0011084062165348037,0.0011113363353668455,0.0010398236811433072,0.0011103648235354046,0.0010196411513135797,0.0011103204415983776,0.0010225922682482048,0.0011042180958565889,0.001102137205369806,0.0009485782600925954,0.0009928677805180726,0.0009986259834955794,0.0010904768462073322,0.0009991179121226674,0.0009563241754731988,0.0011076130464376052,0.0010170970102458354,0.0011094978195850217,0.0010340233315508246,0.0011127791569603314,0.0008368684506455353,0.0010997266969056184,0.0011070757422928126,0.0011105262933103557,0.0011063015853480403,0.0011078191503693508,0.0011112142422758059,0.0011101514264573445,0.0011070434477307538,0.0010594230231822765,0.001108519943902044,0.0010922176589760523,0.0011116008591988147,0.001107755937351867,0.001068707034859069,0.0010974204038414308,0.0011079834820629938,0.0011029430289726362,0.0011032721789232245,0.0007668026624353347,0.0001275718141192536,0.00105509326222238,0.0010930760421151646,0.0011077512269955009,0.0010873619227577203,0.0011080719522387978,0.0011107248224225654,0.0008972527128936925,0.0009011681947032538,0.001116075733158529,0.0011126888852828574,0.0008893556930485276,0.0011087743690059674,0.0009435908199288068,0.0010683602501866342,0.0009899329787409492,0.0009401331661015295,0.0011171203355220874,0.0011180118323010208,0.0011115628211600124,0.0011000860872127545,0.0009522926600473857,0.0011089226975586183
r671,0.05463205132950532,0.05442139817224513,0.0541761888480561,0.05470924267652,0.054504203986358614,0.05444105362188318,0.054271481470491566,0.054423096637455315,0.054470847355067575,0.05428423975320522,0.05442774244275276,0.050925407279571434,0.054380162611104135,0.049936967056339654,0.054377989003924425,0.050081498128819346,0.054079126371829295,0.053977214675197144,0.04645665905458936,0.04862574012745394,0.048907748353603925,0.05340614810867872,0.04893184057821973,0.046836015576914955,0.05424539421527961,0.04981236764357279,0.05433770105720136,0.05064133492123055,0.05449840468925905,0.04098566657155624,0.05385915992465075,0.05421907972282982,0.0543880705999313,0.0541811653548213,0.054255488163759906,0.05442176292862938,0.054369711480485014,0.05421749809533317,0.051885285856917054,0.05428980955566364,0.053491404485170424,0.05444069750823402,0.054252392303645265,0.05233997070820755,0.05374620912757843,0.05426353631517201,0.0540166799190782,0.05403280005135998,0.03755419173050875,0.006247834810103167,0.0516732356369572,0.05353344383448891,0.05425216161374972,0.05325359460543308,0.0542678691456476,0.0543977935713153,0.04394298828294747,0.04413474916458889,0.05465985464329044,0.054493983630165506,0.04355623141329465,0.05430227003552617,0.046212398968740784,0.05232298691470262,0.04848200809047965,0.04604306023124228,0.05471101408673659,0.05475467517791861,0.05443883459372914,0.05387676107963032,0.04663857194417554,0.054309534432454135
r794,7.438093912114245e-05,7.409413715627856e-05,7.376028734887457e-05,7.448603429409044e-05,7.420687636464736e-05,7.412089783553824e-05,7.389002720991906e-05,7.409644959804716e-05,7.416146167673128e-05,7.390739747200371e-05,7.410277481104187e-05,6.93343838717521e-05,7.403799539172435e-05,6.798863334106712e-05,7.403503604937177e-05,6.81854108121964e-05,7.362813785129061e-05,7.348938619327201e-05,6.325023214064935e-05,6.620341224835706e-05,6.658736335746717e-05,7.27118853218122e-05,6.662016465723228e-05,6.376672188807109e-05,7.385450969786272e-05,6.781899260618707e-05,7.39801844514618e-05,6.894762246928688e-05,7.419898068520624e-05,5.580153583674654e-05,7.3328655944276e-05,7.381868280479757e-05,7.404876203184148e-05,7.376706280829318e-05,7.386825249808961e-05,7.4094633768098e-05,7.402376629193017e-05,7.381652943629545e-05,7.064124803459702e-05,7.391498069700614e-05,7.282796094400091e-05,7.41204129907079e-05,7.386403751847396e-05,7.126029647631052e-05,7.317487467199595e-05,7.387920996802989e-05,7.354311769027937e-05,7.356506507370533e-05,5.112962044941714e-05,8.50635861806374e-06,7.035254398417927e-05,7.288519705734931e-05,7.386372343670951e-05,7.250418539912044e-05,7.38851090692349e-05,7.40619997508176e-05,5.982789693473857e-05,6.0088977273405705e-05,7.441879302813827e-05,7.419296146170494e-05,5.930133169553816e-05,7.393194550377284e-05,6.29176747108423e-05,7.123717322759493e-05,6.6007722655311e-05,6.268712187568038e-05,7.448844604968579e-05,7.454789014680715e-05,7.411787665302691e-05,7.335261972387309e-05,6.349790454606668e-05,7.394183590057295e-05
r797,7.438093912114245e-05,7.409413715627856e-05,7.376028734887457e-05,7.448603429409044e-05,7.420687636464736e-05,7.412089783553824e-05,7.389002720991906e-05,7.409644959804716e-05,7.416146167673128e-05,7.390739747200371e-05,7.410277481104187e-05,6.93343838717521e-05,7.403799539172435e-05,6.798863334106712e-05,7.403503604937177e-05,6.81854108121964e-05,7.362813785129061e-05,7.348938619327201e-05,6.325023214064935e-05,6.620341224835706e-05,6.658736335746717e-05,7.27118853218122e-05,6.662016465723228e-05,6.376672188807109e-05,7.385450969786272e-05,6.781899260618707e-05,7.39801844514618e-05,6.894762246928688e-05,7.419898068520624e-05,5.580153583674654e-05,7.3328655944276e-05,7.381868280479757e-05,7.404876203184148e-05,7.376706280829318e-05,7.386825249808961e-05,7.4094633768098e-05,7.402376629193017e-05,7.381652943629545e-05,7.064124803459702e-05,7.391498069700614e-05,7.282796094400091e-05,7.41204129907079e-05,7.386403751847396e-05,7.126029647631052e-05,7.317487467199595e-05,7.387920996802989e-05,7.354311769027937e-05,7.356506507370533e-05,5.112962044941714e-05,8.50635861806374e-06,7.035254398417927e-05,7.288519705734931e-05,7.386372343670951e-05,7.250418539912044e-05,7.38851090692349e-05,7.40619997508176e-05,5.982789693473857e-05,6.0088977273405705e-05,7.441879302813827e-05,7.419296146170494e-05,5.930133169553816e-05,7.393194550377284e-05,6.29176747108423e-05,7.123717322759493e-05,6.6007722655311e-05,6.268712187568038e-05,7.448844604968579e-05,7.454789014680715e-05,7.411787665302691e-05,7.335261972387309e-05,6.349790454606668e-05,7.394183590057295e-05
r798,7.438093912114245e-05,7.409413715627856e-05,7.376028734887457e-05,7.448603429409044e-05,7.420687636464736e-05,7.412089783553824e-05,7.389002720991906e-05,7.409644959804716e-05,7.416146167673128e-05,7.390739747200371e-05,7.410277481104187e-05,6.93343838717521e-05,7.403799539172435e-05,6.798863334106712e-05,7.403503604937177e-05,6.81854108121964e-05,7.362813785129061e-05,7.348938619327201e-05,6.325023214064935e-05,6.620341224835706e-05,6.658736335746717e-05,7.27118853218122e-05,6.662016465723228e-05,6.376672188807109e-05,7.385450969786272e-05,6.781899260618707e-05,7.39801844514618e-05,6.894762246928688e-05,7.419898068520624e-05,5.580153583674654e-05,7.3328655944276e-05,7.381868280479757e-05,7.404876203184148e-05,7.376706280829318e-05,7.386825249808961e-05,7.4094633768098e-05,7.402376629193017e-05,7.381652943629545e-05,7.064124803459702e-05,7.391498069700614e-05,7.282796094400091e-05,7.41204129907079e-05,7.386403751847396e-05,7.126029647631052e-05,7.317487467199595e-05,7.387920996802989e-05,7.354311769027937e-05,7.356506507370533e-05,5.112962044941714e-05,8.50635861806374e-06,7.035254398417927e-05,7.288519705734931e-05,7.386372343670951e-05,7.250418539912044e-05,7.38851090692349e-05,7.40619997508176e-05,5.982789693473857e-05,6.0088977273405705e-05,7.441879302813827e-05,7.419296146170494e-05,5.930133169553816e-05,7.393194550377284e-05,6.29176747108423e-05,7.123717322759493e-05,6.6007722655311e-05,6.268712187568038e-05,7.448844604968579e-05,7.454789014680715e-05,7.411787665302691e-05,7.335261972387309e-05,6.349790454606668e-05,7.394183590057295e-05
r799,7.412285119913987e-05,7.3837044383356e-05,7.350435297223032e-05,7.422758171152939e-05,7.39493924077957e-05,7.38637122080728e-05,7.363364266026633e-05,7.383934880138496e-05,7.390413530033733e-05,7.365095265079621e-05,7.384565206707573e-05,6.909380655089246e-05,7.378109742020553e-05,6.775272552239582e-05,7.377814834621643e-05,6.794882021257046e-05,7.337266200864215e-05,7.323439179287897e-05,6.303076568630983e-05,6.59736988123808e-05,6.635631768308318e-05,7.24595887037629e-05,6.638900516848407e-05,6.354546331108264e-05,7.359824838732191e-05,6.758367340908024e-05,7.372348707307366e-05,6.870838713802634e-05,7.394152412488283e-05,5.560791496292021e-05,7.307421924773097e-05,7.356254580686281e-05,7.37918267020988e-05,7.351110492207425e-05,7.3611943502607e-05,7.38375392720255e-05,7.376691769272154e-05,7.356039991014591e-05,7.039613613995927e-05,7.365850956342874e-05,7.257526156529169e-05,7.386322904556319e-05,7.360774314818084e-05,7.101303659957108e-05,7.292097156765177e-05,7.362286295217969e-05,7.328793685165939e-05,7.330980808177714e-05,5.0952210246608625e-05,8.47684314749447e-06,7.010843383850203e-05,7.263229908005108e-05,7.360743015622129e-05,7.225260946088615e-05,7.362874158460882e-05,7.380501848867041e-05,5.962030534232102e-05,5.9880479781131574e-05,7.41605737601711e-05,7.393552578695925e-05,5.909556718583817e-05,7.367541550549466e-05,6.269936216847296e-05,7.098999358419592e-05,6.577868822555629e-05,6.24696093084504e-05,7.422998509878473e-05,7.428922293602712e-05,7.386070150849871e-05,7.309809987750295e-05,6.32775787148867e-05,7.368527158447103e-05
r800,0.007186871128836936,0.007159159610465047,0.007126902212661937,0.0071970256855441285,0.007170052752865333,0.00716174529377897,0.007139438000359931,0.007159383044333725,0.007165664672891273,0.007141116358236982,0.007159994202127547,0.006699260423050424,0.007153735053696013,0.006569230663412074,0.00715344911468576,0.006588243791543749,0.007114133599895036,0.007100727069984622,0.006111394567410846,0.006396738166256418,0.006433836476301338,0.007025603004172016,0.006437005819375725,0.006161299089966553,0.007136006210105844,0.006552839554154921,0.007148149217023164,0.00666189057547968,0.007169289852701819,0.005391683025092109,0.007085196914010673,0.007132544526690064,0.00715477535321262,0.007127556874383818,0.007137334073606183,0.007159207594332816,0.007152360202723326,0.007132336462875588,0.006825532885219323,0.007141849068276374,0.007036818519164525,0.00716169844686692,0.007136926811804082,0.006885346883612868,0.007070338185430958,0.0071383928115743974,0.007105918740715244,0.00710803935142763,0.004940270953527896,0.0008219055027542461,0.006797637582615704,0.007042348814632835,0.0071368964644437025,0.007005534521634792,0.0071389627973884665,0.007156054414507692,0.005780720037414613,0.005805946268360928,0.007190528667374583,0.007168708260373049,0.005729841995811841,0.007143488250053301,0.006079262042341918,0.006883112657874896,0.006377830151607854,0.006056985454626375,0.007197258715361485,0.007203002351707426,0.007161453379618943,0.007087512353930619,0.006135325290536086,0.007144443884763686
r803,0.007186871128836936,0.007159159610465047,0.007126902212661937,0.0071970256855441285,0.007170052752865333,0.00716174529377897,0.007139438000359931,0.007159383044333725,0.007165664672891273,0.007141116358236982,0.007159994202127547,0.006699260423050424,0.007153735053696013,0.006569230663412074,0.00715344911468576,0.006588243791543749,0.007114133599895036,0.007100727069984622,0.006111394567410846,0.006396738166256418,0.006433836476301338,0.007025603004172016,0.006437005819375725,0.006161299089966553,0.007136006210105844,0.006552839554154921,0.007148149217023164,0.00666189057547968,0.007169289852701819,0.005391683025092109,0.007085196914010673,0.007132544526690064,0.00715477535321262,0.007127556874383818,0.007137334073606183,0.007159207594332816,0.007152360202723326,0.007132336462875588,0.006825532885219323,0.007141849068276374,0.007036818519164525,0.00716169844686692,0.007136926811804082,0.006885346883612868,0.007070338185430958,0.0071383928115743974,0.007105918740715244,0.00710803935142763,0.004940270953527896,0.0008219055027542461,0.006797637582615704,0.007042348814632835,0.0071368964644437025,0.007005534521634792,0.0071389627973884665,0.007156054414507692,0.005780720037414613,0.005805946268360928,0.007190528667374583,0.007168708260373049,0.005729841995811841,0.007143488250053301,0.006079262042341918,0.006883112657874896,0.006377830151607854,0.006056985454626375,0.007197258715361485,0.007203002351707426,0.007161453379618943,0.007087512353930619,0.006135325290536086,0.007144443884763686
r804,0.007186871128836936,0.007159159610465047,0.007126902212661937,0.0071970256855441285,0.007170052752865333,0.00716174529377897,0.007139438000359931,0.007159383044333725,0.007165664672891273,0.007141116358236982,0.007159994202127547,0.006699260423050424,0.007153735053696013,0.006569230663412074,0.00715344911468576,0.006588243791543749,0.007114133599895036,0.007100727069984622,0.006111394567410846,0.006396738166256418,0.006433836476301338,0.007025603004172016,0.006437005819375725,0.006161299089966553,0.007136006210105844,0.006552839554154921,0.007148149217023164,0.00666189057547968,0.007169289852701819,0.005391683025092109,0.007085196914010673,0.007132544526690064,0.00715477535321262,0.007127556874383818,0.007137334073606183,0.007159207594332816,0.007152360202723326,0.007132336462875588,0.006825532885219323,0.007141849068276374,0.007036818519164525,0.00716169844686692,0.007136926811804082,0.006885346883612868,0.007070338185430958,0.0071383928115743974,0.007105918740715244,0.00710803935142763,0.004940270953527896,0.0008219055027542461,0.006797637582615704,0.007042348814632835,0.0071368964644437025,0.007005534521634792,0.0071389627973884665,0.007156054414507692,0.005780720037414613,0.005805946268360928,0.007190528667374583,0.007168708260373049,0.005729841995811841,0.007143488250053301,0.006079262042341918,0.006883112657874896,0.006377830151607854,0.006056985454626375,0.007197258715361485,0.007203002351707426,0.007161453379618943,0.007087512353930619,0.006135325290536086,0.007144443884763686
r805,0.0071866130409149334,0.007158902517692124,0.007126646278285292,0.007196767232961569,0.007169795268908483,0.007161488108151505,0.007139181615810279,0.007159125943537064,0.007165407346514878,0.007140859913415776,0.00715973707938358,0.006699019845729564,0.0071534781557244945,0.006568994755593403,0.0071531922269826055,0.0065880072009441215,0.007113878124052388,0.00710047207558423,0.006111175100956506,0.006396508452820441,0.006433605430626953,0.007025350707553967,0.006436774659886978,0.006161077831389564,0.007135749948795302,0.0065526042349578146,0.007147892519644775,0.006661651340148419,0.007169032396141495,0.005391489404218283,0.007084942477314128,0.007132288389692129,0.007154518417882877,0.0071273009164976,0.0071370777646107015,0.007158950499836744,0.007152103354124117,0.007132080333349439,0.006825287773324685,0.0071415925971427974,0.0070365658197858155,0.007161441262921776,0.007136670517433788,0.006885099623736129,0.007070084282326614,0.007138136464558547,0.007105663559876624,0.007107784094435702,0.004940093543325087,0.0008218759872836768,0.006797393472470027,0.007042095916655537,0.007136640171163214,0.007005282945696557,0.007138706429903841,0.0071557974332455455,0.005780512445822194,0.005805737770868653,0.007190270448106616,0.007168450824698303,0.005729636231302141,0.007143231720055023,0.006079043729799549,0.006882865478231496,0.0063776011171781,0.0060567679420591445,0.007197000254410585,0.007202743684496646,0.007161196204474414,0.0070872578340842474,0.006135104964704907,0.007144187320447584
r806,0.0071866130409149334,0.007158902517692124,0.007126646278285292,0.007196767232961569,0.007169795268908483,0.007161488108151505,0.007139181615810279,0.007159125943537064,0.007165407346514878,0.007140859913415776,0.00715973707938358,0.006699019845729564,0.0071534781557244945,0.006568994755593403,0.0071531922269826055,0.0065880072009441215,0.007113878124052388,0.00710047207558423,0.006111175100956506,0.006396508452820441,0.006433605430626953,0.007025350707553967,0.006436774659886978,0.006161077831389564,0.007135749948795302,0.0065526042349578146,0.007147892519644775,0.006661651340148419,0.007169032396141495,0.005391489404218283,0.007084942477314128,0.007132288389692129,0.007154518417882877,0.0071273009164976,0.0071370777646107015,0.007158950499836744,0.007152103354124117,0.007132080333349439,0.006825287773324685,0.0071415925971427974,0.0070365658197858155,0.007161441262921776,0.007136670517433788,0.006885099623736129,0.007070084282326614,0.007138136464558547,0.007105663559876624,0.007107784094435702,0.004940093543325087,0.0008218759872836768,0.006797393472470027,0.007042095916655537,0.007136640171163214,0.007005282945696557,0.007138706429903841,0.0071557974332455455,0.005780512445822194,0.005805737770868653,0.007190270448106616,0.007168450824698303,0.005729636231302141,0.007143231720055023,0.006079043729799549,0.006882865478231496,0.0063776011171781,0.0060567679420591445,0.007197000254410585,0.007202743684496646,0.007161196204474414,0.0070872578340842474,0.006135104964704907,0.007144187320447584
r807,0.0031617318972847587,0.003149540723964976,0.0031353496745181223,0.0031661992079222213,0.003154332961806901,0.003150678247828052,0.0031408645639758315,0.003149639019589995,0.003152402506651506,0.0031416029266846932,0.003149907887231608,0.0029472165269232692,0.003147154289888474,0.002890012323414562,0.003147028496274927,0.0028983767997775617,0.003129732357949414,0.0031238344014548848,0.00268859574553171,0.002814127418770725,0.0028304481386085614,0.003090784949074922,0.0028318424328587426,0.0027105503232546973,0.003139354810911301,0.0028828013560768745,0.003144696903681741,0.002930776349140339,0.0031539973378979444,0.0023719718768967627,0.003117002194694475,0.0031378319068995604,0.0031476119505457222,0.003135637680913519,0.0031399389800593216,0.0031495618335859177,0.0031465494494653705,0.00313774037304747,0.003002767776449112,0.0031419252690032735,0.003095719008815328,0.00315065763838989,0.003139759812712759,0.00302908184598435,0.0031104653700789507,0.003140404752374556,0.0031261183815979752,0.003127051305315526,0.0021733814305261263,0.0003615822237559044,0.0029904957506335403,0.003098151960689672,0.00313974646194918,0.0030819561889329104,0.0031406555071601975,0.0031481746500602566,0.0025431215620704667,0.002554219378853518,0.0031633409641586064,0.0031537414770394256,0.0025207387025307417,0.0031426463969067304,0.002674459631549773,0.0030280989394239222,0.002805809185153203,0.0026646594561075994,0.0031663017251085377,0.0031688285323819426,0.0031505498255571533,0.0031180208299419836,0.0026991236274533114,0.0031430668108381643
r810,0.0031617318972847587,0.003149540723964976,0.0031353496745181223,0.0031661992079222213,0.003154332961806901,0.003150678247828052,0.0031408645639758315,0.003149639019589995,0.003152402506651506,0.0031416029266846932,0.003149907887231608,0.0029472165269232692,0.003147154289888474,0.002890012323414562,0.003147028496274927,0.0028983767997775617,0.003129732357949414,0.0031238344014548848,0.00268859574553171,0.002814127418770725,0.0028304481386085614,0.003090784949074922,0.0028318424328587426,0.0027105503232546973,0.003139354810911301,0.0028828013560768745,0.003144696903681741,0.002930776349140339,0.0031539973378979444,0.0023719718768967627,0.003117002194694475,0.0031378319068995604,0.0031476119505457222,0.003135637680913519,0.0031399389800593216,0.0031495618335859177,0.0031465494494653705,0.00313774037304747,0.003002767776449112,0.0031419252690032735,0.003095719008815328,0.00315065763838989,0.003139759812712759,0.00302908184598435,0.0031104653700789507,0.003140404752374556,0.0031261183815979752,0.003127051305315526,0.0021733814305261263,0.0003615822237559044,0.0029904957506335403,0.003098151960689672,0.00313974646194918,0.0030819561889329104,0.0031406555071601975,0.0031481746500602566,0.0025431215620704667,0.002554219378853518,0.0031633409641586064,0.0031537414770394256,0.0025207387025307417,0.0031426463969067304,0.002674459631549773,0.0030280989394239222,0.002805809185153203,0.0026646594561075994,0.0031663017251085377,0.0031688285323819426,0.0031505498255571533,0.0031180208299419836,0.0026991236274533114,0.0031430668108381643
r811,0.0031617318972847587,0.003149540723964976,0.0031353496745181223,0.0031661992079222213,0.003154332961806901,0.003150678247828052,0.0031408645639758315,0.003149639019589995,0.003152402506651506,0.0031416029266846932,0.003149907887231608,0.0029472165269232692,0.003147154289888474,0.002890012323414562,0.003147028496274927,0.0028983767997775617,0.003129732357949414,0.0031238344014548848,0.00268859574553171,0.002814127418770725,0.0028304481386085614,0.003090784949074922,0.0028318424328587426,0.0027105503232546973,0.003139354810911301,0.0028828013560768745,0.003144696903681741,0.002930776349140339,0.0031539973378979444,0.0023719718768967627,0.003117002194694475,0.0031378319068995604,0.0031476119505457222,0.003135637680913519,0.0031399389800593216,0.0031495618335859177,0.0031465494494653705,0.00313774037304747,0.003002767776449112,0.0031419252690032735,0.003095719008815328,0.00315065763838989,0.003139759812712759,0.00302908184598435,0.0031104653700789507,0.003140404752374556,0.0031261183815979752,0.003127051305315526,0.0021733814305261263,0.0003615822237559044,0.0029904957506335403,0.003098151960689672,0.00313974646194918,0.0030819561889329104,0.0031406555071601975,0.0031481746500602566,0.0025431215620704667,0.002554219378853518,0.0031633409641586064,0.0031537414770394256,0.0025207387025307417,0.0031426463969067304,0.002674459631549773,0.0030280989394239222,0.002805809185153203,0.0026646594561075994,0.0031663017251085377,0.0031688285323819426,0.0031505498255571533,0.0031180208299419836,0.0026991236274533114,0.0031430668108381643
r812,0.003161473809362756,0.0031492836311920536,0.0031350937401414774,0.00316594075533966,0.0031540754778500496,0.0031504210622005867,0.003140608179426179,0.0031493819187933324,0.003152145180275112,0.0031413464818634855,0.003149650764487642,0.00294697594960241,0.0031468973919169555,0.002889776415595891,0.003146771608571771,0.0028981402091779354,0.003129476882106765,0.003123579407054492,0.0026883762790773703,0.0028138977053347486,0.002830217092934177,0.0030905326524568724,0.0028316112733699945,0.002710329064677709,0.00313909854960076,0.002882566036879768,0.003144440206303353,0.0029305371138090785,0.003153739881337621,0.0023717782560229365,0.0031167477579979296,0.0031375757699016256,0.0031473550152159796,0.0031353817230273004,0.0031396826710638395,0.003149304739089845,0.0031462926008661617,0.0031374842435213206,0.003002522664554474,0.0031416687978696968,0.003095466309436619,0.0031504004544447447,0.0031395035183424654,0.00302883458610761,0.0031102114669746064,0.0031401484053587064,0.003125863200759355,0.003126796048323597,0.002173204020323318,0.0003615527082853351,0.0029902516404878635,0.0030978990627123734,0.0031394901686686914,0.003081704612994676,0.003140399139675571,0.0031479176687981094,0.002542913970478049,0.0025540108813612438,0.0031630827448906394,0.00315348404136468,0.0025205329380210413,0.0031423898669084528,0.0026742413190074038,0.0030278517597805235,0.0028055801507234483,0.002664441943540369,0.0031660432641576366,0.0031685698651711626,0.0031502926504126246,0.0031177663100956134,0.0026989033016221312,0.003142810246522062
r813,0.003161473809362756,0.0031492836311920536,0.0031350937401414774,0.00316594075533966,0.0031540754778500496,0.0031504210622005867,0.003140608179426179,0.0031493819187933324,0.003152145180275112,0.0031413464818634855,0.003149650764487642,0.00294697594960241,0.0031468973919169555,0.002889776415595891,0.003146771608571771,0.0028981402091779354,0.003129476882106765,0.003123579407054492,0.0026883762790773703,0.0028138977053347486,0.002830217092934177,0.0030905326524568724,0.0028316112733699945,0.002710329064677709,0.00313909854960076,0.002882566036879768,0.003144440206303353,0.0029305371138090785,0.003153739881337621,0.0023717782560229365,0.0031167477579979296,0.0031375757699016256,0.0031473550152159796,0.0031353817230273004,0.0031396826710638395,0.003149304739089845,0.0031462926008661617,0.0031374842435213206,0.003002522664554474,0.0031416687978696968,0.003095466309436619,0.0031504004544447447,0.0031395035183424654,0.00302883458610761,0.0031102114669746064,0.0031401484053587064,0.003125863200759355,0.003126796048323597,0.002173204020323318,0.0003615527082853351,0.0029902516404878635,0.0030978990627123734,0.0031394901686686914,0.003081704612994676,0.003140399139675571,0.0031479176687981094,0.002542913970478049,0.0025540108813612438,0.0031630827448906394,0.00315348404136468,0.0025205329380210413,0.0031423898669084528,0.0026742413190074038,0.0030278517597805235,0.0028055801507234483,0.002664441943540369,0.0031660432641576366,0.0031685698651711626,0.0031502926504126246,0.0031177663100956134,0.0026989033016221312,0.003142810246522062
r814,0.003161473809362756,0.0031492836311920536,0.0031350937401414774,0.00316594075533966,0.0031540754778500496,0.0031504210622005867,0.003140608179426179,0.0031493819187933324,0.003152145180275112,0.0031413464818634855,0.003149650764487642,0.00294697594960241,0.0031468973919169555,0.002889776415595891,0.003146771608571771,0.0028981402091779354,0.003129476882106765,0.003123579407054492,0.0026883762790773703,0.0028138977053347486,0.002830217092934177,0.0030905326524568724,0.0028316112733699945,0.002710329064677709,0.00313909854960076,0.002882566036879768,0.003144440206303353,0.0029305371138090785,0.003153739881337621,0.0023717782560229365,0.0031167477579979296,0.0031375757699016256,0.0031473550152159796,0.0031353817230273004,0.0031396826710638395,0.003149304739089845,0.0031462926008661617,0.0031374842435213206,0.003002522664554474,0.0031416687978696968,0.003095466309436619,0.0031504004544447447,0.0031395035183424654,0.00302883458610761,0.0031102114669746064,0.0031401484053587064,0.003125863200759355,0.003126796048323597,0.002173204020323318,0.0003615527082853351,0.0029902516404878635,0.0030978990627123734,0.0031394901686686914,0.003081704612994676,0.003140399139675571,0.0031479176687981094,0.002542913970478049,0.0025540108813612438,0.0031630827448906394,0.00315348404136468,0.0025205329380210413,0.0031423898669084528,0.0026742413190074038,0.0030278517597805235,0.0028055801507234483,0.002664441943540369,0.0031660432641576366,0.0031685698651711626,0.0031502926504126246,0.0031177663100956134,0.0026989033016221312,0.003142810246522062
r815,0.003161473809362756,0.0031492836311920536,0.0031350937401414774,0.00316594075533966,0.0031540754778500496,0.0031504210622005867,0.003140608179426179,0.0031493819187933324,0.003152145180275112,0.0031413464818634855,0.003149650764487642,0.00294697594960241,0.0031468973919169555,0.002889776415595891,0.003146771608571771,0.0028981402091779354,0.003129476882106765,0.003123579407054492,0.0026883762790773703,0.0028138977053347486,0.002830217092934177,0.0030905326524568724,0.0028316112733699945,0.002710329064677709,0.00313909854960076,0.002882566036879768,0.003144440206303353,0.0029305371138090785,0.003153739881337621,0.0023717782560229365,0.0031167477579979296,0.0031375757699016256,0.0031473550152159796,0.0031353817230273004,0.0031396826710638395,0.003149304739089845,0.0031462926008661617,0.0031374842435213206,0.003002522664554474,0.0031416687978696968,0.003095466309436619,0.0031504004544447447,0.0031395035183424654,0.00302883458610761,0.0031102114669746064,0.0031401484053587064,0.003125863200759355,0.003126796048323597,0.002173204020323318,0.0003615527082853351,0.0029902516404878635,0.0030978990627123734,0.0031394901686686914,0.003081704612994676,0.003140399139675571,0.0031479176687981094,0.002542913970478049,0.0025540108813612438,0.0031630827448906394,0.00315348404136468,0.0025205329380210413,0.0031423898669084528,0.0026742413190074038,0.0030278517597805235,0.0028055801507234483,0.002664441943540369,0.0031660432641576366,0.0031685698651711626,0.0031502926504126246,0.0031177663100956134,0.0026989033016221312,0.003142810246522062
r816,0.003161473809362756,0.0031492836311920536,0.0031350937401414774,0.00316594075533966,0.0031540754778500496,0.0031504210622005867,0.003140608179426179,0.0031493819187933324,0.003152145180275112,0.0031413464818634855,0.003149650764487642,0.00294697594960241,0.0031468973919169555,0.002889776415595891,0.003146771608571771,0.0028981402091779354,0.003129476882106765,0.003123579407054492,0.0026883762790773703,0.0028138977053347486,0.002830217092934177,0.0030905326524568724,0.0028316112733699945,0.002710329064677709,0.00313909854960076,0.002882566036879768,0.003144440206303353,0.0029305371138090785,0.003153739881337621,0.0023717782560229365,0.0031167477579979296,0.0031375757699016256,0.0031473550152159796,0.0031353817230273004,0.0031396826710638395,0.003149304739089845,0.0031462926008661617,0.0031374842435213206,0.003002522664554474,0.0031416687978696968,0.003095466309436619,0.0031504004544447447,0.0031395035183424654,0.00302883458610761,0.0031102114669746064,0.0031401484053587064,0.003125863200759355,0.003126796048323597,0.002173204020323318,0.0003615527082853351,0.0029902516404878635,0.0030978990627123734,0.0031394901686686914,0.003081704612994676,0.003140399139675571,0.0031479176687981094,0.002542913970478049,0.0025540108813612438,0.0031630827448906394,0.00315348404136468,0.0025205329380210413,0.0031423898669084528,0.0026742413190074038,0.0030278517597805235,0.0028055801507234483,0.002664441943540369,0.0031660432641576366,0.0031685698651711626,0.0031502926504126246,0.0031177663100956134,0.0026989033016221312,0.003142810246522062
r817,0.0007212525068283994,0.0007184714632093549,0.0007152342089700377,0.0007222715872250697,0.0007195646658176389,0.0007187309545149034,0.0007164922624595414,0.0007184938863521949,0.000719124291470483,0.0007166606973465008,0.0007185552202877781,0.0006723173808743873,0.0007179270712064984,0.0006592679900588001,0.0007178983752379402,0.0006611760897146567,0.0007139527898654295,0.000712607351338369,0.0006133209532972194,0.0006419571681792457,0.0006456802416335105,0.000705068128800612,0.0006459983072557297,0.0006183292192519205,0.00071614785843736,0.000657623028234734,0.0007173664936434946,0.0006685670567406977,0.0007194881034797965,0.0005410928939950446,0.0007110487921647249,0.0007158004544284778,0.0007180314724989043,0.000715299908827398,0.0007162811187757155,0.0007184762787242424,0.0007177890953484665,0.0007157795737774852,0.0006849897007546314,0.0007167342298953969,0.0007061936837408222,0.0007187262531014306,0.0007162402472211218,0.000690992451536077,0.0007095576154002772,0.0007163873704949908,0.000713128371607407,0.000713341189642529,0.0004957905527687063,8.248393405288316e-05,0.0006821902131096022,0.0007067486873576279,0.0007162372016524235,0.000703054116989528,0.0007164445725360298,0.0007181598351965123,0.0005801354641700916,0.0005826670919092977,0.000721619566261052,0.0007194297366442769,0.0005750294988076021,0.0007168987331882152,0.0006100962309053431,0.0006907682314428757,0.0006400596173925474,0.0006078606203809037,0.000722294973388105,0.0007228713872458962,0.0007187016588985046,0.000711281162665981,0.0006157225678155375,0.0007169946377784219
r818,0.0007212525068283994,0.0007184714632093549,0.0007152342089700377,0.0007222715872250697,0.0007195646658176389,0.0007187309545149034,0.0007164922624595414,0.0007184938863521949,0.000719124291470483,0.0007166606973465008,0.0007185552202877781,0.0006723173808743873,0.0007179270712064984,0.0006592679900588001,0.0007178983752379402,0.0006611760897146567,0.0007139527898654295,0.000712607351338369,0.0006133209532972194,0.0006419571681792457,0.0006456802416335105,0.000705068128800612,0.0006459983072557297,0.0006183292192519205,0.00071614785843736,0.000657623028234734,0.0007173664936434946,0.0006685670567406977,0.0007194881034797965,0.0005410928939950446,0.0007110487921647249,0.0007158004544284778,0.0007180314724989043,0.000715299908827398,0.0007162811187757155,0.0007184762787242424,0.0007177890953484665,0.0007157795737774852,0.0006849897007546314,0.0007167342298953969,0.0007061936837408222,0.0007187262531014306,0.0007162402472211218,0.000690992451536077,0.0007095576154002772,0.0007163873704949908,0.000713128371607407,0.000713341189642529,0.0004957905527687063,8.248393405288316e-05,0.0006821902131096022,0.0007067486873576279,0.0007162372016524235,0.000703054116989528,0.0007164445725360298,0.0007181598351965123,0.0005801354641700916,0.0005826670919092977,0.000721619566261052,0.0007194297366442769,0.0005750294988076021,0.0007168987331882152,0.0006100962309053431,0.0006907682314428757,0.0006400596173925474,0.0006078606203809037,0.000722294973388105,0.0007228713872458962,0.0007187016588985046,0.000711281162665981,0.0006157225678155375,0.0007169946377784219
r819,0.0007212525068283994,0.0007184714632093549,0.0007152342089700377,0.0007222715872250697,0.0007195646658176389,0.0007187309545149034,0.0007164922624595414,0.0007184938863521949,0.000719124291470483,0.0007166606973465008,0.0007185552202877781,0.0006723173808743873,0.0007179270712064984,0.0006592679900588001,0.0007178983752379402,0.0006611760897146567,0.0007139527898654295,0.000712607351338369,0.0006133209532972194,0.0006419571681792457,0.0006456802416335105,0.000705068128800612,0.0006459983072557297,0.0006183292192519205,0.00071614785843736,0.000657623028234734,0.0007173664936434946,0.0006685670567406977,0.0007194881034797965,0.0005410928939950446,0.0007110487921647249,0.0007158004544284778,0.0007180314724989043,0.000715299908827398,0.0007162811187757155,0.0007184762787242424,0.0007177890953484665,0.0007157795737774852,0.0006849897007546314,0.0007167342298953969,0.0007061936837408222,0.0007187262531014306,0.0007162402472211218,0.000690992451536077,0.0007095576154002772,0.0007163873704949908,0.000713128371607407,0.000713341189642529,0.0004957905527687063,8.248393405288316e-05,0.0006821902131096022,0.0007067486873576279,0.0007162372016524235,0.000703054116989528,0.0007164445725360298,0.0007181598351965123,0.0005801354641700916,0.0005826670919092977,0.000721619566261052,0.0007194297366442769,0.0005750294988076021,0.0007168987331882152,0.0006100962309053431,0.0006907682314428757,0.0006400596173925474,0.0006078606203809037,0.000722294973388105,0.0007228713872458962,0.0007187016588985046,0.000711281162665981,0.0006157225678155375,0.0007169946377784219
r820,0.00036049720945319837,0.00035910718521821615,0.0003574891372966967,0.0003610065673212543,0.0003596535909303936,0.000359236884443719,0.00035811793895494437,0.0003591183927777664,0.0003594334825470445,0.00035820212626264667,0.00035914904877190596,0.00033603840177676386,0.0003588350866174899,0.00032951604112006435,0.00035882074376739244,0.0003304697495575154,0.00035684865701139055,0.00035617617846898795,0.00030655074342143997,0.0003208637273716347,0.0003227245979795633,0.00035240791609128134,0.00032288357388349074,0.000309053980337466,0.00035794579856340966,0.00032869385451881364,0.0003585548981325532,0.00033416391070471857,0.00035961532345973657,0.00027044963656060915,0.00035539717773408995,0.0003577721587152715,0.00035888726858458075,0.00035752197547058947,0.0003580124048901165,0.000359109592114085,0.0003587661233746289,0.00035776172212566786,0.00034237229442999684,0.0003582388793809097,0.0003529704921810565,0.00035923453457814287,0.0003579919764254143,0.00034537259582966874,0.0003546518561479665,0.0003580655117395703,0.0003564365953843935,0.0003565429663253005,0.00024780657128294884,4.1227209291156946e-05,0.00034097305148196247,0.00035324789469016484,0.00035799045418596757,0.00035140127052564685,0.0003580941025257019,0.00035895142696718257,0.00028996393628883706,0.0002912292972085118,0.0003606806734965424,0.0003595861504847656,0.00028741186714895106,0.0003583211015949685,0.0003049389591814869,0.00034526052589973843,0.00031991529148139635,0.0003038215539068368,0.000361018256218602,0.00036130636001755807,0.0003592222418769882,0.0003555133214098054,0.0003077511209921788,0.0003583690367311599
r821,0.00036049720945319837,0.00035910718521821615,0.0003574891372966967,0.0003610065673212543,0.0003596535909303936,0.000359236884443719,0.00035811793895494437,0.0003591183927777664,0.0003594334825470445,0.00035820212626264667,0.00035914904877190596,0.00033603840177676386,0.0003588350866174899,0.00032951604112006435,0.00035882074376739244,0.0003304697495575154,0.00035684865701139055,0.00035617617846898795,0.00030655074342143997,0.0003208637273716347,0.0003227245979795633,0.00035240791609128134,0.00032288357388349074,0.000309053980337466,0.00035794579856340966,0.00032869385451881364,0.0003585548981325532,0.00033416391070471857,0.00035961532345973657,0.00027044963656060915,0.00035539717773408995,0.0003577721587152715,0.00035888726858458075,0.00035752197547058947,0.0003580124048901165,0.000359109592114085,0.0003587661233746289,0.00035776172212566786,0.00034237229442999684,0.0003582388793809097,0.0003529704921810565,0.00035923453457814287,0.0003579919764254143,0.00034537259582966874,0.0003546518561479665,0.0003580655117395703,0.0003564365953843935,0.0003565429663253005,0.00024780657128294884,4.1227209291156946e-05,0.00034097305148196247,0.00035324789469016484,0.00035799045418596757,0.00035140127052564685,0.0003580941025257019,0.00035895142696718257,0.00028996393628883706,0.0002912292972085118,0.0003606806734965424,0.0003595861504847656,0.00028741186714895106,0.0003583211015949685,0.0003049389591814869,0.00034526052589973843,0.00031991529148139635,0.0003038215539068368,0.000361018256218602,0.00036130636001755807,0.0003592222418769882,0.0003555133214098054,0.0003077511209921788,0.0003583690367311599
r822,0.00036049720945319837,0.00035910718521821615,0.0003574891372966967,0.0003610065673212543,0.0003596535909303936,0.000359236884443719,0.00035811793895494437,0.0003591183927777664,0.0003594334825470445,0.00035820212626264667,0.00035914904877190596,0.00033603840177676386,0.0003588350866174899,0.00032951604112006435,0.00035882074376739244,0.0003304697495575154,0.00035684865701139055,0.00035617617846898795,0.00030655074342143997,0.0003208637273716347,0.0003227245979795633,0.00035240791609128134,0.00032288357388349074,0.000309053980337466,0.00035794579856340966,0.00032869385451881364,0.0003585548981325532,0.00033416391070471857,0.00035961532345973657,0.00027044963656060915,0.00035539717773408995,0.0003577721587152715,0.00035888726858458075,0.00035752197547058947,0.0003580124048901165,0.000359109592114085,0.0003587661233746289,0.00035776172212566786,0.00034237229442999684,0.0003582388793809097,0.0003529704921810565,0.00035923453457814287,0.0003579919764254143,0.00034537259582966874,0.0003546518561479665,0.0003580655117395703,0.0003564365953843935,0.0003565429663253005,0.00024780657128294884,4.1227209291156946e-05,0.00034097305148196247,0.00035324789469016484,0.00035799045418596757,0.00035140127052564685,0.0003580941025257019,0.00035895142696718257,0.00028996393628883706,0.0002912292972085118,0.0003606806734965424,0.0003595861504847656,0.00028741186714895106,0.0003583211015949685,0.0003049389591814869,0.00034526052589973843,0.00031991529148139635,0.0003038215539068368,0.000361018256218602,0.00036130636001755807,0.0003592222418769882,0.0003555133214098054,0.0003077511209921788,0.0003583690367311599
r825,1.0323516880103047e-06,1.0283710916901953e-06,1.023737506577024e-06,1.033810330244142e-06,1.0299358274066255e-06,1.0287425098617382e-06,1.0255381986109518e-06,1.0284031866488155e-06,1.029305505575729e-06,1.0257792848300309e-06,1.0284909758645646e-06,9.623092834386136e-07,1.0275918860752859e-06,9.436312746851787e-07,1.0275508126213988e-06,9.463623985037668e-07,1.0219033705939019e-06,1.0199776015721307e-06,8.778658173580756e-07,9.188537439050253e-07,9.241826975359775e-07,1.0091864721972546e-06,9.246379549928143e-07,8.850343079537975e-07,1.025045242163258e-06,9.412767884273014e-07,1.026789513552558e-06,9.569413250421496e-07,1.0298262412936327e-06,7.744834953052955e-07,1.0177467861800975e-06,1.0245479917390365e-06,1.0277413189707356e-06,1.023831544875686e-06,1.0252359819304595e-06,1.0283779842900488e-06,1.0273943968345618e-06,1.0245181045981324e-06,9.804475785509648e-07,1.0258845343095927e-06,1.0107975148369317e-06,1.0287357805788746e-06,1.0251774811724353e-06,9.890395069578146e-07,1.0156124173767657e-06,1.0253880634008316e-06,1.0207233544799357e-06,1.0210279677127735e-06,7.096408112341035e-07,1.1806188227708176e-07,9.764405827089421e-07,1.0115919091929121e-06,1.0251731219529427e-06,1.0063037529371332e-06,1.0254699385043012e-06,1.0279250485887245e-06,8.303663696702094e-07,8.339899690965401e-07,1.0328770718686783e-06,1.0297426989827195e-06,8.230580387999744e-07,1.0261199931127395e-06,8.732501694773392e-07,9.887185735960434e-07,9.161377190188898e-07,8.700502689199222e-07,1.033843803604244e-06,1.034668843120155e-06,1.0287005781127955e-06,1.0180793854805427e-06,8.813033247198707e-07,1.0262572644076746e-06
r826,1.0323516880103047e-06,1.0283710916901953e-06,1.023737506577024e-06,1.033810330244142e-06,1.0299358274066255e-06,1.0287425098617382e-06,1.0255381986109518e-06,1.0284031866488155e-06,1.029305505575729e-06,1.0257792848300309e-06,1.0284909758645646e-06,9.623092834386136e-07,1.0275918860752859e-06,9.436312746851787e-07,1.0275508126213988e-06,9.463623985037668e-07,1.0219033705939019e-06,1.0199776015721307e-06,8.778658173580756e-07,9.188537439050253e-07,9.241826975359775e-07,1.0091864721972546e-06,9.246379549928143e-07,8.850343079537975e-07,1.025045242163258e-06,9.412767884273014e-07,1.026789513552558e-06,9.569413250421496e-07,1.0298262412936327e-06,7.744834953052955e-07,1.0177467861800975e-06,1.0245479917390365e-06,1.0277413189707356e-06,1.023831544875686e-06,1.0252359819304595e-06,1.0283779842900488e-06,1.0273943968345618e-06,1.0245181045981324e-06,9.804475785509648e-07,1.0258845343095927e-06,1.0107975148369317e-06,1.0287357805788746e-06,1.0251774811724353e-06,9.890395069578146e-07,1.0156124173767657e-06,1.0253880634008316e-06,1.0207233544799357e-06,1.0210279677127735e-06,7.096408112341035e-07,1.1806188227708176e-07,9.764405827089421e-07,1.0115919091929121e-06,1.0251731219529427e-06,1.0063037529371332e-06,1.0254699385043012e-06,1.0279250485887245e-06,8.303663696702094e-07,8.339899690965401e-07,1.0328770718686783e-06,1.0297426989827195e-06,8.230580387999744e-07,1.0261199931127395e-06,8.732501694773392e-07,9.887185735960434e-07,9.161377190188898e-07,8.700502689199222e-07,1.033843803604244e-06,1.034668843120155e-06,1.0287005781127955e-06,1.0180793854805427e-06,8.813033247198707e-07,1.0262572644076746e-06
r827,1.0323516880103047e-06,1.0283710916901953e-06,1.023737506577024e-06,1.033810330244142e-06,1.0299358274066255e-06,1.0287425098617382e-06,1.0255381986109518e-06,1.0284031866488155e-06,1.029305505575729e-06,1.0257792848300309e-06,1.0284909758645646e-06,9.623092834386136e-07,1.0275918860752859e-06,9.436312746851787e-07,1.0275508126213988e-06,9.463623985037668e-07,1.0219033705939019e-06,1.0199776015721307e-06,8.778658173580756e-07,9.188537439050253e-07,9.241826975359775e-07,1.0091864721972546e-06,9.246379549928143e-07,8.850343079537975e-07,1.025045242163258e-06,9.412767884273014e-07,1.026789513552558e-06,9.569413250421496e-07,1.0298262412936327e-06,7.744834953052955e-07,1.0177467861800975e-06,1.0245479917390365e-06,1.0277413189707356e-06,1.023831544875686e-06,1.0252359819304595e-06,1.0283779842900488e-06,1.0273943968345618e-06,1.0245181045981324e-06,9.804475785509648e-07,1.0258845343095927e-06,1.0107975148369317e-06,1.0287357805788746e-06,1.0251774811724353e-06,9.890395069578146e-07,1.0156124173767657e-06,1.0253880634008316e-06,1.0207233544799357e-06,1.0210279677127735e-06,7.096408112341035e-07,1.1806188227708176e-07,9.764405827089421e-07,1.0115919091929121e-06,1.0251731219529427e-06,1.0063037529371332e-06,1.0254699385043012e-06,1.0279250485887245e-06,8.303663696702094e-07,8.339899690965401e-07,1.0328770718686783e-06,1.0297426989827195e-06,8.230580387999744e-07,1.0261199931127395e-06,8.732501694773392e-07,9.887185735960434e-07,9.161377190188898e-07,8.700502689199222e-07,1.033843803604244e-06,1.034668843120155e-06,1.0287005781127955e-06,1.0180793854805427e-06,8.813033247198707e-07,1.0262572644076746e-06
r828,1.0323516880103047e-06,1.0283710916901953e-06,1.023737506577024e-06,1.033810330244142e-06,1.0299358274066255e-06,1.0287425098617382e-06,1.0255381986109518e-06,1.0284031866488155e-06,1.029305505575729e-06,1.0257792848300309e-06,1.0284909758645646e-06,9.623092834386136e-07,1.0275918860752859e-06,9.436312746851787e-07,1.0275508126213988e-06,9.463623985037668e-07,1.0219033705939019e-06,1.0199776015721307e-06,8.778658173580756e-07,9.188537439050253e-07,9.241826975359775e-07,1.0091864721972546e-06,9.246379549928143e-07,8.850343079537975e-07,1.025045242163258e-06,9.412767884273014e-07,1.026789513552558e-06,9.569413250421496e-07,1.0298262412936327e-06,7.744834953052955e-07,1.0177467861800975e-06,1.0245479917390365e-06,1.0277413189707356e-06,1.023831544875686e-06,1.0252359819304595e-06,1.0283779842900488e-06,1.0273943968345618e-06,1.0245181045981324e-06,9.804475785509648e-07,1.0258845343095927e-06,1.0107975148369317e-06,1.0287357805788746e-06,1.0251774811724353e-06,9.890395069578146e-07,1.0156124173767657e-06,1.0253880634008316e-06,1.0207233544799357e-06,1.0210279677127735e-06,7.096408112341035e-07,1.1806188227708176e-07,9.764405827089421e-07,1.0115919091929121e-06,1.0251731219529427e-06,1.0063037529371332e-06,1.0254699385043012e-06,1.0279250485887245e-06,8.303663696702094e-07,8.339899690965401e-07,1.0328770718686783e-06,1.0297426989827195e-06,8.230580387999744e-07,1.0261199931127395e-06,8.732501694773392e-07,9.887185735960434e-07,9.161377190188898e-07,8.700502689199222e-07,1.033843803604244e-06,1.034668843120155e-06,1.0287005781127955e-06,1.0180793854805427e-06,8.813033247198707e-07,1.0262572644076746e-06
r830,1.1975279580919533e-05,1.1929104663606265e-05,1.1875355076293476e-05,1.1992199830832045e-05,1.1947255597916858e-05,1.1933413114396164e-05,1.189624310388704e-05,1.192947696512626e-05,1.1939943864678456e-05,1.1899039704028357e-05,1.193049532002895e-05,1.116278768788792e-05,1.1920065878473315e-05,1.0946122786348073e-05,1.1919589426408226e-05,1.0977803822643696e-05,1.1854079098889262e-05,1.1831740178236715e-05,1.0183243481353674e-05,1.0658703429298293e-05,1.0720519291417339e-05,1.1706563077488154e-05,1.0725800277916646e-05,1.026639797226405e-05,1.189052480909379e-05,1.0918810745756698e-05,1.1910758357209672e-05,1.1100519370488935e-05,1.194598439900614e-05,8.984008545541428e-06,1.1805862719689129e-05,1.1884756704172824e-05,1.1921799300060533e-05,1.1876445920557957e-05,1.1892737390393332e-05,1.1929184617764565e-05,1.1917775003280917e-05,1.1884410013338336e-05,1.1373191911191192e-05,1.1900260597991275e-05,1.1725251172108406e-05,1.1933335054714944e-05,1.1892058781600246e-05,1.1472858280710646e-05,1.178110404157048e-05,1.1894501535449645e-05,1.1840390911967256e-05,1.1843924425468174e-05,8.231833410315599e-06,1.3695178344141484e-06,1.1326710759423725e-05,1.173446614663778e-05,1.1892008214654135e-05,1.1673123534070746e-05,1.1895451286649892e-05,1.1923930563629203e-05,9.632249888174428e-06,9.674283641519864e-06,1.1981374033676664e-05,1.1945015308199546e-05,9.547473250079704e-06,1.1902991920107775e-05,1.0129701965937137e-05,1.1469135453714105e-05,1.0627197540619121e-05,1.0092583119471098e-05,1.1992588121809231e-05,1.2002158580193796e-05,1.1932926706108428e-05,1.1809720871574295e-05,1.0223118566750499e-05,1.1904584267129024e-05
r831,1.1975279580919533e-05,1.1929104663606265e-05,1.1875355076293476e-05,1.1992199830832045e-05,1.1947255597916858e-05,1.1933413114396164e-05,1.189624310388704e-05,1.192947696512626e-05,1.1939943864678456e-05,1.1899039704028357e-05,1.193049532002895e-05,1.116278768788792e-05,1.1920065878473315e-05,1.0946122786348073e-05,1.1919589426408226e-05,1.0977803822643696e-05,1.1854079098889262e-05,1.1831740178236715e-05,1.0183243481353674e-05,1.0658703429298293e-05,1.0720519291417339e-05,1.1706563077488154e-05,1.0725800277916646e-05,1.026639797226405e-05,1.189052480909379e-05,1.0918810745756698e-05,1.1910758357209672e-05,1.1100519370488935e-05,1.194598439900614e-05,8.984008545541428e-06,1.1805862719689129e-05,1.1884756704172824e-05,1.1921799300060533e-05,1.1876445920557957e-05,1.1892737390393332e-05,1.1929184617764565e-05,1.1917775003280917e-05,1.1884410013338336e-05,1.1373191911191192e-05,1.1900260597991275e-05,1.1725251172108406e-05,1.1933335054714944e-05,1.1892058781600246e-05,1.1472858280710646e-05,1.178110404157048e-05,1.1894501535449645e-05,1.1840390911967256e-05,1.1843924425468174e-05,8.231833410315599e-06,1.3695178344141484e-06,1.1326710759423725e-05,1.173446614663778e-05,1.1892008214654135e-05,1.1673123534070746e-05,1.1895451286649892e-05,1.1923930563629203e-05,9.632249888174428e-06,9.674283641519864e-06,1.1981374033676664e-05,1.1945015308199546e-05,9.547473250079704e-06,1.1902991920107775e-05,1.0129701965937137e-05,1.1469135453714105e-05,1.0627197540619121e-05,1.0092583119471098e-05,1.1992588121809231e-05,1.2002158580193796e-05,1.1932926706108428e-05,1.1809720871574295e-05,1.0223118566750499e-05,1.1904584267129024e-05
r832,3.0970550640309133e-06,3.0851132750705857e-06,3.0712125197310713e-06,3.1014309907324256e-06,3.0898074822198765e-06,3.086227529585215e-06,3.0766145958328553e-06,3.0852095599464464e-06,3.0879165167271866e-06,3.077337854490092e-06,3.085472927593694e-06,2.8869278503158407e-06,3.082775658225858e-06,2.8308938240555365e-06,3.0826524378641963e-06,2.839087195511301e-06,3.0657101117817056e-06,3.0599328047163918e-06,2.6335974520742265e-06,2.7565612317150755e-06,2.772548092607932e-06,3.027559416591764e-06,2.773913864978443e-06,2.6551029238613926e-06,3.0751357264897737e-06,2.8238303652819043e-06,3.0803685406576732e-06,2.8708239751264484e-06,3.089478723880898e-06,2.3234504859158863e-06,3.0532403585402917e-06,3.07364397521711e-06,3.0832239569122067e-06,3.071494634627058e-06,3.0757079457913786e-06,3.085133952870146e-06,3.0821831905036857e-06,3.0735543137943973e-06,2.9413427356528945e-06,3.0776536029287782e-06,3.032392544510795e-06,3.086207341736624e-06,3.075532443517305e-06,2.9671185208734428e-06,3.0468372521302968e-06,3.076164190202494e-06,3.062170063439807e-06,3.0630839031383206e-06,2.12892243370231e-06,3.5418564683124526e-07,2.9293217481268256e-06,3.034775727578736e-06,3.075519365858828e-06,3.0189112588113995e-06,3.076409815512903e-06,3.0837751457661734e-06,2.4910991090106284e-06,2.50196990728962e-06,3.098631215606035e-06,3.0892280969481584e-06,2.4691741163999234e-06,3.0783599793382184e-06,2.6197505084320176e-06,2.9661557207881307e-06,2.74841315705667e-06,2.610150806759766e-06,3.101531410812732e-06,3.1040065293604647e-06,3.0861017343383864e-06,3.0542381564416276e-06,2.6439099741596113e-06,3.0787717932230235e-06
r833,6.813521140868011e-06,6.787249205155289e-06,6.756667543408358e-06,6.823148179611337e-06,6.797576460883729e-06,6.789700565087473e-06,6.768552110832282e-06,6.787461031882182e-06,6.793416336799811e-06,6.770143279878202e-06,6.7880404407061275e-06,6.35124127069485e-06,6.782106448096887e-06,6.22796641292218e-06,6.7818353633012325e-06,6.245991830124862e-06,6.7445622459197515e-06,6.731852170376061e-06,5.793914394563298e-06,6.064434709773167e-06,6.0996058037374514e-06,6.6606307165018825e-06,6.102610502952575e-06,5.841226432495063e-06,6.765298598277502e-06,6.21242680362019e-06,6.776810789446882e-06,6.315812745278187e-06,6.796853192537977e-06,5.11159106901495e-06,6.717128788788641e-06,6.762016745477643e-06,6.783092705206854e-06,6.757288196179528e-06,6.766557480741032e-06,6.787294696314322e-06,6.780803019108108e-06,6.761819490347674e-06,6.470954018436368e-06,6.770837926443312e-06,6.671263597923749e-06,6.789656151820572e-06,6.766171375738072e-06,6.527660745921575e-06,6.7030419546866536e-06,6.767561218445487e-06,6.736774139567577e-06,6.7387845869043055e-06,4.683629354145081e-06,7.792084230287397e-07,6.444507845879017e-06,6.676506600673218e-06,6.766142604889421e-06,6.641604769385079e-06,6.7681015941283874e-06,6.784305320685582e-06,5.480418039823382e-06,5.504333796037164e-06,6.816988674333276e-06,6.7963018132859475e-06,5.432183056079831e-06,6.77239195454408e-06,5.76345111855044e-06,6.525542585733887e-06,6.046508945524673e-06,5.742331774871486e-06,6.82336910378801e-06,6.828814364593023e-06,6.78942381554445e-06,6.7193239441715816e-06,5.816601943151146e-06,6.7732979450906525e-06
r834,6.813521140868011e-06,6.787249205155289e-06,6.756667543408358e-06,6.823148179611337e-06,6.797576460883729e-06,6.789700565087473e-06,6.768552110832282e-06,6.787461031882182e-06,6.793416336799811e-06,6.770143279878202e-06,6.7880404407061275e-06,6.35124127069485e-06,6.782106448096887e-06,6.22796641292218e-06,6.7818353633012325e-06,6.245991830124862e-06,6.7445622459197515e-06,6.731852170376061e-06,5.793914394563298e-06,6.064434709773167e-06,6.0996058037374514e-06,6.6606307165018825e-06,6.102610502952575e-06,5.841226432495063e-06,6.765298598277502e-06,6.21242680362019e-06,6.776810789446882e-06,6.315812745278187e-06,6.796853192537977e-06,5.11159106901495e-06,6.717128788788641e-06,6.762016745477643e-06,6.783092705206854e-06,6.757288196179528e-06,6.766557480741032e-06,6.787294696314322e-06,6.780803019108108e-06,6.761819490347674e-06,6.470954018436368e-06,6.770837926443312e-06,6.671263597923749e-06,6.789656151820572e-06,6.766171375738072e-06,6.527660745921575e-06,6.7030419546866536e-06,6.767561218445487e-06,6.736774139567577e-06,6.7387845869043055e-06,4.683629354145081e-06,7.792084230287397e-07,6.444507845879017e-06,6.676506600673218e-06,6.766142604889421e-06,6.641604769385079e-06,6.7681015941283874e-06,6.784305320685582e-06,5.480418039823382e-06,5.504333796037164e-06,6.816988674333276e-06,6.7963018132859475e-06,5.432183056079831e-06,6.77239195454408e-06,5.76345111855044e-06,6.525542585733887e-06,6.046508945524673e-06,5.742331774871486e-06,6.82336910378801e-06,6.828814364593023e-06,6.78942381554445e-06,6.7193239441715816e-06,5.816601943151146e-06,6.7732979450906525e-06
r835,3.0970550640309133e-06,3.0851132750705857e-06,3.0712125197310713e-06,3.1014309907324256e-06,3.0898074822198765e-06,3.086227529585215e-06,3.0766145958328553e-06,3.0852095599464464e-06,3.0879165167271866e-06,3.077337854490092e-06,3.085472927593694e-06,2.8869278503158407e-06,3.082775658225858e-06,2.8308938240555365e-06,3.0826524378641963e-06,2.839087195511301e-06,3.0657101117817056e-06,3.0599328047163918e-06,2.6335974520742265e-06,2.7565612317150755e-06,2.772548092607932e-06,3.027559416591764e-06,2.773913864978443e-06,2.6551029238613926e-06,3.0751357264897737e-06,2.8238303652819043e-06,3.0803685406576732e-06,2.8708239751264484e-06,3.089478723880898e-06,2.3234504859158863e-06,3.0532403585402917e-06,3.07364397521711e-06,3.0832239569122067e-06,3.071494634627058e-06,3.0757079457913786e-06,3.085133952870146e-06,3.0821831905036857e-06,3.0735543137943973e-06,2.9413427356528945e-06,3.0776536029287782e-06,3.032392544510795e-06,3.086207341736624e-06,3.075532443517305e-06,2.9671185208734428e-06,3.0468372521302968e-06,3.076164190202494e-06,3.062170063439807e-06,3.0630839031383206e-06,2.12892243370231e-06,3.5418564683124526e-07,2.9293217481268256e-06,3.034775727578736e-06,3.075519365858828e-06,3.0189112588113995e-06,3.076409815512903e-06,3.0837751457661734e-06,2.4910991090106284e-06,2.50196990728962e-06,3.098631215606035e-06,3.0892280969481584e-06,2.4691741163999234e-06,3.0783599793382184e-06,2.6197505084320176e-06,2.9661557207881307e-06,2.74841315705667e-06,2.610150806759766e-06,3.101531410812732e-06,3.1040065293604647e-06,3.0861017343383864e-06,3.0542381564416276e-06,2.6439099741596113e-06,3.0787717932230235e-06
r836,9.910576204898924e-06,9.872362480225875e-06,9.827880063139428e-06,9.924579170343763e-06,9.887383943103605e-06,9.875928094672688e-06,9.845166706665138e-06,9.87267059182863e-06,9.881332853526997e-06,9.847481134368296e-06,9.873513368299819e-06,9.23816912101069e-06,9.864882106322745e-06,9.058860236977716e-06,9.864487801165428e-06,9.085079025636162e-06,9.810272357701458e-06,9.791784975092453e-06,8.427511846637525e-06,8.820995941488241e-06,8.872153896345384e-06,9.688190133093644e-06,8.876524367931017e-06,8.496329356356454e-06,9.840434324767275e-06,9.036257168902094e-06,9.857179330104556e-06,9.186636720404635e-06,9.886331916418875e-06,7.435041554930836e-06,9.770369147328934e-06,9.835660720694753e-06,9.86631666211906e-06,9.828782830806585e-06,9.84226542653241e-06,9.872428649184469e-06,9.862986209611793e-06,9.83537380414207e-06,9.412296754089262e-06,9.848491529372088e-06,9.703656142434543e-06,9.875863493557195e-06,9.841703819255377e-06,9.49477926679502e-06,9.749879206816949e-06,9.843725408647981e-06,9.798944203007383e-06,9.801868490042625e-06,6.8125517878473924e-06,1.133394069859985e-06,9.373829594005841e-06,9.711282328251956e-06,9.84166197074825e-06,9.660516028196477e-06,9.84451140964129e-06,9.868080466451754e-06,7.971517148834009e-06,8.006303703326784e-06,9.915619889939309e-06,9.885529910234109e-06,7.901357172479755e-06,9.850751933882298e-06,8.383201626982457e-06,9.491698306522017e-06,8.794922102581343e-06,8.352482581631252e-06,9.924900514600744e-06,9.932820893953488e-06,9.875525549882838e-06,9.77356210061321e-06,8.460511917310757e-06,9.852069738313675e-06
r837,9.910576204898924e-06,9.872362480225875e-06,9.827880063139428e-06,9.924579170343763e-06,9.887383943103605e-06,9.875928094672688e-06,9.845166706665138e-06,9.87267059182863e-06,9.881332853526997e-06,9.847481134368296e-06,9.873513368299819e-06,9.23816912101069e-06,9.864882106322745e-06,9.058860236977716e-06,9.864487801165428e-06,9.085079025636162e-06,9.810272357701458e-06,9.791784975092453e-06,8.427511846637525e-06,8.820995941488241e-06,8.872153896345384e-06,9.688190133093644e-06,8.876524367931017e-06,8.496329356356454e-06,9.840434324767275e-06,9.036257168902094e-06,9.857179330104556e-06,9.186636720404635e-06,9.886331916418875e-06,7.435041554930836e-06,9.770369147328934e-06,9.835660720694753e-06,9.86631666211906e-06,9.828782830806585e-06,9.84226542653241e-06,9.872428649184469e-06,9.862986209611793e-06,9.83537380414207e-06,9.412296754089262e-06,9.848491529372088e-06,9.703656142434543e-06,9.875863493557195e-06,9.841703819255377e-06,9.49477926679502e-06,9.749879206816949e-06,9.843725408647981e-06,9.798944203007383e-06,9.801868490042625e-06,6.8125517878473924e-06,1.133394069859985e-06,9.373829594005841e-06,9.711282328251956e-06,9.84166197074825e-06,9.660516028196477e-06,9.84451140964129e-06,9.868080466451754e-06,7.971517148834009e-06,8.006303703326784e-06,9.915619889939309e-06,9.885529910234109e-06,7.901357172479755e-06,9.850751933882298e-06,8.383201626982457e-06,9.491698306522017e-06,8.794922102581343e-06,8.352482581631252e-06,9.924900514600744e-06,9.932820893953488e-06,9.875525549882838e-06,9.77356210061321e-06,8.460511917310757e-06,9.852069738313675e-06
r838,8.516901426085009e-06,8.48406150644411e-06,8.445834429260446e-06,8.528935224514168e-06,8.496970576104658e-06,8.487125706359339e-06,8.460690138540354e-06,8.484326289852729e-06,8.491770420999763e-06,8.46267909984775e-06,8.485050550882656e-06,7.939051588368561e-06,8.477633060121106e-06,7.784958016152723e-06,8.477294204126537e-06,7.807489787656076e-06,8.43070280739969e-06,8.414815212970076e-06,7.242392993204124e-06,7.5805433872164555e-06,7.624507254671813e-06,8.32578839562735e-06,7.628263128690716e-06,7.301533040618826e-06,8.456623247846878e-06,7.765533504525232e-06,8.471013486808601e-06,7.89476593159773e-06,8.49606649067247e-06,6.389488836268687e-06,8.3964109859858e-06,8.452520931847051e-06,8.478865881508564e-06,8.446610245224409e-06,8.45819685092629e-06,8.484118370392901e-06,8.476003773885131e-06,8.452274362934591e-06,8.088692523045458e-06,8.463547408054134e-06,8.339079497404683e-06,8.487070189775714e-06,8.45771421967259e-06,8.159575932401966e-06,8.378802443358313e-06,8.459451523056857e-06,8.420967674459467e-06,8.423480733630377e-06,5.854536692681353e-06,9.740105287859242e-07,8.055634807348767e-06,8.345633250841522e-06,8.457678256111776e-06,8.302005961731345e-06,8.460126992660481e-06,8.480381650856977e-06,6.850522549779224e-06,6.880417245046455e-06,8.521235842916594e-06,8.495377266607432e-06,6.790228820099787e-06,8.465489943180098e-06,7.204313898188046e-06,8.156928232167358e-06,7.55813618190584e-06,7.177914718589354e-06,8.529211379735012e-06,8.536017955741278e-06,8.486779769430559e-06,8.399154930214474e-06,7.270752428938931e-06,8.466622431363312e-06
r839,1.5485275320154567e-06,1.5425566375352928e-06,1.5356062598655356e-06,1.5507154953662128e-06,1.5449037411099382e-06,1.5431137647926075e-06,1.5383072979164277e-06,1.5426047799732232e-06,1.5439582583635933e-06,1.538668927245046e-06,1.542736463796847e-06,1.4434639251579203e-06,1.541387829112929e-06,1.4154469120277682e-06,1.5413262189320981e-06,1.4195435977556506e-06,1.5328550558908528e-06,1.5299664023581959e-06,1.3167987260371132e-06,1.3782806158575377e-06,1.386274046303966e-06,1.513779708295882e-06,1.3869569324892215e-06,1.3275514619306963e-06,1.5375678632448869e-06,1.4119151826409522e-06,1.5401842703288366e-06,1.4354119875632242e-06,1.544739361940449e-06,1.1617252429579431e-06,1.5266201792701459e-06,1.536821987608555e-06,1.5416119784561033e-06,1.535747317313529e-06,1.5378539728956893e-06,1.542566976435073e-06,1.5410915952518429e-06,1.5367771568971987e-06,1.4706713678264472e-06,1.5388268014643891e-06,1.5161962722553976e-06,1.543103670868312e-06,1.5377662217586526e-06,1.4835592604367214e-06,1.5234186260651484e-06,1.538082095101247e-06,1.5310850317199035e-06,1.5315419515691603e-06,1.064461216851155e-06,1.7709282341562263e-07,1.4646608740634128e-06,1.517387863789368e-06,1.537759682929414e-06,1.5094556294056998e-06,1.5382049077564515e-06,1.5418875728830867e-06,1.2455495545053142e-06,1.25098495364481e-06,1.5493156078030174e-06,1.5446140484740792e-06,1.2345870581999617e-06,1.5391799896691092e-06,1.3098752542160088e-06,1.4830778603940653e-06,1.374206578528335e-06,1.305075403379883e-06,1.550765705406366e-06,1.5520032646802324e-06,1.5430508671691932e-06,1.5271190782208138e-06,1.3219549870798056e-06,1.5393858966115117e-06
r840,1.5485275320154567e-06,1.5425566375352928e-06,1.5356062598655356e-06,1.5507154953662128e-06,1.5449037411099382e-06,1.5431137647926075e-06,1.5383072979164277e-06,1.5426047799732232e-06,1.5439582583635933e-06,1.538668927245046e-06,1.542736463796847e-06,1.4434639251579203e-06,1.541387829112929e-06,1.4154469120277682e-06,1.5413262189320981e-06,1.4195435977556506e-06,1.5328550558908528e-06,1.5299664023581959e-06,1.3167987260371132e-06,1.3782806158575377e-06,1.386274046303966e-06,1.513779708295882e-06,1.3869569324892215e-06,1.3275514619306963e-06,1.5375678632448869e-06,1.4119151826409522e-06,1.5401842703288366e-06,1.4354119875632242e-06,1.544739361940449e-06,1.1617252429579431e-06,1.5266201792701459e-06,1.536821987608555e-06,1.5416119784561033e-06,1.535747317313529e-06,1.5378539728956893e-06,1.542566976435073e-06,1.5410915952518429e-06,1.5367771568971987e-06,1.4706713678264472e-06,1.5388268014643891e-06,1.5161962722553976e-06,1.543103670868312e-06,1.5377662217586526e-06,1.4835592604367214e-06,1.5234186260651484e-06,1.538082095101247e-06,1.5310850317199035e-06,1.5315419515691603e-06,1.064461216851155e-06,1.7709282341562263e-07,1.4646608740634128e-06,1.517387863789368e-06,1.537759682929414e-06,1.5094556294056998e-06,1.5382049077564515e-06,1.5418875728830867e-06,1.2455495545053142e-06,1.25098495364481e-06,1.5493156078030174e-06,1.5446140484740792e-06,1.2345870581999617e-06,1.5391799896691092e-06,1.3098752542160088e-06,1.4830778603940653e-06,1.374206578528335e-06,1.305075403379883e-06,1.550765705406366e-06,1.5520032646802324e-06,1.5430508671691932e-06,1.5271190782208138e-06,1.3219549870798056e-06,1.5393858966115117e-06
r841,1.5485275320154567e-06,1.5425566375352928e-06,1.5356062598655356e-06,1.5507154953662128e-06,1.5449037411099382e-06,1.5431137647926075e-06,1.5383072979164277e-06,1.5426047799732232e-06,1.5439582583635933e-06,1.538668927245046e-06,1.542736463796847e-06,1.4434639251579203e-06,1.541387829112929e-06,1.4154469120277682e-06,1.5413262189320981e-06,1.4195435977556506e-06,1.5328550558908528e-06,1.5299664023581959e-06,1.3167987260371132e-06,1.3782806158575377e-06,1.386274046303966e-06,1.513779708295882e-06,1.3869569324892215e-06,1.3275514619306963e-06,1.5375678632448869e-06,1.4119151826409522e-06,1.5401842703288366e-06,1.4354119875632242e-06,1.544739361940449e-06,1.1617252429579431e-06,1.5266201792701459e-06,1.536821987608555e-06,1.5416119784561033e-06,1.535747317313529e-06,1.5378539728956893e-06,1.542566976435073e-06,1.5410915952518429e-06,1.5367771568971987e-06,1.4706713678264472e-06,1.5388268014643891e-06,1.5161962722553976e-06,1.543103670868312e-06,1.5377662217586526e-06,1.4835592604367214e-06,1.5234186260651484e-06,1.538082095101247e-06,1.5310850317199035e-06,1.5315419515691603e-06,1.064461216851155e-06,1.7709282341562263e-07,1.4646608740634128e-06,1.517387863789368e-06,1.537759682929414e-06,1.5094556294056998e-06,1.5382049077564515e-06,1.5418875728830867e-06,1.2455495545053142e-06,1.25098495364481e-06,1.5493156078030174e-06,1.5446140484740792e-06,1.2345870581999617e-06,1.5391799896691092e-06,1.3098752542160088e-06,1.4830778603940653e-06,1.374206578528335e-06,1.305075403379883e-06,1.550765705406366e-06,1.5520032646802324e-06,1.5430508671691932e-06,1.5271190782208138e-06,1.3219549870798056e-06,1.5393858966115117e-06
r842,6.194110128061827e-06,6.170226550141171e-06,6.142425039462143e-06,6.202861981464851e-06,6.179614964439753e-06,6.17245505917043e-06,6.153229191665711e-06,6.170419119892893e-06,6.175833033454373e-06,6.154675708980184e-06,6.170945855187388e-06,5.773855700631681e-06,6.165551316451716e-06,5.661787648111073e-06,6.1653048757283925e-06,5.678174391022602e-06,6.131420223563411e-06,6.1198656094327836e-06,5.267194904148453e-06,5.513122463430151e-06,5.545096185215864e-06,6.055118833183528e-06,5.547827729956886e-06,5.310205847722785e-06,6.1502714529795474e-06,5.647660730563809e-06,6.1607370813153464e-06,5.741647950252897e-06,6.178957447761796e-06,4.6469009718317725e-06,6.1064807170805835e-06,6.14728795043422e-06,6.166447913824413e-06,6.142989269254116e-06,6.151415891582757e-06,6.170267905740292e-06,6.1643663810073714e-06,6.147108627588795e-06,5.882685471305789e-06,6.1553072058575564e-06,6.06478508902159e-06,6.172414683473248e-06,6.15106488703461e-06,5.9342370417468856e-06,6.0936745042605935e-06,6.152328380404988e-06,6.124340126879614e-06,6.126167806276641e-06,4.25784486740462e-06,7.083712936624905e-07,5.858643496253651e-06,6.069551455157472e-06,6.151038731717656e-06,6.037822517622799e-06,6.152819631025806e-06,6.167550291532347e-06,4.982198218021257e-06,5.00393981457924e-06,6.19726243121207e-06,6.178456193896317e-06,4.938348232799847e-06,6.156719958676437e-06,5.239501016864035e-06,5.932311441576261e-06,5.49682631411334e-06,5.220301613519532e-06,6.203062821625464e-06,6.2080130587209295e-06,6.172203468676773e-06,6.108476312883255e-06,5.2878199483192225e-06,6.157543586446047e-06
r843,4.43911225844431e-06,4.4219956942678395e-06,4.402071278281202e-06,4.44538442004981e-06,4.42872405784849e-06,4.423592792405474e-06,4.409814254027092e-06,4.422133702589907e-06,4.426013673975634e-06,4.410850924769132e-06,4.422511196217628e-06,4.137929918786039e-06,4.418645110123729e-06,4.057614481146269e-06,4.418468494272015e-06,4.069358313566198e-06,4.394184493553778e-06,4.385903686760162e-06,3.7748230146397247e-06,3.9510710987916075e-06,3.973985599404703e-06,4.3395018304481946e-06,3.975943206469102e-06,3.8056475242013288e-06,4.407694541302009e-06,4.047490190237396e-06,4.415194908275999e-06,4.114847697681243e-06,4.428252837562621e-06,3.33027902981277e-06,4.376311180574419e-06,4.405556364477857e-06,4.419287671574162e-06,4.402475642965449e-06,4.408514722300976e-06,4.42202533244721e-06,4.417795906388616e-06,4.40542784977197e-06,4.215924587769149e-06,4.411303497531249e-06,4.346429313798807e-06,4.4235638564891595e-06,4.40826316904147e-06,4.252869879918601e-06,4.367133394720091e-06,4.409168672623575e-06,4.389110424263724e-06,4.390420261164927e-06,3.0514554883066444e-06,5.076660937914516e-07,4.19869450564845e-06,4.349845209529521e-06,4.408244424397653e-06,4.327106137629673e-06,4.409520735568494e-06,4.4200777089315154e-06,3.5705753895819003e-06,3.5861568671151228e-06,4.441371409035316e-06,4.427893605625694e-06,3.5391495668398896e-06,4.412315970384779e-06,3.754975728752559e-06,4.2514898664629875e-06,3.939392191781226e-06,3.7412161563556658e-06,4.44552835549825e-06,4.449076025416666e-06,4.423412485885021e-06,4.377741357566333e-06,3.789604296295444e-06,4.412906236953001e-06
r844,4.43911225844431e-06,4.4219956942678395e-06,4.402071278281202e-06,4.44538442004981e-06,4.42872405784849e-06,4.423592792405474e-06,4.409814254027092e-06,4.422133702589907e-06,4.426013673975634e-06,4.410850924769132e-06,4.422511196217628e-06,4.137929918786039e-06,4.418645110123729e-06,4.057614481146269e-06,4.418468494272015e-06,4.069358313566198e-06,4.394184493553778e-06,4.385903686760162e-06,3.7748230146397247e-06,3.9510710987916075e-06,3.973985599404703e-06,4.3395018304481946e-06,3.975943206469102e-06,3.8056475242013288e-06,4.407694541302009e-06,4.047490190237396e-06,4.415194908275999e-06,4.114847697681243e-06,4.428252837562621e-06,3.33027902981277e-06,4.376311180574419e-06,4.405556364477857e-06,4.419287671574162e-06,4.402475642965449e-06,4.408514722300976e-06,4.42202533244721e-06,4.417795906388616e-06,4.40542784977197e-06,4.215924587769149e-06,4.411303497531249e-06,4.346429313798807e-06,4.4235638564891595e-06,4.40826316904147e-06,4.252869879918601e-06,4.367133394720091e-06,4.409168672623575e-06,4.389110424263724e-06,4.390420261164927e-06,3.0514554883066444e-06,5.076660937914516e-07,4.19869450564845e-06,4.349845209529521e-06,4.408244424397653e-06,4.327106137629673e-06,4.409520735568494e-06,4.4200777089315154e-06,3.5705753895819003e-06,3.5861568671151228e-06,4.441371409035316e-06,4.427893605625694e-06,3.5391495668398896e-06,4.412315970384779e-06,3.754975728752559e-06,4.2514898664629875e-06,3.939392191781226e-06,3.7412161563556658e-06,4.44552835549825e-06,4.449076025416666e-06,4.423412485885021e-06,4.377741357566333e-06,3.789604296295444e-06,4.412906236953001e-06
r845,1.8582330384185485e-06,1.8510679650423515e-06,1.8427275118386428e-06,1.8608585944394555e-06,1.8538844893319263e-06,1.851736517751129e-06,1.8459687574997135e-06,1.851125735967868e-06,1.852749910036312e-06,1.8464027126940553e-06,1.8512837565562164e-06,1.7321567101895046e-06,1.8496653949355145e-06,1.6985362944333216e-06,1.849591462718518e-06,1.7034523173067803e-06,1.8394260670690234e-06,1.835959682829835e-06,1.580158471244536e-06,1.6539367390290453e-06,1.6635288555647594e-06,1.8165356499550584e-06,1.6643483189870655e-06,1.5930617543168352e-06,1.845081435893864e-06,1.6942982191691425e-06,1.8482211243946042e-06,1.7224943850758693e-06,1.853687234328539e-06,1.3940702915495317e-06,1.831944215124175e-06,1.844186385130266e-06,1.8499343741473238e-06,1.8428967807762347e-06,1.8454247674748273e-06,1.8510803717220878e-06,1.8493099143022116e-06,1.8441325882766385e-06,1.7648056413917367e-06,1.8465921617572668e-06,1.8194355267064772e-06,1.851724405041974e-06,1.8453194661103832e-06,1.780271112524066e-06,1.828102351278178e-06,1.8456985141214968e-06,1.8373020380638844e-06,1.8378503418829924e-06,1.2773534602213862e-06,2.1251138809874717e-07,1.7575930488760954e-06,1.8208654365472415e-06,1.8453116195152966e-06,1.8113467552868397e-06,1.8458458893077418e-06,1.8502650874597038e-06,1.4946594654063769e-06,1.501181944373772e-06,1.8591787293636206e-06,1.853536858168895e-06,1.4815044698399538e-06,1.847015987602931e-06,1.5718503050592108e-06,1.7796934324728784e-06,1.6490478942340016e-06,1.5660904840558598e-06,1.8609188464876392e-06,1.8624039176162788e-06,1.8516610406030319e-06,1.8325428938649766e-06,1.5863459844957672e-06,1.847263075933814e-06
r846,1.8582330384185485e-06,1.8510679650423515e-06,1.8427275118386428e-06,1.8608585944394555e-06,1.8538844893319263e-06,1.851736517751129e-06,1.8459687574997135e-06,1.851125735967868e-06,1.852749910036312e-06,1.8464027126940553e-06,1.8512837565562164e-06,1.7321567101895046e-06,1.8496653949355145e-06,1.6985362944333216e-06,1.849591462718518e-06,1.7034523173067803e-06,1.8394260670690234e-06,1.835959682829835e-06,1.580158471244536e-06,1.6539367390290453e-06,1.6635288555647594e-06,1.8165356499550584e-06,1.6643483189870655e-06,1.5930617543168352e-06,1.845081435893864e-06,1.6942982191691425e-06,1.8482211243946042e-06,1.7224943850758693e-06,1.853687234328539e-06,1.3940702915495317e-06,1.831944215124175e-06,1.844186385130266e-06,1.8499343741473238e-06,1.8428967807762347e-06,1.8454247674748273e-06,1.8510803717220878e-06,1.8493099143022116e-06,1.8441325882766385e-06,1.7648056413917367e-06,1.8465921617572668e-06,1.8194355267064772e-06,1.851724405041974e-06,1.8453194661103832e-06,1.780271112524066e-06,1.828102351278178e-06,1.8456985141214968e-06,1.8373020380638844e-06,1.8378503418829924e-06,1.2773534602213862e-06,2.1251138809874717e-07,1.7575930488760954e-06,1.8208654365472415e-06,1.8453116195152966e-06,1.8113467552868397e-06,1.8458458893077418e-06,1.8502650874597038e-06,1.4946594654063769e-06,1.501181944373772e-06,1.8591787293636206e-06,1.853536858168895e-06,1.4815044698399538e-06,1.847015987602931e-06,1.5718503050592108e-06,1.7796934324728784e-06,1.6490478942340016e-06,1.5660904840558598e-06,1.8609188464876392e-06,1.8624039176162788e-06,1.8516610406030319e-06,1.8325428938649766e-06,1.5863459844957672e-06,1.847263075933814e-06
r847,7.432932153674194e-06,7.404271860169406e-06,7.370910047354571e-06,7.443434377757822e-06,7.415537957327705e-06,7.406946071004516e-06,7.383875029998854e-06,7.404502943871472e-06,7.410999640145248e-06,7.385610850776221e-06,7.4051350262248655e-06,6.928626840758018e-06,7.398661579742058e-06,6.794145177733286e-06,7.398365850874072e-06,6.813809269227121e-06,7.3577042682760935e-06,7.34383873131934e-06,6.320633884978144e-06,6.615746956116181e-06,6.654115422259038e-06,7.2661425998202335e-06,6.657393275948262e-06,6.372247017267341e-06,7.380325743575456e-06,6.77719287667657e-06,7.392884497578417e-06,6.889977540303477e-06,7.414748937314156e-06,5.576281166198127e-06,7.3277768604967e-06,7.376745540521064e-06,7.399737496589295e-06,7.371587123104939e-06,7.381699069899309e-06,7.404321486888351e-06,7.397239657208846e-06,7.376530353106554e-06,7.059222565566947e-06,7.386368647029067e-06,7.277742106825909e-06,7.406897620167896e-06,7.381277864441533e-06,7.121084450096264e-06,7.312409405112712e-06,7.382794056485987e-06,7.349208152255538e-06,7.35140136753197e-06,5.109413840885545e-06,8.500455523949887e-07,7.0303721955043815e-06,7.283461746188966e-06,7.381246478061186e-06,7.245387021147359e-06,7.383383557230967e-06,7.401060349838815e-06,5.978637861625507e-06,6.004727777495088e-06,7.436714917454482e-06,7.41414743267558e-06,5.926017879359815e-06,7.388063950411724e-06,6.287401220236843e-06,7.1187737298915134e-06,6.5961915769360065e-06,6.264361936223439e-06,7.443675385950557e-06,7.449615670465115e-06,7.4066441624121275e-06,7.330171575459906e-06,6.345383937983069e-06,7.389052303735256e-06
r848,2.5808792200257614e-06,2.5709277292254886e-06,2.55934376644256e-06,2.584525825610355e-06,2.574839568516564e-06,2.5718562746543455e-06,2.5638454965273794e-06,2.5710079666220393e-06,2.5732637639393226e-06,2.5644482120750767e-06,2.5712274396614113e-06,2.405773208596534e-06,2.5689797151882146e-06,2.359078186712947e-06,2.568877031553497e-06,2.365905996259417e-06,2.5547584264847547e-06,2.5499440039303263e-06,2.194664543395189e-06,2.297134359762563e-06,2.3104567438399438e-06,2.5229661804931366e-06,2.311594887482036e-06,2.2125857698844936e-06,2.5626131054081448e-06,2.3531919710682535e-06,2.5669737838813946e-06,2.3923533126053734e-06,2.5745656032340815e-06,1.9362087382632387e-06,2.544366965450243e-06,2.5613699793475916e-06,2.5693532974268383e-06,2.5595788621892147e-06,2.563089954826149e-06,2.570944960725122e-06,2.5684859920864046e-06,2.561295261495331e-06,2.451118946377412e-06,2.5647113357739818e-06,2.526993787092329e-06,2.571839451447186e-06,2.5629437029310882e-06,2.4725987673945362e-06,2.539031043441914e-06,2.5634701585020784e-06,2.5518083861998392e-06,2.552569919281934e-06,1.7741020280852583e-06,2.951547056927044e-07,2.4411014567723547e-06,2.5289797729822797e-06,2.562932804882357e-06,2.5157593823428327e-06,2.5636748462607525e-06,2.569812621471811e-06,2.0759159241755235e-06,2.08497492274135e-06,2.5821926796716957e-06,2.5743567474567987e-06,2.057645096999936e-06,2.5652999827818482e-06,2.1831254236933485e-06,2.471796433990109e-06,2.2903442975472248e-06,2.1751256722998057e-06,2.5846095090106102e-06,2.5866721078003876e-06,2.5717514452819887e-06,2.5451984637013562e-06,2.2032583117996764e-06,2.5656431610191864e-06
r849,2.5808792200257614e-06,2.5709277292254886e-06,2.55934376644256e-06,2.584525825610355e-06,2.574839568516564e-06,2.5718562746543455e-06,2.5638454965273794e-06,2.5710079666220393e-06,2.5732637639393226e-06,2.5644482120750767e-06,2.5712274396614113e-06,2.405773208596534e-06,2.5689797151882146e-06,2.359078186712947e-06,2.568877031553497e-06,2.365905996259417e-06,2.5547584264847547e-06,2.5499440039303263e-06,2.194664543395189e-06,2.297134359762563e-06,2.3104567438399438e-06,2.5229661804931366e-06,2.311594887482036e-06,2.2125857698844936e-06,2.5626131054081448e-06,2.3531919710682535e-06,2.5669737838813946e-06,2.3923533126053734e-06,2.5745656032340815e-06,1.9362087382632387e-06,2.544366965450243e-06,2.5613699793475916e-06,2.5693532974268383e-06,2.5595788621892147e-06,2.563089954826149e-06,2.570944960725122e-06,2.5684859920864046e-06,2.561295261495331e-06,2.451118946377412e-06,2.5647113357739818e-06,2.526993787092329e-06,2.571839451447186e-06,2.5629437029310882e-06,2.4725987673945362e-06,2.539031043441914e-06,2.5634701585020784e-06,2.5518083861998392e-06,2.552569919281934e-06,1.7741020280852583e-06,2.951547056927044e-07,2.4411014567723547e-06,2.5289797729822797e-06,2.562932804882357e-06,2.5157593823428327e-06,2.5636748462607525e-06,2.569812621471811e-06,2.0759159241755235e-06,2.08497492274135e-06,2.5821926796716957e-06,2.5743567474567987e-06,2.057645096999936e-06,2.5652999827818482e-06,2.1831254236933485e-06,2.471796433990109e-06,2.2903442975472248e-06,2.1751256722998057e-06,2.5846095090106102e-06,2.5866721078003876e-06,2.5717514452819887e-06,2.5451984637013562e-06,2.2032583117996764e-06,2.5656431610191864e-06
r850,5.161758440051523e-06,5.141855458450977e-06,5.11868753288512e-06,5.16905165122071e-06,5.149679137033128e-06,5.143712549308691e-06,5.127690993054759e-06,5.142015933244079e-06,5.146527527878645e-06,5.128896424150153e-06,5.142454879322823e-06,4.811546417193068e-06,5.137959430376429e-06,4.718156373425894e-06,5.137754063106994e-06,4.731811992518834e-06,5.109516852969509e-06,5.099888007860653e-06,4.389329086790378e-06,4.594268719525126e-06,4.6209134876798875e-06,5.045932360986273e-06,4.623189774964072e-06,4.425171539768987e-06,5.1252262108162895e-06,4.706383942136507e-06,5.133947567762789e-06,4.784706625210747e-06,5.149131206468163e-06,3.872417476526477e-06,5.088733930900486e-06,5.122739958695183e-06,5.138706594853677e-06,5.119157724378429e-06,5.126179909652298e-06,5.141889921450244e-06,5.136971984172809e-06,5.122590522990662e-06,4.902237892754824e-06,5.1294226715479636e-06,5.053987574184658e-06,5.143678902894372e-06,5.1258874058621765e-06,4.9451975347890724e-06,5.078062086883828e-06,5.126940317004157e-06,5.1036167723996784e-06,5.105139838563868e-06,3.5482040561705167e-06,5.903094113854088e-07,4.8822029135447094e-06,5.057959545964559e-06,5.125865609764714e-06,5.0315187646856655e-06,5.127349692521505e-06,5.139625242943622e-06,4.151831848351047e-06,4.1699498454827e-06,5.164385359343391e-06,5.148713494913597e-06,4.115290193999872e-06,5.1305999655636964e-06,4.366250847386697e-06,4.943592867980218e-06,4.5806885950944495e-06,4.3502513445996114e-06,5.1692190180212205e-06,5.173344215600775e-06,5.1435028905639775e-06,5.0903969274027125e-06,4.406516623599353e-06,5.131286322038373e-06
r851,4.955288102449462e-06,4.9361812401129374e-06,4.913940031569714e-06,4.962289585171881e-06,4.9436919715518026e-06,4.937964047336344e-06,4.922583353332569e-06,4.936335295914315e-06,4.9406664267634985e-06,4.923740567184148e-06,4.9367566841499095e-06,4.619084560505345e-06,4.932441053161373e-06,4.529430118488858e-06,4.932243900582714e-06,4.542539512818081e-06,4.905136178850729e-06,4.8958924875462265e-06,4.213755923318763e-06,4.4104979707441206e-06,4.436076948172692e-06,4.844095066546822e-06,4.438262183965508e-06,4.248164678178227e-06,4.9202171623836374e-06,4.518128584451047e-06,4.928589665052278e-06,4.5933183602023175e-06,4.943165958209437e-06,3.717520777465418e-06,4.885184573664467e-06,4.9178303603473764e-06,4.93315833105953e-06,4.9143914154032925e-06,4.921132713266205e-06,4.9362143245922346e-06,4.9314931048058965e-06,4.917686902071035e-06,4.706148377044631e-06,4.924245764686044e-06,4.851828071217271e-06,4.937931746778597e-06,4.920851909627688e-06,4.74738963339751e-06,4.874939603408474e-06,4.921862704323991e-06,4.899472101503691e-06,4.900934245021313e-06,3.4062758939236962e-06,5.666970349299925e-07,4.686914797002921e-06,4.855641164125978e-06,4.920830985374125e-06,4.8302580140982386e-06,4.922255704820645e-06,4.934040233225877e-06,3.985758574417004e-06,4.003151851663392e-06,4.957809944969654e-06,4.942764955117054e-06,3.950678586239877e-06,4.925375966941149e-06,4.191600813491228e-06,4.745849153261008e-06,4.397461051290671e-06,4.176241290815626e-06,4.962450257300372e-06,4.966410446976744e-06,4.937762774941419e-06,4.886781050306605e-06,4.230255958655379e-06,4.9260348691568376e-06
r852,4.955288102449462e-06,4.9361812401129374e-06,4.913940031569714e-06,4.962289585171881e-06,4.9436919715518026e-06,4.937964047336344e-06,4.922583353332569e-06,4.936335295914315e-06,4.9406664267634985e-06,4.923740567184148e-06,4.9367566841499095e-06,4.619084560505345e-06,4.932441053161373e-06,4.529430118488858e-06,4.932243900582714e-06,4.542539512818081e-06,4.905136178850729e-06,4.8958924875462265e-06,4.213755923318763e-06,4.4104979707441206e-06,4.436076948172692e-06,4.844095066546822e-06,4.438262183965508e-06,4.248164678178227e-06,4.9202171623836374e-06,4.518128584451047e-06,4.928589665052278e-06,4.5933183602023175e-06,4.943165958209437e-06,3.717520777465418e-06,4.885184573664467e-06,4.9178303603473764e-06,4.93315833105953e-06,4.9143914154032925e-06,4.921132713266205e-06,4.9362143245922346e-06,4.9314931048058965e-06,4.917686902071035e-06,4.706148377044631e-06,4.924245764686044e-06,4.851828071217271e-06,4.937931746778597e-06,4.920851909627688e-06,4.74738963339751e-06,4.874939603408474e-06,4.921862704323991e-06,4.899472101503691e-06,4.900934245021313e-06,3.4062758939236962e-06,5.666970349299925e-07,4.686914797002921e-06,4.855641164125978e-06,4.920830985374125e-06,4.8302580140982386e-06,4.922255704820645e-06,4.934040233225877e-06,3.985758574417004e-06,4.003151851663392e-06,4.957809944969654e-06,4.942764955117054e-06,3.950678586239877e-06,4.925375966941149e-06,4.191600813491228e-06,4.745849153261008e-06,4.397461051290671e-06,4.176241290815626e-06,4.962450257300372e-06,4.966410446976744e-06,4.937762774941419e-06,4.886781050306605e-06,4.230255958655379e-06,4.9260348691568376e-06
r853,4.955288102449462e-06,4.9361812401129374e-06,4.913940031569714e-06,4.962289585171881e-06,4.9436919715518026e-06,4.937964047336344e-06,4.922583353332569e-06,4.936335295914315e-06,4.9406664267634985e-06,4.923740567184148e-06,4.9367566841499095e-06,4.619084560505345e-06,4.932441053161373e-06,4.529430118488858e-06,4.932243900582714e-06,4.542539512818081e-06,4.905136178850729e-06,4.8958924875462265e-06,4.213755923318763e-06,4.4104979707441206e-06,4.436076948172692e-06,4.844095066546822e-06,4.438262183965508e-06,4.248164678178227e-06,4.9202171623836374e-06,4.518128584451047e-06,4.928589665052278e-06,4.5933183602023175e-06,4.943165958209437e-06,3.717520777465418e-06,4.885184573664467e-06,4.9178303603473764e-06,4.93315833105953e-06,4.9143914154032925e-06,4.921132713266205e-06,4.9362143245922346e-06,4.9314931048058965e-06,4.917686902071035e-06,4.706148377044631e-06,4.924245764686044e-06,4.851828071217271e-06,4.937931746778597e-06,4.920851909627688e-06,4.74738963339751e-06,4.874939603408474e-06,4.921862704323991e-06,4.899472101503691e-06,4.900934245021313e-06,3.4062758939236962e-06,5.666970349299925e-07,4.686914797002921e-06,4.855641164125978e-06,4.920830985374125e-06,4.8302580140982386e-06,4.922255704820645e-06,4.934040233225877e-06,3.985758574417004e-06,4.003151851663392e-06,4.957809944969654e-06,4.942764955117054e-06,3.950678586239877e-06,4.925375966941149e-06,4.191600813491228e-06,4.745849153261008e-06,4.397461051290671e-06,4.176241290815626e-06,4.962450257300372e-06,4.966410446976744e-06,4.937762774941419e-06,4.886781050306605e-06,4.230255958655379e-06,4.9260348691568376e-06
r854,4.955288102449462e-06,4.9361812401129374e-06,4.913940031569714e-06,4.962289585171881e-06,4.9436919715518026e-06,4.937964047336344e-06,4.922583353332569e-06,4.936335295914315e-06,4.9406664267634985e-06,4.923740567184148e-06,4.9367566841499095e-06,4.619084560505345e-06,4.932441053161373e-06,4.529430118488858e-06,4.932243900582714e-06,4.542539512818081e-06,4.905136178850729e-06,4.8958924875462265e-06,4.213755923318763e-06,4.4104979707441206e-06,4.436076948172692e-06,4.844095066546822e-06,4.438262183965508e-06,4.248164678178227e-06,4.9202171623836374e-06,4.518128584451047e-06,4.928589665052278e-06,4.5933183602023175e-06,4.943165958209437e-06,3.717520777465418e-06,4.885184573664467e-06,4.9178303603473764e-06,4.93315833105953e-06,4.9143914154032925e-06,4.921132713266205e-06,4.9362143245922346e-06,4.9314931048058965e-06,4.917686902071035e-06,4.706148377044631e-06,4.924245764686044e-06,4.851828071217271e-06,4.937931746778597e-06,4.920851909627688e-06,4.74738963339751e-06,4.874939603408474e-06,4.921862704323991e-06,4.899472101503691e-06,4.900934245021313e-06,3.4062758939236962e-06,5.666970349299925e-07,4.686914797002921e-06,4.855641164125978e-06,4.920830985374125e-06,4.8302580140982386e-06,4.922255704820645e-06,4.934040233225877e-06,3.985758574417004e-06,4.003151851663392e-06,4.957809944969654e-06,4.942764955117054e-06,3.950678586239877e-06,4.925375966941149e-06,4.191600813491228e-06,4.745849153261008e-06,4.397461051290671e-06,4.176241290815626e-06,4.962450257300372e-06,4.966410446976744e-06,4.937762774941419e-06,4.886781050306605e-06,4.230255958655379e-06,4.9260348691568376e-06
r855,1.0323516880103047e-06,1.0283710916901953e-06,1.023737506577024e-06,1.033810330244142e-06,1.0299358274066255e-06,1.0287425098617382e-06,1.0255381986109518e-06,1.0284031866488155e-06,1.029305505575729e-06,1.0257792848300309e-06,1.0284909758645646e-06,9.623092834386136e-07,1.0275918860752859e-06,9.436312746851787e-07,1.0275508126213988e-06,9.463623985037668e-07,1.0219033705939019e-06,1.0199776015721307e-06,8.778658173580756e-07,9.188537439050253e-07,9.241826975359775e-07,1.0091864721972546e-06,9.246379549928143e-07,8.850343079537975e-07,1.025045242163258e-06,9.412767884273014e-07,1.026789513552558e-06,9.569413250421496e-07,1.0298262412936327e-06,7.744834953052955e-07,1.0177467861800975e-06,1.0245479917390365e-06,1.0277413189707356e-06,1.023831544875686e-06,1.0252359819304595e-06,1.0283779842900488e-06,1.0273943968345618e-06,1.0245181045981324e-06,9.804475785509648e-07,1.0258845343095927e-06,1.0107975148369317e-06,1.0287357805788746e-06,1.0251774811724353e-06,9.890395069578146e-07,1.0156124173767657e-06,1.0253880634008316e-06,1.0207233544799357e-06,1.0210279677127735e-06,7.096408112341035e-07,1.1806188227708176e-07,9.764405827089421e-07,1.0115919091929121e-06,1.0251731219529427e-06,1.0063037529371332e-06,1.0254699385043012e-06,1.0279250485887245e-06,8.303663696702094e-07,8.339899690965401e-07,1.0328770718686783e-06,1.0297426989827195e-06,8.230580387999744e-07,1.0261199931127395e-06,8.732501694773392e-07,9.887185735960434e-07,9.161377190188898e-07,8.700502689199222e-07,1.033843803604244e-06,1.034668843120155e-06,1.0287005781127955e-06,1.0180793854805427e-06,8.813033247198707e-07,1.0262572644076746e-06
r856,1.0323516880103047e-06,1.0283710916901953e-06,1.023737506577024e-06,1.033810330244142e-06,1.0299358274066255e-06,1.0287425098617382e-06,1.0255381986109518e-06,1.0284031866488155e-06,1.029305505575729e-06,1.0257792848300309e-06,1.0284909758645646e-06,9.623092834386136e-07,1.0275918860752859e-06,9.436312746851787e-07,1.0275508126213988e-06,9.463623985037668e-07,1.0219033705939019e-06,1.0199776015721307e-06,8.778658173580756e-07,9.188537439050253e-07,9.241826975359775e-07,1.0091864721972546e-06,9.246379549928143e-07,8.850343079537975e-07,1.025045242163258e-06,9.412767884273014e-07,1.026789513552558e-06,9.569413250421496e-07,1.0298262412936327e-06,7.744834953052955e-07,1.0177467861800975e-06,1.0245479917390365e-06,1.0277413189707356e-06,1.023831544875686e-06,1.0252359819304595e-06,1.0283779842900488e-06,1.0273943968345618e-06,1.0245181045981324e-06,9.804475785509648e-07,1.0258845343095927e-06,1.0107975148369317e-06,1.0287357805788746e-06,1.0251774811724353e-06,9.890395069578146e-07,1.0156124173767657e-06,1.0253880634008316e-06,1.0207233544799357e-06,1.0210279677127735e-06,7.096408112341035e-07,1.1806188227708176e-07,9.764405827089421e-07,1.0115919091929121e-06,1.0251731219529427e-06,1.0063037529371332e-06,1.0254699385043012e-06,1.0279250485887245e-06,8.303663696702094e-07,8.339899690965401e-07,1.0328770718686783e-06,1.0297426989827195e-06,8.230580387999744e-07,1.0261199931127395e-06,8.732501694773392e-07,9.887185735960434e-07,9.161377190188898e-07,8.700502689199222e-07,1.033843803604244e-06,1.034668843120155e-06,1.0287005781127955e-06,1.0180793854805427e-06,8.813033247198707e-07,1.0262572644076746e-06
r857,1.0323516880103047e-06,1.0283710916901953e-06,1.023737506577024e-06,1.033810330244142e-06,1.0299358274066255e-06,1.0287425098617382e-06,1.0255381986109518e-06,1.0284031866488155e-06,1.029305505575729e-06,1.0257792848300309e-06,1.0284909758645646e-06,9.623092834386136e-07,1.0275918860752859e-06,9.436312746851787e-07,1.0275508126213988e-06,9.463623985037668e-07,1.0219033705939019e-06,1.0199776015721307e-06,8.778658173580756e-07,9.188537439050253e-07,9.241826975359775e-07,1.0091864721972546e-06,9.246379549928143e-07,8.850343079537975e-07,1.025045242163258e-06,9.412767884273014e-07,1.026789513552558e-06,9.569413250421496e-07,1.0298262412936327e-06,7.744834953052955e-07,1.0177467861800975e-06,1.0245479917390365e-06,1.0277413189707356e-06,1.023831544875686e-06,1.0252359819304595e-06,1.0283779842900488e-06,1.0273943968345618e-06,1.0245181045981324e-06,9.804475785509648e-07,1.0258845343095927e-06,1.0107975148369317e-06,1.0287357805788746e-06,1.0251774811724353e-06,9.890395069578146e-07,1.0156124173767657e-06,1.0253880634008316e-06,1.0207233544799357e-06,1.0210279677127735e-06,7.096408112341035e-07,1.1806188227708176e-07,9.764405827089421e-07,1.0115919091929121e-06,1.0251731219529427e-06,1.0063037529371332e-06,1.0254699385043012e-06,1.0279250485887245e-06,8.303663696702094e-07,8.339899690965401e-07,1.0328770718686783e-06,1.0297426989827195e-06,8.230580387999744e-07,1.0261199931127395e-06,8.732501694773392e-07,9.887185735960434e-07,9.161377190188898e-07,8.700502689199222e-07,1.033843803604244e-06,1.034668843120155e-06,1.0287005781127955e-06,1.0180793854805427e-06,8.813033247198707e-07,1.0262572644076746e-06
r858,1.0323516880103047e-06,1.0283710916901953e-06,1.023737506577024e-06,1.033810330244142e-06,1.0299358274066255e-06,1.0287425098617382e-06,1.0255381986109518e-06,1.0284031866488155e-06,1.029305505575729e-06,1.0257792848300309e-06,1.0284909758645646e-06,9.623092834386136e-07,1.0275918860752859e-06,9.436312746851787e-07,1.0275508126213988e-06,9.463623985037668e-07,1.0219033705939019e-06,1.0199776015721307e-06,8.778658173580756e-07,9.188537439050253e-07,9.241826975359775e-07,1.0091864721972546e-06,9.246379549928143e-07,8.850343079537975e-07,1.025045242163258e-06,9.412767884273014e-07,1.026789513552558e-06,9.569413250421496e-07,1.0298262412936327e-06,7.744834953052955e-07,1.0177467861800975e-06,1.0245479917390365e-06,1.0277413189707356e-06,1.023831544875686e-06,1.0252359819304595e-06,1.0283779842900488e-06,1.0273943968345618e-06,1.0245181045981324e-06,9.804475785509648e-07,1.0258845343095927e-06,1.0107975148369317e-06,1.0287357805788746e-06,1.0251774811724353e-06,9.890395069578146e-07,1.0156124173767657e-06,1.0253880634008316e-06,1.0207233544799357e-06,1.0210279677127735e-06,7.096408112341035e-07,1.1806188227708176e-07,9.764405827089421e-07,1.0115919091929121e-06,1.0251731219529427e-06,1.0063037529371332e-06,1.0254699385043012e-06,1.0279250485887245e-06,8.303663696702094e-07,8.339899690965401e-07,1.0328770718686783e-06,1.0297426989827195e-06,8.230580387999744e-07,1.0261199931127395e-06,8.732501694773392e-07,9.887185735960434e-07,9.161377190188898e-07,8.700502689199222e-07,1.033843803604244e-06,1.034668843120155e-06,1.0287005781127955e-06,1.0180793854805427e-06,8.813033247198707e-07,1.0262572644076746e-06
r859,1.0323516880103047e-06,1.0283710916901953e-06,1.023737506577024e-06,1.033810330244142e-06,1.0299358274066255e-06,1.0287425098617382e-06,1.0255381986109518e-06,1.0284031866488155e-06,1.029305505575729e-06,1.0257792848300309e-06,1.0284909758645646e-06,9.623092834386136e-07,1.0275918860752859e-06,9.436312746851787e-07,1.0275508126213988e-06,9.463623985037668e-07,1.0219033705939019e-06,1.0199776015721307e-06,8.778658173580756e-07,9.188537439050253e-07,9.241826975359775e-07,1.0091864721972546e-06,9.246379549928143e-07,8.850343079537975e-07,1.025045242163258e-06,9.412767884273014e-07,1.026789513552558e-06,9.569413250421496e-07,1.0298262412936327e-06,7.744834953052955e-07,1.0177467861800975e-06,1.0245479917390365e-06,1.0277413189707356e-06,1.023831544875686e-06,1.0252359819304595e-06,1.0283779842900488e-06,1.0273943968345618e-06,1.0245181045981324e-06,9.804475785509648e-07,1.0258845343095927e-06,1.0107975148369317e-06,1.0287357805788746e-06,1.0251774811724353e-06,9.890395069578146e-07,1.0156124173767657e-06,1.0253880634008316e-06,1.0207233544799357e-06,1.0210279677127735e-06,7.096408112341035e-07,1.1806188227708176e-07,9.764405827089421e-07,1.0115919091929121e-06,1.0251731219529427e-06,1.0063037529371332e-06,1.0254699385043012e-06,1.0279250485887245e-06,8.303663696702094e-07,8.339899690965401e-07,1.0328770718686783e-06,1.0297426989827195e-06,8.230580387999744e-07,1.0261199931127395e-06,8.732501694773392e-07,9.887185735960434e-07,9.161377190188898e-07,8.700502689199222e-07,1.033843803604244e-06,1.034668843120155e-06,1.0287005781127955e-06,1.0180793854805427e-06,8.813033247198707e-07,1.0262572644076746e-06
r860,1.0323516880103047e-06,1.0283710916901953e-06,1.023737506577024e-06,1.033810330244142e-06,1.0299358274066255e-06,1.0287425098617382e-06,1.0255381986109518e-06,1.0284031866488155e-06,1.029305505575729e-06,1.0257792848300309e-06,1.0284909758645646e-06,9.623092834386136e-07,1.0275918860752859e-06,9.436312746851787e-07,1.0275508126213988e-06,9.463623985037668e-07,1.0219033705939019e-06,1.0199776015721307e-06,8.778658173580756e-07,9.188537439050253e-07,9.241826975359775e-07,1.0091864721972546e-06,9.246379549928143e-07,8.850343079537975e-07,1.025045242163258e-06,9.412767884273014e-07,1.026789513552558e-06,9.569413250421496e-07,1.0298262412936327e-06,7.744834953052955e-07,1.0177467861800975e-06,1.0245479917390365e-06,1.0277413189707356e-06,1.023831544875686e-06,1.0252359819304595e-06,1.0283779842900488e-06,1.0273943968345618e-06,1.0245181045981324e-06,9.804475785509648e-07,1.0258845343095927e-06,1.0107975148369317e-06,1.0287357805788746e-06,1.0251774811724353e-06,9.890395069578146e-07,1.0156124173767657e-06,1.0253880634008316e-06,1.0207233544799357e-06,1.0210279677127735e-06,7.096408112341035e-07,1.1806188227708176e-07,9.764405827089421e-07,1.0115919091929121e-06,1.0251731219529427e-06,1.0063037529371332e-06,1.0254699385043012e-06,1.0279250485887245e-06,8.303663696702094e-07,8.339899690965401e-07,1.0328770718686783e-06,1.0297426989827195e-06,8.230580387999744e-07,1.0261199931127395e-06,8.732501694773392e-07,9.887185735960434e-07,9.161377190188898e-07,8.700502689199222e-07,1.033843803604244e-06,1.034668843120155e-06,1.0287005781127955e-06,1.0180793854805427e-06,8.813033247198707e-07,1.0262572644076746e-06
r861,0.05463205132950532,0.05442139817224513,0.0541761888480561,0.05470924267652,0.054504203986358614,0.05444105362188318,0.054271481470491566,0.054423096637455315,0.054470847355067575,0.05428423975320522,0.05442774244275276,0.050925407279571434,0.054380162611104135,0.049936967056339654,0.054377989003924425,0.050081498128819346,0.054079126371829295,0.053977214675197144,0.04645665905458936,0.04862574012745394,0.048907748353603925,0.05340614810867872,0.04893184057821973,0.046836015576914955,0.05424539421527961,0.04981236764357279,0.05433770105720136,0.05064133492123055,0.05449840468925905,0.04098566657155624,0.05385915992465075,0.05421907972282982,0.0543880705999313,0.0541811653548213,0.054255488163759906,0.05442176292862938,0.054369711480485014,0.05421749809533317,0.051885285856917054,0.05428980955566364,0.053491404485170424,0.05444069750823402,0.054252392303645265,0.05233997070820755,0.05374620912757843,0.05426353631517201,0.0540166799190782,0.05403280005135998,0.03755419173050875,0.006247834810103167,0.0516732356369572,0.05353344383448891,0.05425216161374972,0.05325359460543308,0.0542678691456476,0.0543977935713153,0.04394298828294747,0.04413474916458889,0.05465985464329044,0.054493983630165506,0.04355623141329465,0.05430227003552617,0.046212398968740784,0.05232298691470262,0.04848200809047965,0.04604306023124228,0.05471101408673659,0.05475467517791861,0.05443883459372914,0.05387676107963032,0.04663857194417554,0.054309534432454135
r862,0.05463205132950532,0.05442139817224513,0.0541761888480561,0.05470924267652,0.054504203986358614,0.05444105362188318,0.054271481470491566,0.054423096637455315,0.054470847355067575,0.05428423975320522,0.05442774244275276,0.050925407279571434,0.054380162611104135,0.049936967056339654,0.054377989003924425,0.050081498128819346,0.054079126371829295,0.053977214675197144,0.04645665905458936,0.04862574012745394,0.048907748353603925,0.05340614810867872,0.04893184057821973,0.046836015576914955,0.05424539421527961,0.04981236764357279,0.05433770105720136,0.05064133492123055,0.05449840468925905,0.04098566657155624,0.05385915992465075,0.05421907972282982,0.0543880705999313,0.0541811653548213,0.054255488163759906,0.05442176292862938,0.054369711480485014,0.05421749809533317,0.051885285856917054,0.05428980955566364,0.053491404485170424,0.05444069750823402,0.054252392303645265,0.05233997070820755,0.05374620912757843,0.05426353631517201,0.0540166799190782,0.05403280005135998,0.03755419173050875,0.006247834810103167,0.0516732356369572,0.05353344383448891,0.05425216161374972,0.05325359460543308,0.0542678691456476,0.0543977935713153,0.04394298828294747,0.04413474916458889,0.05465985464329044,0.054493983630165506,0.04355623141329465,0.05430227003552617,0.046212398968740784,0.05232298691470262,0.04848200809047965,0.04604306023124228,0.05471101408673659,0.05475467517791861,0.05443883459372914,0.05387676107963032,0.04663857194417554,0.054309534432454135
r863,0.05463205132950532,0.05442139817224513,0.0541761888480561,0.05470924267652,0.054504203986358614,0.05444105362188318,0.054271481470491566,0.054423096637455315,0.054470847355067575,0.05428423975320522,0.05442774244275276,0.050925407279571434,0.054380162611104135,0.049936967056339654,0.054377989003924425,0.050081498128819346,0.054079126371829295,0.053977214675197144,0.04645665905458936,0.04862574012745394,0.048907748353603925,0.05340614810867872,0.04893184057821973,0.046836015576914955,0.05424539421527961,0.04981236764357279,0.05433770105720136,0.05064133492123055,0.05449840468925905,0.04098566657155624,0.05385915992465075,0.05421907972282982,0.0543880705999313,0.0541811653548213,0.054255488163759906,0.05442176292862938,0.054369711480485014,0.05421749809533317,0.051885285856917054,0.05428980955566364,0.053491404485170424,0.05444069750823402,0.054252392303645265,0.05233997070820755,0.05374620912757843,0.05426353631517201,0.0540166799190782,0.05403280005135998,0.03755419173050875,0.006247834810103167,0.0516732356369572,0.05353344383448891,0.05425216161374972,0.05325359460543308,0.0542678691456476,0.0543977935713153,0.04394298828294747,0.04413474916458889,0.05465985464329044,0.054493983630165506,0.04355623141329465,0.05430227003552617,0.046212398968740784,0.05232298691470262,0.04848200809047965,0.04604306023124228,0.05471101408673659,0.05475467517791861,0.05443883459372914,0.05387676107963032,0.04663857194417554,0.054309534432454135
r864,0.05463205132950532,0.05442139817224513,0.0541761888480561,0.05470924267652,0.054504203986358614,0.05444105362188318,0.054271481470491566,0.054423096637455315,0.054470847355067575,0.05428423975320522,0.05442774244275276,0.050925407279571434,0.054380162611104135,0.049936967056339654,0.054377989003924425,0.050081498128819346,0.054079126371829295,0.053977214675197144,0.04645665905458936,0.04862574012745394,0.048907748353603925,0.05340614810867872,0.04893184057821973,0.046836015576914955,0.05424539421527961,0.04981236764357279,0.05433770105720136,0.05064133492123055,0.05449840468925905,0.04098566657155624,0.05385915992465075,0.05421907972282982,0.0543880705999313,0.0541811653548213,0.054255488163759906,0.05442176292862938,0.054369711480485014,0.05421749809533317,0.051885285856917054,0.05428980955566364,0.053491404485170424,0.05444069750823402,0.054252392303645265,0.05233997070820755,0.05374620912757843,0.05426353631517201,0.0540166799190782,0.05403280005135998,0.03755419173050875,0.006247834810103167,0.0516732356369572,0.05353344383448891,0.05425216161374972,0.05325359460543308,0.0542678691456476,0.0543977935713153,0.04394298828294747,0.04413474916458889,0.05465985464329044,0.054493983630165506,0.04355623141329465,0.05430227003552617,0.046212398968740784,0.05232298691470262,0.04848200809047965,0.04604306023124228,0.05471101408673659,0.05475467517791861,0.05443883459372914,0.05387676107963032,0.04663857194417554,0.054309534432454135
r865,0.05463205132950532,0.05442139817224513,0.0541761888480561,0.05470924267652,0.054504203986358614,0.05444105362188318,0.054271481470491566,0.054423096637455315,0.054470847355067575,0.05428423975320522,0.05442774244275276,0.050925407279571434,0.054380162611104135,0.049936967056339654,0.054377989003924425,0.050081498128819346,0.054079126371829295,0.053977214675197144,0.04645665905458936,0.04862574012745394,0.048907748353603925,0.05340614810867872,0.04893184057821973,0.046836015576914955,0.05424539421527961,0.04981236764357279,0.05433770105720136,0.05064133492123055,0.05449840468925905,0.04098566657155624,0.05385915992465075,0.05421907972282982,0.0543880705999313,0.0541811653548213,0.054255488163759906,0.05442176292862938,0.054369711480485014,0.05421749809533317,0.051885285856917054,0.05428980955566364,0.053491404485170424,0.05444069750823402,0.054252392303645265,0.05233997070820755,0.05374620912757843,0.05426353631517201,0.0540166799190782,0.05403280005135998,0.03755419173050875,0.006247834810103167,0.0516732356369572,0.05353344383448891,0.05425216161374972,0.05325359460543308,0.0542678691456476,0.0543977935713153,0.04394298828294747,0.04413474916458889,0.05465985464329044,0.054493983630165506,0.04355623141329465,0.05430227003552617,0.046212398968740784,0.05232298691470262,0.04848200809047965,0.04604306023124228,0.05471101408673659,0.05475467517791861,0.05443883459372914,0.05387676107963032,0.04663857194417554,0.054309534432454135
r866,0.018210683776501774,0.018140466057415046,0.0180587296160187,0.01823641422550667,0.018168067995452872,0.01814701787396106,0.01809049382349719,0.018141032212485104,0.018156949118355862,0.01809474658440174,0.018142580814250922,0.01697513575985714,0.018126720870368044,0.016645655685446552,0.018125996334641476,0.016693832709606445,0.018026375457276433,0.017992404891732382,0.015485553018196452,0.016208580042484644,0.01630258278453464,0.017802049369559574,0.016310613526073246,0.015612005192304986,0.01808179807175987,0.016604122547857595,0.01811256701906712,0.016880444973743518,0.018166134896419685,0.01366188885718541,0.017953053308216917,0.018073026574276604,0.018129356866643773,0.0180603884516071,0.018085162721253305,0.018140587642876464,0.01812323716016167,0.018072499365111058,0.01729509528563902,0.018096603185221216,0.017830468161723477,0.018146899169411344,0.01808413076788176,0.017446656902735846,0.017915403042526146,0.01808784543839067,0.018005559973026067,0.018010933350453326,0.012518063910169583,0.0020826116033677224,0.017224411878985733,0.017844481278162967,0.018084053871249908,0.017751198201811026,0.01808928971521587,0.0181325978571051,0.014647662760982493,0.014711583054862967,0.018219951547763485,0.018164661210055173,0.01451874380443155,0.01810075667850872,0.015404132989580266,0.01744099563823421,0.016160669363493217,0.015347686743747428,0.018237004695578866,0.018251558392639533,0.01814627819790971,0.017958920359876774,0.015546190648058516,0.01810317814415138
r867,0.018210683776501774,0.018140466057415046,0.0180587296160187,0.01823641422550667,0.018168067995452872,0.01814701787396106,0.01809049382349719,0.018141032212485104,0.018156949118355862,0.01809474658440174,0.018142580814250922,0.01697513575985714,0.018126720870368044,0.016645655685446552,0.018125996334641476,0.016693832709606445,0.018026375457276433,0.017992404891732382,0.015485553018196452,0.016208580042484644,0.01630258278453464,0.017802049369559574,0.016310613526073246,0.015612005192304986,0.01808179807175987,0.016604122547857595,0.01811256701906712,0.016880444973743518,0.018166134896419685,0.01366188885718541,0.017953053308216917,0.018073026574276604,0.018129356866643773,0.0180603884516071,0.018085162721253305,0.018140587642876464,0.01812323716016167,0.018072499365111058,0.01729509528563902,0.018096603185221216,0.017830468161723477,0.018146899169411344,0.01808413076788176,0.017446656902735846,0.017915403042526146,0.01808784543839067,0.018005559973026067,0.018010933350453326,0.012518063910169583,0.0020826116033677224,0.017224411878985733,0.017844481278162967,0.018084053871249908,0.017751198201811026,0.01808928971521587,0.0181325978571051,0.014647662760982493,0.014711583054862967,0.018219951547763485,0.018164661210055173,0.01451874380443155,0.01810075667850872,0.015404132989580266,0.01744099563823421,0.016160669363493217,0.015347686743747428,0.018237004695578866,0.018251558392639533,0.01814627819790971,0.017958920359876774,0.015546190648058516,0.01810317814415138
r868,0.018210683776501774,0.018140466057415046,0.0180587296160187,0.01823641422550667,0.018168067995452872,0.01814701787396106,0.01809049382349719,0.018141032212485104,0.018156949118355862,0.01809474658440174,0.018142580814250922,0.01697513575985714,0.018126720870368044,0.016645655685446552,0.018125996334641476,0.016693832709606445,0.018026375457276433,0.017992404891732382,0.015485553018196452,0.016208580042484644,0.01630258278453464,0.017802049369559574,0.016310613526073246,0.015612005192304986,0.01808179807175987,0.016604122547857595,0.01811256701906712,0.016880444973743518,0.018166134896419685,0.01366188885718541,0.017953053308216917,0.018073026574276604,0.018129356866643773,0.0180603884516071,0.018085162721253305,0.018140587642876464,0.01812323716016167,0.018072499365111058,0.01729509528563902,0.018096603185221216,0.017830468161723477,0.018146899169411344,0.01808413076788176,0.017446656902735846,0.017915403042526146,0.01808784543839067,0.018005559973026067,0.018010933350453326,0.012518063910169583,0.0020826116033677224,0.017224411878985733,0.017844481278162967,0.018084053871249908,0.017751198201811026,0.01808928971521587,0.0181325978571051,0.014647662760982493,0.014711583054862967,0.018219951547763485,0.018164661210055173,0.01451874380443155,0.01810075667850872,0.015404132989580266,0.01744099563823421,0.016160669363493217,0.015347686743747428,0.018237004695578866,0.018251558392639533,0.01814627819790971,0.017958920359876774,0.015546190648058516,0.01810317814415138
r869,0.009105341888250887,0.009070233028707523,0.00902936480800935,0.009118207112753334,0.009084033997726436,0.00907350893698053,0.009045246911748595,0.009070516106242552,0.009078474559177931,0.00904737329220087,0.009071290407125461,0.00848756787992857,0.009063360435184022,0.008322827842723276,0.009062998167320738,0.008346916354803223,0.009013187728638216,0.008996202445866191,0.007742776509098226,0.008104290021242322,0.00815129139226732,0.008901024684779787,0.008155306763036623,0.007806002596152493,0.009040899035879934,0.008302061273928798,0.00905628350953356,0.008440222486871759,0.009083067448209843,0.006830944428592705,0.008976526654108459,0.009036513287138302,0.009064678433321887,0.00903019422580355,0.009042581360626653,0.009070293821438232,0.009061618580080835,0.009036249682555529,0.00864754764281951,0.009048301592610608,0.008915234080861738,0.009073449584705672,0.00904206538394088,0.008723328451367923,0.008957701521263073,0.009043922719195335,0.009002779986513033,0.009005466675226663,0.006259031955084792,0.0010413058016838612,0.008612205939492867,0.008922240639081484,0.009042026935624954,0.008875599100905513,0.009044644857607935,0.00906629892855255,0.007323831380491246,0.0073557915274314834,0.009109975773881743,0.009082330605027587,0.007259371902215775,0.00905037833925436,0.007702066494790133,0.008720497819117105,0.008080334681746609,0.007673843371873714,0.009118502347789433,0.009125779196319767,0.009073139098954856,0.008979460179938387,0.007773095324029258,0.00905158907207569
r870,0.009105341888250887,0.009070233028707523,0.00902936480800935,0.009118207112753334,0.009084033997726436,0.00907350893698053,0.009045246911748595,0.009070516106242552,0.009078474559177931,0.00904737329220087,0.009071290407125461,0.00848756787992857,0.009063360435184022,0.008322827842723276,0.009062998167320738,0.008346916354803223,0.009013187728638216,0.008996202445866191,0.007742776509098226,0.008104290021242322,0.00815129139226732,0.008901024684779787,0.008155306763036623,0.007806002596152493,0.009040899035879934,0.008302061273928798,0.00905628350953356,0.008440222486871759,0.009083067448209843,0.006830944428592705,0.008976526654108459,0.009036513287138302,0.009064678433321887,0.00903019422580355,0.009042581360626653,0.009070293821438232,0.009061618580080835,0.009036249682555529,0.00864754764281951,0.009048301592610608,0.008915234080861738,0.009073449584705672,0.00904206538394088,0.008723328451367923,0.008957701521263073,0.009043922719195335,0.009002779986513033,0.009005466675226663,0.006259031955084792,0.0010413058016838612,0.008612205939492867,0.008922240639081484,0.009042026935624954,0.008875599100905513,0.009044644857607935,0.00906629892855255,0.007323831380491246,0.0073557915274314834,0.009109975773881743,0.009082330605027587,0.007259371902215775,0.00905037833925436,0.007702066494790133,0.008720497819117105,0.008080334681746609,0.007673843371873714,0.009118502347789433,0.009125779196319767,0.009073139098954856,0.008979460179938387,0.007773095324029258,0.00905158907207569
r871,0.009105341888250887,0.009070233028707523,0.00902936480800935,0.009118207112753334,0.009084033997726436,0.00907350893698053,0.009045246911748595,0.009070516106242552,0.009078474559177931,0.00904737329220087,0.009071290407125461,0.00848756787992857,0.009063360435184022,0.008322827842723276,0.009062998167320738,0.008346916354803223,0.009013187728638216,0.008996202445866191,0.007742776509098226,0.008104290021242322,0.00815129139226732,0.008901024684779787,0.008155306763036623,0.007806002596152493,0.009040899035879934,0.008302061273928798,0.00905628350953356,0.008440222486871759,0.009083067448209843,0.006830944428592705,0.008976526654108459,0.009036513287138302,0.009064678433321887,0.00903019422580355,0.009042581360626653,0.009070293821438232,0.009061618580080835,0.009036249682555529,0.00864754764281951,0.009048301592610608,0.008915234080861738,0.009073449584705672,0.00904206538394088,0.008723328451367923,0.008957701521263073,0.009043922719195335,0.009002779986513033,0.009005466675226663,0.006259031955084792,0.0010413058016838612,0.008612205939492867,0.008922240639081484,0.009042026935624954,0.008875599100905513,0.009044644857607935,0.00906629892855255,0.007323831380491246,0.0073557915274314834,0.009109975773881743,0.009082330605027587,0.007259371902215775,0.00905037833925436,0.007702066494790133,0.008720497819117105,0.008080334681746609,0.007673843371873714,0.009118502347789433,0.009125779196319767,0.009073139098954856,0.008979460179938387,0.007773095324029258,0.00905158907207569
r872,0.009105341888250887,0.009070233028707523,0.00902936480800935,0.009118207112753334,0.009084033997726436,0.00907350893698053,0.009045246911748595,0.009070516106242552,0.009078474559177931,0.00904737329220087,0.009071290407125461,0.00848756787992857,0.009063360435184022,0.008322827842723276,0.009062998167320738,0.008346916354803223,0.009013187728638216,0.008996202445866191,0.007742776509098226,0.008104290021242322,0.00815129139226732,0.008901024684779787,0.008155306763036623,0.007806002596152493,0.009040899035879934,0.008302061273928798,0.00905628350953356,0.008440222486871759,0.009083067448209843,0.006830944428592705,0.008976526654108459,0.009036513287138302,0.009064678433321887,0.00903019422580355,0.009042581360626653,0.009070293821438232,0.009061618580080835,0.009036249682555529,0.00864754764281951,0.009048301592610608,0.008915234080861738,0.009073449584705672,0.00904206538394088,0.008723328451367923,0.008957701521263073,0.009043922719195335,0.009002779986513033,0.009005466675226663,0.006259031955084792,0.0010413058016838612,0.008612205939492867,0.008922240639081484,0.009042026935624954,0.008875599100905513,0.009044644857607935,0.00906629892855255,0.007323831380491246,0.0073557915274314834,0.009109975773881743,0.009082330605027587,0.007259371902215775,0.00905037833925436,0.007702066494790133,0.008720497819117105,0.008080334681746609,0.007673843371873714,0.009118502347789433,0.009125779196319767,0.009073139098954856,0.008979460179938387,0.007773095324029258,0.00905158907207569
r873,0.009105341888250887,0.009070233028707523,0.00902936480800935,0.009118207112753334,0.009084033997726436,0.00907350893698053,0.009045246911748595,0.009070516106242552,0.009078474559177931,0.00904737329220087,0.009071290407125461,0.00848756787992857,0.009063360435184022,0.008322827842723276,0.009062998167320738,0.008346916354803223,0.009013187728638216,0.008996202445866191,0.007742776509098226,0.008104290021242322,0.00815129139226732,0.008901024684779787,0.008155306763036623,0.007806002596152493,0.009040899035879934,0.008302061273928798,0.00905628350953356,0.008440222486871759,0.009083067448209843,0.006830944428592705,0.008976526654108459,0.009036513287138302,0.009064678433321887,0.00903019422580355,0.009042581360626653,0.009070293821438232,0.009061618580080835,0.009036249682555529,0.00864754764281951,0.009048301592610608,0.008915234080861738,0.009073449584705672,0.00904206538394088,0.008723328451367923,0.008957701521263073,0.009043922719195335,0.009002779986513033,0.009005466675226663,0.006259031955084792,0.0010413058016838612,0.008612205939492867,0.008922240639081484,0.009042026935624954,0.008875599100905513,0.009044644857607935,0.00906629892855255,0.007323831380491246,0.0073557915274314834,0.009109975773881743,0.009082330605027587,0.007259371902215775,0.00905037833925436,0.007702066494790133,0.008720497819117105,0.008080334681746609,0.007673843371873714,0.009118502347789433,0.009125779196319767,0.009073139098954856,0.008979460179938387,0.007773095324029258,0.00905158907207569
r874,0.009105341888250887,0.009070233028707523,0.00902936480800935,0.009118207112753334,0.009084033997726436,0.00907350893698053,0.009045246911748595,0.009070516106242552,0.009078474559177931,0.00904737329220087,0.009071290407125461,0.00848756787992857,0.009063360435184022,0.008322827842723276,0.009062998167320738,0.008346916354803223,0.009013187728638216,0.008996202445866191,0.007742776509098226,0.008104290021242322,0.00815129139226732,0.008901024684779787,0.008155306763036623,0.007806002596152493,0.009040899035879934,0.008302061273928798,0.00905628350953356,0.008440222486871759,0.009083067448209843,0.006830944428592705,0.008976526654108459,0.009036513287138302,0.009064678433321887,0.00903019422580355,0.009042581360626653,0.009070293821438232,0.009061618580080835,0.009036249682555529,0.00864754764281951,0.009048301592610608,0.008915234080861738,0.009073449584705672,0.00904206538394088,0.008723328451367923,0.008957701521263073,0.009043922719195335,0.009002779986513033,0.009005466675226663,0.006259031955084792,0.0010413058016838612,0.008612205939492867,0.008922240639081484,0.009042026935624954,0.008875599100905513,0.009044644857607935,0.00906629892855255,0.007323831380491246,0.0073557915274314834,0.009109975773881743,0.009082330605027587,0.007259371902215775,0.00905037833925436,0.007702066494790133,0.008720497819117105,0.008080334681746609,0.007673843371873714,0.009118502347789433,0.009125779196319767,0.009073139098954856,0.008979460179938387,0.007773095324029258,0.00905158907207569
r875,0.009105341888250887,0.009070233028707523,0.00902936480800935,0.009118207112753334,0.009084033997726436,0.00907350893698053,0.009045246911748595,0.009070516106242552,0.009078474559177931,0.00904737329220087,0.009071290407125461,0.00848756787992857,0.009063360435184022,0.008322827842723276,0.009062998167320738,0.008346916354803223,0.009013187728638216,0.008996202445866191,0.007742776509098226,0.008104290021242322,0.00815129139226732,0.008901024684779787,0.008155306763036623,0.007806002596152493,0.009040899035879934,0.008302061273928798,0.00905628350953356,0.008440222486871759,0.009083067448209843,0.006830944428592705,0.008976526654108459,0.009036513287138302,0.009064678433321887,0.00903019422580355,0.009042581360626653,0.009070293821438232,0.009061618580080835,0.009036249682555529,0.00864754764281951,0.009048301592610608,0.008915234080861738,0.009073449584705672,0.00904206538394088,0.008723328451367923,0.008957701521263073,0.009043922719195335,0.009002779986513033,0.009005466675226663,0.006259031955084792,0.0010413058016838612,0.008612205939492867,0.008922240639081484,0.009042026935624954,0.008875599100905513,0.009044644857607935,0.00906629892855255,0.007323831380491246,0.0073557915274314834,0.009109975773881743,0.009082330605027587,0.007259371902215775,0.00905037833925436,0.007702066494790133,0.008720497819117105,0.008080334681746609,0.007673843371873714,0.009118502347789433,0.009125779196319767,0.009073139098954856,0.008979460179938387,0.007773095324029258,0.00905158907207569
r876,0.009105341888250887,0.009070233028707523,0.00902936480800935,0.009118207112753334,0.009084033997726436,0.00907350893698053,0.009045246911748595,0.009070516106242552,0.009078474559177931,0.00904737329220087,0.009071290407125461,0.00848756787992857,0.009063360435184022,0.008322827842723276,0.009062998167320738,0.008346916354803223,0.009013187728638216,0.008996202445866191,0.007742776509098226,0.008104290021242322,0.00815129139226732,0.008901024684779787,0.008155306763036623,0.007806002596152493,0.009040899035879934,0.008302061273928798,0.00905628350953356,0.008440222486871759,0.009083067448209843,0.006830944428592705,0.008976526654108459,0.009036513287138302,0.009064678433321887,0.00903019422580355,0.009042581360626653,0.009070293821438232,0.009061618580080835,0.009036249682555529,0.00864754764281951,0.009048301592610608,0.008915234080861738,0.009073449584705672,0.00904206538394088,0.008723328451367923,0.008957701521263073,0.009043922719195335,0.009002779986513033,0.009005466675226663,0.006259031955084792,0.0010413058016838612,0.008612205939492867,0.008922240639081484,0.009042026935624954,0.008875599100905513,0.009044644857607935,0.00906629892855255,0.007323831380491246,0.0073557915274314834,0.009109975773881743,0.009082330605027587,0.007259371902215775,0.00905037833925436,0.007702066494790133,0.008720497819117105,0.008080334681746609,0.007673843371873714,0.009118502347789433,0.009125779196319767,0.009073139098954856,0.008979460179938387,0.007773095324029258,0.00905158907207569
r877,0.009105341888250887,0.009070233028707523,0.00902936480800935,0.009118207112753334,0.009084033997726436,0.00907350893698053,0.009045246911748595,0.009070516106242552,0.009078474559177931,0.00904737329220087,0.009071290407125461,0.00848756787992857,0.009063360435184022,0.008322827842723276,0.009062998167320738,0.008346916354803223,0.009013187728638216,0.008996202445866191,0.007742776509098226,0.008104290021242322,0.00815129139226732,0.008901024684779787,0.008155306763036623,0.007806002596152493,0.009040899035879934,0.008302061273928798,0.00905628350953356,0.008440222486871759,0.009083067448209843,0.006830944428592705,0.008976526654108459,0.009036513287138302,0.009064678433321887,0.00903019422580355,0.009042581360626653,0.009070293821438232,0.009061618580080835,0.009036249682555529,0.00864754764281951,0.009048301592610608,0.008915234080861738,0.009073449584705672,0.00904206538394088,0.008723328451367923,0.008957701521263073,0.009043922719195335,0.009002779986513033,0.009005466675226663,0.006259031955084792,0.0010413058016838612,0.008612205939492867,0.008922240639081484,0.009042026935624954,0.008875599100905513,0.009044644857607935,0.00906629892855255,0.007323831380491246,0.0073557915274314834,0.009109975773881743,0.009082330605027587,0.007259371902215775,0.00905037833925436,0.007702066494790133,0.008720497819117105,0.008080334681746609,0.007673843371873714,0.009118502347789433,0.009125779196319767,0.009073139098954856,0.008979460179938387,0.007773095324029258,0.00905158907207569
r879,0.009105341888250887,0.009070233028707523,0.00902936480800935,0.009118207112753334,0.009084033997726436,0.00907350893698053,0.009045246911748595,0.009070516106242552,0.009078474559177931,0.00904737329220087,0.009071290407125461,0.00848756787992857,0.009063360435184022,0.008322827842723276,0.009062998167320738,0.008346916354803223,0.009013187728638216,0.008996202445866191,0.007742776509098226,0.008104290021242322,0.00815129139226732,0.008901024684779787,0.008155306763036623,0.007806002596152493,0.009040899035879934,0.008302061273928798,0.00905628350953356,0.008440222486871759,0.009083067448209843,0.006830944428592705,0.008976526654108459,0.009036513287138302,0.009064678433321887,0.00903019422580355,0.009042581360626653,0.009070293821438232,0.009061618580080835,0.009036249682555529,0.00864754764281951,0.009048301592610608,0.008915234080861738,0.009073449584705672,0.00904206538394088,0.008723328451367923,0.008957701521263073,0.009043922719195335,0.009002779986513033,0.009005466675226663,0.006259031955084792,0.0010413058016838612,0.008612205939492867,0.008922240639081484,0.009042026935624954,0.008875599100905513,0.009044644857607935,0.00906629892855255,0.007323831380491246,0.0073557915274314834,0.009109975773881743,0.009082330605027587,0.007259371902215775,0.00905037833925436,0.007702066494790133,0.008720497819117105,0.008080334681746609,0.007673843371873714,0.009118502347789433,0.009125779196319767,0.009073139098954856,0.008979460179938387,0.007773095324029258,0.00905158907207569
r880,0.009105341888250887,0.009070233028707523,0.00902936480800935,0.009118207112753334,0.009084033997726436,0.00907350893698053,0.009045246911748595,0.009070516106242552,0.009078474559177931,0.00904737329220087,0.009071290407125461,0.00848756787992857,0.009063360435184022,0.008322827842723276,0.009062998167320738,0.008346916354803223,0.009013187728638216,0.008996202445866191,0.007742776509098226,0.008104290021242322,0.00815129139226732,0.008901024684779787,0.008155306763036623,0.007806002596152493,0.009040899035879934,0.008302061273928798,0.00905628350953356,0.008440222486871759,0.009083067448209843,0.006830944428592705,0.008976526654108459,0.009036513287138302,0.009064678433321887,0.00903019422580355,0.009042581360626653,0.009070293821438232,0.009061618580080835,0.009036249682555529,0.00864754764281951,0.009048301592610608,0.008915234080861738,0.009073449584705672,0.00904206538394088,0.008723328451367923,0.008957701521263073,0.009043922719195335,0.009002779986513033,0.009005466675226663,0.006259031955084792,0.0010413058016838612,0.008612205939492867,0.008922240639081484,0.009042026935624954,0.008875599100905513,0.009044644857607935,0.00906629892855255,0.007323831380491246,0.0073557915274314834,0.009109975773881743,0.009082330605027587,0.007259371902215775,0.00905037833925436,0.007702066494790133,0.008720497819117105,0.008080334681746609,0.007673843371873714,0.009118502347789433,0.009125779196319767,0.009073139098954856,0.008979460179938387,0.007773095324029258,0.00905158907207569
r881,0.009105341888250887,0.009070233028707523,0.00902936480800935,0.009118207112753334,0.009084033997726436,0.00907350893698053,0.009045246911748595,0.009070516106242552,0.009078474559177931,0.00904737329220087,0.009071290407125461,0.00848756787992857,0.009063360435184022,0.008322827842723276,0.009062998167320738,0.008346916354803223,0.009013187728638216,0.008996202445866191,0.007742776509098226,0.008104290021242322,0.00815129139226732,0.008901024684779787,0.008155306763036623,0.007806002596152493,0.009040899035879934,0.008302061273928798,0.00905628350953356,0.008440222486871759,0.009083067448209843,0.006830944428592705,0.008976526654108459,0.009036513287138302,0.009064678433321887,0.00903019422580355,0.009042581360626653,0.009070293821438232,0.009061618580080835,0.009036249682555529,0.00864754764281951,0.009048301592610608,0.008915234080861738,0.009073449584705672,0.00904206538394088,0.008723328451367923,0.008957701521263073,0.009043922719195335,0.009002779986513033,0.009005466675226663,0.006259031955084792,0.0010413058016838612,0.008612205939492867,0.008922240639081484,0.009042026935624954,0.008875599100905513,0.009044644857607935,0.00906629892855255,0.007323831380491246,0.0073557915274314834,0.009109975773881743,0.009082330605027587,0.007259371902215775,0.00905037833925436,0.007702066494790133,0.008720497819117105,0.008080334681746609,0.007673843371873714,0.009118502347789433,0.009125779196319767,0.009073139098954856,0.008979460179938387,0.007773095324029258,0.00905158907207569
r882,0.009105341888250887,0.009070233028707523,0.00902936480800935,0.009118207112753334,0.009084033997726436,0.00907350893698053,0.009045246911748595,0.009070516106242552,0.009078474559177931,0.00904737329220087,0.009071290407125461,0.00848756787992857,0.009063360435184022,0.008322827842723276,0.009062998167320738,0.008346916354803223,0.009013187728638216,0.008996202445866191,0.007742776509098226,0.008104290021242322,0.00815129139226732,0.008901024684779787,0.008155306763036623,0.007806002596152493,0.009040899035879934,0.008302061273928798,0.00905628350953356,0.008440222486871759,0.009083067448209843,0.006830944428592705,0.008976526654108459,0.009036513287138302,0.009064678433321887,0.00903019422580355,0.009042581360626653,0.009070293821438232,0.009061618580080835,0.009036249682555529,0.00864754764281951,0.009048301592610608,0.008915234080861738,0.009073449584705672,0.00904206538394088,0.008723328451367923,0.008957701521263073,0.009043922719195335,0.009002779986513033,0.009005466675226663,0.006259031955084792,0.0010413058016838612,0.008612205939492867,0.008922240639081484,0.009042026935624954,0.008875599100905513,0.009044644857607935,0.00906629892855255,0.007323831380491246,0.0073557915274314834,0.009109975773881743,0.009082330605027587,0.007259371902215775,0.00905037833925436,0.007702066494790133,0.008720497819117105,0.008080334681746609,0.007673843371873714,0.009118502347789433,0.009125779196319767,0.009073139098954856,0.008979460179938387,0.007773095324029258,0.00905158907207569
r883,0.009105341888250887,0.009070233028707523,0.00902936480800935,0.009118207112753334,0.009084033997726436,0.00907350893698053,0.009045246911748595,0.009070516106242552,0.009078474559177931,0.00904737329220087,0.009071290407125461,0.00848756787992857,0.009063360435184022,0.008322827842723276,0.009062998167320738,0.008346916354803223,0.009013187728638216,0.008996202445866191,0.007742776509098226,0.008104290021242322,0.00815129139226732,0.008901024684779787,0.008155306763036623,0.007806002596152493,0.009040899035879934,0.008302061273928798,0.00905628350953356,0.008440222486871759,0.009083067448209843,0.006830944428592705,0.008976526654108459,0.009036513287138302,0.009064678433321887,0.00903019422580355,0.009042581360626653,0.009070293821438232,0.009061618580080835,0.009036249682555529,0.00864754764281951,0.009048301592610608,0.008915234080861738,0.009073449584705672,0.00904206538394088,0.008723328451367923,0.008957701521263073,0.009043922719195335,0.009002779986513033,0.009005466675226663,0.006259031955084792,0.0010413058016838612,0.008612205939492867,0.008922240639081484,0.009042026935624954,0.008875599100905513,0.009044644857607935,0.00906629892855255,0.007323831380491246,0.0073557915274314834,0.009109975773881743,0.009082330605027587,0.007259371902215775,0.00905037833925436,0.007702066494790133,0.008720497819117105,0.008080334681746609,0.007673843371873714,0.009118502347789433,0.009125779196319767,0.009073139098954856,0.008979460179938387,0.007773095324029258,0.00905158907207569
r884,0.0020725492488494874,0.0020645578036772357,0.0020552554182040332,0.0020754776189981393,0.0020676991671015415,0.002065303462798426,0.002058870487531347,0.002064622237516162,0.002066433732993833,0.00205935449222477,0.0020647984831456997,0.0019319321174313606,0.002062993470484744,0.0018944341470579647,0.0020629110114187203,0.0018999171512361624,0.0020515732068043173,0.002047707032916209,0.001762403414928072,0.0018446907762637284,0.0018553891835732285,0.0020260427615832084,0.001856303158443574,0.0017767948766480436,0.0020578808281669562,0.0018897072804466503,0.002061382627408115,0.0019211554041546192,0.002067479162021097,0.0015548530651749112,0.002043228447935163,0.00205688254821529,0.0020632934719656483,0.0020554442094924273,0.002058263757323591,0.002064571641260702,0.0020625969910850663,0.0020568225467912107,0.0019683465586989167,0.0020595657910799383,0.0020292770907866238,0.002065289953090148,0.0020581463112017808,0.0019855957141685083,0.0020389434891255947,0.0020585690760835094,0.002049204206453919,0.002049815747980164,0.0014246748926335859,0.00023702103485946933,0.001960302113846472,0.00203087191689569,0.0020581375596327276,0.002020255414396588,0.0020587334485412346,0.0020636623275467228,0.0016670435237499124,0.0016743182619582137,0.002073604009483558,0.0020673114424777077,0.0016523713186948287,0.0020600384981731357,0.0017531370402427066,0.0019849514083514173,0.0018392380847023235,0.0017467129198836357,0.00207554482011588,0.002077201169448023,0.0020652192806192484,0.002043896174290737,0.0017693045547076123,0.0020603140840248476
r885,0.0020725492488494874,0.0020645578036772357,0.0020552554182040332,0.0020754776189981393,0.0020676991671015415,0.002065303462798426,0.002058870487531347,0.002064622237516162,0.002066433732993833,0.00205935449222477,0.0020647984831456997,0.0019319321174313606,0.002062993470484744,0.0018944341470579647,0.0020629110114187203,0.0018999171512361624,0.0020515732068043173,0.002047707032916209,0.001762403414928072,0.0018446907762637284,0.0018553891835732285,0.0020260427615832084,0.001856303158443574,0.0017767948766480436,0.0020578808281669562,0.0018897072804466503,0.002061382627408115,0.0019211554041546192,0.002067479162021097,0.0015548530651749112,0.002043228447935163,0.00205688254821529,0.0020632934719656483,0.0020554442094924273,0.002058263757323591,0.002064571641260702,0.0020625969910850663,0.0020568225467912107,0.0019683465586989167,0.0020595657910799383,0.0020292770907866238,0.002065289953090148,0.0020581463112017808,0.0019855957141685083,0.0020389434891255947,0.0020585690760835094,0.002049204206453919,0.002049815747980164,0.0014246748926335859,0.00023702103485946933,0.001960302113846472,0.00203087191689569,0.0020581375596327276,0.002020255414396588,0.0020587334485412346,0.0020636623275467228,0.0016670435237499124,0.0016743182619582137,0.002073604009483558,0.0020673114424777077,0.0016523713186948287,0.0020600384981731357,0.0017531370402427066,0.0019849514083514173,0.0018392380847023235,0.0017467129198836357,0.00207554482011588,0.002077201169448023,0.0020652192806192484,0.002043896174290737,0.0017693045547076123,0.0020603140840248476
r886,0.0020725492488494874,0.0020645578036772357,0.0020552554182040332,0.0020754776189981393,0.0020676991671015415,0.002065303462798426,0.002058870487531347,0.002064622237516162,0.002066433732993833,0.00205935449222477,0.0020647984831456997,0.0019319321174313606,0.002062993470484744,0.0018944341470579647,0.0020629110114187203,0.0018999171512361624,0.0020515732068043173,0.002047707032916209,0.001762403414928072,0.0018446907762637284,0.0018553891835732285,0.0020260427615832084,0.001856303158443574,0.0017767948766480436,0.0020578808281669562,0.0018897072804466503,0.002061382627408115,0.0019211554041546192,0.002067479162021097,0.0015548530651749112,0.002043228447935163,0.00205688254821529,0.0020632934719656483,0.0020554442094924273,0.002058263757323591,0.002064571641260702,0.0020625969910850663,0.0020568225467912107,0.0019683465586989167,0.0020595657910799383,0.0020292770907866238,0.002065289953090148,0.0020581463112017808,0.0019855957141685083,0.0020389434891255947,0.0020585690760835094,0.002049204206453919,0.002049815747980164,0.0014246748926335859,0.00023702103485946933,0.001960302113846472,0.00203087191689569,0.0020581375596327276,0.002020255414396588,0.0020587334485412346,0.0020636623275467228,0.0016670435237499124,0.0016743182619582137,0.002073604009483558,0.0020673114424777077,0.0016523713186948287,0.0020600384981731357,0.0017531370402427066,0.0019849514083514173,0.0018392380847023235,0.0017467129198836357,0.00207554482011588,0.002077201169448023,0.0020652192806192484,0.002043896174290737,0.0017693045547076123,0.0020603140840248476
r887,0.0020725492488494874,0.0020645578036772357,0.0020552554182040332,0.0020754776189981393,0.0020676991671015415,0.002065303462798426,0.002058870487531347,0.002064622237516162,0.002066433732993833,0.00205935449222477,0.0020647984831456997,0.0019319321174313606,0.002062993470484744,0.0018944341470579647,0.0020629110114187203,0.0018999171512361624,0.0020515732068043173,0.002047707032916209,0.001762403414928072,0.0018446907762637284,0.0018553891835732285,0.0020260427615832084,0.001856303158443574,0.0017767948766480436,0.0020578808281669562,0.0018897072804466503,0.002061382627408115,0.0019211554041546192,0.002067479162021097,0.0015548530651749112,0.002043228447935163,0.00205688254821529,0.0020632934719656483,0.0020554442094924273,0.002058263757323591,0.002064571641260702,0.0020625969910850663,0.0020568225467912107,0.0019683465586989167,0.0020595657910799383,0.0020292770907866238,0.002065289953090148,0.0020581463112017808,0.0019855957141685083,0.0020389434891255947,0.0020585690760835094,0.002049204206453919,0.002049815747980164,0.0014246748926335859,0.00023702103485946933,0.001960302113846472,0.00203087191689569,0.0020581375596327276,0.002020255414396588,0.0020587334485412346,0.0020636623275467228,0.0016670435237499124,0.0016743182619582137,0.002073604009483558,0.0020673114424777077,0.0016523713186948287,0.0020600384981731357,0.0017531370402427066,0.0019849514083514173,0.0018392380847023235,0.0017467129198836357,0.00207554482011588,0.002077201169448023,0.0020652192806192484,0.002043896174290737,0.0017693045547076123,0.0020603140840248476
r889,0.0020725492488494874,0.0020645578036772357,0.0020552554182040332,0.0020754776189981393,0.0020676991671015415,0.002065303462798426,0.002058870487531347,0.002064622237516162,0.002066433732993833,0.00205935449222477,0.0020647984831456997,0.0019319321174313606,0.002062993470484744,0.0018944341470579647,0.0020629110114187203,0.0018999171512361624,0.0020515732068043173,0.002047707032916209,0.001762403414928072,0.0018446907762637284,0.0018553891835732285,0.0020260427615832084,0.001856303158443574,0.0017767948766480436,0.0020578808281669562,0.0018897072804466503,0.002061382627408115,0.0019211554041546192,0.002067479162021097,0.0015548530651749112,0.002043228447935163,0.00205688254821529,0.0020632934719656483,0.0020554442094924273,0.002058263757323591,0.002064571641260702,0.0020625969910850663,0.0020568225467912107,0.0019683465586989167,0.0020595657910799383,0.0020292770907866238,0.002065289953090148,0.0020581463112017808,0.0019855957141685083,0.0020389434891255947,0.0020585690760835094,0.002049204206453919,0.002049815747980164,0.0014246748926335859,0.00023702103485946933,0.001960302113846472,0.00203087191689569,0.0020581375596327276,0.002020255414396588,0.0020587334485412346,0.0020636623275467228,0.0016670435237499124,0.0016743182619582137,0.002073604009483558,0.0020673114424777077,0.0016523713186948287,0.0020600384981731357,0.0017531370402427066,0.0019849514083514173,0.0018392380847023235,0.0017467129198836357,0.00207554482011588,0.002077201169448023,0.0020652192806192484,0.002043896174290737,0.0017693045547076123,0.0020603140840248476
r890,0.011957936072560958,0.011911828029265869,0.01185815628618298,0.011974831817283944,0.011929952676016426,0.011916130240230485,0.011879014062150377,0.011912199791590559,0.011922651532184782,0.011881806612043211,0.011913216671634426,0.011146620891926149,0.011902802334787249,0.010930269780933363,0.011902326572756186,0.010961904934348832,0.011836911122263281,0.011814604554530301,0.01016849533562206,0.010643266686400688,0.010704993022098734,0.01168960874475524,0.010710266360272766,0.010251529395890425,0.011873304049025446,0.010902997295711116,0.011893508293381988,0.011084442756228226,0.011928683318152406,0.008970997222820298,0.011788764573681302,0.011867544297911608,0.011904533245901823,0.011859245550604044,0.0118755134258969,0.011911907867628491,0.011900514777414094,0.011867198109181085,0.011356720391871534,0.011883025737814874,0.011708269773859145,0.011916052293601216,0.01187483579991655,0.011456242416993756,0.011764041752958549,0.011877275015984508,0.01182324275961199,0.011826771155610595,0.008219911444686865,0.0013675343947918933,0.011310306557634216,0.011717471402563337,0.011874785306205326,0.0116562176310214,0.011878223391683021,0.011906661422812914,0.009618299733163969,0.009660272610039043,0.011964021698869272,0.011927715630856634,0.009533645875027865,0.011885753104223483,0.010115031363089914,0.011452524981677691,0.010611806426939605,0.010077966274953241,0.01197521954590868,0.011984776143629378,0.011915644536396132,0.01179261713789822,0.010208312670895205,0.011887343145086975
r956,0.001840063648709567,0.001832968633828604,0.001824709731722887,0.0018426635326271583,0.0018357576187695691,0.001833630649577562,0.0018279192852041603,0.0018330258398828487,0.0018346341331381792,0.0018283489972810468,0.0018331823153809998,0.001715220066800985,0.0018315797777405894,0.0016819283839988623,0.0018315065684163811,0.001686796339093114,0.0018214405677465706,0.001818008077042165,0.0015647080328590336,0.0016377649131363169,0.001647263240088126,0.0017987739680443864,0.0016480746909791919,0.0015774851504968483,0.0018270406396317907,0.001677731747692822,0.0018301496289560792,0.001705652217755127,0.001835562292481771,0.0013804393820321583,0.0018140318716874054,0.0018261543404756585,0.0018318461269334386,0.0018248773455864225,0.001827380614192851,0.0018329809191985828,0.001831227772917923,0.0018261010696357114,0.0017475497640092393,0.0018285365939534177,0.001801645490445347,0.0018336186553037856,0.0018272763424417482,0.0017628640172016085,0.001810227572732347,0.0018276516842056418,0.0018193373070250374,0.0018198802496512472,0.0012648637819436656,0.00021043349897067052,0.001740407694620418,0.001803061418945446,0.0018272685725689247,0.001793635809235146,0.0018277976183900663,0.0018321736066045423,0.001480045017300181,0.001486503720917673,0.0018410000928987319,0.0018354133866667992,0.0014670186483570745,0.0018289562757241465,0.0015564811020764094,0.001762291985577588,0.0016329238703792692,0.0015507775993228693,0.0018427231955442046,0.001844193745977364,0.0018335559104282466,0.001814624696680519,0.0015708350459806974,0.001829200948080239
r891,0.010117872423851391,0.010078859395437265,0.010033446554460094,0.010132168284656786,0.010094195057246857,0.010082499590652924,0.010051094776946216,0.010079173951707711,0.010088017399046603,0.010053457614762165,0.010080034356253426,0.009431400825125164,0.01007122255704666,0.0092483413969345,0.010070820004339806,0.009275108595255717,0.010015470554516712,0.009996596477488136,0.008603787302763026,0.009005501773264372,0.009057729782010608,0.009890834776710855,0.009062191669293573,0.008674044245393576,0.010046263409393656,0.009225265548018294,0.010063358664425908,0.009378790538473097,0.010093121025670634,0.007590557840788139,0.009974732701993897,0.01004138995743595,0.010072687118968384,0.010034368205017623,0.010048132811704049,0.01007892694842991,0.01006928700449617,0.010041097039545374,0.009609170627862295,0.010054489143861456,0.009906624283413799,0.01008243363829743,0.0100475594574748,0.009693378399792148,0.009953814180226204,0.010049623331778867,0.010003905452586954,0.01000689090595935,0.006955047662743201,0.0011571008958212229,0.0095698988630138,0.009914409983617893,0.010047516733636401,0.009862581821786254,0.010050425773292954,0.01007448781620837,0.008138254715863788,0.00817376888912137,0.010123021605970539,0.010092302244189836,0.00806662722667079,0.010056796828499335,0.008558550261013508,0.009690232996100103,0.008978882556560337,0.008527188675630373,0.010132496350364475,0.010140582397652014,0.010082088625967886,0.009977992441217701,0.008637477624914507,0.010058142197006735
r892,0.010117872423851391,0.010078859395437265,0.010033446554460094,0.010132168284656786,0.010094195057246857,0.010082499590652924,0.010051094776946216,0.010079173951707711,0.010088017399046603,0.010053457614762165,0.010080034356253426,0.009431400825125164,0.01007122255704666,0.0092483413969345,0.010070820004339806,0.009275108595255717,0.010015470554516712,0.009996596477488136,0.008603787302763026,0.009005501773264372,0.009057729782010608,0.009890834776710855,0.009062191669293573,0.008674044245393576,0.010046263409393656,0.009225265548018294,0.010063358664425908,0.009378790538473097,0.010093121025670634,0.007590557840788139,0.009974732701993897,0.01004138995743595,0.010072687118968384,0.010034368205017623,0.010048132811704049,0.01007892694842991,0.01006928700449617,0.010041097039545374,0.009609170627862295,0.010054489143861456,0.009906624283413799,0.01008243363829743,0.0100475594574748,0.009693378399792148,0.009953814180226204,0.010049623331778867,0.010003905452586954,0.01000689090595935,0.006955047662743201,0.0011571008958212229,0.0095698988630138,0.009914409983617893,0.010047516733636401,0.009862581821786254,0.010050425773292954,0.01007448781620837,0.008138254715863788,0.00817376888912137,0.010123021605970539,0.010092302244189836,0.00806662722667079,0.010056796828499335,0.008558550261013508,0.009690232996100103,0.008978882556560337,0.008527188675630373,0.010132496350364475,0.010140582397652014,0.010082088625967886,0.009977992441217701,0.008637477624914507,0.010058142197006735
r893,0.00208184041404158,0.0020738131435024476,0.0020644690557632263,0.0020847819119703364,0.002076968589548201,0.0020745621453871813,0.0020681003313188454,0.0020738778661960017,0.0020756974825440148,0.0020685865057882397,0.002074054901928481,0.0019405929009823082,0.0020722417974594217,0.0019029268285301315,0.002072158968732313,0.0019084344128226965,0.0020607703371396625,0.0020568868313303582,0.001770304207284295,0.0018529604599588738,0.0018637068278510522,0.002035125439832984,0.0018646249000385093,0.0017847601854196278,0.002067106235346426,0.0018981787715424958,0.002070623733030088,0.0019297678760799982,0.00207674759819274,0.0015618234166326587,0.002052388169010784,0.002066103480140941,0.002072543143836385,0.002064658693396308,0.002067490881160965,0.0020738270431193122,0.0020718435406565775,0.0020660432097325938,0.0019771705869058753,0.0020687987518887246,0.0020383742684201562,0.002074548575115358,0.0020673729085323327,0.0019944970697311284,0.0020480840008819854,0.0020677975686541165,0.0020583907166442385,0.002059004999689579,0.0014310616599346928,0.00023808359179996306,0.0019690900790908525,0.002039976244078426,0.002067364117730304,0.002029312148173022,0.0020679626779877736,0.0020729136529840215,0.0016745168210769443,0.0016818241716800829,0.0020828999031303765,0.002076579126768552,0.0016597788410440285,0.00206927357811115,0.0017609962917680025,0.0019938498755137815,0.0018474833241734932,0.0017545433723039148,0.0020848494143483184,0.0020865131890361044,0.0020744775858222634,0.002053058888760062,0.001777236284630091,0.0020695503994045167
r896,0.007827703439169331,0.0077975209656317365,0.007762387269869625,0.007838763448043181,0.007809385417727998,0.007800337206775644,0.00777604083714768,0.007797764322445978,0.007804606065477408,0.007777868849295225,0.007798429975395475,0.007296613910744943,0.007791612716977247,0.007154989777172899,0.007791301281620493,0.007175698250414962,0.007748480117191201,0.0077338781661605216,0.006656329773535872,0.006967116627785464,0.007007522885796795,0.007652055506788464,0.007010974829937515,0.006710684136628872,0.0077723030441786845,0.007137137120571169,0.007785528807560915,0.007255911902999593,0.007808554491984841,0.005872443654802872,0.007716963231531969,0.007768532692562071,0.007792745776963704,0.007763100305865401,0.0077737493093895165,0.007797573228080865,0.007790115274558381,0.007768306076304879,0.0074341457196048346,0.007778666892949055,0.007664271076499549,0.007800286182661257,0.007773305733241873,0.007499293157556932,0.007700779593517586,0.007774902451930463,0.007739532763008664,0.007741842462385334,0.005380780487101466,0.0008951924161777448,0.0074037630743322815,0.007670294492264335,0.007773272679895993,0.0076301975762705174,0.007775523261715013,0.007794138888419145,0.006296169961387395,0.006323645541677606,0.007831687109737064,0.007807921040766572,0.006240755273396926,0.007780452235778034,0.006621332085044978,0.007496859712434641,0.00694652264068883,0.006597069159058418,0.00783901725644882,0.007845273036074263,0.00780001926348246,0.007719485132467666,0.0066823943293559465,0.007781493081644751
r897,0.0016226503832145968,0.0016163936819186488,0.001609110612837766,0.001624943077077742,0.001618853133517734,0.00161697747700068,0.0016119409405766939,0.001616444128774608,0.0016178623936639303,0.001612319879895842,0.0016165821158639227,0.0015125577317088126,0.001615168926533134,0.0014831996375501639,0.0016151043672783146,0.0014874924179682208,0.0016062277178994948,0.0016032007941510747,0.001379829491723423,0.0014442543146699184,0.0014526303639870492,0.0015862392969996449,0.0014533459376577054,0.0013910969252417785,0.0016111661116322087,0.0014794988560500322,0.0016139077574019104,0.0015041203747012506,0.0016186808860653317,0.0012173331579208634,0.001599694398517877,0.0016103845334154176,0.0016154038051582021,0.001609258422235603,0.001611465916398296,0.0016164045157070984,0.001614858512944564,0.0016103375568073445,0.0015410675039664063,0.0016124853110278177,0.0015887715338206887,0.0016169668999138748,0.0016113739649068334,0.0015545722970362924,0.0015963395976327998,0.0016117049580534268,0.001604372968571563,0.0016048517596509374,0.0011154134270977636,0.00018556966656311708,0.001534769307901915,0.0015900201628694186,0.0016113671130856353,0.0015817082388665858,0.00161183364934106,0.0016156925913717569,0.001305169859847635,0.0013108654334259414,0.0016234761815631885,0.0016185495742610384,0.0012936826253857998,0.0016128554051746033,0.0013725746163844818,0.001554067853978261,0.0014399852667538909,0.0013675450126883336,0.0016249956905051506,0.0016262924876162593,0.001616911568677692,0.0016002171780983166,0.0013852325657946925,0.0016130711681959827
r898,0.0025548639574879016,0.0025450127777148952,0.0025335455812768187,0.0025584738052882024,0.002548885185665917,0.0025459319634058295,0.0025380019339223832,0.0025450922063184884,0.002547325265198814,0.00253859857409736,0.0025453094670696242,0.0023815230146538805,0.0025430843996591176,0.0023352986785908805,0.0025429827510754376,0.0023420576638171226,0.002529006461545788,0.002524240568370708,0.002172542324797765,0.0022739792454161563,0.0022871673398620366,0.0024975346813937657,0.0022882940110162168,0.002190282905324058,0.0025367819653056302,0.0023294717959998854,0.00254109868813987,0.0023682383912143113,0.0025486139819534824,0.0019166917541815452,0.0025187197464385047,0.0025355513699557674,0.0025434542161887758,0.0025337783072583472,0.0025372540080815013,0.0025450298355210125,0.0025425956532861738,0.0025354774052594583,0.002426411667397927,0.0025388590455093798,0.0025015216897184387,0.002545915309776598,0.0025371092304055424,0.002447674971819199,0.0025134376105240192,0.0025376303793043773,0.002526086157666945,0.0025268400144955717,0.0017562190796421586,0.0002921795462593219,0.0024164951540880894,0.002503487656870618,0.0025370984422091424,0.0024904005277688163,0.002537833003810444,0.002543908910247375,0.002054990691659834,0.0020639583755201175,0.002556164177460605,0.0025484072314424337,0.002036904034422177,0.002539441758955407,0.0021611195194225193,0.0024468807259354886,0.002267257627027949,0.002153200405523023,0.0025585566451597833,0.0025605984529537594,0.002545828190713546,0.0025195428631872466,0.002181049468016735,0.0025397814779561127
r899,0.009991512577236177,0.009952986773814454,0.009908141083653154,0.010005629900234904,0.009968130911972283,0.009956581507443102,0.009925568901437807,0.009953297401663052,0.009962030405163592,0.009927902230299636,0.009954147060806653,0.009313614168830751,0.009945445310192787,0.00913284092891317,0.009945047784874036,0.009159273837678766,0.00989038958195573,0.009871751219055707,0.008496336526719623,0.008893034075010135,0.008944609819833626,0.009767310352512515,0.008949015983601968,0.008565716046099112,0.009920797871753977,0.009110053269114179,0.009937679627966024,0.009261660920288167,0.009967070293735268,0.00749576106096399,0.009850160495365452,0.00991598528324709,0.009946891581526366,0.00990905122392484,0.009922643927515762,0.009953053483152808,0.009943533930323132,0.009915696023542517,0.009489163844248298,0.00992892087686105,0.009782902667598872,0.009956516378753997,0.00992207773378084,0.009572319964139675,0.009829503220338412,0.0099241158328169,0.0098789689139994,0.009881917082710702,0.0068681876274496335,0.0011426501214305078,0.009450382535691202,0.009790591133932231,0.009922035543509882,0.009739410242424808,0.009924908252819772,0.009948669790263412,0.008036617872216583,0.00807168851690345,0.009996597452375213,0.009966261737833403,0.00796588492272331,0.009931199741341518,0.008451664440268953,0.00956921384269061,0.008866747299750441,0.008420694522715806,0.010005953868805411,0.010013938931253206,0.009956175675207443,0.00985337952443564,0.008529606097967225,0.009932528307842116
r902,0.08496112081935527,0.08503054754421098,0.0857900469213505,0.11897052259424504,0.12219976691968346,0.12462603697854609,0.1699167966866725,0.16001501626035086,0.15543673806423217,0.24580681828396994,0.2122298740476237,0.18051226794593792,0.32742666737883963,0.1879402877283112,0.42352435682241346,0.12751240400831987,0.15443906395215679,0.14280999237532946,0.07609266411101773,0.14735862879324577,0.12702352134709186,0.18196198667884053,0.10393237828415432,0.10463853524165365,0.19955920439528424,0.11432714651712832,0.19568882839824425,0.14206261673087828,0.2392819774451669,0.007495761060962825,0.17977216480399485,0.16798762626015318,0.18622271729172776,0.1758925288257263,0.15347751985714772,0.14908197729334574,0.1979221256365519,0.20813476229280595,0.20879088844314728,0.2179695558871011,0.21628235942191298,0.1953899870670935,0.2168053650862801,0.2000338644623173,0.18729212993060523,0.2101556467565311,0.25210677117129854,0.22392078446246189,0.00686818762744883,0.005357707486267506,0.3211328725284848,0.3392320558241693,0.20452873686812106,0.20705926757226867,0.39049282433595106,0.17993983597733096,0.064574417123007,0.07853088211436324,0.4425311098350158,0.3154715297934871,0.08286556762349456,0.486955642689085,0.14759650276966071,0.41038255300924187,0.3329535690077898,0.24132380401187475,0.1275096262034521,0.15364132646868775,0.17171531475868015,0.24418454361499195,0.07470638639021034,0.2194975559833616
r903r,0.08496112081935527,0.08503054754421098,0.0857900469213505,0.11897052259424504,0.12219976691968346,0.12462603697854609,0.1699167966866725,0.16001501626035086,0.15543673806423217,0.24580681828396994,0.2122298740476237,0.18051226794593792,0.327426667378839,0.1879402877283112,0.42352435682241346,0.12751240400831987,0.15443906395215679,0.14280999237532946,0.07609266411101773,0.1473586287932451,0.12702352134709186,0.18196198667884053,0.10393237828415432,0.10463853524165365,0.19955920439528424,0.11432714651712832,0.19568882839824425,0.14206261673087828,0.23928197744516638,0.007495761060962825,0.17977216480399485,0.16798762626015318,0.18622271729172776,0.1758925288257263,0.15347751985714772,0.14908197729334574,0.1979221256365519,0.20813476229280595,0.20879088844314728,0.2179695558871011,0.21628235942191298,0.1953899870670935,0.21680536508627962,0.2000338644623173,0.18729212993060523,0.2101556467565311,0.25210677117129854,0.22392078446246136,0.00686818762744883,0.005357707486267506,0.3211328725284848,0.3392320558241693,0.20452873686812106,0.20705926757226867,0.39049282433595106,0.17993983597733096,0.064574417123007,0.07853088211436324,0.4425311098350158,0.3154715297934871,0.08286556762349456,0.486955642689085,0.14759650276966071,0.41038255300924187,0.3329535690077898,0.24132380401187475,0.1275096262034521,0.15364132646868775,0.17171531475868015,0.24418454361499195,0.07470638639021034,0.2194975559833616
r904r,0.08496112081935527,0.08503054754421098,0.0857900469213505,0.11897052259424504,0.12219976691968346,0.12462603697854609,0.1699167966866725,0.16001501626035086,0.15543673806423217,0.24580681828396994,0.2122298740476237,0.18051226794593792,0.32742666737883963,0.1879402877283112,0.42352435682241346,0.12751240400831987,0.15443906395215679,0.14280999237532946,0.07609266411101773,0.14735862879324577,0.12702352134709186,0.18196198667884053,0.10393237828415432,0.10463853524165365,0.19955920439528424,0.11432714651712832,0.19568882839824425,0.14206261673087828,0.2392819774451669,0.007495761060962825,0.17977216480399485,0.16798762626015318,0.18622271729172776,0.1758925288257263,0.15347751985714772,0.14908197729334574,0.1979221256365519,0.20813476229280595,0.20879088844314728,0.2179695558871011,0.21628235942191298,0.1953899870670935,0.2168053650862801,0.2000338644623173,0.18729212993060523,0.2101556467565311,0.25210677117129854,0.22392078446246189,0.00686818762744883,0.005357707486267506,0.3211328725284848,0.3392320558241693,0.20452873686812106,0.20705926757226867,0.39049282433595106,0.17993983597733096,0.064574417123007,0.07853088211436324,0.4425311098350158,0.3154715297934871,0.08286556762349456,0.486955642689085,0.14759650276966071,0.41038255300924187,0.3329535690077898,0.24132380401187475,0.1275096262034521,0.15364132646868775,0.17171531475868015,0.24418454361499195,0.07470638639021034,0.2194975559833616
r908,0.2742294951379837,0.2720605846879863,0.27086851700621545,1.0684143724779789,1.120570365436817,1.1988573520288854,2.400743851507781,2.113356009757253,1.9800271895113641,4.552438413094018,3.6206191483682972,4.437598057097293,5.354032383115122,5.004994382660937,5.885215549451175,2.3006955493366323,2.159568368931832,1.777158525093651,3.5243330776631026,4.656955428409199,4.03512255284838,3.358753440290228,2.96977580970985,4.537338541581901,3.3911184915040993,3.1923059483665446,3.259789602951491,3.632546357335588,4.436217477596873,2.06947968178572,2.944293368879304,2.611251126065013,3.1014635440657004,2.880306657899438,2.1601523403334926,2.0357820363658563,3.3065831517809885,3.630163465128078,3.490708823380153,3.89027205127928,3.7772062278663596,3.2373119857539705,3.8555332004621126,4.320077910702565,3.1865730148937272,3.745258018178463,4.684077465667422,4.208585059338637,5.116296629191193,0.9064200530897079,6.1298421455576,5.058458676409226,3.752096270498678,4.245975035180594,5.470575683145411,2.9018822201930385,4.994049275281493,5.160625027200391,5.762574118120894,4.9248365072483455,5.323856416660177,5.924670427493653,5.746781436769199,6.103306458325029,6.7543009099817,6.773479966206441,1.3602037726513427,2.0325883619743133,2.5758169821543144,4.76066302188061,3.4089415285239473,3.981793287001683
PROTEINpolym,0.05430169878934202,0.05409231942290427,0.053848592845951455,0.054378423370841866,0.0541746245215885,0.054111856018727436,0.05394330924693607,0.05409400761772771,0.05414146959328334,0.053955990382059615,0.054098625330476095,0.05061746830887108,0.05405133320756003,0.04963500504844039,0.05404917274388558,0.04977866216129814,0.053752117293239234,0.05365082184269406,0.04617574199303477,0.04833170692940432,0.04861200989039241,0.053083208437575594,0.048635956432622036,0.04655280459836974,0.05391737973778737,0.049511159071276054,0.054009128412864545,0.050335113697217056,0.05416886029204508,0.04073783185305854,0.053533480953073115,0.05389122436547333,0.054059193377860686,0.05385353926046108,0.05392741264954217,0.05409268197365657,0.05404094527349796,0.05388965230186176,0.051571542631780744,0.053961526504684575,0.05316794928042261,0.0541115020584488,0.05392433550967009,0.052023478065981045,0.05342121315401787,0.05393541213488374,0.05369004844564462,0.053706071101691885,0.03732710667091383,0.006210055007774501,0.05136077465049035,0.053209734423547164,0.053924106214724786,0.052931577404493196,0.05393971876532623,0.0540688575557669,0.043677271044653014,0.043867872374478006,0.054329333980292466,0.05416446596649105,0.04329285284087866,0.05397391163773008,0.04593295891450805,0.05200659697115189,0.04818884402039361,0.04576464414518791,0.05438018406958323,0.05442358114812015,0.05410965040873305,0.053550975676276535,0.04635655488026519,0.05398113210784368
RNApolym,0.003745371924101385,0.0037309303206520283,0.003714119673861442,0.0037506638781257466,0.003736607181831237,0.003732277825778386,0.0037206525845605333,0.003731046761161903,0.003734320374228744,0.0037215272453633512,0.003731365260436641,0.00349125808031529,0.0037281033626811373,0.0034234942645578284,0.0037279543481904347,0.003433402781771666,0.0037074654285146756,0.0037004787385036897,0.0031848971853750976,0.003333601382887431,0.003352934826660526,0.00366132852113164,0.00335458650071393,0.0032109044692563765,0.0037188641385682993,0.0034149521884142492,0.00372519235516868,0.003471783127252918,0.0037362096034133,0.0028098261209676123,0.0036923853402613927,0.0037170601140292243,0.0037286455052258282,0.0037144608448089885,0.003719556142443707,0.003730955327004297,0.00372738687171579,0.0037169516834820245,0.0035570638149828994,0.003721909090475202,0.0036671733838283876,0.003732253411940156,0.0037193439016935947,0.0035882353312429506,0.0036846418502429054,0.0037201078940182165,0.003703184330053207,0.0037042894668619423,0.0025745768631573267,0.0004283285089012526,0.0035425264340680413,0.003670055446551884,0.0037193280864452755,0.003650870015655919,0.003720404936893604,0.003729312076279892,0.0030125691891635196,0.0030257156078822467,0.0037472780167395647,0.003735906511909306,0.002986054564766307,0.0037227633350130182,0.0031681516148637867,0.0035870709850064453,0.0033237476446005324,0.0031565423756414776,0.003750785319476197,0.0037537785628399215,0.003732125697393222,0.0036935920105234084,0.0031973684620836902,0.003723261355271043
DNApolym,0.0005037876237490286,0.0005018450927448152,0.0004995839032095877,0.0005044994411591413,0.0005026086837744332,0.0005020263448125282,0.0005004626409221445,0.0005018607550846219,0.0005023010867209557,0.0005005802909970549,0.0005019035962219075,0.00046960693031804343,0.0005014648404047395,0.0004604920620463672,0.0005014447965592425,0.00046182485046983816,0.0004986888448498241,0.0004977490695671997,0.00042839851887074083,0.00044840062702565227,0.000451001156397557,0.0004924829984322602,0.00045122332203649334,0.00043189674228145307,0.0005002220781756698,0.00045934307275252305,0.0005010732826136482,0.0004669873666205689,0.0005025552057512928,0.00037794794570898416,0.0004966604316558875,0.0004999794199686498,0.0005015377636577189,0.0004996297938993348,0.0005003151591820643,0.0005018484563335437,0.0005013684656552661,0.0004999648350438886,0.0004784584183328707,0.0005006316527430812,0.0004932691872404226,0.0005020230609224907,0.0005002866108121483,0.0004826512793954134,0.0004956188596798616,0.0005003893749396057,0.0004981129969862085,0.0004982616482438335,0.0003463047158822424,5.761419855121589e-05,0.0004765030043619636,0.000493656851686141,0.000500284483513036,0.0004910762314333209,0.0005004293299900989,0.0005016274237112974,0.0004052187883990622,0.0004069871049191116,0.0005040440110719149,0.0005025144371035671,0.0004016523229343875,0.0005007465566390168,0.00042614608270494155,0.00048249466391486924,0.0004470752068812183,0.00042458453123292195,0.0005045157761588711,0.0005049183954426355,0.0005020058821190442,0.0004968227401145048,0.00043007602246329684,0.0005008135450309451
Cellwall,0.07845872828878314,0.07815620296845484,0.07780405049985381,0.07856958509855479,0.07827512288290353,0.0781844307494921,0.07794090309443233,0.07815864218530999,0.07822721842375538,0.07795922564708233,0.07816531416570692,0.07313550554133463,0.07809698334172173,0.07171597687607359,0.07809386175922631,0.07192354228628628,0.07766465616513656,0.07751829771948192,0.06671780211921374,0.0698328845367819,0.07023788501273429,0.07669817188699135,0.07027248457945388,0.0672626074044886,0.0779034384044076,0.07153703592047489,0.07803600302999439,0.07272754070320335,0.0782667943383161,0.05886074564320245,0.07734875574968739,0.07786564737216677,0.07810834024177588,0.07781119741055213,0.07791793462671494,0.0781567268060437,0.07808197415942669,0.07786337594945808,0.07451401596987332,0.07796722460752904,0.0768206111276068,0.07818391932399446,0.07791348856910507,0.07516700252879388,0.07718654372063417,0.07792949281846318,0.07757497494047512,0.07759812554617078,0.053932701653791854,0.008972703053058213,0.07420948428587959,0.07688098509866131,0.07791315726842364,0.07647908522322211,0.07793571532632687,0.07812230369274305,0.0631078440949359,0.06338323765133705,0.07849865746201955,0.07826044512268669,0.06255241094879806,0.07798511947656818,0.06636701288027778,0.0751426115932993,0.06962646664543563,0.06612382043791408,0.07857212907392255,0.07863483207713177,0.07818124393657246,0.07737403329652123,0.06697905267871017,0.07799555209498327
Lipidsassemb,0.2064703376020609,0.20567421833803906,0.20474750131540478,0.20676206604882838,0.2059871654813251,0.20574850197234765,0.20510763972219037,0.2056806373297631,0.20586110111514577,0.20515585696600613,0.20569819517291293,0.1924618566877227,0.20551837721505717,0.18872625493703574,0.20551016252427973,0.18927247970075337,0.2043806741187804,0.20399552031442608,0.1755731634716151,0.18377074878100502,0.18483653950719547,0.20183729443945092,0.18492759099856285,0.17700686159075948,0.20500904843265155,0.18825535768546026,0.20535790271051158,0.19138826500842987,0.20596524825872656,0.15489669906105907,0.20354935723601944,0.2049095983478073,0.2055482637941471,0.20476630897513717,0.2050471963860919,0.20567559685800976,0.20547887936691234,0.2049036209196265,0.19608951571019292,0.20517690686191853,0.2021595029673863,0.2057471561157749,0.20503549623448702,0.19780790139156287,0.2031224834753531,0.20507761268016628,0.20414467089598712,0.2042055935425547,0.14192816224682067,0.02361237645541635,0.19528811654178838,0.2023183818385824,0.20503462439058853,0.2012607505874266,0.20509398770086018,0.20558500971774488,0.1660732739340419,0.166797993819308,0.2065754143737356,0.2059485397965439,0.1646116077599949,0.20522399862254787,0.17465003389546785,0.1977437147192087,0.18322754380377798,0.17401005378398443,0.20676876072084882,0.20693376862403098,0.2057401156225591,0.2036158770961085,0.1762606649439741,0.2052514528815349
Pool,0.2064703376020609,0.20567421833803906,0.20474750131540478,0.20676206604882838,0.2059871654813251,0.20574850197234765,0.20510763972219037,0.2056806373297631,0.20586110111514577,0.20515585696600613,0.20569819517291293,0.1924618566877227,0.20551837721505717,0.18872625493703574,0.20551016252427973,0.18927247970075337,0.2043806741187804,0.20399552031442608,0.1755731634716151,0.18377074878100502,0.18483653950719547,0.20183729443945092,0.18492759099856285,0.17700686159075948,0.20500904843265155,0.18825535768546026,0.20535790271051158,0.19138826500842987,0.20596524825872656,0.15489669906105907,0.20354935723601944,0.2049095983478073,0.2055482637941471,0.20476630897513717,0.2050471963860919,0.20567559685800976,0.20547887936691234,0.2049036209196265,0.19608951571019292,0.20517690686191853,0.2021595029673863,0.2057471561157749,0.20503549623448702,0.19780790139156287,0.2031224834753531,0.20507761268016628,0.20414467089598712,0.2042055935425547,0.14192816224682067,0.02361237645541635,0.19528811654178838,0.2023183818385824,0.20503462439058853,0.2012607505874266,0.20509398770086018,0.20558500971774488,0.1660732739340419,0.166797993819308,0.2065754143737356,0.2059485397965439,0.1646116077599949,0.20522399862254787,0.17465003389546785,0.1977437147192087,0.18322754380377798,0.17401005378398443,0.20676876072084882,0.20693376862403098,0.2057401156225591,0.2036158770961085,0.1762606649439741,0.2052514528815349
GROWTH,0.2064703376020609,0.20567421833803906,0.20474750131540478,0.20676206604882838,0.2059871654813251,0.20574850197234765,0.20510763972219037,0.2056806373297631,0.20586110111514577,0.20515585696600613,0.20569819517291293,0.1924618566877227,0.20551837721505717,0.18872625493703574,0.20551016252427973,0.18927247970075337,0.2043806741187804,0.20399552031442608,0.1755731634716151,0.18377074878100502,0.18483653950719547,0.20183729443945092,0.18492759099856285,0.17700686159075948,0.20500904843265155,0.18825535768546026,0.20535790271051158,0.19138826500842987,0.20596524825872656,0.15489669906105907,0.20354935723601944,0.2049095983478073,0.2055482637941471,0.20476630897513717,0.2050471963860919,0.20567559685800976,0.20547887936691234,0.2049036209196265,0.19608951571019292,0.20517690686191853,0.2021595029673863,0.2057471561157749,0.20503549623448702,0.19780790139156287,0.2031224834753531,0.20507761268016628,0.20414467089598712,0.2042055935425547,0.14192816224682067,0.02361237645541635,0.19528811654178838,0.2023183818385824,0.20503462439058853,0.2012607505874266,0.20509398770086018,0.20558500971774488,0.1660732739340419,0.166797993819308,0.2065754143737356,0.2059485397965439,0.1646116077599949,0.20522399862254787,0.17465003389546785,0.1977437147192087,0.18322754380377798,0.17401005378398443,0.20676876072084882,0.20693376862403098,0.2057401156225591,0.2036158770961085,0.1762606649439741,0.2052514528815349
r1092r,9.099407518518406,9.09941787163957,9.09581461287387,11.117829669469527,11.159728072481343,11.21509903893517,12.392495780933292,12.113200121126525,11.9985129269888,14.745417591818162,13.626559315294454,12.520716588928494,15.68027628489948,12.658084479157157,16.241824541796934,10.079860902211303,12.0872412805076,11.736205280103311,8.59948076536578,11.435862319731433,10.788351128058297,12.678187412791003,9.36779712670446,10.20271995317847,13.399842045768473,10.287231498649028,13.285232891739296,11.33337288049749,14.618874118021857,3.7000753086968623,12.930877075851855,12.58271304918039,13.043100835996837,12.808490841051183,12.14856002328962,12.035808048790756,13.329434676599336,13.63103824093052,13.392349218766995,13.911096702936035,13.785919675312158,13.23524101182612,13.887301197394656,13.234899094552416,13.194098089285731,13.780142635030746,14.952930359073774,14.367902597785866,6.216836691262033,1.0992869056335395,15.02409437619258,15.33237956422047,13.82286788971459,13.772539024367475,15.873357061188733,12.984902758253627,8.992559093571549,9.359876481536347,16.185052710780813,15.153377360710389,9.290329733613245,16.549988734794034,11.24890930818144,15.21935244444548,13.986849866988926,12.490829304426214,11.34672391016892,12.098798407054447,12.597180132296325,14.764608986416356,8.67699732320811,14.059638282721732
r1093r,7.086355036825757,7.0698493967326055,7.060707498335634,8.399914024406193,8.432418197334155,8.466111646929042,9.289531850733228,9.103993077107152,9.02112862837927,10.903644963051974,10.160528078466866,9.372125646519123,11.508110036689324,9.483209438814812,11.874465939111966,7.610659600034835,9.00475677569996,8.765868295940102,6.717510028974787,8.63172542175174,8.183320576640293,9.441628749685181,7.18433920859624,7.76472172109298,9.930276967549805,7.799138390056765,9.85665339094726,8.534803797537691,10.794538421345374,3.5174546355995795,9.536015031494621,9.319907154459138,9.67028830566875,9.471493450212638,9.02260562455138,8.95051129870072,9.896585662554127,10.095753263879915,9.86146197927943,10.303384169105133,10.18786923903473,9.843385798246432,10.2792432823968,9.830313009957008,9.70378941171356,10.178342663902296,10.945081128415957,10.52161646564012,5.500401059121271,0.9851003526795484,10.980355234543014,11.15119969607715,10.132240291638107,10.104583085535394,11.541494317943165,9.604122466911427,7.052010804086703,7.3107466044259795,11.78131792310334,11.140078181977021,7.340100386013524,11.980763497578202,8.630907621767138,11.180385859791814,10.453509077122858,9.692229672126768,8.54005714247583,9.043451863819902,9.378554034975705,10.850634135198295,6.656702574032859,10.379786693718758
r1094,8.227071443702634,8.219600797400544,8.217353289137263,9.622540660290468,9.662590618316987,9.707780335155604,10.6938858475741,10.467459471757698,10.371106307584101,12.625743349646276,11.72878236099069,10.687029498067488,13.328955167171044,10.778549672991161,13.713168827136885,8.707640509220928,10.377174075234805,10.089904568870162,7.400230961102627,9.725360564132897,9.195171068039885,10.858400889569753,8.066811309168374,8.63848252610677,11.477372203505768,8.798451660606744,11.38722926256139,9.679604324240083,12.493916299689904,3.419120571242321,11.035206923106848,10.75337750042028,11.157640509344935,10.936946192761681,10.398645352581667,10.307420954358578,11.430666849761844,11.673237745123934,11.481952554516907,11.91033485400496,11.809176226436756,11.357087590928309,11.888380337682376,11.28797798922078,11.24842045175529,11.784624884814528,12.725866808842817,12.222354934942135,5.1487340741128556,0.9128919025902993,12.650828642092351,12.931788686332462,11.757368103946956,11.690586666929315,13.366344235989091,11.109053762148761,7.5509068391839005,7.849179559237229,13.602381297493837,12.868926083405796,7.788936770895949,13.785078850351749,9.488965523954603,12.708924686733539,11.60018142563495,10.424639189266449,9.795897819846443,10.409769381071111,10.817666892525104,12.577490639146616,7.393558729930311,12.017662858565629
r1091r,2.8315053699983,2.8235899090815697,2.8187976546767333,3.1419568725979183,3.144610288189596,3.148732957998831,3.2702431406156514,3.2461037041822,3.235811861907821,3.4874957183553614,3.3987017162978086,3.0443754763860564,3.5840972288719684,3.000486044777127,3.6179749662225515,2.768139035009075,3.203850651135565,3.1708788375372303,2.357774311020033,2.7909674923862737,2.745896254499887,3.225730379442837,2.5778622756906096,2.53897175883554,3.3509915650275928,2.7450984246113532,3.345534839899516,2.911668990623911,3.4755142941996957,1.371263609611657,3.273418434002605,3.246474551712002,3.3079344748647004,3.264834096423961,3.210130408128229,3.2025838187973106,3.354084235154457,3.375154335225086,3.3175922741360053,3.4033667569921655,3.382562804154016,3.345813274221542,3.401445119321597,3.2043512415322404,3.289161358276125,3.378459652678994,3.4813080506667284,3.4046185969771345,1.6229886245807277,0.26615181719241787,3.3196167782668486,3.459657159299539,3.3539738115662643,3.2834762427686606,3.542710477121944,3.296628370600642,2.2307137028677295,2.267476497719353,3.5954187916583744,3.494699869479599,2.2184006428611647,3.611098633210021,2.542790437170285,3.2675046667354706,2.848709972971297,2.5257880020747385,3.1577164072843393,3.241169329006944,3.2795648494937764,3.44461795795192,2.338579037267296,3.406784413520599
r1150r,2.625900706141139,2.6099376787501867,2.5885464344181637,2.75459472482513,2.757881803178163,2.7684674652792887,3.063840287609688,3.0089101066607213,2.980700167827437,3.6234702219123665,3.3617778594082806,3.2180632642645453,3.4420525240476647,3.2705502034007075,3.1301569698463583,2.666610811048504,2.9988560353114684,2.9022898150565517,2.566296145025062,3.0557545695763277,2.8839180713555232,3.170112227129838,2.622885856987396,2.882425277726152,3.2910470451945053,2.734798846833523,3.2632148162671286,2.935945670896399,3.592409011671472,3.2093163109370253,3.1647778862383538,3.114125994181651,3.226150396557818,3.16990235024347,3.0044633261145552,2.9875488607354,3.2744171151045487,3.3443232532490823,3.1358810789231812,3.42318297352068,3.330537933171876,3.2651972996342775,3.408188915312639,3.329466489621433,3.227602724915235,3.390005466654143,3.561483430798845,3.5203809752458946,2.394886680245126,0.4244599845538883,3.2198275674044843,3.3062920479547944,3.3997273972396633,3.4277575995424803,3.1851385194754878,3.2028099196817634,2.8097577282125163,2.8747311552167365,3.008889566425217,3.455672964862464,2.884011010855417,2.8873804655660327,3.204665707573126,3.064904655083638,3.1192438098929123,3.3731710789779443,2.8265960327048556,2.9975816104359536,3.105861765623934,3.6408940899501188,2.5641315625205867,3.4585378235571436
r1153,2.1465915324334146,2.1378606015151207,2.128570903297737,3.039019876624945,3.0894331369415897,3.1287782646441227,4.131866658747397,3.9123726492655195,3.8098451924915766,6.026865275221022,5.125340786576152,4.9855454315151455,6.454192756405059,5.30768081723571,6.64699860680511,3.062404270903791,3.879648700413249,3.5951959622453935,2.9804462330542374,4.620400790582491,4.047744467018137,4.515959256990643,3.0188758198976333,4.048777220250493,4.9018068514337765,3.4356252609929174,4.800067329480416,4.071791135849494,5.893117542817108,1.694233113199175,4.5069143604658555,4.259073279242003,4.62700624059209,4.4404074468907355,3.8938732053667766,3.8041881667512754,4.838236496341278,5.0916320414503415,4.8437947526326335,5.33969586825704,5.19909114606432,4.785188903566591,5.302931344266693,5.201989384382286,4.722832098556451,5.2101159814658,6.048934572412545,5.665998760970822,2.7251917955319627,0.5259722249510616,6.3333248745259505,6.214857488877727,5.207827146186811,5.3717689562616,6.422729899849637,4.542052856421577,3.785995246046546,4.010365689241541,6.485064646807689,6.1878291910494605,4.069162348204505,6.581980650643299,5.078778812294662,6.398652674508882,6.231102631525882,6.02471832112267,3.2382560676616476,3.8221608320834344,4.23642002872491,6.053480493173588,2.937105521719597,5.444948725178962
r1152,0.0,0.0,0.0,0.0,0.0,0.0,0.0,0.0,0.0,0.0,0.0,0.0,0.0,0.0,0.0,0.0,0.0,0.0,0.0,0.0,0.0,0.0,0.0,0.0,0.0,0.0,0.0,0.0,0.0,0.8367679823102816,0.0,0.0,0.0,0.0,0.0,0.0,0.0,0.0,0.0,0.0,0.0,0.0,0.0,0.0,0.0,0.0,0.0,0.0,0.0,0.008367679823102816,0.0,0.0,0.0,0.0,0.0,0.0,0.0,0.0,0.0,0.0,0.0,0.0,0.0,0.0,0.0,0.0,0.0,0.0,0.0,0.0,0.0,0.0
r1151r,0.02150347272057944,0.021420558491470093,0.021324042766996777,0.02153385565485338,0.021453151310549045,0.02142829498341606,0.021361550461786685,0.02142122701662017,0.0214400219589402,0.021366572191295608,0.021423055630868538,0.020044517450312948,0.021404327950193775,0.019655461999182403,0.021403472406578687,0.01971235021587406,0.021285838448122738,0.02124572544970685,0.018285593829241772,0.01913935594404411,0.019250355916595397,0.021020950541279938,0.019259838747318327,0.01843491062095442,0.021351282376163797,0.019606418992225316,0.021387614851494357,0.019932705024097955,0.021450868675649853,0.016916139940198117,0.021199258457416957,0.021340924848727436,0.021407440577632837,0.02132600154714259,0.0213552554092187,0.021420702061568,0.02140021432830519,0.02134030231153726,0.020422330882185175,0.02136876449585509,0.02105450791504735,0.021428154815145727,0.021354036861829354,0.02060129731412849,0.02115480040899108,0.02135842320541396,0.02126125918447527,0.02126760415626999,0.01478153424168188,0.002467021368342572,0.02033886676159418,0.021071054831724677,0.021353946061031016,0.02096090465217931,0.02136012863106919,0.021411267592083696,0.017296199333682594,0.017371677460293295,0.02151441625619582,0.021449128522730457,0.017143969724987947,0.02137366900854112,0.01818945173014519,0.02059461240057615,0.019082782232075872,0.018122799081494414,0.021534552891554967,0.02155173813465558,0.021427421561858288,0.02120618636780551,0.018357195732585017,0.021376528314706097
r1149,0.0,0.0,0.0,0.0,0.0,0.0,0.0,0.0,0.0,0.0,0.0,0.0,0.0,0.0,0.0,0.0,0.0,0.0,0.0,0.0,0.0,0.0,0.0,0.0,0.0,0.0,0.0,0.0,0.0,0.6416105161180605,0.0,0.0,0.0,0.0,0.0,0.0,0.0,0.0,0.0,0.0,0.0,0.0,0.0,0.0,0.0,0.0,0.0,0.0,0.0,0.006416105161180605,0.0,0.0,0.0,0.0,0.0,0.0,0.0,0.0,0.0,0.0,0.0,0.0,0.0,0.0,0.0,0.0,0.0,0.0,0.0,0.0,0.0,0.0
r1148,0.2691505725392293,0.270396793845163,0.2746008761132224,1.117637950506842,1.1624574176551823,1.1951138215687247,1.982593032013652,1.80398693260605,1.7214824219546614,3.4721641460925343,2.7639328777842005,2.685859054827685,4.494183423396342,2.9518826947744192,5.509782925416207,1.2062040737040685,1.7835460796133653,1.5634166927827344,1.1592688137532845,2.4274240709828967,1.972182796753351,2.3008554539418364,1.1610588539572237,1.9980604232119143,2.5910023408437697,1.4801545519733166,2.5088493634008,1.973637186702222,3.3624173656409817,0.0,2.2864154240680588,2.079426265255058,2.369063675243618,2.2238615806242503,1.7911773669296267,1.7151586722551226,2.538869299449491,2.742371656999739,2.6190445597177696,2.9351055727468607,2.849644341962818,2.4944099958419734,2.90786879981779,2.8459415920954765,2.457110344291411,2.8303447425267327,3.624269878443142,3.1881244927371784,1.131136704446028,0.24870770838320877,4.683908182779489,4.459901544631187,2.8239135450642205,2.96429527374339,5.080024337749764,2.2968469055887035,1.828019999755121,2.0064339789392744,5.588779404451961,4.154651360418195,2.0687832501165935,6.01648631190169,2.823084409778763,5.25466235266847,4.720070715001586,3.854976076184924,1.2697042291742986,1.7241254965988413,2.0601762478566203,3.4999598985666376,1.117409187308716,3.0119625167737136
r1147,1.3321749529441018,1.323520927892493,1.3184330001006703,2.988400260647665,3.071792670711287,3.142213587645636,4.755519956334301,4.4034710164790996,4.237206404446476,7.782538755272516,6.342565426885157,6.292719328822899,8.601111024623979,6.8406151219374625,8.554950088597868,3.376991864847462,4.35777283293599,3.894000850940742,3.3668211158367876,5.790703124622936,4.865802752102145,5.441496049418644,3.358947828663367,4.945229250323565,5.973082201217166,3.885513569446283,5.807883957730458,4.8352605017419,7.555114864985225,0.494880377112087,5.341501095336931,4.941220650087713,5.536374750723452,5.241052427178652,4.355069412173978,4.208983810710583,5.869428896116805,6.278089137364348,5.932819433610855,6.676399501781347,6.463202729493236,5.7868663179452,6.615725330741513,6.57606198499425,5.688174712149796,6.4662638274754105,7.979272672297752,7.1922944829556785,3.248679791840399,0.6625270377197031,8.749344293928713,7.397208276645023,6.4494107822392195,6.799096848916541,7.86302665312704,5.39001199334831,4.655975007407817,5.008266479460202,7.859936253893424,7.417843404234091,5.13963593964666,7.424938890008691,6.654839772288149,7.378059150837001,7.891844411411409,7.856633443606241,3.3191458428109675,4.239109233223388,4.911269650760694,7.873744746768169,3.296919095016257,6.843732873235441
r1095,0.02526230655606644,0.02516489873238451,0.025051511996556235,0.02529800044956686,0.025203188835245402,0.025173987579964297,0.025095576015954746,0.02516568421375139,0.025187764464773665,0.025101475567505954,0.025167832408540758,0.02354832400814815,0.02514583120607761,0.023091261215707592,0.025144826009378177,0.02315809357966029,0.02500662945669893,0.024959504683900336,0.02148193840083412,0.022484939196623314,0.022615342105952792,0.02469543889124013,0.02262648255100923,0.021657355928298747,0.02508351303671632,0.023033645448576452,0.025126196540628587,0.023416966710168446,0.02520050713541883,0.01895210678196563,0.02490491522342633,0.025071345074653494,0.02514948782619767,0.02505381316454943,0.025088180639726943,0.02516506743099436,0.025140998379192925,0.025070613696616877,0.023992179705963294,0.025104051102709784,0.024734862085095156,0.025173822897882503,0.02508674899090059,0.024202429771074334,0.024852685854556474,0.025091902135976913,0.024977753652086605,0.024985207820575662,0.01736536481028055,0.0028890498180820416,0.023894125914976687,0.024754301371383642,0.025086642397762645,0.02462489695423947,0.02509390570672509,0.02515398376291159,0.020319596539996293,0.020408268273976845,0.02527516299595539,0.025198462855602486,0.020140756960369988,0.02510981305707482,0.02136899050198132,0.024194576135985205,0.02241847626097111,0.021290686922030094,0.025298819515779985,0.025319008761173035,0.025172961523806662,0.024913054089526595,0.02156605637245374,0.025113172114446743
r1087r,-0.0,-0.0,-0.0,1.1831188759251745,1.2452338266801086,1.3098166511758234,2.5281644700811454,2.2378339607496747,2.1046143566692748,4.886591098901526,3.748406642631224,4.83578107393627,5.841874553616591,5.589087018104934,6.423229275593343,2.3204078995525057,2.263274142335359,1.9006166425091193,3.858246211312105,5.208208352310833,4.421284229343187,3.3902714571671653,3.0585014954590224,5.131767758111638,3.518477861336566,3.3196621402938447,3.387365694651972,3.8463228217157512,4.7434838269147255,2.737434677380413,3.06670680828846,2.738548714190812,3.212404402382367,2.987658136607251,2.284246932442002,2.160256936374819,3.4342343985081523,3.7574573397750473,3.590617838117941,4.063948552982465,3.9270796803067554,3.365129896124636,4.019601653731373,4.634969835161834,3.312760379762579,3.874587175439914,5.041138878861362,4.452229801023044,5.815665144641179,1.0258965163356268,6.845541414947461,5.429813415153171,3.8798907010020045,4.493839955272225,5.9059479631731415,3.0295993990938133,5.715457360107516,5.90985131003476,6.226123474671783,5.2698504953796625,6.09448233220934,6.386976723873939,6.603294144060775,6.70894294077675,7.686228455178617,7.754395969682711,1.4520201906597499,2.1481723295569406,2.688662559846365,5.115545190794024,3.690908845972436,4.172026130290588
r1090,0.009991512577237753,0.009952986773817634,0.009908141083653725,0.0100056299002349,0.009968130911972288,0.009956581507446226,0.009925568901436992,0.009953297401662509,0.00996203040516396,0.009927902230299015,0.00995414706080804,0.009313614168832635,0.009945445310192706,0.009132840928912379,0.009945047784874674,0.009159273837679657,0.009890389581955475,0.009871751219055716,0.008496336526719616,0.008893034075010728,0.008944609819833043,0.009767310352512939,0.008949015983601184,0.008565716046099509,0.009920797871753277,0.009110053269115462,0.009937679627966645,0.009261660920288432,0.009967070293736984,0.007495761060962825,0.009850160495365478,0.009915985283247093,0.009946891581526384,0.009909051223924839,0.009922643927515773,0.009953053483152799,0.009943533930324107,0.009915696023541223,0.00948916384424844,0.009928920876862053,0.0097829026675978,0.009956516378753928,0.009922077733778668,0.009572319964140567,0.009829503220339876,0.00992411583281763,0.009878968913998911,0.009881917082711923,0.00686818762744883,0.0011426501214305083,0.009450382535691495,0.009790591133931052,0.009922035543508977,0.009739410242426317,0.009924908252820866,0.009948669790261681,0.008036617872216099,0.008071688516904091,0.009996597452373416,0.009966261737834495,0.007965884922721721,0.00993119974134228,0.008451664440269612,0.00956921384269191,0.008866747299752325,0.008420694522714265,0.010005953868806022,0.010013938931252986,0.009956175675208704,0.009853379524435029,0.008529606097967565,0.009932528307843386
r1047a,1.8988724339708098,1.8979510239236344,1.8923910139201368,2.4576925284709414,2.4672594098425193,2.497951802654859,2.978501035248763,2.8792068271588676,2.8357149924120137,3.9029729743148365,3.460239361697169,3.6384885944577823,4.220371563533998,3.813145457308358,4.444545425383179,2.716327777486179,2.9010207938650607,2.7354440967012117,2.9703348051994936,3.5802553792662346,3.2944180451985132,3.2419421852643864,2.8391900384380464,3.4385764862311214,3.361618467262021,2.9735845364566433,3.311185023400221,3.2090364977319594,3.83045125774521,2.185925149986653,3.193436527560416,3.0626251152770747,3.2311658504310325,3.165188147834174,2.883102023444548,2.8437524905753095,3.323850981093606,3.4482625807014506,3.321204833656142,3.5598596373738176,3.4900467239568176,3.2920551814082404,3.5464313259926357,3.6453079431911033,3.3209239781916224,3.5427566972412654,4.000355219809598,3.7973328283464283,3.377528857060307,0.581823332965266,4.493824975128456,4.158377168682291,3.5831934809402024,3.7471537700329547,4.353742372044553,3.2435348410173126,3.568737314459705,3.656417352803888,4.423215226379428,4.077664419530624,3.7176624780302694,4.4565853105948925,4.043593821147126,4.454563202417021,4.585495819138706,4.525600262111835,2.5809439631280506,2.8597040983605186,3.0585788935590985,3.990078798428333,2.9868881258567193,3.6461355512119398
r1046,1.0714162006140164,1.0728990759445403,1.0701205157074762,1.0358954885390341,1.0400837814595103,1.054976930530619,1.284731678875952,1.2374631482151184,1.2166486129706748,1.7289591489814768,1.515047614847131,1.6384046197772872,1.8718339968916706,1.7305950849029161,1.9653840634964188,1.2947690478018326,1.2512624163510584,1.1709443071030636,1.430509173456991,1.6338872406530267,1.4942610307080382,1.4205767190984067,1.367496477628642,1.5864103337544526,1.4690995367384125,1.355300585369396,1.4444686924734078,1.4348525687254705,1.6937526066879673,1.2928993985267547,1.3907609276214565,1.3283761472661522,1.407755084419903,1.3781030850010418,1.2416777024088534,1.2229612960912881,1.450139089055745,1.5103345208127579,1.4473794036087442,1.564031327292386,1.5292832624145087,1.435155523179541,1.5573293954183716,1.6259997262452064,1.4530972597560037,1.5575256630209988,1.7766008999564957,1.6823409592350824,1.6518016397098507,0.2844216379712973,2.030430575095868,1.8444395098389796,1.5796202050071981,1.6688216343045235,1.9302412166289444,1.4150010112966138,1.685305126521208,1.7246663879805864,1.9515483649502177,1.8064148725167541,1.7599225490276342,1.896275936089657,1.888963503930192,1.98294502164589,2.04949172317222,2.1210001823635642,1.0961834935265573,1.2282974340873214,1.3239820415950223,1.7761106749450015,1.4577753357007008,1.6070183079167528
r1061r,0.0034066691319003,0.012109345478282298,0.01023368657665477,0.02262776695268663,0.00530819871338664,0.018074148855475362,0.03511700633161344,0.044421555460841804,0.05408631633416655,0.0744449731617401,0.03947195889467598,0.08748755654455992,0.01294115390909248,0.017277337524699152,0.023991851781818643,0.08239332016744895,0.12814103253269876,0.08787252838916243,0.060219232740224136,0.04029036111178911,0.03870729670518491,0.06493956684693829,0.05527518440562682,0.08798097435145315,0.07402088312265341,0.08005622869203187,0.06587917108524527,0.05767163895164377,0.05685205935890318,0.043894900287294966,0.13532380047211262,0.11198680442315208,0.07018252801627266,0.12868145864055988,0.09787217597798206,0.10232977375764044,0.05186340814727385,0.06456070014959765,0.052869609366450986,0.05074054740010287,0.05021544583591553,0.04013516390879497,0.057609502976904536,0.07351431571703433,0.1926325633084303,0.14579696180772406,0.18549826172491904,0.2378209510877915,0.21366127619509895,0.02708534882539165,0.1783741107650484,0.24279137141276225,0.24650403246765368,0.2498205160132745,0.21890469818616382,0.18822547199562178,0.19906559777704586,0.19466905586694536,0.11374340548050445,0.1346404465791117,0.19468819580521332,0.1521855303060946,0.16976308309939042,0.16024474031298475,0.2146611599741431,0.1767932771461418,0.06735704179977113,0.08134548653839038,0.08607068961484421,0.15153162827808664,0.19230047574237744,0.12732240471824893
r1134,0.0,0.0,0.0,0.0013119419804388968,0.002934552029059653,0.0,0.0,0.0,0.0,0.0,0.0,0.0,0.0,0.0,0.0,0.0,0.0,0.0016020534061292723,0.0,0.0,0.0,0.0,0.0,0.0,0.0,0.0,0.0,0.0,0.0,0.0,0.017809032874429094,0.020518009697817866,0.018109436086371444,0.015698249019574097,0.02304890747579472,0.019838687429413398,0.0,0.0,0.0,0.0,0.0,0.0,0.0,0.0,0.0,0.0,0.0,0.0,0.0,1.311941980438897e-05,0.0,0.0,0.0,0.0,0.0,0.0,0.0,0.0,0.0,0.0,0.0,0.0,0.0,0.0,0.0,0.0,0.0,0.0,0.0,0.0,0.0,0.0
r1045,0.08592216290711288,0.08152845413163741,0.08075251894684624,0.9191396061416114,0.9229312193813359,0.9301888621311382,1.053602528475221,1.027285574211058,1.016041111035825,1.2862526779295962,1.1772191168713424,1.1308460944819247,1.3934058728135181,1.1559413432638377,1.4871207364228514,0.6742041648021954,1.024361903029598,0.9852062612972788,0.6975624870471909,1.059896215607432,0.9929982020939409,1.0968129213583517,0.6687463196134726,0.9731659285427255,1.149028086486453,0.8783435880436127,1.1373045110622715,1.0157177021968296,1.2688098398824916,0.0,1.1007640936103307,1.0664446386452293,1.1127601645153486,1.0909340955242384,1.0225164455081284,1.0119173131256471,1.141569165525388,1.1718680828020858,1.147570093249737,1.1998660432820414,1.1862575976401288,1.132814398604801,1.1970995355767748,1.1707871914397041,1.1298171059349698,1.190512055433798,1.308692765824083,1.2484007856471135,0.7234740412696654,0.12528897963975666,1.3953859410072553,1.372501080760254,1.193466468893875,1.2097566756781444,1.44242870409314,1.111833610666583,0.9149888394005685,0.9439238281445363,1.4907369736358689,1.348655552938547,0.9448670107844769,1.6627190883422835,1.094853007317044,1.4546749170473177,1.466959820364647,1.2147843542944434,0.9469015913585397,1.021364149819359,1.071319813790849,1.2949284255817226,0.6571212587918808,1.2172267314830147
r1104r,3.627383132437695,3.623684596772165,3.6229861347361467,4.324926011020949,4.346979716343576,4.3708025277160845,4.877486400202445,4.762980396181737,4.713246152068588,5.856393598984704,5.39846126365576,4.997645214292126,6.342347697895176,5.082089261471287,6.72219029511816,4.023358274467857,4.716844563714626,4.570382452378403,3.508652244522905,4.588431124674814,4.31045252850316,4.99087275078831,3.772539713891269,4.093885278512026,5.268329850117573,4.0818463929882,5.222368813931992,4.493574265310604,5.787320129934669,1.4481408351350724,5.043351323710569,4.903329182556793,5.109800312098893,4.9972628437322255,4.723896337404933,4.677475432435945,5.244896856294826,5.367701017243221,5.274737623185885,5.490675723534442,5.43777977039037,5.209685247194945,5.477899336539121,5.25074022359047,5.148593067155074,5.42048911839109,5.91777943869068,5.640634634383931,2.6444080764610907,0.4718771102314556,6.137031045015617,6.191648837356635,5.400541488341853,5.411527815750236,6.495011773772692,5.076182109927716,3.6571958685968684,3.802496802172193,6.71370988306336,6.113888836868025,3.797070392828983,6.886212224026452,4.570693392532971,6.318695731452935,5.779374519966006,5.146863771251555,4.416895484263202,4.727658739808757,4.935177588010615,5.847167449956482,3.4951958528062517,5.54111266996308
r1105,0.0,0.0,0.0,0.0,0.0,0.0,0.0,0.0,0.0,0.0,0.0,0.0,0.0,0.0,0.0,0.0,0.0,0.0,0.0,0.0,0.0,0.0,0.0,0.0,0.0,0.0,0.0,0.0,0.0,0.0,0.0,0.0,0.0,0.0,0.0,0.0,0.0,0.0,0.0,0.0,0.0,0.0,0.0,0.0,0.0,0.0,0.0,0.0,0.6238333348816432,0.10976096526824805,0.0,0.0,0.0,0.0,0.0,0.0,0.179518135847642,0.18377200124488638,0.0,0.0,0.2444513005451358,0.0,0.095132790870844,0.0,0.03044358271999841,0.2463412577748874,0.0,0.0,0.0,0.0,0.0,0.0
r1106r,-0.0,-0.0,-0.0,-0.0,-0.0,-0.0,-0.0,-0.0,-0.0,-0.0,-0.0,-0.0,-0.0,-0.0,-0.0,-0.0,-0.0,-0.0,-0.0,-0.0,-0.0,-0.0,-0.0,-0.0,-0.0,-0.0,-0.0,-0.0,-0.0,-0.0,-0.0,-0.0,-0.0,-0.0,-0.0,-0.0,-0.0,-0.0,-0.0,-0.0,-0.0,-0.0,-0.0,-0.0,-0.0,-0.0,-0.0,-0.0,0.6238333348816432,0.10976096526824805,-0.0,-0.0,-0.0,-0.0,-0.0,-0.0,0.179518135847642,0.18377200124488638,-0.0,-0.0,0.2444513005451358,-0.0,0.095132790870844,-0.0,0.03044358271999841,0.2463412577748874,-0.0,-0.0,-0.0,-0.0,-0.0,-0.0
r1111r,1.4678769808921075,1.4659875809663978,1.4658047540004717,1.7761069284912052,1.7847687276027382,1.7939656061187177,1.9771492190092217,1.9397239221830738,1.9241948180085648,2.284732171593631,2.146078471588443,1.9091268153248564,2.468465216074871,1.9059161956300446,2.622016599291682,1.6048955936529423,1.9185569001600389,1.8688444865351683,1.2930403774538355,1.708110043967336,1.6294314104408238,1.9895845834188068,1.45309965364182,1.4907331183941457,2.1010388962020246,1.5868018334685612,2.087389451172673,1.7435824204158772,2.2626567484149525,0.23006705354815044,2.024702058593745,1.9764175261844077,2.0457501674416965,2.00636867540256,1.9205674719570358,1.9051546045573884,2.0952239699687887,2.1334340625119284,2.1167475383363303,2.170254150672118,2.1602115603692345,2.0821933752858377,2.1677900027800017,2.034318063482769,2.057481521945181,2.148183419282526,2.3086239493473943,2.211858175368882,0.681694331868682,0.11852225786187429,2.3288015903452353,2.4204903589137072,2.1371777126029965,2.110250278207202,2.5395652296991638,2.0369359926445636,1.2295351895256599,1.2773633725068037,2.631617683062207,2.387270494519892,1.2457337243322368,2.7111878522903634,1.5762788827667393,2.3957142338550366,2.0567578821225867,1.6921719154731094,1.8108809997993056,1.9289993110303891,1.9951469628597516,2.270159680086288,1.2918844614581717,2.1846938235231197
r1154,0.0,0.0,0.0,0.4575224913758446,0.5165569411033437,0.5607705448117627,1.5204259980175179,1.3018020682108606,1.2015284713090775,3.305208403107266,2.4601260904541453,2.5634103388020777,3.7866712008436627,2.9443904330614945,3.7759317105459242,0.8074669720669903,1.2751129063973434,1.009263354065636,0.9369555290229359,2.3530448998188316,1.810697734578332,1.9483588014362296,0.8641851610061092,1.874651909155586,2.245550116685151,1.1848318057987255,2.146089978465641,1.728929717046605,3.1636842924460193,0.0,1.8782794731622814,1.6181474307989796,1.9713906492740654,1.7956564931720147,1.2724604194099607,1.1768796012962726,2.182905436648444,2.429399308257626,2.351327973055854,2.660025789048369,2.580090617562718,2.1268829923602417,2.629084903295348,2.6673490252907763,2.083832553263484,2.5304223932440646,3.4180397095903685,2.9497594150248956,0.9918705127291544,0.23582770702664924,3.9674300095662756,3.1436291029478496,2.5107117893886026,2.7404716640864577,3.3826699904115496,1.8821499923619156,1.7195889304902203,1.9262457904116124,3.3840134010622474,3.1174896329127275,2.010850368435562,3.1703969509680303,2.8595752101185252,3.215682355433573,3.595285045227867,3.586185128187238,0.6439336424368038,1.1943767884556007,1.6062060393564714,3.3598304332046265,0.8820261435913088,2.739524496005022
r1146,1.7488601178566807,1.7425430842204481,1.7386090071917095,2.879304450594767,2.9229142942227724,2.965675104407946,3.874274549815418,3.6770813530932913,3.5860579735202656,5.57485590748097,4.771946055820259,5.587404550952589,6.5876860242182795,6.134620650936912,7.856058021718195,3.393151537824642,3.6472756867421734,3.3815023923322483,4.431245820546361,5.668329577965788,5.215712364830079,4.40238664733703,4.090680656386475,5.290481756450287,4.560235025677155,4.450078756033717,4.469158531262599,4.866534323111998,5.444521964489685,3.0193559668921295,4.201874146537241,3.968988166392277,4.30615640500129,4.139676578086876,3.641289836790842,3.5597432680081087,4.503414216763345,4.731389016114529,4.548839658634079,4.9507218794588175,4.838720081064695,4.452343161341936,4.9202905394027185,5.349684124221686,4.401532811743846,4.843775605694788,5.64335450906517,5.250335122008654,4.5149017368080155,0.7991457221624144,7.408880514279549,6.977816625205274,4.837446754909436,5.22964417391211,7.5765390343058545,4.243286552242069,5.226297043549309,5.384765902404955,8.166965544394394,6.650829094840983,5.444430484014133,8.916298303996856,6.161439890681927,8.65927345473427,8.401826041032123,7.392474570477921,3.0671481871038253,3.5927269363496883,3.9685761461573836,5.645678666773,4.372332507939253,5.049020954535959
r1169,0.40991560894518614,0.4069261876421829,0.4060006822903289,0.10776839955458967,0.09368656869160787,0.0865402717743972,0.0,0.0,0.0,0.0,0.0,0.0,0.0,0.0,0.0,0.04318720761361059,0.0,0.0,0.03234410551774131,0.0,0.0,0.0,0.04417158060976878,0.0,0.0,0.0,0.0,0.0,0.0,0.0,0.0,0.0,0.0,0.0,0.0,0.0,0.0,0.0,0.0,0.0,0.0,0.0,0.0,0.0,0.0,0.0,0.0,0.0,0.0,0.00032344105517741314,0.0,0.0,0.0,0.0,0.0,0.0,0.0,0.0,0.0,0.0,0.0,0.0,0.0,0.0,0.0,0.0,0.07163285620448183,0.0,0.0,0.0,0.038926622725869796,0.0
r1172r,0.6495256486194192,0.6459099324517266,0.643628940844865,1.791034161424095,1.8293250675300041,1.8661872049099,2.6781589285538168,2.4899856465554833,2.4025241638582937,4.258282586320349,3.506123805697863,3.8005331705583045,4.972435674549971,4.183528754088058,5.514997794694961,2.154315129116411,2.4809451685578487,2.238295594218065,2.55670940432782,3.724451385240508,3.244211305363921,3.1240660179788864,2.385793257616016,3.388366918478381,3.3296782478123235,2.6425637572319345,3.243211693758362,3.087744231484134,4.151194669080126,1.5600636768411458,3.0087704026017685,2.7957170865662144,3.1099372606922677,2.9557439901806104,2.4898223186512776,2.4114277524884185,3.275121611684137,3.4894910175414333,3.322902785503201,3.696316119075788,3.588691900387798,3.2301226969814714,3.6659768051243433,3.821944647688187,3.1835805933428682,3.580822247996681,4.361412638564209,3.958698522701199,2.9186271327650104,0.5420404626911766,5.343734872464987,4.7605520484110855,3.579464316141158,3.84729951640704,5.163579021591887,3.017192943530466,3.3987742080322936,3.5665308115976937,5.439819439416464,4.6178214488165805,3.6516653355120674,5.628794262165555,4.2893080864107995,5.461413013919814,5.526907740089809,5.187448019093757,1.9572753149575486,2.4191169906585617,2.7733839446560697,4.342374623304411,2.50731610684838,3.773523107936678
r1173,0.2448902704145471,0.2471522073455909,0.2520739742508302,0.32160714088251713,0.3411381555572259,0.34990410524150295,0.6514869987139625,0.5814284987053477,0.549283102992071,1.2312496946406324,0.9564273894312076,0.45793705077394875,1.7863045905592583,0.4340094098738591,2.406467985717333,0.04404758470851338,0.5655285289523689,0.4862717297827846,0.0,0.18528704364455525,0.0,0.6658113729359103,0.0,0.0,0.8868404206901327,0.0,0.8547337410512069,0.13104762192567132,1.1859341629038336,0.0,0.7664638742793743,0.6843600806897199,0.7928512814129929,0.7354516702523756,0.5722034231489022,0.5418960036916685,0.8664794477470269,0.9461039607723515,0.9054821832621542,1.0203721911110089,0.9923155439558287,0.8483996356245432,1.0103076046410755,0.7202329059709032,0.8352471449937218,0.9806677719686535,1.314684269725747,1.1195726641914971,0.0,0.00010043104732744002,1.543371866847329,1.8425830582878935,0.9762021567432777,0.8974702606758305,2.1940928341949166,0.7719820796808342,0.0,0.010043104732744002,2.503119903200718,1.646050460975807,0.04807542386538805,2.7820766762266294,0.38085208706872153,2.0097181742753363,1.386545157770487,0.9002521695024912,0.36961187777571486,0.5449564619989167,0.6756376988252721,1.1999803396901954,0.0,1.0508718816064206
r1174r,0.00018788800721787543,0.00018716353868761552,0.00018632022619701833,0.00018815348010443381,0.00018744832058800585,0.00018723113679483636,0.00018664795214719322,0.00018716937997008445,0.00018733360201478265,0.0001866918298390656,0.00018718535760735077,0.00017514028958582768,0.00018702172326570205,0.00017174089199270253,0.00018701424789709458,0.0001722379565276856,0.00018598641344809013,0.00018563592348612776,0.00015977157875916972,0.00016723138139071455,0.00016820125095154788,0.00018367193793990036,0.0001682841078086922,0.00016107624404759112,0.0001865582340737129,0.00017131237549376885,0.00018687569146656554,0.0001741633211576712,0.00018742837591544117,0.00014095599614556375,0.00018522991508477767,0.00018646773449650464,0.00018704892005267385,0.00018633734116737483,0.00018659294871134363,0.00018716479314078888,0.00018698578022389024,0.0001864622950368601,0.0001784414592962756,0.00018671098524434583,0.00018396514770032156,0.00018722991206535515,0.00018658230157338318,0.0001800051902663222,0.00018484145996257135,0.00018662062753911724,0.00018577165051534831,0.0001858270901237248,0.0001291546276446068,2.148726257442888e-05,0.00017771218605302743,0.00018410972747310997,0.00018658150819543558,0.0001831472830345582,0.0001866355288077828,0.00018708235884314783,0.0001511266792799781,0.00015178617437557027,0.00018798362708009945,0.00018741317121485495,0.00014979656306159534,0.00018675383874651856,0.00015893153084487575,0.00017994678039447994,0.00016673706486143797,0.0001583491489434258,0.00018815957225597243,0.00018830972944786819,0.00018722350521652877,0.00018529044815745874,0.00016039720509901647,0.00018677882212219676
r1175,0.0,0.0,0.0,0.0,0.0,0.0,0.0,0.0,0.0,0.0,0.0,0.0,0.0,0.0,0.0,0.0,0.0,0.0,0.0,0.0,0.0,0.0,0.0,0.0,0.0,0.0,0.0,0.0,0.0,0.5938642737471643,0.0,0.0,0.0,0.0,0.0,0.0,0.0,0.0,0.0,0.0,0.0,0.0,0.0,0.0,0.0,0.0,0.0,0.0,0.0,0.005938642737471644,0.0,0.0,0.0,0.0,0.0,0.0,0.0,0.0,0.0,0.0,0.0,0.0,0.0,0.0,0.0,0.0,0.0,0.0,0.0,0.0,0.0,0.0
r1176,0.24657904508375467,0.24792729920091616,0.2480981269264538,0.2218190880237822,0.2400623962745044,0.24452889137900127,0.5389821452092617,0.4588751753569406,0.4224868854654619,1.1760172202296129,0.8673713246285752,0.792436113933543,1.4979323214067972,0.9135690385823007,1.7292759724168043,0.14393910206333946,0.45164984896516625,0.37198961854444873,0.11068011501898889,0.6907962537915522,0.4913019114936198,0.6487652370560199,0.1120657526252768,0.5124164844615273,0.8091098042022348,0.2669942553828522,0.773533873427491,0.4945287110385647,1.1394809646471695,0.0869489432300615,0.6866312779577286,0.5988478047853033,0.7152982797314008,0.6520918875850987,0.47654513293478196,0.44184734698886163,0.7862537132577008,0.8739863525518714,0.826429764895405,0.9562681023687233,0.924012187485048,0.7669536913814184,0.9446949783285497,0.8781159288261806,0.754043681489142,0.9024020044071134,1.2306053759851876,1.058912484665225,0.174902124767847,0.054564866007381134,1.4827578655308147,1.3883949706790268,0.9037124181132958,0.9265392580467876,1.5645323217332188,0.6728679711109714,0.44222621647851335,0.5222327672227586,1.6841551838702182,1.296545169501399,0.5490577344210568,1.7688478547561486,0.8559529263399387,1.5299870752385867,1.4233222922016968,1.2342408671668956,0.2594415778635886,0.42917576935614493,0.5729578129157366,1.1588231860212157,0.09019431605497866,0.9834520859250749
r1177,0.022426601599998253,0.022340127921659462,0.02223946884537795,0.02245828885215769,0.02237411992741605,0.022348196535734426,0.022278586718984594,0.02234082514612154,0.02236042694202602,0.022283824027790618,0.022342732261486628,0.020905014411563755,0.022323200614722292,0.020499257085005884,0.02232230834322474,0.02055858747261613,0.022199624442107806,0.022157789421032647,0.01907058144312336,0.019960994961843986,0.020076760084732064,0.02192336508471872,0.0200866500066729,0.019226308299126704,0.02226787783170618,0.020448108696437005,0.022305770034513055,0.020788401956950645,0.02237173930061462,0.016824724555313177,0.022109327633619197,0.02225707566294048,0.022326446865056464,0.022241511714570422,0.022272021424260918,0.02234027765512016,0.022318910397954653,0.022256426400668907,0.02129904710692545,0.022286110446434727,0.021958363052814536,0.022348050350139353,0.022270750565493744,0.021485696441250167,0.02206296103260938,0.02227532521170698,0.02217399000805123,0.022180607364998748,0.015416095055087413,0.0025647527182108684,0.021211999930652512,0.021975620316924977,0.022270655866681335,0.02186074146805569,0.022277103850079735,0.02233043817053173,0.018038712941441697,0.018117431290659416,0.02243801493386079,0.0223699244441608,0.01787994822328288,0.022291225506382528,0.018970312031691822,0.02147872454908573,0.019901992580422564,0.018900798031962603,0.022459016020737875,0.02247693901417362,0.02234728561880675,0.02211655295430221,0.019145257165549524,0.02229420756053944
r1133,0.0,0.0,0.0,0.0,0.0,0.0,0.0,0.0,0.0,0.0,0.0,0.0,0.0,0.0,0.0,0.13796742545861496,0.0,0.0,0.0,0.0,0.0,0.0,0.07432711224444044,0.0,0.0,0.0,0.0,0.0,0.0,0.6521605700016044,0.0,0.0,0.0,0.0,0.0,0.0,0.0,0.0,0.0,0.0,0.0,0.0,0.0,0.0,0.0,0.0,0.0,0.0,0.0,0.00041337055959679136,0.0,0.0,0.0,0.0,0.0,0.0,0.0,0.0,0.0,0.0,0.0,0.0,0.0,0.0,0.0,0.0,0.0,0.0,0.0,0.0,0.04133705595967913,0.0
r1191,0.0010449814785614272,0.0010409521836260147,0.001036261911232447,0.001046457965824279,0.001042536062319171,0.0010413281457270398,0.0010380846329327254,0.0010409846712342017,0.0010418980291309304,0.0010383286686009826,0.001041073534463303,0.0009740821752121692,0.0010401634452095149,0.0009551756596996555,0.0010401218692629704,0.0009579401960870392,0.0010344053364297909,0.001032456007549412,0.0008886056277677346,0.0009300950006079201,0.000935489148657637,0.0010215328594981158,0.0009359499757341978,0.0008958618176772764,0.0010375856456559002,0.000952792368656793,0.0010393512564613864,0.0009686485452126998,0.0010424251355296696,0.0007839585263869318,0.0010301979003622165,0.0010370823118700861,0.0010403147062670527,0.0010363570999956946,0.0010377787189334274,0.0010409591605498381,0.0010399635398854162,0.00103705205908982,0.000992442374227081,0.001038435205702334,0.0010231636116334946,0.0010413213341181724,0.0010377195024771984,0.0010011394162858826,0.0010280374196909392,0.0010379326609684084,0.0010332108839985433,0.0010335192238697477,0.000718322556918749,0.0001195062513448596,0.000988386356797701,0.0010239677246099692,0.0010377150899268995,0.0010186148730505456,0.001038015537732255,0.0010405006836198762,0.0008405250718366815,0.0008441930023784139,0.001045513289965915,0.0010423405711620093,0.0008331273308466532,0.0010386735451065978,0.0008839335120507072,0.001000814556625963,0.0009273457478733882,0.0008806944639099276,0.0010464918486975583,0.0010473269817468933,0.0010412857009854278,0.0010305345686825117,0.0008920851895944916,0.001038812495780449
r1158r,0.02150347272057944,0.021420558491470093,0.021324042766996777,0.02153385565485338,0.021453151310549045,0.02142829498341606,0.021361550461786685,0.02142122701662017,0.0214400219589402,0.021366572191295608,0.021423055630868538,0.020044517450312948,0.021404327950193775,0.019655461999182403,0.021403472406578687,0.01971235021587406,0.021285838448122738,0.02124572544970685,0.018285593829241772,0.01913935594404411,0.019250355916595397,0.021020950541279938,0.019259838747318327,0.01843491062095442,0.021351282376163797,0.019606418992225316,0.021387614851494357,0.019932705024097955,0.021450868675649853,0.016916139940198117,0.021199258457416957,0.021340924848727436,0.021407440577632837,0.02132600154714259,0.0213552554092187,0.021420702061568,0.02140021432830519,0.02134030231153726,0.020422330882185175,0.02136876449585509,0.02105450791504735,0.021428154815145727,0.021354036861829354,0.02060129731412849,0.02115480040899108,0.02135842320541396,0.02126125918447527,0.02126760415626999,0.01478153424168188,0.002467021368342572,0.02033886676159418,0.021071054831724677,0.021353946061031016,0.02096090465217931,0.02136012863106919,0.021411267592083696,0.017296199333682594,0.017371677460293295,0.02151441625619582,0.021449128522730457,0.017143969724987947,0.02137366900854112,0.01818945173014519,0.02059461240057615,0.019082782232075872,0.018122799081494414,0.021534552891554967,0.02155173813465558,0.021427421561858288,0.02120618636780551,0.018357195732585017,0.021376528314706097
r1159,0.022426601599998253,0.022340127921659462,0.02223946884537795,0.02245828885215769,0.02237411992741605,0.022348196535734426,0.022278586718984594,0.02234082514612154,0.02236042694202602,0.0,0.022342732261486628,0.0,0.0,0.0,0.0,0.02055858747261613,0.022199624442107806,0.022157789421032647,0.01907058144312336,0.012100992187075065,0.020076760084732064,0.02192336508471872,0.0200866500066729,0.019226308299126704,0.02226787783170618,0.020448108696437005,0.022305770034513055,0.020788401956950645,0.0,0.016824724555313177,0.022109327633619197,0.02225707566294048,0.022326446865056464,0.022241511714570422,0.022272021424260918,0.02234027765512016,0.022318910397954653,0.022256426400668907,0.02129904710692545,0.021480768038736508,0.01917747373350552,0.022348050350139353,0.022270750565493744,0.0,0.02206296103260938,0.02227532521170698,0.0,0.0,0.015416095055087413,0.0025566992941338865,0.0,0.0,0.022270655866681335,0.0,0.0,0.02233043817053173,0.018038712941441697,0.018117431290659416,0.0,0.0,0.01787994822328288,0.0,0.0,0.0,0.0,0.0,0.022459016020737875,0.02247693901417362,0.02234728561880675,0.0,0.019145257165549524,0.0
r1160,0.0,0.0,0.0,0.0,0.0,0.0,0.0,0.0,0.0,0.0,0.0,0.13712460612445473,0.0,0.18514349617095302,0.0,0.06629078514177814,0.0,0.0,0.2641242181275884,0.21677290092434953,0.2010158808646367,0.004472352313488748,0.17465648204655987,0.26656018293684125,0.0,0.1541589143625253,0.0,0.1300470050417404,0.0,0.42521135057144804,0.0,0.0,0.0,0.0,0.0,0.0,0.0,0.0,0.0,0.0,0.0,0.0,0.0,0.0783642102347473,0.0,0.0,0.0,0.0,0.5181281806550136,0.08323342574877957,0.06071901826086201,0.0,0.0,0.036564371370167936,0.0,0.0,0.3661115522050223,0.3596063258712322,0.0,0.0,0.37428472694549875,0.0,0.3124821535452599,0.0,0.1622463276463867,0.297862428776015,0.0,0.0,0.0,0.015374292323440227,0.25469279391365474,0.0
r1161,0.03822839594769678,0.0380809928737246,0.03790940936354982,0.038282410053072674,0.0381389356631983,0.0380947466371841,0.037976089709842994,0.038082181362880295,0.03811559459367147,0.037985017228969964,0.038085432232655175,0.03563469768944524,0.03805213857812227,0.03494304355410204,0.038050617611695446,0.035044178161553884,0.03784149057444042,0.03777017857725662,0.03250772236309648,0.03402552167830064,0.03422285496283626,0.037370578740053215,0.03423971332856591,0.0327731744372523,0.0379578353354023,0.03485585598617834,0.038022426402656635,0.03543592004284082,0.038134877645599745,0.028679433624553215,0.03768757059096347,0.03793942195329322,0.03805767213801392,0.0379128916393646,0.03796489850527769,0.03808124810945422,0.03804482547254256,0.03793831522051068,0.03630636601277364,0.03798891465929794,0.03743023629341751,0.03809449744914795,0.03796273219880774,0.03662452855845064,0.03760853406042858,0.03797053014295815,0.03779779410573381,0.037809074055591085,0.02627828309632334,0.0043718787254732475,0.036157985353945196,0.037459653034177205,0.037962570775166245,0.03726383049276321,0.03797356201078967,0.038064475719259895,0.03074879881543572,0.030882982151632512,0.0382478511221259,0.03813178404040969,0.030478168399978574,0.037997633792961984,0.032336803075813665,0.036612644267690925,0.0339249461903571,0.03221830947821228,0.0382836495849866,0.038314201128276576,0.03809319388774806,0.037699886876098675,0.03263501463570669,0.03800271700392194
r1162,0.02150347272057944,0.021420558491470093,0.021324042766996777,0.02153385565485338,0.021453151310549045,0.02142829498341606,0.021361550461786685,0.02142122701662017,0.0214400219589402,0.021366572191295608,0.021423055630868538,0.020044517450312948,0.021404327950193775,0.019655461999182403,0.021403472406578687,0.01971235021587406,0.021285838448122738,0.02124572544970685,0.018285593829241772,0.01913935594404411,0.019250355916595397,0.021020950541279938,0.019259838747318327,0.01843491062095442,0.021351282376163797,0.019606418992225316,0.021387614851494357,0.019932705024097955,0.021450868675649853,0.016132181413811186,0.021199258457416957,0.021340924848727436,0.021407440577632837,0.02132600154714259,0.0213552554092187,0.021420702061568,0.02140021432830519,0.02134030231153726,0.020422330882185175,0.02136876449585509,0.02105450791504735,0.021428154815145727,0.021354036861829354,0.02060129731412849,0.02115480040899108,0.02135842320541396,0.02126125918447527,0.02126760415626999,0.01478153424168188,0.0024591817830787025,0.02033886676159418,0.021071054831724677,0.021353946061031016,0.02096090465217931,0.02136012863106919,0.021411267592083696,0.017296199333682594,0.017371677460293295,0.02151441625619582,0.021449128522730457,0.017143969724987947,0.02137366900854112,0.01818945173014519,0.02059461240057615,0.019082782232075872,0.018122799081494414,0.021534552891554967,0.02155173813465558,0.021427421561858288,0.02120618636780551,0.018357195732585017,0.021376528314706097
r1164,0.029105710551087325,0.028993483210676692,0.02886284576542998,0.029146834926771243,0.02903759874357144,0.029003954826037903,0.02891361375635773,0.02899438808310205,0.029019827701999873,0.028920410844783955,0.02899686317713519,0.027130963013554894,0.02897151459925218,0.026604362705964058,0.028970356590722668,0.0266813629184558,0.02881113486917623,0.028756840507684022,0.02475019770826664,0.025905794914160715,0.02605603730125033,0.02845259972254052,0.026068872647885412,0.024952303264726187,0.028899715539454026,0.026537981262203962,0.028948892829295397,0.026979620941708346,0.029034509116536166,0.021835477873239383,0.028693945790847192,0.028885696259893706,0.028975727650533332,0.028865497043607143,0.028905093180154606,0.028993677537879924,0.0289659466665949,0.02888485363379791,0.02764234685063448,0.028923378206510933,0.02849802081430652,0.02900376510332856,0.028903443833183173,0.027884584243365835,0.02863377025055358,0.028909380904297684,0.028777865966865518,0.02878645411050685,0.020007329175609816,0.0033285894841671325,0.027529375212662827,0.02852041765102128,0.028903320931092488,0.028371325488808354,0.028911689258214864,0.028980907649891058,0.023411017279934016,0.023513179592720212,0.029120523013436764,0.029032153758039206,0.023204969122710962,0.028930016637823328,0.024620065978176318,0.027875535976537413,0.025829220394930977,0.02452984926182072,0.029147778661296617,0.0291710394953924,0.029002772619080915,0.028703322962484224,0.02484711341582214,0.028933886809804212
r1183r,-0.0,-0.0,-0.0,-0.0,-0.0,-0.0,-0.0,-0.0,-0.0,0.022283824027790618,-0.0,0.020905014411563755,0.022323200614722292,0.020499257085005884,0.02232230834322474,-0.0,-0.0,-0.0,-0.0,0.007860002774768917,-0.0,-0.0,-0.0,-0.0,-0.0,-0.0,-0.0,-0.0,0.02237173930061462,-0.0,-0.0,-0.0,-0.0,-0.0,-0.0,-0.0,-0.0,-0.0,-0.0,0.000805342407698219,0.0027808893193090167,-0.0,-0.0,0.021485696441250167,-0.0,-0.0,0.02217399000805123,0.022180607364998748,-0.0,8.05342407698219e-06,0.021211999930652512,0.021975620316924977,-0.0,0.02186074146805569,0.022277103850079735,-0.0,-0.0,-0.0,0.02243801493386079,0.0223699244441608,-0.0,0.022291225506382528,0.018970312031691822,0.02147872454908573,0.019901992580422564,0.018900798031962603,-0.0,-0.0,-0.0,0.02211655295430221,-0.0,0.02229420756053944
r1157,0.0,0.0,0.0,0.03545936415669186,0.03552881394700412,0.039958333127008,0.06532645940236319,0.05804403986176049,0.054874631498787116,0.12059494491817298,0.08792569226540568,0.3988694192253489,0.042593266248568,0.49248837477116636,0.0,0.27569522399728874,0.06895522230677112,0.05826851178194992,0.6610036944851517,0.5646394564959892,0.5417912901641507,0.16155892888500586,0.48914133883690997,0.6669596790939925,0.09105890655157789,0.45066241105496846,0.08837607984877308,0.4048074619629829,0.12398945494622735,0.9675439677204376,0.08654635452031342,0.08005816730893742,0.09367157406087803,0.08937028230308229,0.07117382300722537,0.06816585153538163,0.08933606301309348,0.09589812775961397,0.09457294619287707,0.10280294882408786,0.09909108313885574,0.08817714533015937,0.10143267985771456,0.2848102234679407,0.08660840896016445,0.0939322155115451,0.11125338216622427,0.11356311672767233,1.143571792988902,0.1843360428159377,0.24788826371123268,0.0,0.09665829655725776,0.20344628631019812,0.0,0.07642130367102855,0.8577952586634235,0.845332784819088,0.0,0.02387325480018984,0.8730364058085269,0.0,0.7380512519380373,0.07098020053397612,0.4431335892709838,0.7083974114374805,0.04913189248477009,0.06408711377936287,0.0764263633237381,0.16259108676187353,0.6426606831080716,0.10836445671278419
r1156,0.0,0.0,0.0,0.0,0.0,0.0,0.0,0.0,0.0,0.0,0.0,0.0,0.0,0.0,0.0,0.0,0.0,0.0,0.0,0.0,0.0,0.0,0.0,0.0,0.0,0.0,0.0,0.0,0.0,0.1321662908341246,0.0,0.0,0.0,0.0,0.0,0.0,0.0,0.0,0.0,0.0,0.0,0.0,0.0,0.0,0.0,0.0,0.0,0.0,0.0,0.001321662908341246,0.0,0.0,0.0,0.0,0.0,0.0,0.0,0.0,0.0,0.0,0.0,0.0,0.0,0.0,0.0,0.0,0.0,0.0,0.0,0.0,0.0,0.0
BOUNDARY_CITe,0.013740132514560915,0.009979278938187808,0.009554391265813492,0.0,0.0,0.002134065052895344,0.025140873203329892,0.032356404952943216,0.03438089425948558,0.028449063028007905,0.036527840769646096,0.025487366938866645,0.0,0.0,0.019880572913675634,0.0010887357159950638,0.013127299943153613,0.0,0.03628091507343866,0.0,0.0,0.0,0.0,0.0,0.0,0.0,0.0,0.0,0.0,0.0,0.0,0.0,0.0,0.0,0.0,0.0,0.0,0.0,0.0,0.0,0.0,0.0,0.0,0.0,0.0,0.021111412196628602,0.019576531001148728,0.018503718699432486,0.012895676176240128,0.0034950219295274126,0.027973423224387117,0.030734236519402974,0.010092813511712363,0.014419898128296383,0.043286548123355285,0.022638471180076253,0.020261720653513702,0.011775133085437496,0.026442097316132583,0.03575294474216411,0.01880967204930882,0.022418778099332157,0.03931966705931031,0.02514594595003229,0.037399552061331984,0.016514952043570192,0.007506987400949759,0.008536431773009395,0.007875660295738624,0.01687214197650804,0.01585564018622625,0.01606864431252925
BOUNDARY_CO2e,9.099407518518406,9.09941787163957,9.09581461287387,11.117829669469527,11.159728072481343,11.21509903893517,12.392495780933292,12.113200121126525,11.9985129269888,14.745417591818162,13.626559315294454,12.520716588928494,15.68027628489948,12.658084479157157,16.241824541796934,10.079860902211303,12.0872412805076,11.736205280103311,8.59948076536578,11.435862319731433,10.788351128058297,12.678187412791003,9.36779712670446,10.20271995317847,13.399842045768473,10.287231498649028,13.285232891739296,11.33337288049749,14.618874118021857,3.7000753086968623,12.930877075851855,12.58271304918039,13.043100835996837,12.808490841051183,12.14856002328962,12.035808048790756,13.329434676599336,13.63103824093052,13.392349218766995,13.911096702936035,13.785919675312158,13.23524101182612,13.887301197394656,13.234899094552416,13.194098089285731,13.780142635030746,14.952930359073774,14.367902597785866,6.216836691262033,1.0992869056335395,15.02409437619258,15.33237956422047,13.82286788971459,13.772539024367475,15.873357061188733,12.984902758253627,8.992559093571549,9.359876481536347,16.185052710780813,15.153377360710389,9.290329733613245,16.549988734794034,11.24890930818144,15.21935244444548,13.986849866988926,12.490829304426214,11.34672391016892,12.098798407054447,12.597180132296325,14.764608986416356,8.67699732320811,14.059638282721732
BOUNDARY_EOLe,0.0034066691319003,0.012109345478282298,0.01023368657665477,0.02262776695268663,0.00530819871338664,0.018074148855475362,0.03511700633161344,0.044421555460841804,0.05408631633416655,0.0744449731617401,0.03947195889467598,0.08748755654455992,0.01294115390909248,0.017277337524699152,0.023991851781818643,0.08239332016744895,0.12814103253269876,0.08787252838916243,0.060219232740224136,0.04029036111178911,0.03870729670518491,0.06493956684693829,0.05527518440562682,0.08798097435145315,0.07402088312265341,0.08005622869203187,0.06587917108524527,0.05767163895164377,0.05685205935890318,0.043894900287294966,0.13532380047211262,0.11198680442315208,0.07018252801627266,0.12868145864055988,0.09787217597798206,0.10232977375764044,0.05186340814727385,0.06456070014959765,0.052869609366450986,0.05074054740010287,0.05021544583591553,0.04013516390879497,0.057609502976904536,0.07351431571703433,0.1926325633084303,0.14579696180772406,0.18549826172491904,0.2378209510877915,0.21366127619509895,0.02708534882539165,0.1783741107650484,0.24279137141276225,0.24650403246765368,0.2498205160132745,0.21890469818616382,0.18822547199562178,0.19906559777704586,0.19466905586694536,0.11374340548050445,0.1346404465791117,0.19468819580521332,0.1521855303060946,0.16976308309939042,0.16024474031298475,0.2146611599741431,0.1767932771461418,0.06735704179977113,0.08134548653839038,0.08607068961484421,0.15153162827808664,0.19230047574237744,0.12732240471824893
BOUNDARY_GLCer,3.0562107974919392,3.0523785539998114,3.0432640485744598,4.412727623151585,4.430274410683364,4.483117595316616,5.316835242599935,5.143955549585043,5.068404716418512,6.91818480122591,6.152506093415641,6.4077393087169945,7.485611433239188,6.699681885475111,7.89705022530245,4.685300990090206,5.176645113245714,4.891594665101553,5.098406465703674,6.274038835526693,5.78167727800049,5.7593318257211426,4.87543283568016,5.998152748528299,5.979746090486886,5.20722870986965,5.8929582269358995,5.6596067686542595,6.793013704315669,3.4788245485134075,5.684961548792201,5.4574459011884535,5.751681099366281,5.634225328359453,5.147296171361528,5.078631099792244,5.9155592356747375,6.130465184316292,5.916154330514623,6.323757007948244,6.205587584011456,5.860025103192582,6.30086025698778,6.442094860876014,5.903838343882594,6.29079441569606,7.085648885590178,6.728074573228623,5.752804538039822,0.9915339505763195,7.919641491231579,7.375317759281524,6.356280154841274,6.625732080015623,7.726412292766637,5.770369462980509,6.169031280381483,6.32500756892901,7.865500564965513,7.2327348449859254,6.4224520378423815,8.015580335026831,7.0274103323943615,7.89218314111023,8.101947362675574,7.861384798769846,4.624029048013146,5.109365682267199,5.453880748944968,7.061117898955058,5.101784720349299,6.470380590611709
BOUNDARY_He,0.8560682702694203,0.8527673966435211,0.8489250384166442,2.0403967119703603,2.0992987662767515,2.162892042976352,3.3785827158422728,3.0906279721483245,2.9581566076442236,5.73720926327432,4.601273452264058,5.63376731547875,6.693995801482352,6.37158469051489,7.275316463362509,3.105170331639431,3.110678239953244,2.746423813734153,4.5862084749818255,5.970159482175854,5.187654345688584,4.2271301823841085,3.8252491299203815,5.865674427512177,4.368487327398385,4.100207376390329,4.238821582091564,4.639857732754045,5.597457893084811,3.379668088462689,3.9106640961128822,3.588145840018832,4.0646495658181125,3.836661155397688,3.134414567929638,3.013030048760787,4.286191879826884,4.607029681936677,4.40364509640517,4.914653994595837,4.765274347904403,4.218199707741621,4.869720777764033,5.455121872320107,4.154947761651799,4.724880923027126,5.8875644586977876,5.298907978680556,7.027961683204534,1.2335592262361716,7.655245908189706,6.268666826895259,4.730006210333906,5.328308211890789,6.756309605003387,3.8819969185639405,6.583549273707843,6.785201925787749,7.0826274146352,6.12375528506308,7.021447043289511,7.2378774178584635,7.422561714222581,7.5288288463128925,8.476370928557829,8.722218518503253,2.30932578407414,3.0061620795082864,3.5417031802793013,5.9597782834364565,4.421721631341132,5.023040655115998
BOUNDARY_H2Oe,11.73155197304552,11.705281604200216,11.690998220386778,13.704333902536517,13.750518343711041,13.80024586878647,14.998518191451012,14.731586979384192,14.613563566319566,17.31933748090062,16.258460426583184,14.915323730061363,18.263381114500767,15.024740114333808,18.85353605289658,12.390477772276904,14.56702970870114,14.221938359626073,10.829610462262009,13.71690847646827,13.084443095392182,15.162795504529806,11.648471341232595,12.35063611918448,15.91543345763312,12.585160011162296,15.813372637815432,13.693259920829357,17.16371278050787,5.612788662778772,15.331109127346476,15.018046297452871,15.533122936586524,15.23495896848998,14.594684201388953,14.491832833714907,15.873118325866903,16.154758107726447,15.816423065026076,16.452088787854873,16.289321928386766,15.794041696058818,16.419638069993088,15.660034363282959,15.567247303574069,16.26704687577728,17.385278898424982,16.746552379812893,7.8217603870513965,1.377429759719407,17.368487535325805,17.70668127405601,16.186484847375244,16.093823236184534,18.331710681901235,15.438841892469119,10.931804305406637,11.295699501987086,18.733591656297836,17.69172246988533,11.212584924744943,19.034968242785187,13.363911964333175,17.60723839225393,16.16146272735572,14.545108302052446,13.906221291877662,14.648450562733156,15.125707678476843,17.21883581814489,10.742879537703336,16.557127442231327
BOUNDARY_NH3e,0.0,0.0,0.0,1.1831188759251745,1.2452338266801086,1.3098166511758234,2.5281644700811454,2.2378339607496747,2.1046143566692748,4.886591098901526,3.748406642631224,4.83578107393627,5.841874553616591,5.589087018104934,6.423229275593343,2.3204078995525057,2.263274142335359,1.9006166425091193,3.858246211312105,5.208208352310833,4.421284229343187,3.3902714571671653,3.0585014954590224,5.131767758111638,3.518477861336566,3.3196621402938447,3.387365694651972,3.8463228217157512,4.7434838269147255,2.737434677380413,3.06670680828846,2.738548714190812,3.212404402382367,2.987658136607251,2.284246932442002,2.160256936374819,3.4342343985081523,3.7574573397750473,3.590617838117941,4.063948552982465,3.9270796803067554,3.365129896124636,4.019601653731373,4.634969835161834,3.312760379762579,3.874587175439914,5.041138878861362,4.452229801023044,6.439498479522823,1.135657481603875,6.845541414947461,5.429813415153171,3.8798907010020045,4.493839955272225,5.9059479631731415,3.0295993990938133,5.894975495955158,6.093623311279646,6.226123474671783,5.2698504953796625,6.338933632754476,6.386976723873939,6.698426934931621,6.70894294077675,7.716672037898616,8.000737227457599,1.4520201906597499,2.1481723295569406,2.688662559846365,5.115545190794024,3.690908845972436,4.172026130290588
BOUNDARY_O2er,8.495064113720378,8.487485009601828,8.486979631957388,10.480416994064253,10.530880376801555,10.588191722181431,11.793511751058956,11.518657466907046,11.401629879171447,14.13158631497835,13.04069561298726,11.934239518344905,15.053429021650006,12.079757735419184,15.639297585666394,9.468960439560053,11.425919292188699,11.074086137099371,8.093808298973379,10.86098772889696,10.211050879183343,12.036452639931783,8.781938086423605,9.624417489785648,12.743992374866163,9.678936757304191,12.63240102721269,10.726813456556476,13.968722479223558,3.2105575019943355,12.222068613135505,11.877403602617756,12.360378515915622,12.102496240950325,11.446096191597876,11.334033861911506,12.683245514003998,12.980236904478964,12.773999639035226,13.266380503371765,13.15057434596242,12.594106152563633,13.23957738132885,12.601040051811648,12.484637353343965,13.119865075428352,14.27331600076848,13.660333775561066,5.700925967506962,1.0196908903027602,14.387371779885116,14.646368035859359,13.09583866099798,13.061733976424701,15.209738907772184,12.30416990598691,8.422110969362311,8.776709111246063,15.544276700779342,14.51801138160934,8.724304415231053,15.888036060067074,10.695809598544606,14.580040861680073,13.382528920384784,11.901939265926163,10.700154782839107,11.446281131945288,11.94491225310404,14.099517575498538,8.072571034623076,13.400509096797801
BOUNDARY_PIer,0.02526230655606644,0.02516489873238451,0.025051511996556235,0.02529800044956686,0.025203188835245402,0.025173987579964297,0.025095576015954746,0.02516568421375139,0.025187764464773665,0.025101475567505954,0.025167832408540758,0.02354832400814815,0.02514583120607761,0.023091261215707592,0.025144826009378177,0.02315809357966029,0.02500662945669893,0.024959504683900336,0.02148193840083412,0.022484939196623314,0.022615342105952792,0.02469543889124013,0.02262648255100923,0.021657355928298747,0.02508351303671632,0.023033645448576452,0.025126196540628587,0.023416966710168446,0.02520050713541883,0.01895210678196563,0.02490491522342633,0.025071345074653494,0.02514948782619767,0.02505381316454943,0.025088180639726943,0.02516506743099436,0.025140998379192925,0.025070613696616877,0.023992179705963294,0.025104051102709784,0.024734862085095156,0.025173822897882503,0.02508674899090059,0.024202429771074334,0.024852685854556474,0.025091902135976913,0.024977753652086605,0.024985207820575662,0.01736536481028055,0.0028890498180820416,0.023894125914976687,0.024754301371383642,0.025086642397762645,0.02462489695423947,0.02509390570672509,0.02515398376291159,0.020319596539996293,0.020408268273976845,0.02527516299595539,0.025198462855602486,0.020140756960369988,0.02510981305707482,0.02136899050198132,0.024194576135985205,0.02241847626097111,0.021290686922030094,0.025298819515779985,0.025319008761173035,0.025172961523806662,0.024913054089526595,0.02156605637245374,0.025113172114446743
BOUNDARY_SLFer,0.009991512577237753,0.009952986773817634,0.009908141083653725,0.0100056299002349,0.009968130911972288,0.009956581507446226,0.009925568901436992,0.009953297401662509,0.00996203040516396,0.009927902230299015,0.00995414706080804,0.009313614168832635,0.009945445310192706,0.009132840928912379,0.009945047784874674,0.009159273837679657,0.009890389581955475,0.009871751219055716,0.008496336526719616,0.008893034075010728,0.008944609819833043,0.009767310352512939,0.008949015983601184,0.008565716046099509,0.009920797871753277,0.009110053269115462,0.009937679627966645,0.009261660920288432,0.009967070293736984,0.007495761060962825,0.009850160495365478,0.009915985283247093,0.009946891581526384,0.009909051223924839,0.009922643927515773,0.009953053483152799,0.009943533930324107,0.009915696023541223,0.00948916384424844,0.009928920876862053,0.0097829026675978,0.009956516378753928,0.009922077733778668,0.009572319964140567,0.009829503220339876,0.00992411583281763,0.009878968913998911,0.009881917082711923,0.00686818762744883,0.0011426501214305083,0.009450382535691495,0.009790591133931052,0.009922035543508977,0.009739410242426317,0.009924908252820866,0.009948669790261681,0.008036617872216099,0.008071688516904091,0.009996597452373416,0.009966261737834495,0.007965884922721721,0.00993119974134228,0.008451664440269612,0.00956921384269191,0.008866747299752325,0.008420694522714265,0.010005953868806022,0.010013938931252986,0.009956175675208704,0.009853379524435029,0.008529606097967565,0.009932528307843386
DRAIN_Biomass,0.2064703376020609,0.20567421833803906,0.20474750131540478,0.20676206604882838,0.2059871654813251,0.20574850197234765,0.20510763972219037,0.2056806373297631,0.20586110111514577,0.20515585696600613,0.20569819517291293,0.1924618566877227,0.20551837721505717,0.18872625493703574,0.20551016252427973,0.18927247970075337,0.2043806741187804,0.20399552031442608,0.1755731634716151,0.18377074878100502,0.18483653950719547,0.20183729443945092,0.18492759099856285,0.17700686159075948,0.20500904843265155,0.18825535768546026,0.20535790271051158,0.19138826500842987,0.20596524825872656,0.15489669906105907,0.20354935723601944,0.2049095983478073,0.2055482637941471,0.20476630897513717,0.2050471963860919,0.20567559685800976,0.20547887936691234,0.2049036209196265,0.19608951571019292,0.20517690686191853,0.2021595029673863,0.2057471561157749,0.20503549623448702,0.19780790139156287,0.2031224834753531,0.20507761268016628,0.20414467089598712,0.2042055935425547,0.14192816224682067,0.02361237645541635,0.19528811654178838,0.2023183818385824,0.20503462439058853,0.2012607505874266,0.20509398770086018,0.20558500971774488,0.1660732739340419,0.166797993819308,0.2065754143737356,0.2059485397965439,0.1646116077599949,0.20522399862254787,0.17465003389546785,0.1977437147192087,0.18322754380377798,0.17401005378398443,0.20676876072084882,0.20693376862403098,0.2057401156225591,0.2036158770961085,0.1762606649439741,0.2052514528815349
r1400,0.8536075956023029,0.8503162099761216,0.8464848961884975,2.0379325605384584,2.096843849964132,2.1604399710105637,3.3761382815523,3.088176708980589,2.9557031937430196,5.734764254340301,4.5988219798452485,5.631473591253575,6.69154647210016,6.369335486489086,7.272867231881457,3.102914617809584,3.1082424695026627,2.7439926334742033,4.584116027027327,5.967969336940783,5.185451498560007,4.224724723454388,3.8230451976572475,5.863564893013029,4.366044068100865,4.097963784429441,4.236374165214346,4.637576803392669,5.595003237977529,3.377822058723857,3.9082382331406222,3.585703765948727,4.062199880253289,3.8342207890233886,3.1319708539919815,3.010578845664446,4.283743021172619,4.604587679104436,4.401308138421764,4.912208734793115,4.762865048954024,4.2157476518155,4.867277203266584,5.4527644349392075,4.152526986080767,4.722436846593793,5.885131500889247,5.296474294807368,7.026270210049371,1.233277818372703,7.652918501130927,6.266255634456362,4.72756264622693,5.32590962410231,6.753865333415638,3.8795467950681064,6.581570043650874,6.783214058655437,7.0801654876828755,6.1213008290841096,7.019485233095209,7.235431596824993,7.420480267952823,7.526472173896688,8.474187257137554,8.720144699396142,2.3068615528563963,3.003695881757374,3.539251208260452,5.957351627693009,4.4196209898733345,5.020594506887828
BOUNDARY_NH4er,0.8536075956023029,0.8503162099761216,0.8464848961884975,2.0379325605384584,2.096843849964132,2.1604399710105637,3.3761382815523,3.088176708980589,2.9557031937430196,5.734764254340301,4.5988219798452485,5.631473591253575,6.69154647210016,6.369335486489086,7.272867231881457,3.102914617809584,3.1082424695026627,2.7439926334742033,4.584116027027327,5.967969336940783,5.185451498560007,4.224724723454388,3.8230451976572475,5.863564893013029,4.366044068100865,4.097963784429441,4.236374165214346,4.637576803392669,5.595003237977529,3.377822058723857,3.9082382331406222,3.585703765948727,4.062199880253289,3.8342207890233886,3.1319708539919815,3.010578845664446,4.283743021172619,4.604587679104436,4.401308138421764,4.912208734793115,4.762865048954024,4.2157476518155,4.867277203266584,5.4527644349392075,4.152526986080767,4.722436846593793,5.885131500889247,5.296474294807368,7.026270210049371,1.233277818372703,7.652918501130927,6.266255634456362,4.72756264622693,5.32590962410231,6.753865333415638,3.8795467950681064,6.581570043650874,6.783214058655437,7.0801654876828755,6.1213008290841096,7.019485233095209,7.235431596824993,7.420480267952823,7.526472173896688,8.474187257137554,8.720144699396142,2.3068615528563963,3.003695881757374,3.539251208260452,5.957351627693009,4.4196209898733345,5.020594506887828
NE8m,0.03822839594769678,0.0380809928737246,0.03790940936354982,0.038282410053072674,0.0381389356631983,0.0380947466371841,0.037976089709842994,0.038082181362880295,0.03811559459367147,0.037985017228969964,0.038085432232655175,0.03563469768944524,0.03805213857812227,0.03494304355410204,0.038050617611695446,0.035044178161553884,0.03784149057444042,0.03777017857725662,0.03250772236309648,0.03402552167830064,0.03422285496283626,0.037370578740053215,0.03423971332856591,0.0327731744372523,0.0379578353354023,0.03485585598617834,0.038022426402656635,0.03543592004284082,0.038134877645599745,0.028679433624553215,0.03768757059096347,0.03793942195329322,0.03805767213801392,0.0379128916393646,0.03796489850527769,0.03808124810945422,0.03804482547254256,0.03793831522051068,0.03630636601277364,0.03798891465929794,0.03743023629341751,0.03809449744914795,0.03796273219880774,0.03662452855845064,0.03760853406042858,0.03797053014295815,0.03779779410573381,0.037809074055591085,0.02627828309632334,0.0043718787254732475,0.036157985353945196,0.037459653034177205,0.037962570775166245,0.03726383049276321,0.03797356201078967,0.038064475719259895,0.03074879881543572,0.030882982151632512,0.0382478511221259,0.03813178404040969,0.030478168399978574,0.037997633792961984,0.032336803075813665,0.036612644267690925,0.0339249461903571,0.03221830947821228,0.0382836495849866,0.038314201128276576,0.03809319388774806,0.037699886876098675,0.03263501463570669,0.03800271700392194
NE6e,0.04296108145355644,0.040764227065818705,0.04037625947342312,0.4595698030708057,0.46146560969066797,0.4650944310655691,0.5268012642376105,0.513642787105529,0.5080205555179125,0.6431263389647981,0.5886095584356712,0.5654230472409624,0.6967029364067591,0.5779706716319188,0.7435603682114257,0.3371020824010977,0.512180951514799,0.4926031306486394,0.34878124352359546,0.529948107803716,0.4964991010469704,0.5484064606791759,0.3343731598067363,0.4865829642713628,0.5745140432432265,0.43917179402180634,0.5686522555311357,0.5078588510984148,0.6344049199412458,0.0,0.5503820468051653,0.5332223193226147,0.5563800822576743,0.5454670477621192,0.5112582227540642,0.5059586565628236,0.570784582762694,0.5859340414010429,0.5737850466248685,0.5999330216410207,0.5931287988200644,0.5664071993024005,0.5985497677883874,0.5853935957198521,0.5649085529674849,0.595256027716899,0.6543463829120415,0.6242003928235568,0.3617370206348327,0.06264448981987833,0.6976929705036277,0.686250540380127,0.5967332344469375,0.6048783378390722,0.72121435204657,0.5559168053332915,0.45749441970028426,0.4719619140722682,0.7453684868179344,0.6743277764692736,0.47243350539223844,0.8313595441711418,0.547426503658522,0.7273374585236588,0.7334799101823235,0.6073921771472217,0.47345079567926984,0.5106820749096795,0.5356599068954245,0.6474642127908613,0.3285606293959404,0.6086133657415074
r163c,0.028640720969037626,0.02717615137721247,0.026917506315615406,0.30637986871387046,0.3076437397937786,0.31006295404371276,0.3512008428250737,0.34242852473701924,0.338680370345275,0.4287508926431987,0.39240637229044745,0.3769486981606416,0.4644686242711727,0.38531378108794584,0.4957069121409504,0.2247347216007318,0.34145396767653274,0.32840208709909297,0.23252082901573032,0.3532987385358106,0.3309994006979803,0.36560430711945063,0.2229154398711575,0.32438864284757524,0.383009362162151,0.2927811960145375,0.3791015036874238,0.33857256739894315,0.4229366132941639,0.0,0.3669213645367769,0.3554815462150764,0.3709200548384496,0.36364469850807946,0.34083881516937614,0.3373057710418824,0.38052305517512935,0.39062269426736185,0.382523364416579,0.3999553477606804,0.39541919921337626,0.3776047995349336,0.3990331785255916,0.390262397146568,0.3766057019783232,0.3968373518112659,0.4362309219413609,0.41613359521570453,0.24115801375655513,0.04176299321325221,0.4651286470024184,0.45750036025341806,0.3978221562979583,0.40325222522604814,0.4808095680310467,0.3706112035555277,0.3049962798001895,0.3146412760481788,0.4969123245452896,0.4495518509795157,0.31495567026149224,0.5542396961140945,0.3649510024390146,0.48489163901577254,0.4889866067882157,0.4049281180981479,0.3156338637861799,0.34045471660645305,0.3571066045969497,0.4316428085272409,0.2190404195972936,0.4057422438276716
r31,0.0,0.0,0.0,0.26254654734789246,0.292687628406018,0.30919611577356954,0.7127321179121879,0.6402558406420656,0.6060227936491157,1.3531103181754847,1.052936147125194,0.9573701794406466,1.6468390174709493,1.0503091367868902,1.8980572895061494,0.2389764911530468,0.6128595312956934,0.5181908874179677,0.24182705558275883,0.8239458796548405,0.6252237475012427,0.7950048340437684,0.20188197865280122,0.6406653899722183,0.9576474701717252,0.40339316875098963,0.9223242989731699,0.6331975473443027,1.2887114375510444,0.0,0.8163023034737981,0.7267954052936035,0.8461171937909656,0.7847554296029952,0.602061531222959,0.5710292678581446,0.9351317914719611,1.022447631860219,0.9685048547871026,1.1049273888202684,1.0704852380840457,0.9160261473678548,1.0932518068406942,1.0214360613162252,0.9012144519113402,1.0721007602502588,1.3980932951266594,1.2253717325295015,0.2906307154747216,0.0728397048500756,1.6522257312906232,1.5657173722125182,1.062361428450213,1.0867810229272001,1.7564180778933274,0.8444614164019616,0.5828149991747463,0.6548600523460253,1.8602698450675264,1.4815164811648283,0.6871354299800083,1.93996003926546,1.0218138782579402,1.6984066477387045,1.5934778953057045,1.3768334115992213,0.34512836049027706,0.5876444077155457,0.7299008280648758,1.32322358282069,0.19483158821517987,1.1482340284112986
r32c,0.3934913620417984,0.3942731438656007,0.39378457350741514,0.3689389820242806,0.3866309159754308,0.39092759196944477,0.6849248453924696,0.6052255874038356,0.5689657050751333,1.3219942290069184,1.0137342298182999,0.9293808083648396,1.6441672785671537,1.047855695472709,1.8755050844796581,0.2786144208145449,0.5970752825889956,0.5171409990600094,0.2356077949019273,0.8215568599206875,0.622820872487649,0.7923809492160555,0.24364950057959442,0.6383643007715385,0.9549823525421007,0.40094584910107867,0.9196546462379331,0.630709499899193,1.286033889323681,0.0,0.831465194704159,0.7446495902128999,0.8615545024480132,0.7977917166058924,0.6224448251457345,0.5881941725284038,0.9324605660401915,1.0197838847882637,0.96595569108287,1.1022600890310634,1.0678571645454698,0.9133514343383498,1.0905863453896458,1.0188645585981349,0.8985738596261605,1.048323339088788,1.3758628834038629,1.204213341114016,0.27588997318927283,0.06939441907248753,1.6217135625511927,1.5323529967292138,1.0496031648214228,1.0697447350412672,1.7104653079298608,0.8191503400955548,0.5603943259600902,0.6409165453409368,1.8311422673645352,1.443086205405309,0.6661858070298196,1.9148733491840348,0.9802237607579888,1.6706900334973227,1.5536963851749233,1.3580563288564593,0.4065662354044506,0.5764178369504239,0.7193505462660439,1.3037044344419326,0.21561118211054986,1.1294971152113091
r33c,0.3934913620417984,0.3942731438656007,0.39378457350741514,0.3689389820242806,0.3866309159754308,0.39092759196944477,0.6849248453924696,0.6052255874038356,0.5689657050751333,1.3219942290069184,1.0137342298182999,0.9293808083648396,1.6441672785671537,1.047855695472709,1.8755050844796581,0.2786144208145449,0.5970752825889956,0.5171409990600094,0.2356077949019273,0.8215568599206875,0.622820872487649,0.7923809492160555,0.24364950057959442,0.6383643007715385,0.9549823525421007,0.40094584910107867,0.9196546462379331,0.630709499899193,1.286033889323681,0.0,0.831465194704159,0.7446495902128999,0.8615545024480132,0.7977917166058924,0.6224448251457345,0.5881941725284038,0.9324605660401915,1.0197838847882637,0.96595569108287,1.1022600890310634,1.0678571645454698,0.9133514343383498,1.0905863453896458,1.0188645585981349,0.8985738596261605,1.048323339088788,1.3758628834038629,1.204213341114016,0.27588997318927283,0.06939441907248753,1.6217135625511927,1.5323529967292138,1.0496031648214228,1.0697447350412672,1.7104653079298608,0.8191503400955548,0.5603943259600902,0.6409165453409368,1.8311422673645352,1.443086205405309,0.6661858070298196,1.9148733491840348,0.9802237607579888,1.6706900334973227,1.5536963851749233,1.3580563288564593,0.4065662354044506,0.5764178369504239,0.7193505462660439,1.3037044344419326,0.21561118211054986,1.1294971152113091
r184r,0.6104088932054638,0.6114398265864593,0.6118198911968696,0.8931309722120799,0.902284472436855,0.9132476925552047,1.1328967495149673,1.0825601989739075,1.0602971236559091,1.5817052295557297,1.3571544773384512,1.4327920117771775,1.8281759544618337,1.5381080526934696,2.0436104110439013,0.9880376788439093,1.0820052822970336,1.0148821296371533,1.0744612942391076,1.406913975959781,1.258941143279618,1.2411425453952214,1.023520287380131,1.3175589421215912,1.310647381619164,1.0894491696842663,1.2876984032514307,1.2168360759599737,1.549059382541306,0.7817017799982745,1.226242216277228,1.165079003738882,1.2479672154524104,1.2087336352214317,1.0828877218667274,1.0620382091939449,1.2955481920179566,1.3530917392476893,1.3130106844255045,1.411061258130098,1.3836315395833878,1.2811887631788337,1.4035482722828125,1.4465503796609156,1.2771284867367816,1.3830759986747567,1.6263922014265653,1.501955657727068,1.2608680335616174,0.2233468043570343,1.955702693677547,1.7956779744637863,1.388105361579793,1.469568215410101,1.939662945319076,1.2347897345239816,1.3512083107098827,1.4030906951853321,2.0479462236268446,1.7329827210739988,1.4373728272116433,2.139547933992425,1.6173796750122929,2.0475494363510265,2.060784899933595,1.9320110143109268,0.9381715797639527,1.0680191251196918,1.162821459420805,1.6151492167604815,1.0673259727292785,1.4401345926447988
r184c,0.6104088932054638,0.6114398265864593,0.6118198911968696,0.8931309722120799,0.902284472436855,0.9132476925552047,1.1328967495149673,1.0825601989739075,1.0602971236559091,1.5817052295557297,1.3571544773384512,1.4327920117771775,1.8281759544618337,1.5381080526934696,2.0436104110439013,0.9880376788439093,1.0820052822970336,1.0148821296371533,1.0744612942391076,1.406913975959781,1.258941143279618,1.2411425453952214,1.023520287380131,1.3175589421215912,1.310647381619164,1.0894491696842663,1.2876984032514307,1.2168360759599737,1.549059382541306,0.7817017799982745,1.226242216277228,1.165079003738882,1.2479672154524104,1.2087336352214317,1.0828877218667274,1.0620382091939449,1.2955481920179566,1.3530917392476893,1.3130106844255045,1.411061258130098,1.3836315395833878,1.2811887631788337,1.4035482722828125,1.4465503796609156,1.2771284867367816,1.3830759986747567,1.6263922014265653,1.501955657727068,1.2608680335616174,0.2233468043570343,1.955702693677547,1.7956779744637863,1.388105361579793,1.469568215410101,1.939662945319076,1.2347897345239816,1.3512083107098827,1.4030906951853321,2.0479462236268446,1.7329827210739988,1.4373728272116433,2.139547933992425,1.6173796750122929,2.0475494363510265,2.060784899933595,1.9320110143109268,0.9381715797639527,1.0680191251196918,1.162821459420805,1.6151492167604815,1.0673259727292785,1.4401345926447988
r146a,0.6104088932054638,0.6114398265864593,0.6118198911968696,0.8931309722120799,0.902284472436855,0.9132476925552047,1.1328967495149673,1.0825601989739075,1.0602971236559091,1.5817052295557297,1.3571544773384512,1.4327920117771775,1.8281759544618337,1.5381080526934696,2.0436104110439013,0.9880376788439093,1.0820052822970336,1.0148821296371533,1.0744612942391076,1.406913975959781,1.258941143279618,1.2411425453952214,1.023520287380131,1.3175589421215912,1.310647381619164,1.0894491696842663,1.2876984032514307,1.2168360759599737,1.549059382541306,0.7817017799982745,1.226242216277228,1.165079003738882,1.2479672154524104,1.2087336352214317,1.0828877218667274,1.0620382091939449,1.2955481920179566,1.3530917392476893,1.3130106844255045,1.411061258130098,1.3836315395833878,1.2811887631788337,1.4035482722828125,1.4465503796609156,1.2771284867367816,1.3830759986747567,1.6263922014265653,1.501955657727068,1.2608680335616174,0.2233468043570343,1.955702693677547,1.7956779744637863,1.388105361579793,1.469568215410101,1.939662945319076,1.2347897345239816,1.3512083107098827,1.4030906951853321,2.0479462236268446,1.7329827210739988,1.4373728272116433,2.139547933992425,1.6173796750122929,2.0475494363510265,2.060784899933595,1.9320110143109268,0.9381715797639527,1.0680191251196918,1.162821459420805,1.6151492167604815,1.0673259727292785,1.4401345926447988
r162b,0.6114412448934888,0.612468197678249,0.6128436287034278,0.8941647825424054,0.9033144082645126,0.9142764350651851,1.1339222877134423,1.0835886021606813,1.0613264291613018,1.5909409359246016,1.3664145986885643,1.4414562596413099,1.8374279807677039,1.5466041312380645,2.052862067540609,0.9889840412423017,1.0830271856676155,1.0159021072385575,1.0823652469122862,1.4151869675282662,1.2672621146150833,1.2502288567162356,1.024444925335163,1.325527437016626,1.3198764789614117,1.0903904464727807,1.2969432053156649,1.2254519928747865,1.558331526087464,0.7886749195966888,1.2354056012412105,1.167923738785584,1.2572205871918316,1.2179518049186726,1.0839129578485174,1.0630665871784597,1.304798440209456,1.3623160904541676,1.3218382422435095,1.420297912122983,1.3927323560880236,1.2904510886530536,1.4127785602522516,1.4554552957656528,1.2862726546978767,1.3923081826423223,1.635582386221151,1.5111485851371387,1.267257355569558,0.22438776794299856,1.9644941741079773,1.8047859433774007,1.3973356103007322,1.478628571880204,1.9488958664578926,1.2440447604916245,1.3586845973558868,1.4105996072709959,2.0572458356323775,1.7422541124383164,1.4447833125698823,2.1487867079609355,1.6252420702383996,2.0564514628997848,2.069033437500609,1.9398445989123088,0.9392054235675087,1.0690537939627691,1.1638501599986752,1.6243155963161862,1.07323164140125,1.449374602550506
r1905,0.7822845321169501,0.7792681579820647,0.7757569689130858,1.1087759362500866,1.1415441407691358,1.1692682443277242,1.7403995110390649,1.6250005119719055,1.5709105490392776,2.741924694164527,2.2701373090154164,2.20887670762473,3.2434948557416385,2.3727256538366723,3.6660701196494703,1.2035225388925683,1.6015102184948327,1.444807790464363,1.1679102915417794,2.0117686846081386,1.7084522159264184,1.9467996230938922,1.16961734665481,1.7110653975487338,2.136238083715789,1.3885921601886588,2.0819434855423045,1.7174358254130346,2.6571780214810494,0.586879903228441,1.921184790188978,1.7837245060380806,1.9819240934346194,1.8840019556715113,1.589840641264449,1.5415312260329253,2.1024042875972784,2.2375277500850084,2.1399118113813134,2.3675708679104654,2.3044947189391514,2.073214972943928,2.348913064232373,2.310264580095856,2.0419158414237835,2.3056572227013117,2.8172705224729238,2.54352293970932,1.0648355045891926,0.2152097847708585,3.327571577486903,3.1137766395409643,2.295495802993734,2.3980668799153935,3.424514310735985,1.9495403783051668,1.5848216754531608,1.7015852938033862,3.6282544938204335,2.998660820678097,1.7417471587049163,3.7620549462392945,2.276478325924478,3.436875772599452,3.2404603344746348,2.8516911656186807,1.2312117580883715,1.563795184021052,1.7867736905529874,2.7619264239733994,1.1336962012161491,2.427029685991028
r1906r,0.7822845321169493,0.7792681579820641,0.775756968913086,1.045936393933427,1.0731414952526381,1.0887457230852737,1.4898535961699142,1.4195483192020664,1.3859990218922504,2.1304144841958093,1.832295149667636,1.6865787197952196,2.4255167172719867,1.7653640534217045,2.6767038651001633,0.9561009698793373,1.3872266480624045,1.2910987153244369,0.9070469202560192,1.5202251413471768,1.3255411272557456,1.559735474183638,0.9025443385829066,1.3113173175527113,1.7343954011116973,1.1166639277174315,1.700393985419052,1.3583384130184635,2.069082263393204,0.5868799032284419,1.587519687711253,1.5031665350717491,1.6249081292693957,1.560583657862412,1.3789539989242647,1.350302648841548,1.713659839967078,1.79879611407716,1.7114580403727166,1.882311309676883,1.836436677058488,1.6955706554348358,1.8700999444569624,1.7708999474429363,1.6708144767546378,1.8491084706380192,2.171566231775947,1.9990754957692791,0.8283748160896125,0.16230338802182398,2.3921425379911345,2.3322707789313832,1.8392062627832957,1.8493272265869165,2.5334878307301447,1.6233915765649811,1.2120412352795003,1.286832141259202,2.6429524970021734,2.2618240011991264,1.3108236364948684,2.717522383600993,1.6835361461483092,2.447627340380424,2.2876990364157392,2.0361308927241373,1.1285435721642316,1.3716848090987608,1.5094186607798228,2.094693000634642,0.8626562908224543,1.9259003927353597
r1907r,0.7822845321169501,0.7792681579820647,0.7757569689130858,1.1087759362500866,1.1415441407691358,1.1692682443277242,1.7403995110390649,1.6250005119719055,1.5709105490392776,2.741924694164527,2.2701373090154164,2.20887670762473,3.2434948557416385,2.3727256538366723,3.6660701196494703,1.2035225388925683,1.6015102184948327,1.444807790464363,1.1679102915417794,2.0117686846081386,1.7084522159264184,1.9467996230938922,1.16961734665481,1.7110653975487338,2.136238083715789,1.3885921601886588,2.0819434855423045,1.7174358254130346,2.6571780214810494,0.586879903228441,1.921184790188978,1.7837245060380806,1.9819240934346194,1.8840019556715113,1.589840641264449,1.5415312260329253,2.1024042875972784,2.2375277500850075,2.1399118113813134,2.3675708679104654,2.3044947189391514,2.073214972943928,2.348913064232373,2.310264580095856,2.0419158414237835,2.3056572227013117,2.8172705224729238,2.54352293970932,1.0648355045891926,0.2152097847708585,3.327571577486903,3.1137766395409643,2.295495802993734,2.3980668799153935,3.424514310735985,1.9495403783051668,1.5848216754531608,1.7015852938033862,3.6282544938204335,2.998660820678097,1.7417471587049163,3.7620549462392945,2.276478325924478,3.436875772599452,3.2404603344746348,2.8516911656186807,1.2312117580883715,1.563795184021052,1.7867736905529874,2.7619264239734,1.1336962012161491,2.427029685991028
r2027r,0.2853560900898069,0.28425579888117375,0.28297501280554804,-0.0,-0.0,-0.0,-0.0,-0.0,-0.0,-0.0,-0.0,-0.0,-0.0,-0.0,-0.0,-0.0,-0.0,-0.0,-0.0,-0.0,-0.0,-0.0,-0.0,-0.0,-0.0,-0.0,-0.0,-0.0,-0.0,-0.0,-0.0,-0.0,-0.0,-0.0,-0.0,-0.0,-0.0,-0.0,-0.0,-0.0,-0.0,-0.0,-0.0,-0.0,-0.0,-0.0,-0.0,-0.0,-0.0,0.0028297501280554805,-0.0,-0.0,-0.0,-0.0,-0.0,-0.0,-0.0,-0.0,-0.0,-0.0,-0.0,-0.0,-0.0,-0.0,-0.0,-0.0,-0.0,-0.0,-0.0,-0.0,-0.0,-0.0
r2035,0.14267804504490345,0.14212789944058687,0.14148750640277402,0.0,0.0,0.0,0.0,0.0,0.0,0.0,0.0,0.0,0.0,0.0,0.0,0.0,0.0,0.0,0.0,0.0,0.0,0.0,0.0,0.0,0.0,0.0,0.0,0.0,0.0,0.0,0.0,0.0,0.0,0.0,0.0,0.0,0.0,0.0,0.0,0.0,0.0,0.0,0.0,0.0,0.0,0.0,0.0,0.0,0.0,0.0014148750640277403,0.0,0.0,0.0,0.0,0.0,0.0,0.0,0.0,0.0,0.0,0.0,0.0,0.0,0.0,0.0,0.0,0.0,0.0,0.0,0.0,0.0,0.0
r2036,0.14267804504490345,0.14212789944058687,0.14148750640277402,0.0,0.0,0.0,0.0,0.0,0.0,0.0,0.0,0.0,0.0,0.0,0.0,0.0,0.0,0.0,0.0,0.0,0.0,0.0,0.0,0.0,0.0,0.0,0.0,0.0,0.0,0.0,0.0,0.0,0.0,0.0,0.0,0.0,0.0,0.0,0.0,0.0,0.0,0.0,0.0,0.0,0.0,0.0,0.0,0.0,0.0,0.0014148750640277403,0.0,0.0,0.0,0.0,0.0,0.0,0.0,0.0,0.0,0.0,0.0,0.0,0.0,0.0,0.0,0.0,0.0,0.0,0.0,0.0,0.0,0.0
NE12,0.14267804504490345,0.14212789944058687,0.14148750640277402,0.0,0.0,0.0,0.0,0.0,0.0,0.0,0.0,0.0,0.0,0.0,0.0,0.0,0.0,0.0,0.0,0.0,0.0,0.0,0.0,0.0,0.0,0.0,0.0,0.0,0.0,0.0,0.0,0.0,0.0,0.0,0.0,0.0,0.0,0.0,0.0,0.0,0.0,0.0,0.0,0.0,0.0,0.0,0.0,0.0,0.0,0.0014148750640277403,0.0,0.0,0.0,0.0,0.0,0.0,0.0,0.0,0.0,0.0,0.0,0.0,0.0,0.0,0.0,0.0,0.0,0.0,0.0,0.0,0.0,0.0
r2037,0.14267804504490345,0.14212789944058687,0.14148750640277402,0.0,0.0,0.0,0.0,0.0,0.0,0.0,0.0,0.0,0.0,0.0,0.0,0.0,0.0,0.0,0.0,0.0,0.0,0.0,0.0,0.0,0.0,0.0,0.0,0.0,0.0,0.0,0.0,0.0,0.0,0.0,0.0,0.0,0.0,0.0,0.0,0.0,0.0,0.0,0.0,0.0,0.0,0.0,0.0,0.0,0.0,0.0014148750640277403,0.0,0.0,0.0,0.0,0.0,0.0,0.0,0.0,0.0,0.0,0.0,0.0,0.0,0.0,0.0,0.0,0.0,0.0,0.0,0.0,0.0,0.0
r2127,1.402358368470487,1.4050511326027795,1.4080310518243064,1.8297860282232843,1.8423010548924859,1.858664211730303,2.077550832474522,2.0330633568777667,2.0160283764373887,2.4430949503944808,2.2683982394306668,2.087170557360237,2.803099982702611,2.108578746934971,3.159398123181098,1.7765685836368217,2.018666020334919,1.9608483741073686,1.4806741901694072,1.9027550992113547,1.7990918030910579,2.112362527111509,1.6264811282108855,1.6861501977809066,2.2230824727626772,1.7360328538985186,2.2069180300732594,1.8924335133351093,2.41486081579854,0.16874037410039044,2.144348034718727,2.081197754733883,2.1582906349339335,2.1181413091317465,2.0177850575696623,1.9983836783568294,2.214745418255666,2.259660399944116,2.2745709085261896,2.301560853418035,2.3014014428813274,2.1967892517373917,2.3002291963048656,2.2022056224135658,2.1847775039085153,2.279501331628756,2.5117535612466417,2.3671730741337753,0.68555048002907,0.10091620172875558,2.782936646230188,2.790887423902465,2.273327546750296,2.2795153504410486,3.0194014843059778,2.154914671657927,1.399630139151837,1.4361823868457533,3.218232024027943,2.6848345538658624,1.3679904042997915,3.377091206388177,1.7258788482474612,2.8825373075322682,2.371901112103604,1.7331340102310642,1.8880572824225785,2.0248764797737935,2.1036207923993397,2.4524604883092556,1.4920331272628642,2.3230210995910934
r2128,0.1815405820596719,0.18217147942986128,0.18439126943056722,0.04352408379950267,0.03773211001915439,0.03216882662039788,0.0,0.0,0.0,0.0,0.0,0.0,0.0,0.0,0.0,0.0,0.0,0.0,0.0,0.0,0.0,0.0,0.0,0.0,0.0,0.0,0.0,0.0,0.0,0.0,0.0,0.0,0.0,0.0,0.0,0.0,0.0,0.0,0.0,0.0,0.0,0.0,0.0,0.0,0.0,0.0,0.0,0.0,0.0,0.00011714122894799076,0.0,0.0,0.0,0.0,0.0,0.0,0.0,0.0,0.0,0.0,0.0,0.0,0.0,0.0,0.0,0.0,0.011714122894799077,0.0,0.0,0.0,0.0,0.0
NE13,1.5838989505301588,1.587222612032641,1.5924223212548734,1.8733101120227869,1.8800331649116404,1.8908330383507008,2.077550832474522,2.0330633568777667,2.0160283764373887,2.4430949503944808,2.2683982394306668,2.087170557360237,2.803099982702611,2.108578746934971,3.159398123181098,1.7765685836368217,2.018666020334919,1.9608483741073686,1.4806741901694072,1.9027550992113547,1.7990918030910579,2.112362527111509,1.6264811282108855,1.6861501977809066,2.2230824727626772,1.7360328538985186,2.2069180300732594,1.8924335133351093,2.41486081579854,0.16874037410039044,2.144348034718727,2.081197754733883,2.1582906349339335,2.1181413091317465,2.0177850575696623,1.9983836783568294,2.214745418255666,2.259660399944116,2.2745709085261896,2.301560853418035,2.3014014428813274,2.1967892517373917,2.3002291963048656,2.2022056224135658,2.1847775039085153,2.279501331628756,2.5117535612466417,2.3671730741337753,0.68555048002907,0.10103334295770355,2.782936646230188,2.790887423902465,2.273327546750296,2.2795153504410486,3.0194014843059778,2.154914671657927,1.399630139151837,1.4361823868457533,3.218232024027943,2.6848345538658624,1.3679904042997915,3.377091206388177,1.7258788482474612,2.8825373075322682,2.371901112103604,1.7331340102310642,1.8997714053173775,2.0248764797737935,2.1036207923993397,2.4524604883092556,1.4920331272628642,2.3230210995910934
NE14,0.14878127584886167,0.1517032552481558,0.155504418342517,0.07036363366534207,0.06649827366365572,0.06451812942594197,0.0,0.0,0.0,0.0,0.0,0.0,0.0,0.0,0.0,0.0,0.0,0.011544001202631032,0.0,0.0,0.0,0.0,0.0,0.0,0.0,0.0,0.0,0.0,0.0,0.0,0.0,0.0,0.0,0.0,0.0,0.0,0.0,0.0,0.0,0.0,0.0,0.0,0.0,0.0,0.0,0.0,0.0,0.0,0.0,0.00011544001202631033,0.0,0.0,0.0,0.0,0.0,0.0,0.0,0.0,0.0,0.0,0.0,0.0,0.0,0.0,0.0,0.0,0.050302264206424654,0.0,0.0,0.0,0.0,0.0
r2129,1.6166582567409693,1.6176908362145535,1.6213091723429887,1.8464705621565471,1.8512670012663939,1.8584837355446597,1.9771492190092217,1.9397239221830738,1.9241948180085648,2.284732171593631,2.146078471588443,1.9091268153248564,2.468465216074871,1.9059161956300446,2.622016599291682,1.6048955936529423,1.9185569001600389,1.8803884877377992,1.2930403774538355,1.708110043967336,1.6294314104408238,1.9895845834188068,1.45309965364182,1.4907331183941457,2.1010388962020246,1.5868018334685612,2.087389451172673,1.7435824204158772,2.2626567484149525,0.23006705354815044,2.024702058593745,1.9764175261844077,2.0457501674416965,2.00636867540256,1.9205674719570358,1.9051546045573884,2.0952239699687887,2.1334340625119284,2.1167475383363303,2.170254150672118,2.1602115603692345,2.0821933752858377,2.1677900027800017,2.034318063482769,2.057481521945181,2.148183419282526,2.3086239493473943,2.211858175368882,0.681694331868682,0.1186376978739006,2.3288015903452353,2.4204903589137072,2.1371777126029965,2.110250278207202,2.5395652296991638,2.0369359926445636,1.2295351895256599,1.2773633725068037,2.631617683062207,2.387270494519892,1.2457337243322368,2.7111878522903634,1.5762788827667393,2.3957142338550366,2.0567578821225867,1.6921719154731094,1.8611832640057302,1.9289993110303891,1.9951469628597516,2.270159680086288,1.2918844614581717,2.1846938235231197
r2135,0.0,0.0,0.0,0.0628395423166595,0.0684026455164982,0.0805225212424506,0.25054591486914546,0.20545219276984011,0.18491152714702158,0.6115102099687176,0.4378421593477809,0.5222979878294846,0.8179781384696534,0.6073616004149684,0.9893662545493064,0.24742156901323034,0.2142835704324337,0.15370907513992582,0.2608633712857605,0.4915435432609624,0.38291108867067275,0.3870641489102434,0.267073008071909,0.3997480799960228,0.40184268260409184,0.2719282324712002,0.3815495001232598,0.3590974123945775,0.5880957580878451,0.0,0.33366510247772657,0.2805579709663283,0.35701596416522985,0.32341829780908604,0.2108866423401793,0.19122857719137706,0.38874444763020105,0.4387316360078486,0.4284537710085975,0.4852595582335812,0.4680580418806631,0.3776443175090932,0.4788131197754109,0.5393646326529205,0.37110136466915195,0.4565487520632926,0.6457042906969754,0.5444474439400413,0.23646068849958024,0.052906396749034815,0.9354290394957656,0.7815058606095813,0.45628954021043777,0.5487396533284685,0.8910264800058396,0.32614880174018634,0.3727804401736605,0.41475315254418293,0.9853019968182644,0.7368368194789682,0.4309235222100468,1.0445325626383013,0.5929421797761661,0.9892484322190285,0.9527612980588944,0.8155602728945432,0.10266818592413947,0.19211037492228636,0.2773550297731622,0.6672334233387576,0.27103991039369435,0.5011292932556676
r2142,0.4433616633289929,0.4404796745084135,0.4387868254260685,0.9954357815720056,1.0232358661955496,1.046710310451394,1.5844812623561453,1.467129682378877,1.4117075361294043,2.593487365978438,2.11349442660541,2.0969237214908247,2.866343565911185,2.2795682568726874,2.850956614953116,1.1250253281517626,1.4519013407543768,1.2973119796418813,1.1216813015270841,1.9296143115405733,1.6213105912682766,1.8131509945665494,1.1190253095706328,1.6478125088960698,1.9903356766419513,1.2945359949029898,1.935268418405845,1.611107734883825,2.5176766715713885,0.16443748668643773,1.779813566512069,1.646382161821324,1.8447647071036395,1.7463265709928868,1.4509979515787041,1.402300630796494,1.9557829896790115,2.092005011082056,1.9769448496207995,2.2247742104566477,2.1537188007566566,1.928261225092321,2.2045499639121857,2.1913532353872256,1.8953728791034712,2.154729320717825,2.6590687501765844,2.3967424815026463,1.0824143822421872,0.2207626750747573,2.9157891737383728,2.4650534470652676,2.1491117840197886,2.26568653972348,2.6203168740171914,1.7959769973270236,1.5514313190880478,1.6688593644851484,2.619281742437831,2.471919574363923,1.7126565616616556,2.474287180972826,2.2176906350880157,2.4586858405745833,2.629996573305221,2.6182906848928074,1.1056842863711906,1.4123381930866317,1.6363956931195744,2.623894559210268,1.098378308212356,2.2805517494146272
r2143,0.8877683081365474,0.8820003012004531,0.8786099127633694,1.9919180211098353,2.047514268453418,2.094461949048515,3.170000609345223,2.9353003494289878,2.8244569702879403,5.188013060625477,4.228029926745283,4.194821525156862,5.733727295267582,4.560091689405074,5.702953351775492,2.2510085964996125,2.9048370868451836,2.595656415291312,2.244251208681936,3.8601587180817543,3.2435566716852113,3.6273235219925963,2.238986569117,3.296520879609817,3.9817089389295584,2.5900247821746363,3.871576188068152,3.223184118312862,5.0363957682783065,0.3296589318992624,3.5606573309244998,3.2938014059545178,3.690569728913546,3.4936894990857685,2.9030336818763414,2.8056422207535383,3.9126059428979083,4.185047074223202,3.9548821416158266,4.450586856118997,4.308460765124946,3.85756377151876,4.41013764732685,4.383707610190737,3.7917737956266335,4.310496574096618,5.319170711237168,4.794518482229162,2.165547087041293,0.441644856393601,5.832566733833543,4.931130861855145,4.299261283129504,4.532391694320011,5.241671763572116,3.592994495337666,3.103703163247933,3.338562921972675,5.239608998165627,4.944881489299007,3.426146250654158,4.949613035490758,4.436265203688082,4.918372495705793,5.260920492358314,5.237462064249524,2.2124150645910787,2.82572371315501,3.273832671940134,5.248819652989218,2.1976487016143063,4.562142311325035
r2144,0.4444066448075543,0.44152062669203956,0.4398230873373009,0.9964822395378299,1.0242784022578688,1.047751638597121,1.5855193469890778,1.4681706670501111,1.4127494341585356,2.5945256946470385,2.114535500139873,2.097897803666037,2.8673837293563964,2.280523432532387,2.8519967368223766,1.12598326834785,1.4529357460908066,1.2983444356494307,1.122569907154852,1.9305444065411812,1.6222460804169343,1.8141725274260474,1.1199612595463668,1.6487083707137473,1.991373262287607,1.2954887872716465,1.9363077696623066,1.6120763834290373,2.518719096706918,0.16522144521282464,1.7808437644124309,1.6474192441331936,1.8458050218099067,1.7473629280928824,1.4520357302976374,1.403341589957044,1.956822953218897,2.093042063141146,1.9779372919950269,2.22581264566235,2.1547419643682897,1.9293025464264393,2.205587683414663,2.1923543748035113,1.8964009165231623,2.155767253378793,2.660101961060583,2.397776000726516,1.083132704799106,0.22088218132610216,2.9167775600951704,2.466077414789877,2.1501494991097156,2.2667051545965307,2.621354889554924,1.7970174980106424,1.5522718441598846,1.6697035574875267,2.620327255727796,2.472961914935084,1.7134896889925024,2.4753258545179326,2.2185745686000664,2.4596866551312093,2.6309239190530938,2.619171379356717,1.106730778219888,1.4133855200683785,1.6374369788205598,2.6249250937789506,1.0992703934019503,2.281590561910408
NE19,1.4678769808921075,1.4659875809663978,1.4658047540004717,1.7761069284912052,1.7847687276027382,1.7939656061187177,1.9771492190092217,1.9397239221830738,1.9241948180085648,2.284732171593631,2.146078471588443,1.9091268153248564,2.468465216074871,1.9059161956300446,2.622016599291682,1.6048955936529423,1.9185569001600389,1.8688444865351683,1.2930403774538355,1.708110043967336,1.6294314104408238,1.9895845834188068,1.45309965364182,1.4907331183941457,2.1010388962020246,1.5868018334685612,2.087389451172673,1.7435824204158772,2.2626567484149525,0.23006705354815044,2.024702058593745,1.9764175261844077,2.0457501674416965,2.00636867540256,1.9205674719570358,1.9051546045573884,2.0952239699687887,2.1334340625119284,2.1167475383363303,2.170254150672118,2.1602115603692345,2.0821933752858377,2.1677900027800017,2.034318063482769,2.057481521945181,2.148183419282526,2.3086239493473943,2.211858175368882,0.681694331868682,0.11852225786187429,2.3288015903452353,2.4204903589137072,2.1371777126029965,2.110250278207202,2.5395652296991638,2.0369359926445636,1.2295351895256599,1.2773633725068037,2.631617683062207,2.387270494519892,1.2457337243322368,2.7111878522903634,1.5762788827667393,2.3957142338550366,2.0567578821225867,1.6921719154731094,1.8108809997993056,1.9289993110303891,1.9951469628597516,2.270159680086288,1.2918844614581717,2.1846938235231197
r2190r,-0.0,-0.0,-0.0,0.0628395423166595,0.0684026455164982,0.0805225212424506,0.2505459148691543,0.20545219276984011,0.1849115271470202,0.6115102099687176,0.4378421593477809,0.5222979878294933,0.8179781384696534,0.6073616004149684,0.9893662545493064,0.24742156901323034,0.21428357043242827,0.15370907513992582,0.2608633712857605,0.4915435432609624,0.38291108867067275,0.3870641489102545,0.2670730080719042,0.3997480799960228,0.40184268260409184,0.2719282324712002,0.3815495001232584,0.3590974123945714,0.5880957580878451,-0.0,0.33366510247772657,0.2805579709663277,0.3570159641652292,0.32341829780908876,0.21088664234018473,0.19122857719137504,0.38874444763020055,0.4387316360078486,0.4284537710085975,0.4852595582335812,0.4680580418806631,0.3776443175090932,0.4788131197754109,0.5393646326529205,0.37110136466914717,0.4565487520632926,0.6457042906969754,0.5444474439400413,0.23646068849958024,0.052906396749034815,0.9354290394957684,0.7815058606095813,0.45628954021043777,0.5487396533284685,0.8910264800058396,0.32614880174018634,0.3727804401736605,0.41475315254418293,0.9853019968182604,0.7368368194789702,0.43092352221004776,1.0445325626383013,0.5929421797761716,0.9892484322190285,0.9527612980588944,0.8155602728945432,0.10266818592413947,0.1921103749222938,0.2773550297731643,0.6672334233387576,0.27103991039369435,0.5011292932556675
r2191,0.0010449814785614272,0.0010409521836260147,0.001036261911232447,0.001046457965824279,0.0010425360623191708,0.0010413281457270398,0.0010380846329335262,0.0010409846712342017,0.0010418980291308072,0.0010383286686009826,0.001041073534463303,0.0009740821752129699,0.0010401634452095149,0.0009551756596996555,0.0010401218692629704,0.0009579401960870392,0.001034405336429298,0.001032456007549412,0.0008886056277677346,0.0009300950006079199,0.000935489148657637,0.0010215328594992005,0.0009359499757337051,0.000895861817677284,0.0010375856456559002,0.0009527923686568545,0.001039351256461263,0.0009686485452121453,0.0010424251355296696,0.0,0.0010301979003622165,0.0010370823118700243,0.001040314706266991,0.0010363570999959407,0.0010377787189339198,0.0010409591605496534,0.0010399635398854162,0.00103705205908982,0.000992442374227081,0.0010384352057023379,0.0010231636116334888,0.0010413213341181724,0.0010377195024771984,0.0010011394162858826,0.001028037419690508,0.0010379326609684081,0.0010332108839985433,0.0010335192238697477,0.000718322556918749,0.00011166666608099026,0.0009883863567979473,0.0010239677246099692,0.0010377150899268995,0.0010186148730505456,0.001038015537732255,0.0010405006836198762,0.0008405250718366815,0.0008441930023784138,0.0010455132899655454,0.0010423405711620093,0.0008331273308467466,0.0010386735451065978,0.0008839335120512001,0.001000814556625963,0.0009273457478733882,0.0008806944639099276,0.0010464918486975583,0.001047326981747571,0.0010412857009858703,0.0010305345686825135,0.0008920851895944916,0.001038812495780449
r2192,0.0,0.0,0.0,0.0,0.0,0.0,0.0,0.0,0.0,0.0,0.0,0.0,0.0,0.0,0.0,0.0,0.0,0.0,0.0,0.0,0.0,0.0,0.0,0.0,0.0,0.0,0.0,0.0,0.0,0.0007839585263869318,0.0,0.0,0.0,0.0,0.0,0.0,0.0,0.0,0.0,0.0,0.0,0.0,0.0,0.0,0.0,0.0,0.0,0.0,0.0,7.839585263869319e-06,0.0,0.0,0.0,0.0,0.0,0.0,0.0,0.0,0.0,0.0,0.0,0.0,0.0,0.0,0.0,0.0,0.0,0.0,0.0,0.0,0.0,0.0
r2195,0.0010449814785614272,0.0010409521836260147,0.001036261911232447,0.001046457965824279,0.0010425360623191708,0.0010413281457270398,0.0010380846329335262,0.0010409846712342017,0.0010418980291308072,0.0010383286686009826,0.001041073534463303,0.0009740821752129699,0.0010401634452095149,0.0009551756596996555,0.0010401218692629704,0.0009579401960870392,0.001034405336429298,0.001032456007549412,0.0008886056277677346,0.0009300950006079199,0.000935489148657637,0.0010215328594992005,0.0009359499757337051,0.000895861817677284,0.0010375856456559002,0.0009527923686568545,0.001039351256461263,0.0009686485452121453,0.0010424251355296696,0.0,0.0010301979003622165,0.0010370823118700243,0.001040314706266991,0.0010363570999959407,0.0010377787189339198,0.0010409591605496534,0.0010399635398854162,0.00103705205908982,0.000992442374227081,0.0010384352057023379,0.0010231636116334888,0.0010413213341181724,0.0010377195024771984,0.0010011394162858826,0.001028037419690508,0.0010379326609684081,0.0010332108839985433,0.0010335192238697477,0.000718322556918749,0.00011166666608099026,0.0009883863567979473,0.0010239677246099692,0.0010377150899268995,0.0010186148730505456,0.001038015537732255,0.0010405006836198762,0.0008405250718366815,0.0008441930023784138,0.0010455132899655454,0.0010423405711620093,0.0008331273308467466,0.0010386735451065978,0.0008839335120512001,0.001000814556625963,0.0009273457478733882,0.0008806944639099276,0.0010464918486975583,0.001047326981747571,0.0010412857009858703,0.0010305345686825135,0.0008920851895944916,0.001038812495780449
r2196,0.0010449814785614272,0.0010409521836260147,0.001036261911232447,0.001046457965824279,0.0010425360623191708,0.0010413281457270398,0.0010380846329335262,0.0010409846712342017,0.0010418980291308072,0.0010383286686009826,0.001041073534463303,0.0009740821752129699,0.0010401634452095149,0.0009551756596996555,0.0010401218692629704,0.0009579401960870392,0.001034405336429298,0.001032456007549412,0.0008886056277677346,0.0009300950006079199,0.000935489148657637,0.0010215328594992005,0.0009359499757337051,0.000895861817677284,0.0010375856456559002,0.0009527923686568545,0.001039351256461263,0.0009686485452121453,0.0010424251355296696,0.0,0.0010301979003622165,0.0010370823118700243,0.001040314706266991,0.0010363570999959407,0.0010377787189339198,0.0010409591605496534,0.0010399635398854162,0.00103705205908982,0.000992442374227081,0.0010384352057023379,0.0010231636116334888,0.0010413213341181724,0.0010377195024771984,0.0010011394162858826,0.001028037419690508,0.0010379326609684081,0.0010332108839985433,0.0010335192238697477,0.000718322556918749,0.00011166666608099026,0.0009883863567979473,0.0010239677246099692,0.0010377150899268995,0.0010186148730505456,0.001038015537732255,0.0010405006836198762,0.0008405250718366815,0.0008441930023784138,0.0010455132899655454,0.0010423405711620093,0.0008331273308467466,0.0010386735451065978,0.0008839335120512001,0.001000814556625963,0.0009273457478733882,0.0008806944639099276,0.0010464918486975583,0.001047326981747571,0.0010412857009858703,0.0010305345686825135,0.0008920851895944916,0.001038812495780449
r2197,0.0010449814785614272,0.0010409521836260147,0.001036261911232447,0.001046457965824279,0.0010425360623191708,0.0010413281457270398,0.0010380846329335262,0.0010409846712342017,0.0010418980291308072,0.0010383286686009826,0.001041073534463303,0.0009740821752129699,0.0010401634452095149,0.0009551756596996555,0.0010401218692629704,0.0009579401960870392,0.001034405336429298,0.001032456007549412,0.0008886056277677346,0.0009300950006079199,0.000935489148657637,0.0010215328594992005,0.0009359499757337051,0.000895861817677284,0.0010375856456559002,0.0009527923686568545,0.001039351256461263,0.0009686485452121453,0.0010424251355296696,0.0,0.0010301979003622165,0.0010370823118700243,0.001040314706266991,0.0010363570999959407,0.0010377787189339198,0.0010409591605496534,0.0010399635398854162,0.00103705205908982,0.000992442374227081,0.0010384352057023379,0.0010231636116334888,0.0010413213341181724,0.0010377195024771984,0.0010011394162858826,0.001028037419690508,0.0010379326609684081,0.0010332108839985433,0.0010335192238697477,0.000718322556918749,0.00011166666608099026,0.0009883863567979473,0.0010239677246099692,0.0010377150899268995,0.0010186148730505456,0.001038015537732255,0.0010405006836198762,0.0008405250718366815,0.0008441930023784138,0.0010455132899655454,0.0010423405711620093,0.0008331273308467466,0.0010386735451065978,0.0008839335120512001,0.001000814556625963,0.0009273457478733882,0.0008806944639099276,0.0010464918486975583,0.001047326981747571,0.0010412857009858703,0.0010305345686825135,0.0008920851895944916,0.001038812495780449
r2198,0.0010449814785614272,0.0010409521836260147,0.001036261911232447,0.001046457965824279,0.0010425360623191708,0.0010413281457270398,0.0010380846329335262,0.0010409846712342017,0.0010418980291308072,0.0010383286686009826,0.001041073534463303,0.0009740821752129699,0.0010401634452095149,0.0009551756596996555,0.0010401218692629704,0.0009579401960870392,0.001034405336429298,0.001032456007549412,0.0008886056277677346,0.0009300950006079199,0.000935489148657637,0.0010215328594992005,0.0009359499757337051,0.000895861817677284,0.0010375856456559002,0.0009527923686568545,0.001039351256461263,0.0009686485452121453,0.0010424251355296696,0.0,0.0010301979003622165,0.0010370823118700243,0.001040314706266991,0.0010363570999959407,0.0010377787189339198,0.0010409591605496534,0.0010399635398854162,0.00103705205908982,0.000992442374227081,0.0010384352057023379,0.0010231636116334888,0.0010413213341181724,0.0010377195024771984,0.0010011394162858826,0.001028037419690508,0.0010379326609684081,0.0010332108839985433,0.0010335192238697477,0.000718322556918749,0.00011166666608099026,0.0009883863567979473,0.0010239677246099692,0.0010377150899268995,0.0010186148730505456,0.001038015537732255,0.0010405006836198762,0.0008405250718366815,0.0008441930023784138,0.0010455132899655454,0.0010423405711620093,0.0008331273308467466,0.0010386735451065978,0.0008839335120512001,0.001000814556625963,0.0009273457478733882,0.0008806944639099276,0.0010464918486975583,0.001047326981747571,0.0010412857009858703,0.0010305345686825135,0.0008920851895944916,0.001038812495780449
r2199,0.0010449814785614272,0.0010409521836260147,0.001036261911232447,0.001046457965824279,0.0010425360623191708,0.0010413281457270398,0.0010380846329335262,0.0010409846712342017,0.0010418980291308072,0.0010383286686009826,0.001041073534463303,0.0009740821752129699,0.0010401634452095149,0.0009551756596996555,0.0010401218692629704,0.0009579401960870392,0.001034405336429298,0.001032456007549412,0.0008886056277677346,0.0009300950006079199,0.000935489148657637,0.0010215328594992005,0.0009359499757337051,0.000895861817677284,0.0010375856456559002,0.0009527923686568545,0.001039351256461263,0.0009686485452121453,0.0010424251355296696,0.0,0.0010301979003622165,0.0010370823118700243,0.001040314706266991,0.0010363570999959407,0.0010377787189339198,0.0010409591605496534,0.0010399635398854162,0.00103705205908982,0.000992442374227081,0.0010384352057023379,0.0010231636116334888,0.0010413213341181724,0.0010377195024771984,0.0010011394162858826,0.001028037419690508,0.0010379326609684081,0.0010332108839985433,0.0010335192238697477,0.000718322556918749,0.00011166666608099026,0.0009883863567979473,0.0010239677246099692,0.0010377150899268995,0.0010186148730505456,0.001038015537732255,0.0010405006836198762,0.0008405250718366815,0.0008441930023784138,0.0010455132899655454,0.0010423405711620093,0.0008331273308467466,0.0010386735451065978,0.0008839335120512001,0.001000814556625963,0.0009273457478733882,0.0008806944639099276,0.0010464918486975583,0.001047326981747571,0.0010412857009858703,0.0010305345686825135,0.0008920851895944916,0.001038812495780449
r2200,0.0,0.0,0.0,0.0,0.0,0.0,0.0,0.0,0.0,0.0,0.0,0.0,0.0,0.0,0.0,0.0,0.0,0.0,0.0,0.0,0.0,0.0,0.0,0.0,0.0,0.0,0.0,0.0,0.0,0.0007839585263869318,0.0,0.0,0.0,0.0,0.0,0.0,0.0,0.0,0.0,0.0,0.0,0.0,0.0,0.0,0.0,0.0,0.0,0.0,0.0,7.839585263869319e-06,0.0,0.0,0.0,0.0,0.0,0.0,0.0,0.0,0.0,0.0,0.0,0.0,0.0,0.0,0.0,0.0,0.0,0.0,0.0,0.0,0.0,0.0
r2201,0.0,0.0,0.0,0.0,0.0,0.0,0.0,0.0,0.0,0.0,0.0,0.0,0.0,0.0,0.0,0.0,0.0,0.0,0.0,0.0,0.0,0.0,0.0,0.0,0.0,0.0,0.0,0.0,0.0,0.0007839585263869318,0.0,0.0,0.0,0.0,0.0,0.0,0.0,0.0,0.0,0.0,0.0,0.0,0.0,0.0,0.0,0.0,0.0,0.0,0.0,7.839585263869319e-06,0.0,0.0,0.0,0.0,0.0,0.0,0.0,0.0,0.0,0.0,0.0,0.0,0.0,0.0,0.0,0.0,0.0,0.0,0.0,0.0,0.0,0.0
r2202,0.0,0.0,0.0,0.0,0.0,0.0,0.0,0.0,0.0,0.0,0.0,0.0,0.0,0.0,0.0,0.0,0.0,0.0,0.0,0.0,0.0,0.0,0.0,0.0,0.0,0.0,0.0,0.0,0.0,0.0007839585263869318,0.0,0.0,0.0,0.0,0.0,0.0,0.0,0.0,0.0,0.0,0.0,0.0,0.0,0.0,0.0,0.0,0.0,0.0,0.0,7.839585263869319e-06,0.0,0.0,0.0,0.0,0.0,0.0,0.0,0.0,0.0,0.0,0.0,0.0,0.0,0.0,0.0,0.0,0.0,0.0,0.0,0.0,0.0,0.0
r2300,0.0,0.0,0.0,0.0,0.0,0.0,0.0,0.0,0.0,0.0,0.0,0.0,0.0,0.0,0.0,0.0,0.0,0.0,0.0,0.0,0.0,0.0,0.0,0.0,0.0,0.0,0.0,0.0,0.0,0.0007839585263869318,0.0,0.0,0.0,0.0,0.0,0.0,0.0,0.0,0.0,0.0,0.0,0.0,0.0,0.0,0.0,0.0,0.0,0.0,0.0,7.839585263869319e-06,0.0,0.0,0.0,0.0,0.0,0.0,0.0,0.0,0.0,0.0,0.0,0.0,0.0,0.0,0.0,0.0,0.0,0.0,0.0,0.0,0.0,0.0
r2333,0.0007212525068283994,0.0007184714632093549,0.0007152342089700377,0.0007222715872250697,0.0007195646658176389,0.0007187309545149034,0.0007164922624595414,0.0007184938863521949,0.000719124291470483,0.0007166606973465008,0.0007185552202877781,0.0006723173808743873,0.0007179270712064984,0.0006592679900588001,0.0007178983752379402,0.0006611760897146567,0.0007139527898654295,0.000712607351338369,0.0006133209532972194,0.0006419571681792457,0.0006456802416335105,0.000705068128800612,0.0006459983072557297,0.0006183292192519205,0.00071614785843736,0.000657623028234734,0.0007173664936434946,0.0006685670567406977,0.0007194881034797965,0.0005410928939950446,0.0007110487921647249,0.0007158004544284778,0.0007180314724989043,0.000715299908827398,0.0007162811187757155,0.0007184762787242424,0.0007177890953484665,0.0007157795737774852,0.0006849897007546314,0.0007167342298953969,0.0007061936837408222,0.0007187262531014306,0.0007162402472211218,0.000690992451536077,0.0007095576154002772,0.0007163873704949908,0.000713128371607407,0.000713341189642529,0.0004957905527687063,8.248393405288316e-05,0.0006821902131096022,0.0007067486873576279,0.0007162372016524235,0.000703054116989528,0.0007164445725360298,0.0007181598351965123,0.0005801354641700916,0.0005826670919092977,0.000721619566261052,0.0007194297366442769,0.0005750294988076021,0.0007168987331882152,0.0006100962309053431,0.0006907682314428757,0.0006400596173925474,0.0006078606203809037,0.000722294973388105,0.0007228713872458962,0.0007187016588985046,0.000711281162665981,0.0006157225678155375,0.0007169946377784219
r2335,0.0,0.0,0.0,0.43361965934924074,0.4927436918442956,0.5369848863670008,1.4967144267736163,1.2780242552920351,1.1777297957841075,3.28149125768478,2.4363462477520836,2.541160689628759,3.7629121460865265,2.922572639996369,3.75217360545222,0.785586032414944,1.2514853763755056,0.9856803499419275,0.9166583056732179,2.331799990520627,1.7893296140103305,1.9250253000939097,0.8428065143849214,1.8541889424179512,2.2218499431365686,1.16306845104582,2.1223494754438432,1.706804180976173,3.139873576938445,0.0,1.854748047944334,1.5944587542271842,1.9476281394640096,1.7719843816397878,1.2487558357481512,1.1531023710837025,2.1591509480597884,2.405711322709407,2.3286589465474177,2.6363062101421417,2.5567198671424176,2.103097489503893,2.6053816722354104,2.644481343946458,2.0603504770000725,2.506714293291364,3.394439462839105,2.9261521252806126,0.9754628365685294,0.2333346858129657,3.944853629209046,3.1202399852562097,2.48700865911862,2.7172048143844227,3.3589599974163984,1.8583832345209907,1.7003899466204357,1.9069630249371337,3.3601321469958645,3.0936808489952807,1.9918203612146668,3.1466719279952717,2.8393847056250228,3.192822094421601,3.5741029334126586,3.5660686089145126,0.6200300364692897,1.1704541066669392,1.5824213504198674,3.336291317924994,0.861649441289853,2.7157962991689275
r2372,0.0007212525068283994,0.0007184714632093549,0.0007152342089700377,0.0007222715872250697,0.0007195646658176389,0.0007187309545149034,0.0007164922624595414,0.0007184938863521949,0.000719124291470483,0.0007166606973465008,0.0007185552202877781,0.0006723173808743873,0.0007179270712064984,0.0006592679900588001,0.0007178983752379402,0.0006611760897146567,0.0007139527898654295,0.000712607351338369,0.0006133209532972194,0.0006419571681792457,0.0006456802416335105,0.000705068128800612,0.0006459983072557297,0.0006183292192519205,0.00071614785843736,0.000657623028234734,0.0007173664936434946,0.0006685670567406977,0.0007194881034797965,0.0005410928939950446,0.0007110487921647249,0.0007158004544284778,0.0007180314724989043,0.000715299908827398,0.0007162811187757155,0.0007184762787242424,0.0007177890953484665,0.0007157795737774852,0.0006849897007546314,0.0007167342298953969,0.0007061936837408222,0.0007187262531014306,0.0007162402472211218,0.000690992451536077,0.0007095576154002772,0.0007163873704949908,0.000713128371607407,0.000713341189642529,0.0004957905527687063,8.248393405288316e-05,0.0006821902131096022,0.0007067486873576279,0.0007162372016524235,0.000703054116989528,0.0007164445725360298,0.0007181598351965123,0.0005801354641700916,0.0005826670919092977,0.000721619566261052,0.0007194297366442769,0.0005750294988076021,0.0007168987331882152,0.0006100962309053431,0.0006907682314428757,0.0006400596173925474,0.0006078606203809037,0.000722294973388105,0.0007228713872458962,0.0007187016588985046,0.000711281162665981,0.0006157225678155375,0.0007169946377784219
r2391,0.0,0.0,0.0,0.09589866567393213,0.09564042972328554,0.09776495959042504,0.11020673674365339,0.10678215588136393,0.10526567828973747,0.12671729661940184,0.12172962004526301,0.26174481310089476,0.08783382430279052,0.3073448786002122,0.015154383354681762,0.20940443885551077,0.11174627976241674,0.10625731228984647,0.3968794763575629,0.3478665555716285,0.34077540929951405,0.15708657657151698,0.31448485679034877,0.4003994961571525,0.12303568664885937,0.2965034966924435,0.12182616201787867,0.2747604569212405,0.1286765944926212,0.5423326171489903,0.12022755613019953,0.11749771867983663,0.12454587751111378,0.12209960383845414,0.11310756718732917,0.11184115610482315,0.12235189033719916,0.1254154390637336,0.12142056562962388,0.12856849755867392,0.12458402400037984,0.12187385687409998,0.1282325722240078,0.2064460132331925,0.12009719838898288,0.12449826269966707,0.12171914071970093,0.12289373189001938,0.6254436123338893,0.10110261706715809,0.18716924545037036,0.052624731045723204,0.1258450509622954,0.16688191494003018,0.020558514652521922,0.11593463457193007,0.4916837064584008,0.48572645894785726,0.0,0.0786130850048451,0.4987516788630263,0.0,0.4255690983927782,0.09951022113847689,0.280887261624597,0.4105349826614666,0.10273746084240837,0.11027745479010313,0.1159958041244244,0.1472167944384325,0.3879678891944171,0.12063300198114804
r2604,0.0,0.0,0.0,0.0628395423166595,0.0684026455164982,0.0805225212424506,0.2505459148691543,0.20545219276984011,0.1849115271470202,0.6115102099687176,0.4378421593477809,0.5222979878294933,0.8179781384696534,0.6073616004149684,0.9893662545493064,0.24742156901323034,0.21428357043242827,0.15370907513992582,0.2608633712857605,0.4915435432609624,0.38291108867067275,0.3870641489102545,0.2670730080719042,0.3997480799960228,0.40184268260409184,0.2719282324712002,0.3815495001232584,0.3590974123945714,0.5880957580878451,0.0,0.33366510247772657,0.2805579709663277,0.3570159641652292,0.32341829780908876,0.21088664234018473,0.19122857719137504,0.38874444763020055,0.4387316360078486,0.4284537710085975,0.4852595582335812,0.4680580418806631,0.3776443175090932,0.4788131197754109,0.5393646326529205,0.37110136466914717,0.4565487520632926,0.6457042906969754,0.5444474439400413,0.23646068849958024,0.052906396749034815,0.9354290394957684,0.7815058606095813,0.45628954021043777,0.5487396533284685,0.8910264800058396,0.32614880174018634,0.3727804401736605,0.41475315254418293,0.9853019968182604,0.7368368194789702,0.43092352221004776,1.0445325626383013,0.5929421797761716,0.9892484322190285,0.9527612980588944,0.8155602728945432,0.10266818592413947,0.1921103749222938,0.2773550297731643,0.6672334233387576,0.27103991039369435,0.5011292932556675
r2609r,-0.0,-0.0,-0.0,0.0628395423166595,0.0684026455164982,0.0805225212424506,0.25054591486914063,0.20545219276984011,0.18491152714702233,0.6115102099687176,0.4378421593477809,0.5222979878294797,0.8179781384696534,0.6073616004149684,0.9893662545493064,0.24742156901323034,0.21428357043243668,0.15370907513992582,0.2608633712857605,0.4915435432609624,0.38291108867067275,0.3870641489102512,0.26707300807191153,0.3997480799960228,0.40184268260409184,0.2719282324712002,0.3815495001232605,0.3590974123945809,0.5880957580878451,-0.0,0.33366510247772657,0.2805579709663287,0.35701596416523024,0.32341829780908454,0.21088664234017637,0.19122857719137817,0.38874444763020105,0.4387316360078486,0.4284537710085975,0.4852595582335812,0.4680580418806631,0.3776443175090932,0.4788131197754109,0.5393646326529205,0.37110136466915455,0.4565487520632926,0.6457042906969754,0.5444474439400413,0.23646068849958024,0.052906396749034815,0.9354290394957642,0.7815058606095813,0.45628954021043777,0.5487396533284685,0.8910264800058396,0.32614880174018634,0.3727804401736605,0.41475315254418293,0.9853019968182666,0.7368368194789702,0.4309235222100475,1.0445325626383013,0.5929421797761631,0.9892484322190285,0.9527612980588944,0.8155602728945432,0.10266818592413947,0.19211037492228228,0.277355029773163,0.6672334233387576,0.27103991039369435,0.5011292932556676
r2611,0.06534777041251857,0.073811610979694,0.0716579369712762,0.08465638676733514,0.06710434835778417,0.07979869944717966,0.09664929824827054,0.10612574665977073,0.11584464666871029,0.13599173025154193,0.10118141744654985,0.14522611355087672,0.07459666707360964,0.07389521400580988,0.08564490053910256,0.13917506407767496,0.18945523476833287,0.14907118448349027,0.11289118178170866,0.09542158574609062,0.09415825855734355,0.12549075517877356,0.11075346170519569,0.141083032828681,0.13552359765244887,0.13653283599766994,0.12748654189839873,0.11508811845417274,0.11864163383652114,0.09036391000561268,0.19638860764291843,0.17345968392749425,0.13184700715451678,0.19011135133310103,0.15938633489380963,0.16403245281504336,0.11350707195734755,0.1260317864254856,0.11169646407950885,0.11229361945867843,0.11086329672613142,0.10185931074352743,0.11912015184725062,0.1328566861345032,0.25356930835103625,0.20732024561177392,0.2467416629937152,0.2990826291505579,0.2562397248691452,0.034169061762016555,0.2369605457275849,0.303486885964337,0.30801441978483024,0.31019874118950247,0.28043289449642195,0.24990097491094523,0.24888757995725844,0.2447084540127378,0.17571602979262513,0.19642500851807485,0.2440716781332118,0.21375272989285896,0.2221580932680308,0.21956785472874737,0.2696294231152765,0.22899629328133714,0.1293876700160258,0.14342561712559967,0.14779272430161192,0.2126163914069192,0.2451786752255697,0.1888978405827094
r2651,1.8136915662188475,1.8118422983860825,1.8114930673680734,2.1624630055104745,2.173489858171788,2.1854012638580422,2.4387432001012224,2.3814901980908685,2.356623076034294,2.928196799492352,2.69923063182788,2.498822607146063,3.171173848947588,2.5410446307356436,3.36109514755908,2.0116791372339287,2.358422281857313,2.2851912261892013,1.7543261222614526,2.294215562337407,2.15522626425158,2.495436375394155,1.8862698569456344,2.046942639256013,2.6341649250587866,2.0409231964941,2.611184406965996,2.246787132655302,2.8936600649673343,0.7240704175675362,2.5216756618552845,2.4516645912783965,2.5549001560494466,2.4986314218661128,2.3619481687024666,2.3387377162179726,2.622448428147413,2.6838505086216107,2.6373688115929426,2.745337861767221,2.718889885195185,2.6048426235974724,2.7389496682695604,2.625370111795235,2.574296533577537,2.710244559195545,2.95888971934534,2.8203173171919653,1.3222040382305453,0.2359385551157278,3.0685155225078087,3.0958244186783177,2.7002707441709264,2.705763907875118,3.247505886886346,2.538091054963858,1.8285979342984342,1.9012484010860966,3.35685494153168,3.0569444184340124,1.8985351964144914,3.443106112013226,2.2853466962664855,3.1593478657264673,2.889687259983003,2.5734318856257774,2.208447742131601,2.3638293699043786,2.4675887940053074,2.923583724978241,1.7475979264031258,2.77055633498154
r2654,0.07496960824211751,0.07507756077039335,0.07588190583769679,0.10896489269401012,0.11223163600771116,0.11466945547109987,0.15999122778523553,0.15006171885868835,0.14547470765906823,0.23587891605367092,0.20227572698681565,0.1711986537771053,0.31748122206864704,0.17880744679939883,0.4135793090375387,0.11835313017064021,0.1445486743702013,0.13293824115627376,0.06759632758429812,0.13846559471823508,0.1180789115272588,0.1721946763263276,0.09498336230055314,0.09607281919555412,0.18963840652353092,0.10521709324801287,0.18575114877027762,0.13280095581058984,0.22931490715143,0.0,0.16992200430862936,0.1580716409769061,0.17627582571020137,0.1659834776018015,0.14355487592963193,0.13912892381019296,0.1879785917062278,0.1982190662692647,0.1993017245988988,0.208040635010239,0.20649945675431516,0.18543347068834024,0.2068832873525014,0.19046154449817673,0.17746262671026536,0.20023153092371346,0.2422278022572996,0.21403886737974995,0.0,0.004215057364836998,0.31168248999279335,0.3294414646902383,0.19460670132461208,0.19731985732984234,0.3805679160831302,0.16999116618706925,0.0565377992507909,0.07045919359745915,0.43253451238264246,0.3055052680556526,0.07489968270077285,0.47702444294774277,0.1391448383293911,0.40081333916655,0.32408682170803743,0.2329031094891605,0.11750367233464606,0.14362738753743476,0.16175913908347145,0.23433116409055693,0.06617678029224278,0.2095650276755182
r2673,1.1573383635211287,1.1544275300761773,1.1508730346543228,1.9550350946806443,1.963015000840845,1.9851657926617563,2.338334207351173,2.2647487224261753,2.2326897240065,3.0152118269110724,2.6922667317184725,2.7692507142592127,3.2652398697051885,2.8865364281667523,3.452504799919269,1.9689732126040271,2.2756243193806545,2.1561505684003417,2.1280716605041805,2.693783456260458,2.4872592328019776,2.5173896404567575,2.0362427972421133,2.559576262297178,2.6181276232248654,2.2336441734130066,2.5817732035356773,2.4505702709223005,2.9625624465704585,1.2928993985267547,2.4915250212317863,2.394820785911379,2.52051524893525,2.4690371805252798,2.2641941479169807,2.2348786092169353,2.5917082545811323,2.682202603614842,2.594949496858481,2.763897370574427,2.715540860054638,2.5679699217843415,2.7544289309951444,2.796786917684911,2.5829143656909723,2.7480377184547953,3.0852936657805787,2.930741744882195,2.3752756809795144,0.4097106176110536,3.425816516103122,3.2169405905992328,2.773086673901072,2.878578309982668,3.3726699207220836,2.5268346219631965,2.6002939659217774,2.668590216125123,3.4422853385860845,3.1550704254553,2.7047895598121108,3.558995024431938,2.983816511247236,3.437619938693206,3.5164515435368675,3.3357845366580072,2.043085084885096,2.2496615839066805,2.395301855385871,3.071039100526724,2.114896594492581,2.8242450393997682
r2683,0.035350405911861664,0.035214099944310684,0.035055433942714403,0.035400353614418054,0.03526768056355412,0.03522681826819156,0.03511709431975538,0.035215198959140735,0.03524609670522745,0.03512534973872081,0.03521820509013995,0.032951971869075065,0.035187417918121584,0.0323123882865347,0.03518601145626951,0.03240590906700509,0.03499262835789875,0.03492668501959383,0.030060408037465642,0.031463941211042214,0.03164641843864546,0.03455716869286172,0.03166200763763695,0.030305875793538703,0.035100214209299575,0.03223176455540071,0.03515994259677482,0.03276815901688831,0.03526392805012136,0.02652032853634111,0.034850296100450595,0.035083187061923135,0.035192534888987305,0.035058654058560165,0.035106745634851964,0.03521433596485043,0.03518065537304717,0.035082163648512014,0.03357307425328927,0.03512895375454966,0.034612334981555117,0.03522658784005017,0.03510474241679523,0.033867284220953656,0.034777209763265635,0.03511195329980931,0.034952221538114656,0.03496265228720142,0.024299946442764907,0.0040427458100612,0.03343586429746922,0.03463953710972921,0.03510459314578584,0.034458456890325076,0.03511475691622738,0.03519882626880425,0.02843390345006911,0.02855798491578518,0.0353683964211704,0.03526106734418567,0.028183647199412007,0.03513701647616229,0.02990235625334474,0.03385629462821988,0.031370937457276246,0.029792783338517325,0.03540149982929869,0.03542975132742622,0.035225382416085214,0.03486168516525603,0.03017811722705264,0.03514171700220624
r2684r,0.035350405911861664,0.035214099944310684,0.035055433942714403,0.035400353614418054,0.03526768056355412,0.03522681826819156,0.03511709431975538,0.035215198959140735,0.03524609670522745,0.03512534973872081,0.03521820509013995,0.032951971869075065,0.035187417918121584,0.0323123882865347,0.03518601145626951,0.03240590906700509,0.03499262835789875,0.03492668501959383,0.030060408037465642,0.031463941211042214,0.03164641843864546,0.03455716869286172,0.03166200763763695,0.030305875793538703,0.035100214209299575,0.03223176455540071,0.03515994259677482,0.03276815901688831,0.03526392805012136,0.02652032853634111,0.034850296100450595,0.035083187061923135,0.035192534888987305,0.035058654058560165,0.035106745634851964,0.03521433596485043,0.03518065537304717,0.035082163648512014,0.03357307425328927,0.03512895375454966,0.034612334981555117,0.03522658784005017,0.03510474241679523,0.033867284220953656,0.034777209763265635,0.03511195329980931,0.034952221538114656,0.03496265228720142,0.024299946442764907,0.0040427458100612,0.03343586429746922,0.03463953710972921,0.03510459314578584,0.034458456890325076,0.03511475691622738,0.03519882626880425,0.02843390345006911,0.02855798491578518,0.0353683964211704,0.03526106734418567,0.028183647199412007,0.03513701647616229,0.02990235625334474,0.03385629462821988,0.031370937457276246,0.029792783338517325,0.03540149982929869,0.03542975132742622,0.035225382416085214,0.03486168516525603,0.03017811722705264,0.03514171700220624
r2696,0.03822839594769678,0.0380809928737246,0.03790940936354982,0.038282410053072674,0.0381389356631983,0.0380947466371841,0.037976089709842994,0.038082181362880295,0.03811559459367147,0.037985017228969964,0.038085432232655175,0.03563469768944524,0.03805213857812227,0.03494304355410204,0.038050617611695446,0.035044178161553884,0.03784149057444042,0.03777017857725662,0.03250772236309648,0.03402552167830064,0.03422285496283626,0.037370578740053215,0.03423971332856591,0.0327731744372523,0.0379578353354023,0.03485585598617834,0.038022426402656635,0.03543592004284082,0.038134877645599745,0.028679433624553215,0.03768757059096347,0.03793942195329322,0.03805767213801392,0.0379128916393646,0.03796489850527769,0.03808124810945422,0.03804482547254256,0.03793831522051068,0.03630636601277364,0.03798891465929794,0.03743023629341751,0.03809449744914795,0.03796273219880774,0.03662452855845064,0.03760853406042858,0.03797053014295815,0.03779779410573381,0.037809074055591085,0.02627828309632334,0.0043718787254732475,0.036157985353945196,0.037459653034177205,0.037962570775166245,0.03726383049276321,0.03797356201078967,0.038064475719259895,0.03074879881543572,0.030882982151632512,0.0382478511221259,0.03813178404040969,0.030478168399978574,0.037997633792961984,0.032336803075813665,0.036612644267690925,0.0339249461903571,0.03221830947821228,0.0382836495849866,0.038314201128276576,0.03809319388774806,0.037699886876098675,0.03263501463570669,0.03800271700392194
r2709,6.968373894069552e-06,6.941504868908817e-06,6.91022816939491e-06,6.978219729147956e-06,6.952066834994721e-06,6.944011941566733e-06,6.922382840623925e-06,6.941721509879504e-06,6.947812162636168e-06,6.924010172602702e-06,6.942314087085809e-06,6.49558766321064e-06,6.936245231008178e-06,6.369511104124954e-06,6.93596798519444e-06,6.387946189900425e-06,6.8978477515088385e-06,6.884848810611879e-06,5.92559426716701e-06,6.202262771358918e-06,6.238233208367849e-06,6.812008687331467e-06,6.241306196201494e-06,5.973981578688129e-06,6.91905538460199e-06,6.353618321884281e-06,6.930829216479765e-06,6.459353944034506e-06,6.95132712873202e-06,5.227763593310744e-06,6.8697908067156545e-06,6.915698944238497e-06,6.937253903052461e-06,6.91086292791088e-06,6.920342878030602e-06,6.941551393957827e-06,6.9349121786332895e-06,6.9154972060373935e-06,6.6180211552190094e-06,6.924720606589745e-06,6.822883225149287e-06,6.9439665189074025e-06,6.919947997913936e-06,6.676016671965244e-06,6.855383817293164e-06,6.92136942795561e-06,6.889882642739564e-06,6.891938782061218e-06,4.7900754758301975e-06,7.969177053703015e-07,6.590973933285354e-06,6.828245387052154e-06,6.919918573182361e-06,6.792550332325646e-06,6.92192208490403e-06,6.938494077973889e-06,5.60497299527391e-06,5.629432291401645e-06,6.971920235113577e-06,6.950763218133354e-06,5.555641761899825e-06,6.92630995351099e-06,5.894438643972038e-06,6.673850371773293e-06,6.183929603377505e-06,5.872839315209472e-06,6.978445674328646e-06,6.984014691061044e-06,6.943728902261366e-06,6.8720358519936604e-06,5.948797441859124e-06,6.927236534751802e-06
r2813,0.028640720969037626,0.02717615137721247,0.026917506315615406,0.30637986871387046,0.3076437397937786,0.31006295404371276,0.3512008428250737,0.34242852473701924,0.338680370345275,0.4287508926431987,0.39240637229044745,0.3769486981606416,0.4644686242711727,0.38531378108794584,0.4957069121409504,0.2247347216007318,0.34145396767653274,0.32840208709909297,0.23252082901573032,0.3532987385358106,0.3309994006979803,0.36560430711945063,0.2229154398711575,0.32438864284757524,0.383009362162151,0.2927811960145375,0.3791015036874238,0.33857256739894315,0.4229366132941639,0.0,0.3669213645367769,0.3554815462150764,0.3709200548384496,0.36364469850807946,0.34083881516937614,0.3373057710418824,0.38052305517512935,0.39062269426736185,0.382523364416579,0.3999553477606804,0.39541919921337626,0.3776047995349336,0.3990331785255916,0.390262397146568,0.3766057019783232,0.3968373518112659,0.4362309219413609,0.41613359521570453,0.24115801375655513,0.04176299321325221,0.4651286470024184,0.45750036025341806,0.3978221562979583,0.40325222522604814,0.4808095680310467,0.3706112035555277,0.3049962798001895,0.3146412760481788,0.4969123245452896,0.4495518509795157,0.31495567026149224,0.5542396961140945,0.3649510024390146,0.48489163901577254,0.4889866067882157,0.4049281180981479,0.3156338637861799,0.34045471660645305,0.3571066045969497,0.4316428085272409,0.2190404195972936,0.4057422438276716
r2818,0.1426780450449034,0.14212789944058687,0.14148750640277402,0.0,0.0,0.0,0.0,0.0,0.0,0.0,0.0,0.0,0.0,0.0,0.0,0.0,0.0,0.0,0.0,0.0,0.0,0.0,0.0,0.0,0.0,0.0,0.0,0.0,0.0,0.0,0.0,0.0,0.0,0.0,0.0,0.0,0.0,0.0,0.0,0.0,0.0,0.0,0.0,0.0,0.0,0.0,0.0,0.0,0.0,0.0014148750640277403,0.0,0.0,0.0,0.0,0.0,0.0,0.0,0.0,0.0,0.0,0.0,0.0,0.0,0.0,0.0,0.0,0.0,0.0,0.0,0.0,0.0,0.0
r2819,0.1426780450449034,0.14212789944058687,0.14148750640277402,0.0,0.0,0.0,0.0,0.0,0.0,0.0,0.0,0.0,0.0,0.0,0.0,0.0,0.0,0.0,0.0,0.0,0.0,0.0,0.0,0.0,0.0,0.0,0.0,0.0,0.0,0.0,0.0,0.0,0.0,0.0,0.0,0.0,0.0,0.0,0.0,0.0,0.0,0.0,0.0,0.0,0.0,0.0,0.0,0.0,0.0,0.0014148750640277403,0.0,0.0,0.0,0.0,0.0,0.0,0.0,0.0,0.0,0.0,0.0,0.0,0.0,0.0,0.0,0.0,0.0,0.0,0.0,0.0,0.0,0.0
r2820,0.1426780450449034,0.14212789944058687,0.14148750640277402,0.0,0.0,0.0,0.0,0.0,0.0,0.0,0.0,0.0,0.0,0.0,0.0,0.0,0.0,0.0,0.0,0.0,0.0,0.0,0.0,0.0,0.0,0.0,0.0,0.0,0.0,0.0,0.0,0.0,0.0,0.0,0.0,0.0,0.0,0.0,0.0,0.0,0.0,0.0,0.0,0.0,0.0,0.0,0.0,0.0,0.0,0.0014148750640277403,0.0,0.0,0.0,0.0,0.0,0.0,0.0,0.0,0.0,0.0,0.0,0.0,0.0,0.0,0.0,0.0,0.0,0.0,0.0,0.0,0.0,0.0
r2821,0.1426780450449034,0.14212789944058687,0.14148750640277402,0.0,0.0,0.0,0.0,0.0,0.0,0.0,0.0,0.0,0.0,0.0,0.0,0.0,0.0,0.0,0.0,0.0,0.0,0.0,0.0,0.0,0.0,0.0,0.0,0.0,0.0,0.0,0.0,0.0,0.0,0.0,0.0,0.0,0.0,0.0,0.0,0.0,0.0,0.0,0.0,0.0,0.0,0.0,0.0,0.0,0.0,0.0014148750640277403,0.0,0.0,0.0,0.0,0.0,0.0,0.0,0.0,0.0,0.0,0.0,0.0,0.0,0.0,0.0,0.0,0.0,0.0,0.0,0.0,0.0,0.0
r2832,0.0,0.0,0.0,0.0628395423166595,0.0684026455164982,0.0805225212424506,0.2505459148691479,0.20545219276984011,0.18491152714702122,0.6115102099687176,0.4378421593477809,0.5222979878294869,0.8179781384696534,0.6073616004149684,0.9893662545493064,0.24742156901323034,0.21428357043243224,0.15370907513992582,0.2608633712857605,0.4915435432609624,0.38291108867067275,0.3870641489102545,0.26707300807190765,0.3997480799960228,0.40184268260409184,0.2719282324712002,0.3815495001232594,0.3590974123945758,0.5880957580878451,0.0,0.33366510247772657,0.2805579709663281,0.3570159641652297,0.32341829780908676,0.21088664234018076,0.19122857719137654,0.38874444763020105,0.4387316360078486,0.4284537710085975,0.4852595582335812,0.4680580418806631,0.3776443175090932,0.4788131197754109,0.5393646326529205,0.3711013646691506,0.4565487520632926,0.6457042906969754,0.5444474439400413,0.23646068849958024,0.052906396749034815,0.9354290394957665,0.7815058606095813,0.45628954021043777,0.5487396533284685,0.8910264800058396,0.32614880174018634,0.3727804401736605,0.41475315254418293,0.9853019968182632,0.7368368194789702,0.43092352221004776,1.0445325626383013,0.5929421797761676,0.9892484322190285,0.9527612980588944,0.8155602728945432,0.10266818592413947,0.19211037492228838,0.2773550297731643,0.6672334233387576,0.27103991039369435,0.5011292932556676
r2833,0.0,0.0,0.0,0.0628395423166595,0.0684026455164982,0.0805225212424506,0.2505459148691479,0.20545219276984011,0.18491152714702122,0.6115102099687176,0.4378421593477809,0.5222979878294869,0.8179781384696534,0.6073616004149684,0.9893662545493064,0.24742156901323034,0.21428357043243224,0.15370907513992582,0.2608633712857605,0.4915435432609624,0.38291108867067275,0.3870641489102545,0.26707300807190765,0.3997480799960228,0.40184268260409184,0.2719282324712002,0.3815495001232594,0.3590974123945758,0.5880957580878451,0.0,0.33366510247772657,0.2805579709663281,0.3570159641652297,0.32341829780908676,0.21088664234018076,0.19122857719137654,0.38874444763020105,0.4387316360078486,0.4284537710085975,0.4852595582335812,0.4680580418806631,0.3776443175090932,0.4788131197754109,0.5393646326529205,0.3711013646691506,0.4565487520632926,0.6457042906969754,0.5444474439400413,0.23646068849958024,0.052906396749034815,0.9354290394957665,0.7815058606095813,0.45628954021043777,0.5487396533284685,0.8910264800058396,0.32614880174018634,0.3727804401736605,0.41475315254418293,0.9853019968182632,0.7368368194789702,0.43092352221004776,1.0445325626383013,0.5929421797761676,0.9892484322190285,0.9527612980588944,0.8155602728945432,0.10266818592413947,0.19211037492228838,0.2773550297731643,0.6672334233387576,0.27103991039369435,0.5011292932556676
r2834,0.0,0.0,0.0,0.0,0.0,0.0,0.0,0.0,0.0,0.0,0.0,0.0,0.0,0.0,0.0,0.0,0.0,0.0,0.0,0.0,0.0,0.0,0.0,0.0,0.0,0.0,0.0,0.0,0.0,0.008363606012728182,0.0,0.0,0.0,0.0,0.0,0.0,0.0,0.0,0.0,0.0,0.0,0.0,0.0,0.0,0.0,0.0,0.0,0.0,0.0,8.363606012728183e-05,0.0,0.0,0.0,0.0,0.0,0.0,0.0,0.0,0.0,0.0,0.0,0.0,0.0,0.0,0.0,0.0,0.0,0.0,0.0,0.0,0.0,0.0
r2846,1.4678769808921075,1.4659875809663978,1.4658047540004717,1.7761069284912052,1.7847687276027382,1.7939656061187177,1.9771492190092217,1.9397239221830738,1.9241948180085648,2.284732171593631,2.146078471588443,1.9091268153248564,2.468465216074871,1.9059161956300446,2.622016599291682,1.6048955936529423,1.9185569001600389,1.8688444865351683,1.2930403774538355,1.708110043967336,1.6294314104408238,1.9895845834188068,1.45309965364182,1.4907331183941457,2.1010388962020246,1.5868018334685612,2.087389451172673,1.7435824204158772,2.2626567484149525,0.23006705354815044,2.024702058593745,1.9764175261844077,2.0457501674416965,2.00636867540256,1.9205674719570358,1.9051546045573884,2.0952239699687887,2.1334340625119284,2.1167475383363303,2.170254150672118,2.1602115603692345,2.0821933752858377,2.1677900027800017,2.034318063482769,2.057481521945181,2.148183419282526,2.3086239493473943,2.211858175368882,0.681694331868682,0.11852225786187429,2.3288015903452353,2.4204903589137072,2.1371777126029965,2.110250278207202,2.5395652296991638,2.0369359926445636,1.2295351895256599,1.2773633725068037,2.631617683062207,2.387270494519892,1.2457337243322368,2.7111878522903634,1.5762788827667393,2.3957142338550366,2.0567578821225867,1.6921719154731094,1.8108809997993056,1.9289993110303891,1.9951469628597516,2.270159680086288,1.2918844614581717,2.1846938235231197
BAPAT,0.0,0.0,0.0,2.0403967119703603,2.0992987662767515,2.162892042976352,3.3785827158422728,3.0906279721483245,2.9581566076442236,5.73720926327432,4.601273452264058,5.63376731547875,6.693995801482352,6.37158469051489,7.275316463362509,3.105170331639431,3.110678239953244,2.746423813734153,4.5862084749818255,5.970159482175854,5.187654345688584,4.2271301823841085,3.8252491299203815,5.865674427512177,4.368487327398385,4.100207376390329,4.238821582091564,4.639857732754045,5.597457893084811,3.379668088462689,3.9106640961128822,3.588145840018832,4.0646495658181125,3.836661155397688,3.134414567929638,3.013030048760787,4.286191879826884,4.607029681936677,4.40364509640517,4.914653994595837,4.765274347904403,4.218199707741621,4.869720777764033,5.455121872320107,4.154947761651799,4.724880923027126,5.8875644586977876,5.298907978680556,7.027961683204534,1.2250699758520054,7.655245908189706,6.268666826895259,4.730006210333906,5.328308211890789,6.756309605003387,3.8819969185639405,6.583549273707843,6.785201925787749,7.0826274146352,6.12375528506308,7.021447043289511,7.2378774178584635,7.422561714222581,7.5288288463128925,8.476370928557829,8.722218518503253,2.30932578407414,3.0061620795082864,3.5417031802793013,5.9597782834364565,4.421721631341132,5.023040655115998
HPDH,0.0,0.0,0.0,2.0403967119703603,2.0992987662767515,2.162892042976352,3.3785827158422728,3.0906279721483245,2.9581566076442236,5.73720926327432,4.601273452264058,5.63376731547875,6.693995801482352,6.37158469051489,7.275316463362509,3.105170331639431,3.110678239953244,2.746423813734153,4.5862084749818255,5.970159482175854,5.187654345688584,4.2271301823841085,3.8252491299203815,5.865674427512177,4.368487327398385,4.100207376390329,4.238821582091564,4.639857732754045,5.597457893084811,3.379668088462689,3.9106640961128822,3.588145840018832,4.0646495658181125,3.836661155397688,3.134414567929638,3.013030048760787,4.286191879826884,4.607029681936677,4.40364509640517,4.914653994595837,4.765274347904403,4.218199707741621,4.869720777764033,5.455121872320107,4.154947761651799,4.724880923027126,5.8875644586977876,5.298907978680556,7.027961683204534,1.2250699758520054,7.655245908189706,6.268666826895259,4.730006210333906,5.328308211890789,6.756309605003387,3.8819969185639405,6.583549273707843,6.785201925787749,7.0826274146352,6.12375528506308,7.021447043289511,7.2378774178584635,7.422561714222581,7.5288288463128925,8.476370928557829,8.722218518503253,2.30932578407414,3.0061620795082864,3.5417031802793013,5.9597782834364565,4.421721631341132,5.023040655115998
3HPPtr,-0.0,-0.0,-0.0,2.0403967119703603,2.0992987662767515,2.162892042976352,3.3785827158422728,3.0906279721483245,2.9581566076442236,5.73720926327432,4.601273452264058,5.63376731547875,6.693995801482352,6.37158469051489,7.275316463362509,3.105170331639431,3.110678239953244,2.746423813734153,4.5862084749818255,5.970159482175854,5.187654345688584,4.2271301823841085,3.8252491299203815,5.865674427512177,4.368487327398385,4.100207376390329,4.238821582091564,4.639857732754045,5.597457893084811,3.379668088462689,3.9106640961128822,3.588145840018832,4.0646495658181125,3.836661155397688,3.134414567929638,3.013030048760787,4.286191879826884,4.607029681936677,4.40364509640517,4.914653994595837,4.765274347904403,4.218199707741621,4.869720777764033,5.455121872320107,4.154947761651799,4.724880923027126,5.8875644586977876,5.298907978680556,7.027961683204534,1.2250699758520054,7.655245908189706,6.268666826895259,4.730006210333906,5.328308211890789,6.756309605003387,3.8819969185639405,6.583549273707843,6.785201925787749,7.0826274146352,6.12375528506308,7.021447043289511,7.2378774178584635,7.422561714222581,7.5288288463128925,8.476370928557829,8.722218518503253,2.30932578407414,3.0061620795082864,3.5417031802793013,5.9597782834364565,4.421721631341132,5.023040655115998
EX_3hpp_e,0.0,0.0,0.0,2.0403967119703603,2.0992987662767515,2.162892042976352,3.3785827158422728,3.0906279721483245,2.9581566076442236,5.73720926327432,4.601273452264058,5.63376731547875,6.693995801482352,6.37158469051489,7.275316463362509,3.105170331639431,3.110678239953244,2.746423813734153,4.5862084749818255,5.970159482175854,5.187654345688584,4.2271301823841085,3.8252491299203815,5.865674427512177,4.368487327398385,4.100207376390329,4.238821582091564,4.639857732754045,5.597457893084811,3.379668088462689,3.9106640961128822,3.588145840018832,4.0646495658181125,3.836661155397688,3.134414567929638,3.013030048760787,4.286191879826884,4.607029681936677,4.40364509640517,4.914653994595837,4.765274347904403,4.218199707741621,4.869720777764033,5.455121872320107,4.154947761651799,4.724880923027126,5.8875644586977876,5.298907978680556,7.027961683204534,1.2250699758520054,7.655245908189706,6.268666826895259,4.730006210333906,5.328308211890789,6.756309605003387,3.8819969185639405,6.583549273707843,6.785201925787749,7.0826274146352,6.12375528506308,7.021447043289511,7.2378774178584635,7.422561714222581,7.5288288463128925,8.476370928557829,8.722218518503253,2.30932578407414,3.0061620795082864,3.5417031802793013,5.9597782834364565,4.421721631341132,5.023040655115998
r25r,1.0924788069943525,1.096373299115006,1.0977053203770806,1.0019745904337014,0.9450193573937571,0.9134177044346286,0.06142355161035302,0.2502733385497669,0.34511673507802504,0.0,0.0,0.0,0.0,0.0,0.0,0.22689607479411275,0.2962622195823367,0.5228199500482472,0.0,0.0,0.0,0.0,0.04253027659174992,0.0,0.0,0.047436209793527855,0.0,0.0,0.0,0.0,0.0,0.0,0.0,0.0,0.29358757120871165,0.37358838348208373,0.0,0.0,0.0,0.0,0.0,0.0,0.0,0.0,0.0,0.0,0.0,0.0,0.0,0.0001366011618100141,0.0,0.0,0.0,0.0,0.0,0.0,0.0,0.0,0.0,0.0,0.0,0.0,0.0,0.0,0.0,0.0,0.8383044546186585,0.37158038524233106,0.013660116181001408,0.0,0.0,0.0
r26r,1.0924788069943525,1.096373299115006,1.0977053203770806,1.0019745904337014,0.9450193573937571,0.9134177044346286,0.06142355161035302,0.2502733385497669,0.34511673507802504,0.0,0.0,0.0,0.0,0.0,0.0,0.22689607479411275,0.2962622195823367,0.5228199500482472,0.0,0.0,0.0,0.0,0.04253027659174992,0.0,0.0,0.047436209793527855,0.0,0.0,0.0,0.0,0.0,0.0,0.0,0.0,0.29358757120871165,0.37358838348208373,0.0,0.0,0.0,0.0,0.0,0.0,0.0,0.0,0.0,0.0,0.0,0.0,0.0,0.0001366011618100141,0.0,0.0,0.0,0.0,0.0,0.0,0.0,0.0,0.0,0.0,0.0,0.0,0.0,0.0,0.0,0.0,0.8383044546186585,0.37158038524233106,0.013660116181001408,0.0,0.0,0.0
r27r,0.0,0.0,0.0,0.0,0.0,0.0,0.0,0.0,0.0,1.5371553242677987,0.7957894728486876,1.0731965689399514,2.175631677623797,1.4769260696055468,2.5859381058970183,0.0,0.0,0.0,0.13978878485325102,1.0338805157063629,0.5354841992420624,0.404803573393829,0.0,0.7328192959757507,0.5881417594573037,0.0,0.5006027467176271,0.35060058954334894,1.4198072065196605,0.3590605538973964,0.23929573068904095,0.04665840928591954,0.37150417944167907,0.19881533694700276,0.0,0.0,0.5383305666454596,0.7524065027962633,0.5800066933733022,0.9722324289425434,0.8542895665769727,0.5065760429697399,0.9324510032010711,1.0894961578463556,0.3971039487523083,0.815192315993863,1.5689426531515533,1.156992989409551,0.5010888064310356,0.1550572471746194,2.44659008341532,1.7956497893597776,0.76133915225171,1.0359875506092648,2.1467455327889895,0.2265320729355601,0.796739490476472,0.9576297386643147,2.3786380811357644,1.7323666183723594,1.0656631066219442,2.4045922670810564,1.644901727244319,2.386995836609717,2.541509319160726,2.486155620544692,0.0,0.0,0.020337919474400196,1.5811171806302446,0.0708175328190348,1.0219051035038458
r28r,0.0,0.0,0.0,0.0,0.0,0.0,0.10380481504710584,0.0,0.0,1.7078407563350049,0.9317563063827335,1.2509697146134322,2.2849833519498683,1.5827365918575038,2.706336624510439,0.0,0.0,0.0,0.28237096873648104,1.1603793890080605,0.6608999801589284,0.5644268315979636,0.13005492351727138,0.9038357821611834,0.7583342322811498,0.1520410249597791,0.6628171581854978,0.4980541861048323,1.5732794175239668,0.47561888978452577,0.47010636658478544,0.2547701504804131,0.5381112479381602,0.4235545140245803,0.0,0.0,0.6865859664136663,0.9130893356518461,0.7248636593650462,1.119223309943734,0.9993398546904161,0.64322904953685,1.0862445027810395,1.2558039403772847,0.6850230971613781,1.0571930316083675,1.850207017295818,1.490608622278497,0.7813298608895783,0.19334402503123255,2.71657560724317,2.1333505345584554,1.1040267723326083,1.3802212960698563,2.461861666451516,0.5111993232548634,1.0737115557154422,1.2305452346138417,2.5892878726777173,1.9636193785068876,1.337572089131841,2.653050222156976,1.8965947130943785,2.640003933190915,2.842124168981116,2.744578580011385,0.0,0.0,0.20292314898882746,1.8281668493970094,0.34580347283261503,1.2455128120318983
r29ar,0.0,0.0,0.0,0.0,0.0,0.0,0.0,0.0,0.0,1.5371553242677987,0.7957894728486876,1.0731965689399514,2.175631677623797,1.4769260696055468,2.5859381058970183,0.0,0.0,0.0,0.13978878485325102,1.0338805157063629,0.5354841992420624,0.404803573393829,0.0,0.7328192959757507,0.5881417594573037,0.0,0.5006027467176271,0.35060058954334894,1.4198072065196605,0.3590605538973964,0.23929573068904095,0.04665840928591954,0.37150417944167907,0.19881533694700276,0.0,0.0,0.5383305666454596,0.7524065027962633,0.5800066933733022,0.9722324289425434,0.8542895665769727,0.5065760429697399,0.9324510032010711,1.0894961578463556,0.3971039487523083,0.815192315993863,1.5689426531515533,1.156992989409551,0.5010888064310356,0.1550572471746194,2.44659008341532,1.7956497893597776,0.76133915225171,1.0359875506092648,2.1467455327889895,0.2265320729355601,0.796739490476472,0.9576297386643147,2.3786380811357644,1.7323666183723594,1.0656631066219442,2.4045922670810564,1.644901727244319,2.386995836609717,2.541509319160726,2.486155620544692,0.0,0.0,0.020337919474400196,1.5811171806302446,0.0708175328190348,1.0219051035038458
r1273r,4.379695773263536,4.390790690024917,4.3976440474961285,2.82708644462891,2.6741257542684305,2.5667351565038192,0.0,0.5510059240845303,0.8257350118094571,0.0,0.0,0.0,0.0,0.0,0.0,0.8885158902078993,0.6062352176280417,1.3264678983411848,0.0,0.0,0.0,0.0,0.3207324086663037,0.0,0.0,0.023429656393810533,0.0,0.0,0.0,0.8378193685826687,0.0,0.0,0.0,0.0,0.6279765687552606,0.8630466487876056,0.0,0.0,0.0,0.0,0.0,0.0,0.0,0.0,0.0,0.0,0.0,0.0,0.0,0.00023429656393810533,0.0,0.0,0.0,0.0,0.0,0.0,0.0,0.0,0.0,0.0,0.0,0.0,0.0,0.0,0.0,0.0,2.2913417045507347,0.8770563875550469,0.0,0.0,0.0,0.0
r35r,0.0,0.0,0.0,0.0,0.0,0.0,0.0,0.0,0.0,0.0,0.0,0.0,0.0,0.0,0.0,0.0,0.0,0.0,0.0,0.0,0.0,0.0,0.0,0.0,0.0,0.0,0.0,0.0,0.0,0.08902301003048907,0.0,0.0,0.0,0.0,0.0,0.0,0.0,0.0,0.0,0.0,0.0,0.0,0.0,0.0,0.0,0.0,0.0,0.0,0.0,0.0008902301003048907,0.0,0.0,0.0,0.0,0.0,0.0,0.0,0.0,0.0,0.0,0.0,0.0,0.0,0.0,0.0,0.0,0.0,0.0,0.0,0.0,0.0,0.0
r39r,0.0,0.0,0.0,0.0,0.0,0.0,0.0,0.0,0.0,0.0,0.0,0.0,0.0,0.0,0.0,0.0,0.0,0.0,0.0,0.0,0.0,0.0,0.0,0.0,0.0,0.0,0.0,0.0,0.0,0.00014095599614556367,0.0,0.0,0.0,0.0,0.0,0.0,0.0,0.0,0.0,0.0,0.0,0.0,0.0,0.0,0.0,0.0,0.0,0.0,0.0,1.4095599614556368e-06,0.0,0.0,0.0,0.0,0.0,0.0,0.0,0.0,0.0,0.0,0.0,0.0,0.0,0.0,0.0,0.0,0.0,0.0,0.0,0.0,0.0,0.0
r43r,0.21919442696208852,0.22125783696553128,0.22657496232628813,1.0926615383249199,1.1424970101407386,1.1749891458222395,2.0265993580476356,1.829970497145851,1.7393098081973986,3.6643288044399798,2.8797852395255887,2.925644055855695,4.5496535115308125,3.2605432701850474,5.288397093339575,1.2257412222702169,1.805586755376865,1.5702319160616314,1.340179950531975,2.705471772843107,2.2112493864029146,2.3859303407867745,1.2843962788705683,2.255721953573724,2.6938545110192114,1.6340651905198247,2.603880082982373,2.1555496290247538,3.5462039631709152,0.0,2.3618826747200465,2.135323456179359,2.4496236950690893,2.289854699613287,1.8204103078871625,1.736389793328641,2.636824052659697,2.8596496157908726,2.7294346932597224,3.0709520306888805,2.9807731310279975,2.588023418080607,3.040917888850578,3.0404210131733125,2.5471730426832586,2.952749714621174,3.8047297765732457,3.3522742101536296,1.3797549739564023,0.2932346025190886,4.774008417686639,4.344521898572849,2.9452426604633297,3.12503711421089,4.864703240348647,2.368095618963674,2.096618032675524,2.286588367590043,5.234918787957828,4.110037544949771,2.355878475098521,5.499210231700361,3.1535189555920935,4.991165175069046,4.758377124262211,4.130442035522688,1.2499787559560316,1.7419299188541066,2.109660380313667,3.6843309832756725,1.2894360314397377,3.1601455311032334
r45ar,0.0,0.0,0.0,0.0,0.0,0.0,0.0,0.0,0.0,0.0,0.0,0.0,0.0,0.0,0.0,0.0,0.0,0.0,0.0,0.0,0.0,0.0,0.0,0.0,0.0,0.0,0.0,0.0,0.0,0.7092735825650328,0.0,0.0,0.0,0.0,0.0,0.0,0.0,0.0,0.0,0.0,0.0,0.0,0.0,0.0,0.0,0.0,0.0,0.0,0.0,0.007092735825650329,0.0,0.0,0.0,0.0,0.0,0.0,0.0,0.0,0.0,0.0,0.0,0.0,0.0,0.0,0.0,0.0,0.0,0.0,0.0,0.0,0.0,0.0
r113ar,0.0,0.0,0.0,0.0,0.0,0.0,0.0,0.0,0.0,0.0,0.0,0.0,0.0,0.0,0.0,0.0,0.0,0.0,0.0,0.0,0.0,0.0,0.0,0.0,0.0,0.0,0.0,0.0,0.0,0.6416105161180605,0.0,0.0,0.0,0.0,0.0,0.0,0.0,0.0,0.0,0.0,0.0,0.0,0.0,0.0,0.0,0.0,0.0,0.0,0.0,0.006416105161180605,0.0,0.0,0.0,0.0,0.0,0.0,0.0,0.0,0.0,0.0,0.0,0.0,0.0,0.0,0.0,0.0,0.0,0.0,0.0,0.0,0.0,0.0
r118ar,0.2691505725392293,0.270396793845163,0.2746008761132224,1.117637950506842,1.1624574176551823,1.1951138215687247,1.982593032013652,1.80398693260605,1.7214824219546614,3.4721641460925343,2.7639328777842005,2.685859054827685,4.494183423396342,2.9518826947744192,5.509782925416207,1.2062040737040685,1.7835460796133653,1.5634166927827344,1.1592688137532845,2.4274240709828967,1.972182796753351,2.3008554539418364,1.1610588539572237,1.9980604232119143,2.5910023408437697,1.4801545519733166,2.5088493634008,1.973637186702222,3.3624173656409817,0.0,2.2864154240680588,2.079426265255058,2.369063675243618,2.2238615806242503,1.7911773669296267,1.7151586722551226,2.538869299449491,2.742371656999739,2.6190445597177696,2.9351055727468607,2.849644341962818,2.4944099958419734,2.90786879981779,2.8459415920954765,2.457110344291411,2.8303447425267327,3.624269878443142,3.1881244927371784,1.131136704446028,0.24870770838320877,4.683908182779489,4.459901544631187,2.8239135450642205,2.96429527374339,5.080024337749764,2.2968469055887035,1.828019999755121,2.0064339789392744,5.588779404451961,4.154651360418195,2.0687832501165935,6.01648631190169,2.823084409778763,5.25466235266847,4.720070715001586,3.854976076184924,1.2697042291742986,1.7241254965988413,2.0601762478566203,3.4999598985666376,1.117409187308716,3.0119625167737136
r124r,0.38070517579005264,0.3844333729332496,0.3828446726389721,0.0,0.0,0.0,0.0,0.0,0.0,0.0,0.0,0.0,0.0,0.0,0.0,0.0,0.0,0.0,0.0,0.0,0.0,0.0,0.0,0.0,0.0,0.0,0.0,0.0,0.0,1.6107801331836886,0.0,0.0,0.0,0.0,0.0,0.0,0.0,0.0,0.0,0.0,0.0,0.0,0.0,0.0,0.0,0.0,0.0,0.0,0.0,0.0038070517579005263,0.0,0.0,0.0,0.0,0.0,0.0,0.0,0.0,0.0,0.0,0.0,0.0,0.0,0.0,0.0,0.0,0.0,0.0,0.0,0.0,0.0,0.0
r127r,0.1554630326861484,0.15739471114035883,0.1584998829361145,0.0,0.0,0.0,0.0,0.0,0.0,0.0,0.0,0.0,0.0,0.0,0.0,0.0,0.0,0.0,0.0,0.0,0.0,0.0,0.0,0.0,0.0,0.0,0.0,0.0,0.0,0.22127975849803777,0.0,0.0,0.0,0.0,0.0,0.0,0.0,0.0,0.0,0.0,0.0,0.0,0.0,0.0,0.0,0.0,0.0,0.0,0.0,0.0015546303268614836,0.0,0.0,0.0,0.0,0.0,0.0,0.0,0.0,0.0,0.0,0.0,0.0,0.0,0.0,0.0,0.0,0.0,0.0,0.0,0.0,0.0,0.0
r129r,0.0010449814785614272,0.0010409521836260147,0.001036261911232447,0.001046457965824279,0.0010425360623221417,0.0010413281457270398,0.0010380846329335262,0.0010409846712342017,0.0010418980291308072,0.0010383286686009826,0.001041073534463303,0.0009740821752129699,0.0010401634452095149,0.0009551756596996555,0.0010401218692629704,0.0009579401960870392,0.001034405336429298,0.001032456007549412,0.0008886056277677346,0.0009300950006079199,0.000935489148657637,0.0010215328594992005,0.0009359499757337051,0.000895861817677284,0.0010375856456559002,0.0009527923686568545,0.001039351256461263,0.0009686485452121453,0.0010424251355296696,0.0,0.0010301979003622165,0.0010370823118697847,0.001040314706266991,0.0010363570999959407,0.0010377787189339198,0.0010409591605496534,0.0010399635398854162,0.00103705205908982,0.000992442374227081,0.0010384352057023379,0.0010231636116334888,0.0010413213341181724,0.0010377195024771984,0.0010011394162858826,0.001028037419690508,0.0010379326609684081,0.0010332108839985433,0.0010335192238697477,0.000718322556918749,0.00011166666608099026,0.0009883863567979473,0.0010239677246099692,0.0010377150899268995,0.0010186148730505456,0.001038015537732255,0.0010405006836198762,0.0008405250718366815,0.0008441930023784138,0.0010455132899655454,0.0010423405711620093,0.0008331273308467466,0.0010386735451065978,0.0008839335120512001,0.001000814556625963,0.0009273457478733882,0.0008806944639099276,0.0010464918486975583,0.001047326981747571,0.0010412857009858703,0.0010305345686825135,0.0008920851895944916,0.001038812495780449
r258mr,0.3108705636090429,0.3104575013524233,0.31155791624825235,0.0025216485083892084,0.0022086819018612295,0.0,0.0,0.0,0.0,0.0,0.0,0.0,0.0026472918056560683,0.0,0.22067497652685528,0.0,0.0,0.0,0.0,0.0,0.0,0.0,0.0,0.0,0.0,0.0,0.0,0.0,0.0,0.0,0.0,0.0,0.0,0.0,0.0,0.0,0.0,0.0,0.0,0.0,0.0,0.0,0.0,0.0,0.0,0.0,0.0,0.0,0.0,2.2086819018612294e-05,0.0,0.10413053916438075,0.0,0.0,0.2039236312428952,0.0,0.0,0.0,0.30087383230196574,0.030866575404465087,0.0,0.4182716730279473,0.0,0.0,0.0,0.0,0.0,0.0,0.0,0.0,0.0,0.0
r293r,0.0,0.0,0.0,0.0,0.0,0.0,0.0,0.0,0.0,0.0,0.0,0.0,0.0,0.0,0.0,0.0,0.0,0.0,0.0,0.0,0.0,0.0,0.0,0.0,0.0,0.0,0.0,0.0,0.0,0.002787868670909394,0.0,0.0,0.0,0.0,0.0,0.0,0.0,0.0,0.0,0.0,0.0,0.0,0.0,0.0,0.0,0.0,0.0,0.0,0.0,2.7878686709093946e-05,0.0,0.0,0.0,0.0,0.0,0.0,0.0,0.0,0.0,0.0,0.0,0.0,0.0,0.0,0.0,0.0,0.0,0.0,0.0,0.0,0.0,0.0
r294r,0.028077290574480808,0.027969028670289213,0.027843007163146746,0.028116961863169823,0.0280115854267635,0.027979130282024887,0.02789198131997638,0.02796990156998956,0.027994442306442092,0.02789853824036028,0.027972289209152207,0.026172318685022455,0.027947836296875007,0.025664325250988506,0.027946719205371128,0.025738604741146733,0.027793123417569125,0.02774074749080739,0.023875675242873994,0.02499044062473935,0.025135374353517922,0.027447256737022897,0.02514775617654406,0.024070639609934222,0.027878574182095554,0.025600289326425368,0.027926013843605175,0.02602632412770247,0.028008604968482516,0.0,0.027680075093302253,0.027865050259181217,0.02795190048437588,0.027845564761170175,0.027883761809461463,0.02796921613114299,0.027942465101320677,0.02786423740640114,0.026665633306686455,0.02790140075345026,0.027491072921804863,0.027978947262969938,0.027882170741380653,0.026899311493370257,0.02762202579306828,0.027887898031336296,0.027761030037281087,0.0277693147278091,0.0193003910314053,0.003000337800585444,0.026556653403913166,0.027512678389614534,0.02788205218097449,0.02736885424371428,0.02789012482197142,0.027956897453846562,0.022583813360582676,0.022682365874420966,0.02809157965389621,0.02800633283412554,0.022385045700451776,0.0279078046227039,0.023750141581969544,0.026890582937629057,0.02491657178641498,0.023663112579349988,0.0281178722518184,0.02814031118856143,0.027977989847119966,0.027689120932343287,0.02396916653481447,0.027911538046188036
r298r,0.040190586930754474,0.03786320714552683,0.03765892377290452,0.04533497427299083,0.055553914453047346,0.04192982496619857,0.055316709748193506,0.05547124559498804,0.05551991547237742,0.05532971385098478,0.05547598047283198,0.0,0.05542748495215923,0.0,0.05542526876005772,0.0,0.03185742336981358,0.0550167758114212,0.0,0.0,0.0,0.0,0.0,0.0,0.055290119977918294,0.0,0.05538420493671632,0.0,0.055548003128327104,0.0,0.05085733196676481,0.05526329908122485,0.038682051678862316,0.03536756185966892,0.05530040881443209,0.0554698857634387,0.0554168316409192,0.05526168692717351,0.03097535343379955,0.055335391037235206,0.054521609267010204,0.05548918479109319,0.05529725283376722,0.0,0.05478132139642616,0.05530861175527345,0.055057000601080514,0.05507343139578399,0.0,0.00010207724472515451,0.0,0.04092560123204807,0.055297017983169036,0.0,0.055313028176748005,0.05544545455952262,0.0,0.0,0.041839162230031195,0.010207724472515452,0.0,0.05534809223669203,0.0,0.0,0.0,0.0,0.02244464277458335,0.04615683151346928,0.04051932709880018,0.0,0.0,0.05535549621751192
r300r,0.0,0.0,0.0,0.0,0.0,0.0,0.0,0.0,0.0,0.0,0.0,0.0,0.0,0.0,0.0,0.3853889944718451,0.0,0.0,0.2296571746608482,0.0,0.0,0.0,0.34140012031634803,0.0,0.0,0.055833845551406074,0.0,0.0,0.0,0.6521605700016044,0.0,0.0,0.0,0.0,0.0,0.0,0.0,0.0,0.0,0.0,0.0,0.0,0.0,0.0,0.0,0.0,0.0,0.0,0.0,0.0005583384555140607,0.0,0.0,0.0,0.0,0.0,0.0,0.0,0.0,0.0,0.0,0.0,0.0,0.0,0.0,0.0,0.0,0.0,0.0,0.0,0.0,0.312376966353373,0.0
NE5r,0.028077290574480808,0.027969028670289213,0.027843007163146746,0.028116961863169823,0.0280115854267635,0.027979130282024887,0.02789198131997638,0.02796990156998956,0.027994442306442092,0.02789853824036028,0.027972289209152207,0.026172318685022455,0.027947836296875007,0.025664325250988506,0.027946719205371128,0.025738604741146733,0.027793123417569125,0.02774074749080739,0.023875675242873994,0.02499044062473935,0.025135374353517922,0.027447256737022897,0.02514775617654406,0.024070639609934222,0.027878574182095554,0.025600289326425368,0.027926013843605175,0.02602632412770247,0.028008604968482516,0.0,0.027680075093302253,0.027865050259181217,0.02795190048437588,0.027845564761170175,0.027883761809461463,0.02796921613114299,0.027942465101320677,0.02786423740640114,0.026665633306686455,0.02790140075345026,0.027491072921804863,0.027978947262969938,0.027882170741380653,0.026899311493370257,0.02762202579306828,0.027887898031336296,0.027761030037281087,0.0277693147278091,0.0193003910314053,0.003000337800585444,0.026556653403913166,0.027512678389614534,0.02788205218097449,0.02736885424371428,0.02789012482197142,0.027956897453846562,0.022583813360582676,0.022682365874420966,0.02809157965389621,0.02800633283412554,0.022385045700451776,0.0279078046227039,0.023750141581969544,0.026890582937629057,0.02491657178641498,0.023663112579349988,0.0281178722518184,0.02814031118856143,0.027977989847119966,0.027689120932343287,0.02396916653481447,0.027911538046188036
r443r,0.20693582482588554,0.2042853915286012,0.19906811775937291,0.0,0.0,0.0,0.0,0.0,0.0,0.0,0.0,0.0,0.0,0.0,0.0,0.0,0.0,0.0,0.0,0.0,0.0,0.0,0.0,0.0,0.0,0.0,0.0,0.0,0.0,0.28455348643150796,0.0,0.0,0.0,0.0,0.0,0.0,0.0,0.0,0.0,0.0,0.0,0.0,0.0,0.0,0.0,0.0,0.0,0.0,0.0,0.001990681177593729,0.0,0.0,0.0,0.0,0.0,0.0,0.0,0.0,0.0,0.0,0.0,0.0,0.0,0.0,0.0,0.0,0.0,0.0,0.0,0.0,0.0,0.0
r444r,0.0,0.0,0.0,0.09736084148628463,0.12129561258608122,0.13907991693246452,0.5232075660063795,0.4355206382094204,0.39533644498271997,1.232643789948837,0.8988429740362637,0.9414586296950566,1.42507086500646,1.0954792371244602,1.420778650174537,0.24458343854123624,0.4253834642074719,0.3192031875844693,0.30205360226154676,0.863521620471876,0.6477132667429347,0.6957353799602876,0.26907052056941094,0.6765382658859869,0.8132980534719032,0.39595069991617976,0.773369490406358,0.6122921034767619,1.1756812841595758,0.0,0.6669944517406806,0.5623781748495067,0.70341090444136,0.6334411553201137,0.42404637231937115,0.3855537393958094,0.7880455608772664,0.886881401895709,0.8593039817017003,0.9788577210380617,0.9477384583934713,0.7655254534523367,0.9667010124965324,0.9807034472143652,0.7493925099737837,0.9272185623557797,1.2782171483636529,1.0908784707489911,0.3379565443227847,0.0850864199694136,1.5018343641811558,1.1692490931138957,0.91935212808221,1.0084472015548005,1.2636553973367874,0.6676994202207988,0.6190421528305731,0.7014046922203049,1.2635469200978113,1.157210704539573,0.736152201806975,1.1786895020953025,1.0676898052014538,1.200064762066634,1.3582342953865327,1.3586127775950871,0.17192252874782507,0.3920314350496522,0.557257588664306,1.2551639702945496,0.27979706068633536,1.0063285511811513
r486r,0.3130266296484155,0.31151089181377295,0.309391165226719,0.21823746669988026,0.21134464402754535,0.2066185628161641,0.10983477725145388,0.1324287622060038,0.14268653451302454,0.0,0.016618777509189095,0.0,0.0,0.0,0.0,0.16091266075754532,0.13343791111074593,0.15953110957394573,0.13047278909641924,0.0,0.054925863812055595,0.06286598472018193,0.14969337391266613,0.03853366848715136,0.037196485980931525,0.12187753611212471,0.047587910025705345,0.07146777907308748,0.0,0.25638786006269926,0.07205984547005169,0.09980977864811427,0.065300892212625,0.08187592337212668,0.13455416223551694,0.14491457334577681,0.044060824820665714,0.018676959043341004,0.015230417393434233,0.0,0.0,0.050005599696049625,0.0,0.0,0.05095951348162349,0.008796799785601585,0.0,0.0,0.08202401872222743,0.007123521706227024,0.0,0.0,0.01071297357502545,0.0,0.0,0.07427187438224428,0.0400801778999436,0.02033979994540815,0.0,0.0,0.009087807669841626,0.0,0.0,0.0,0.0,0.0,0.19960489923292,0.14477126345683936,0.10206430581616927,0.0,0.1368435159311763,0.0
r1152r,1.7207993887841548,1.7145905531933971,1.7107824233375117,2.85120407363382,2.8949192315415204,2.937712477727635,3.846399020691993,3.649127949681423,3.5580800438473963,5.546973825304787,4.743990266177587,3.65878058344683,6.559754673064235,3.6561209257937843,7.828127786996736,2.4215095079908613,3.6194989572094274,3.353778007832114,1.0825717809813253,2.8336788322825943,2.2808010994557293,4.034570589347909,1.5817982038551612,2.0938373443583562,4.5323728957833564,1.9919535022358936,4.441248989689765,2.726554292170889,5.416529880508678,0.0,4.174210398646756,3.941139552444253,4.278220992057023,4.111847438143265,3.613422522329621,3.531790549630778,4.475488233636636,4.703541214539821,4.522189754157677,4.922836936458011,4.811245223862024,4.424380717572726,4.892424815072012,4.296454699836274,4.373927078912983,4.815904157451459,5.615609853982304,5.222582187122016,0.09107012603453622,0.09566858579908175,5.8915604606184075,6.950320175278862,4.809581149068271,4.74930277187803,7.548665360585372,4.215346145275798,1.5288443321891443,1.778823782094749,8.13889053467092,6.622839281654106,1.8022294287007383,8.888406960904138,3.026299778512624,7.384514254384954,5.635114689502297,4.374099891229159,3.039046900291226,3.5646032238360443,3.940614659239289,5.569387005515518,1.080648342539947,5.021125880221936
r1149r,0.2691505725392293,0.270396793845163,0.2746008761132224,1.117637950506842,1.1624574176551823,1.1951138215687247,1.982593032013652,1.80398693260605,1.7214824219546614,3.4721641460925343,2.7639328777842005,2.685859054827685,4.494183423396342,2.9518826947744192,5.509782925416207,1.2062040737040685,1.7835460796133653,1.5634166927827344,1.1592688137532845,2.4274240709828967,1.972182796753351,2.3008554539418364,1.1610588539572237,1.9980604232119143,2.5910023408437697,1.4801545519733166,2.5088493634008,1.973637186702222,3.3624173656409817,0.0,2.2864154240680588,2.079426265255058,2.369063675243618,2.2238615806242503,1.7911773669296267,1.7151586722551226,2.538869299449491,2.742371656999739,2.6190445597177696,2.9351055727468607,2.849644341962818,2.4944099958419734,2.90786879981779,2.8459415920954765,2.457110344291411,2.8303447425267327,3.624269878443142,3.1881244927371784,1.131136704446028,0.24870770838320877,4.683908182779489,4.459901544631187,2.8239135450642205,2.96429527374339,5.080024337749764,2.2968469055887035,1.828019999755121,2.0064339789392744,5.588779404451961,4.154651360418195,2.0687832501165935,6.01648631190169,2.823084409778763,5.25466235266847,4.720070715001586,3.854976076184924,1.2697042291742986,1.7241254965988413,2.0601762478566203,3.4999598985666376,1.117409187308716,3.0119625167737136
r1148r,0.0,0.0,0.0,0.0,0.0,0.0,0.0,0.0,0.0,0.0,0.0,0.0,0.0,0.0,0.0,0.0,0.0,0.0,0.0,0.0,0.0,0.0,0.0,0.0,0.0,0.0,0.0,0.0,0.0,0.6416105161180605,0.0,0.0,0.0,0.0,0.0,0.0,0.0,0.0,0.0,0.0,0.0,0.0,0.0,0.0,0.0,0.0,0.0,0.0,0.0,0.006416105161180605,0.0,0.0,0.0,0.0,0.0,0.0,0.0,0.0,0.0,0.0,0.0,0.0,0.0,0.0,0.0,0.0,0.0,0.0,0.0,0.0,0.0,0.0
r1134r,0.013740132514560915,0.009979278938187808,0.009554391265813492,0.0,0.0,0.002134065052895344,0.025140873203329892,0.032356404952943216,0.03438089425948558,0.028449063028007905,0.036527840769646096,0.025487366938866645,-0.0,-0.0,0.019880572913675634,0.0010887357159950638,0.013127299943153613,0.0,0.03628091507343866,-0.0,-0.0,-0.0,-0.0,-0.0,-0.0,-0.0,-0.0,-0.0,-0.0,-0.0,0.0,0.0,0.0,0.0,0.0,0.0,-0.0,-0.0,-0.0,-0.0,-0.0,-0.0,-0.0,-0.0,-0.0,0.021111412196628602,0.019576531001148728,0.018503718699432486,0.012895676176240128,0.0034950219295274126,0.027973423224387117,0.030734236519402974,0.010092813511712363,0.014419898128296383,0.043286548123355285,0.022638471180076253,0.020261720653513702,0.011775133085437496,0.026442097316132583,0.03575294474216411,0.01880967204930882,0.022418778099332157,0.03931966705931031,0.02514594595003229,0.037399552061331984,0.016514952043570192,0.007506987400949759,0.008536431773009395,0.007875660295738624,0.01687214197650804,0.01585564018622625,0.01606864431252925
r1154r,0.494093869268734,0.489101183903525,0.4797360578963374,0.0,0.0,0.0,0.0,0.0,0.0,0.0,0.0,0.0,0.0,0.0,0.0,0.0,0.0,0.0,0.0,0.0,0.0,0.0,0.0,0.0,0.0,0.0,0.0,0.0,0.0,0.5861881880088377,0.0,0.0,0.0,0.0,0.0,0.0,0.0,0.0,0.0,0.0,0.0,0.0,0.0,0.0,0.0,0.0,0.0,0.0,0.0,0.004797360578963374,0.0,0.0,0.0,0.0,0.0,0.0,0.0,0.0,0.0,0.0,0.0,0.0,0.0,0.0,0.0,0.0,0.0,0.0,0.0,0.0,0.0,0.0
r1173r,0.0,0.0,0.0,0.0,0.0,0.0,0.0,0.0,0.0,0.0,0.0,0.0,0.0,0.0,0.0,0.0,0.0,0.0,0.43272674114246085,0.0,0.0323418275696117,0.0,0.32563491530104144,0.007257786000605956,0.0,0.15008587798133177,0.0,0.0,0.0,1.8901909647729411,0.0,0.0,0.0,0.0,0.0,0.0,0.0,0.0,0.0,0.0,0.0,0.0,0.0,0.0,0.0,0.0,0.0,0.0,0.31799978791149225,0.029248230500440203,0.0,0.0,0.0,0.0,0.0,0.0,0.07445321616343693,0.0,0.0,0.0,0.0,0.0,0.0,0.0,0.0,0.0,0.0,0.0,0.0,0.0,0.4737364008019365,0.0
r1175r,0.1967239173361684,0.19887397039641427,0.20429195185598045,1.070159279431928,1.1200790849983175,1.152597194839858,2.004277153174506,1.8075859318999314,1.7169056028371694,3.619717527958404,2.8573987634836593,2.8837930981339785,4.504963404679648,3.219504621486568,5.243708772865412,1.2051423840963256,1.7833436673718162,1.5480307449561455,1.321072031690352,2.6776116944085415,2.1911333189595763,2.363964052952308,1.2642703021402488,2.2364580030030186,2.6715430360110193,1.6135770474225966,2.5815306415355836,2.1347205263965523,3.501416684053558,0.0,2.339730060269319,2.113022804437126,2.4272535363135193,2.2675696422837817,1.7980946811149676,1.7140057766984014,2.6144614451516404,2.837349614590989,2.7080939457662856,3.047816944908314,2.9559908874156333,2.565631613566438,3.0186035355039835,2.9974075544161214,2.525066885612283,2.9304307776126017,3.760338383216627,3.3078695691141524,1.3643086964689906,0.2908253516174451,4.731542887897731,4.300527632959914,2.9229284019446995,3.081272831077954,4.820105417352604,2.3457214611129156,2.0785440025576323,2.2684354650591123,5.189998827754001,4.0652538990378755,2.337963520577512,5.454584137666896,3.115541190519111,4.948165673904203,4.718534173980518,4.092603434471593,1.2274757685013278,1.7194089733147235,2.0872693419867843,3.6400545764495527,1.2702532906979154,3.115513467162459
r1133r,1.4963692181091361,1.4986320189461095,1.497812244476704,0.3080604176819974,0.33348217694723936,0.3181754769964348,0.5144936071677316,0.47013726230914865,0.44982882978740796,0.8755199520226451,0.7025498227350335,0.5709320250972412,1.0824544002472356,0.6550516719435067,1.253831943478426,0.0,0.43076929626450255,0.41622561035400163,0.03120619662491217,0.5379813860318946,0.4296182508061927,0.4380673069476447,0.0,0.44447672622552414,0.6656635001290158,0.21609438691979496,0.6458192499387388,0.4074601589942803,0.8531470840823846,0.0,0.5875292511439352,0.544250809625348,0.5880236989463986,0.5472125558066065,0.4747565525357836,0.4559071593264223,0.6531698786859798,0.7024167823252998,0.6369778651652228,0.7492963891147241,0.7282118540554962,0.6424149869145814,0.7426679722387087,0.5893495855432886,0.6324944117341226,0.7204578037444179,0.908412762774909,0.8072343162100323,0.27232514314553646,0.05948343575430861,0.9847772568598154,1.0145864157415188,0.7201432713692847,0.599597121924122,1.1549566045885171,0.5907108091628603,0.4147462297909171,0.45690207486006434,1.2233917293094694,0.9111950989778245,0.4725199569616159,1.3086299962822738,0.637075268827669,1.0392171655744946,0.9990618759927246,0.8595316425050894,0.3021134023937863,0.43910330931151953,0.512180721213981,0.7186860193218046,0.0,0.7652620563671053
r1160r,0.1631381830761348,0.16277101587164544,0.16287069650858216,0.060439301517240265,0.060111615776281414,0.0578066264634168,0.044880277341289986,0.048738116019603976,0.05039104679095051,0.006122351701228887,0.03380392777985789,0.0,0.04524055805422329,0.0,0.11791467994076951,0.0,0.0427910574556472,0.047988800507896535,0.0,0.0,0.0,0.0,0.0,0.0,0.03197678009727929,0.0,0.03345008216910668,0.0,0.0046871395463930245,0.0,0.03368120160988612,0.03743955137089921,0.030874303450235736,0.03272932153537185,0.0419337441801038,0.04367530456944151,0.033015827324105775,0.0295173113041205,0.026847619436746805,0.025765548734596116,0.02549294086152828,0.033696711543940376,0.026799892366292034,0.0,0.033488789428818756,0.03056604718812376,0.010465758553477537,0.009330615162346243,0.0,4.6871395463930245e-05,0.0,0.07837763510505014,0.029186754405035972,0.0,0.11224107294770823,0.03951333090090016,0.0,0.0,0.1448775508538142,0.05473983020465543,0.0,0.18371848116001363,0.0,0.028530020604499044,0.0,0.0,0.05360556835763804,0.04619034101074216,0.039569440800683156,0.0,0.0,0.012268545268362893
r1157r,0.17015898213290923,0.17002661340243871,0.17092668858505092,0.0,0.0,0.0,0.0,0.0,0.0,0.0,0.0,0.0,0.0,0.0,0.10276029658608761,0.0,0.0,0.0,0.0,0.0,0.0,0.0,0.0,0.0,0.0,0.0,0.0,0.0,0.0,0.0,0.0,0.0,0.0,0.0,0.0,0.0,0.0,0.0,0.0,0.0,0.0,0.0,0.0,0.0,0.0,0.0,0.0,0.0,0.0,0.0002575290405933149,0.0,0.025752904059331488,0.0,0.0,0.0916825582951873,0.0,0.0,0.0,0.15599628144815236,0.0,0.0,0.2345531918679349,0.0,0.0,0.0,0.0,0.0,0.0,0.0,0.0,0.0,0.0
r1156r,0.8491320314091003,0.8455322713066189,0.8448510903517629,1.682134420445628,1.720529943787131,1.7508121087282018,2.5249043191267857,2.347500275958482,2.2647442810117933,4.033254168810564,3.3188112256486826,3.160823952643625,4.864331784613337,3.4041947578016836,5.624926016269595,1.689774053736227,2.3224432909307695,2.095927559567299,1.5178968149282281,2.8319063681347343,2.3817213659849887,2.8273438776070816,1.60225371199543,2.3402340515263607,3.1378515324435923,1.915845958180959,3.055315221926223,2.428964714556863,3.920900358941892,0.0,2.8241058195848754,2.620418276240381,2.914046255985332,2.766515615753645,2.327812949880985,2.2537610225033338,3.0857525687317966,3.2904338771187556,3.128208320787626,3.487230783139461,3.386975156301377,3.042419745127353,3.458582303608113,3.3521741074283034,2.9989379470263304,3.3846670949971767,4.150614105686337,3.744422281448506,1.1650278224973045,0.25882417439218236,4.929889363234038,4.755655841741619,3.3792316244882845,3.498832056624867,5.2569801690846285,2.8471674434580385,2.0673339558519115,2.2535889991214075,5.6293724663928115,4.537705033455706,2.2977571990637977,5.9364733902477935,3.1446580481116753,5.312401316796447,4.822788881774652,4.08741642302677,1.8278649776511053,2.26722936110327,2.603309062826714,4.054683295058406,1.4958327917114396,3.566819856803288
BOUNDARY_CITer,0.0,0.0,0.0,0.0013119419804388968,0.002934552029059653,0.0,0.0,0.0,0.0,0.0,0.0,0.0,-0.0,-0.0,0.0,0.0,0.0,0.0016020534061292723,0.0,-0.0,-0.0,-0.0,-0.0,-0.0,-0.0,-0.0,-0.0,-0.0,-0.0,-0.0,0.017809032874429094,0.020518009697817866,0.018109436086371444,0.015698249019574097,0.02304890747579472,0.019838687429413398,-0.0,-0.0,-0.0,-0.0,-0.0,-0.0,-0.0,-0.0,-0.0,0.0,0.0,0.0,0.0,1.311941980438897e-05,0.0,0.0,0.0,0.0,0.0,0.0,0.0,0.0,0.0,0.0,0.0,0.0,0.0,0.0,0.0,0.0,0.0,0.0,0.0,0.0,0.0,0.0
r32cr,0.0,0.0,0.0,0.0,0.0,0.0,0.0,0.0,0.0,0.0,0.0,0.0,0.0,0.0,0.0,0.0,0.0,0.0,0.0,0.0,0.0,0.0,0.0,0.0,0.0,0.0,0.0,0.0,0.0,0.002013657087793768,0.0,0.0,0.0,0.0,0.0,0.0,0.0,0.0,0.0,0.0,0.0,0.0,0.0,0.0,0.0,0.0,0.0,0.0,0.0,2.0136570877937684e-05,0.0,0.0,0.0,0.0,0.0,0.0,0.0,0.0,0.0,0.0,0.0,0.0,0.0,0.0,0.0,0.0,0.0,0.0,0.0,0.0,0.0,0.0
r33cr,0.0,0.0,0.0,0.0,0.0,0.0,0.0,0.0,0.0,0.0,0.0,0.0,0.0,0.0,0.0,0.0,0.0,0.0,0.0,0.0,0.0,0.0,0.0,0.0,0.0,0.0,0.0,0.0,0.0,0.002013657087793768,0.0,0.0,0.0,0.0,0.0,0.0,0.0,0.0,0.0,0.0,0.0,0.0,0.0,0.0,0.0,0.0,0.0,0.0,0.0,2.0136570877937684e-05,0.0,0.0,0.0,0.0,0.0,0.0,0.0,0.0,0.0,0.0,0.0,0.0,0.0,0.0,0.0,0.0,0.0,0.0,0.0,0.0,0.0,0.0
r2335r,0.5179629758823917,0.5128782547516041,0.5034059951596573,0.0,0.0,0.0,0.0,0.0,0.0,0.0,0.0,0.0,0.0,0.0,0.0,0.0,0.0,0.0,0.0,0.0,0.0,0.0,0.0,0.0,0.0,0.0,0.0,0.0,0.0,0.6040950983521406,0.0,0.0,0.0,0.0,0.0,0.0,0.0,0.0,0.0,0.0,0.0,0.0,0.0,0.0,0.0,0.0,0.0,0.0,0.0,0.005034059951596574,0.0,0.0,0.0,0.0,0.0,0.0,0.0,0.0,0.0,0.0,0.0,0.0,0.0,0.0,0.0,0.0,0.0,0.0,0.0,0.0,0.0,0.0
r2391r,0.0070207990567741066,0.007255597530792603,0.008055992076469206,0.0,0.0,0.0,0.0,0.0,0.0,0.0,0.0,0.0,0.0,0.0,0.0,0.0,0.0,0.0,0.0,0.0,0.0,0.0,0.0,0.0,0.0,0.0,0.0,0.0,0.0,0.0,0.0,0.0,0.0,0.0,0.0,0.0,0.0,0.0,0.0,0.0,0.0,0.0,0.0,0.0,0.0,0.0,0.0,0.0,0.0,7.020799056774107e-05,0.0,0.0,0.0,0.0,0.0,0.0,0.0,0.0,0.01111873059433669,0.0,0.0,0.05083471070792127,0.0,0.0,0.0,0.0,0.0,0.0,0.0,0.0,0.0,0.0
r2834r,0.0842318717234424,0.08390708601086765,0.08352902148944023,0.08435088558950946,0.08403475628029049,0.08393739084607466,0.08367594395992912,0.08390970470996868,0.08398332691932626,0.08369561472108084,0.08391686762745662,0.07851695605506735,0.08384350889062503,0.07699297575296551,0.08384015761611338,0.0772158142234402,0.08337937025270736,0.08322224247242216,0.07162702572862199,0.07497132187421804,0.07540612306055376,0.08234177021106868,0.0754432685296322,0.07221191882980266,0.08363572254628666,0.07680086797927609,0.08377804153081553,0.0780789723831074,0.08402581490544753,0.0,0.08304022527990676,0.08359515077754363,0.08385570145312764,0.08353669428351052,0.08365128542838438,0.08390764839342896,0.08382739530396202,0.0835927122192034,0.07999689992005936,0.08370420226035077,0.0824732187654146,0.08393684178890981,0.08364651222041057,0.08069793448011076,0.08286607737920483,0.08366369409400888,0.08328309011184326,0.0833079441834273,0.05790117309421588,0.00900101340175633,0.07966996021173949,0.08253803516884359,0.08364615654292347,0.08210656273114283,0.08367037446591427,0.08387069236153967,0.06775144008174801,0.06804709762326289,0.08427473896168862,0.08401899850237662,0.06715513710135532,0.08372341386811168,0.07125042474590863,0.08067174881288715,0.07474971535924493,0.07098933773804995,0.0843536167554552,0.0844209335656843,0.0839339695413599,0.08306736279702985,0.0719074996044434,0.08373461413856409
