,SF ABF180_1_R1,SF ABF180_1_R2,SF ABF180_1_R3,SF ABF180_2_R1,SF ABF180_2_R2,SF ABF180_2_R3,SF ABF180_3_R1,SF ABF180_3_R2,SF ABF180_3_R3,SF ABF180_4_R1,SF ABF180_4_R2,SF ABF180_4_R3,SF ABF180_5_R1,SF ABF180_5_R2,SF ABF180_5_R3,SF ABF180_6_R1,SF ABF180_6_R2,SF ABF180_6_R3,SF ABF180_7_R1,SF ABF180_7_R2,SF ABF180_7_R3,SF ABF180_8_R1,SF ABF180_8_R2,SF ABF180_8_R3,SF ABF180_9_R1,SF ABF180_9_R2,SF ABF180_9_R3,SF ABF180_10_R1,SF ABF180_10_R2,SF ABF180_10_R3,SF ABF180_11_R1,SF ABF180_11_R2,SF ABF180_11_R3,SF ABF180_12_R1,SF ABF180_12_R2,SF ABF180_12_R3,SF ABF180_13_R1,SF ABF180_13_R2,SF ABF180_13_R3,SF ABF180_14_R1,SF ABF180_14_R2,SF ABF180_14_R3,SF ABF180_15_R1,SF ABF180_15_R2,SF ABF180_15_R3,SF ABF180_16_R1,SF ABF180_16_R2,SF ABF180_16_R3,SF ABF180_17_R1,SF ABF180_17_R2,SF ABF180_17_R3,SF ABF180_18_R1,SF ABF180_18_R2,SF ABF180_18_R3,SF ABF180_19_R1,SF ABF180_19_R2,SF ABF180_19_R3,SF ABF180_20_R1,SF ABF180_20_R2,SF ABF180_20_R3,SF ABF180_21_R1,SF ABF180_21_R2,SF ABF180_21_R3,SF ABF180_22_R1,SF ABF180_22_R2,SF ABF180_22_R3,SF ABF180_23_R1,SF ABF180_23_R2,SF ABF180_23_R3,SF ABF180_24_R1,SF ABF180_24_R2,SF ABF180_24_R3
r5a,3.824936143246779,3.5572486905993435,3.4154708217093477,5.928542581079202,5.7920765732996475,6.3615101976714685,6.035393256020164,6.150907263442818,5.683482890361201,7.5294969381673615,6.2857964973396925,6.407739308896363,7.962112172505571,6.6996818854621765,8.126162769147271,4.685300990048232,5.618223668139456,5.542779241514971,5.0984064656672015,6.274038835460685,5.781677277891763,5.759331825586928,4.875432835576224,5.9981527485565485,6.8019063587723165,5.20722870978192,6.572800277874688,5.6596067684576825,7.312736975303423,3.4788245485134075,6.588372259834564,7.454731893284028,7.063260859963783,7.460911448415904,7.899449357839232,7.039062211432106,6.736844716819097,6.9967880808112,6.495492911051522,7.015409225539169,6.728058940027709,6.923899840496073,6.88427615365316,6.44209486066479,6.383190483172787,7.042638476192544,7.500703059720818,7.777799947963737,5.752804538089468,6.277127634711532,7.9196414914090925,8.194040815450856,6.687301392247084,6.625732079635986,8.063113810914396,5.918051160041128,6.169031280232367,6.3250075690274326,8.203233562427062,7.812437999018734,6.4224520379021754,8.077414831309822,7.027410332683751,7.892183141789771,8.101947362981086,7.861384798728351,6.555259703226295,6.2089169571655045,7.140623358004105,7.061117899124491,5.101784720433119,6.531199612144264
r10,1.9242408887136568,1.7880028612404377,1.7170062226350524,2.98020551370019,2.9147993600552526,3.1989342076326053,3.030458827998629,3.086507604388209,2.8492689613396545,3.9420693081904936,3.1551607516838893,3.2079305165957823,4.247623537648607,3.4125387220842027,4.34953741248752,2.342928664794366,2.8033205908114436,2.7736033162261142,2.5534799079011075,3.150775065004519,2.903214656615131,2.8869785965315375,2.4438493816520417,3.018496596364834,3.463226246304514,2.6061686783380895,3.311571989602693,2.8381573923966097,3.798674566775607,1.7452723236418015,3.313451764277915,3.881480381494979,3.6287797884953235,3.880803587889714,4.18393108922887,3.603227148735646,3.4242737565514716,3.596724417310643,3.3573122410471323,3.607839975639377,3.4509919117407395,3.5471523937418397,3.52202813588527,3.229060444204347,3.176761422242558,3.59908208412676,3.9014087305432774,4.067376229995062,3.234666554311886,3.536538344641218,4.171816840263715,4.363136802394803,3.3320219388213097,3.290268836133306,4.259391494883505,2.942395240150468,3.244222854197993,3.331211609484389,4.3756688904403065,4.10866026435619,3.4162710068519964,4.2892463464467525,3.682424481490953,4.153572567556644,4.279887580245735,4.208773882081711,3.2870967045273884,3.1097921019098482,3.681385945943242,3.610186428583845,2.5310147381847594,3.2629444816328395
r12a,1.9242408887136568,1.7880028612404377,1.7170062226350524,2.98020551370019,2.9147993600552526,3.1989342076326053,3.030458827998629,3.086507604388209,2.8492689613396545,3.9420693081904936,3.1551607516838893,3.2079305165957823,4.247623537648607,3.4125387220842027,4.34953741248752,2.342928664794366,2.8033205908114436,2.7736033162261142,2.5534799079011075,3.150775065004519,2.903214656615131,2.8869785965315375,2.4438493816520417,3.018496596364834,3.463226246304514,2.6061686783380895,3.311571989602693,2.8381573923966097,3.798674566775607,1.7452723236418015,3.313451764277915,3.881480381494979,3.6287797884953235,3.880803587889714,4.18393108922887,3.603227148735646,3.4242737565514716,3.596724417310643,3.3573122410471323,3.607839975639377,3.4509919117407395,3.5471523937418397,3.52202813588527,3.229060444204347,3.176761422242558,3.59908208412676,3.9014087305432774,4.067376229995062,3.234666554311886,3.536538344641218,4.171816840263715,4.363136802394803,3.3320219388213097,3.290268836133306,4.259391494883505,2.942395240150468,3.244222854197993,3.331211609484389,4.3756688904403065,4.10866026435619,3.4162710068519964,4.2892463464467525,3.682424481490953,4.153572567556644,4.279887580245735,4.208773882081711,3.2870967045273884,3.1097921019098482,3.681385945943242,3.610186428583845,2.5310147381847594,3.2629444816328395
r13a,1.9242408887136568,1.7880028612404377,1.7170062226350524,2.98020551370019,2.9147993600552526,3.1989342076326053,3.030458827998629,3.086507604388209,2.8492689613396545,3.9420693081904936,3.1551607516838893,3.2079305165957823,4.247623537648607,3.4125387220842027,4.34953741248752,2.342928664794366,2.8033205908114436,2.7736033162261142,2.5534799079011075,3.150775065004519,2.903214656615131,2.8869785965315375,2.4438493816520417,3.018496596364834,3.463226246304514,2.6061686783380895,3.311571989602693,2.8381573923966097,3.798674566775607,1.7452723236418015,3.313451764277915,3.881480381494979,3.6287797884953235,3.880803587889714,4.18393108922887,3.603227148735646,3.4242737565514716,3.596724417310643,3.3573122410471323,3.607839975639377,3.4509919117407395,3.5471523937418397,3.52202813588527,3.229060444204347,3.176761422242558,3.59908208412676,3.9014087305432774,4.067376229995062,3.234666554311886,3.536538344641218,4.171816840263715,4.363136802394803,3.3320219388213097,3.290268836133306,4.259391494883505,2.942395240150468,3.244222854197993,3.331211609484389,4.3756688904403065,4.10866026435619,3.4162710068519964,4.2892463464467525,3.682424481490953,4.153572567556644,4.279887580245735,4.208773882081711,3.2870967045273884,3.1097921019098482,3.681385945943242,3.610186428583845,2.5310147381847594,3.2629444816328395
r14,3.872027411607848,3.5947627543624083,3.452554068830862,5.99227947372156,5.867120866921364,6.4342266328589535,6.086442055974352,6.195123154110018,5.713592954997416,8.238780294594614,6.334846509395866,6.423982757486769,9.028381978088856,6.950473002874636,9.271986880802812,4.686413669129233,5.595058695106318,5.551634023389487,5.115513165937229,6.329061424557391,5.8311813485687605,5.788582560539223,4.8999646910319425,6.075833636902788,7.050998626445736,5.217446003570437,6.673487680536084,5.693022801128756,7.881961291799008,3.5022647460537986,6.665434797277097,8.071189632695889,7.4518582940175095,8.062302903142948,8.836274999076249,7.373846383510479,6.960250309386786,7.390109588431373,6.933756053137009,7.415950677018336,7.075908706935252,7.264709734471282,7.203836389887921,6.474146916152599,6.323855205797447,7.353689860314493,8.104931862452291,8.491704972016517,7.185861679158076,7.8690257438533395,8.767625869645766,9.258506394128354,6.640786363038152,6.535343264897238,8.97445216861962,5.851529800560744,6.807860136559604,6.999838868910124,9.299441999334165,8.622203058406022,7.242631989505809,9.07957055447719,7.7022875932800625,8.722107128436809,9.017602958001849,8.973710729598494,6.593127114883259,6.230251450473888,7.584920425768864,7.379627815210891,5.02227423230592,6.520578314387094
r15,3.872027411607848,3.5947627543624083,3.452554068830862,5.99227947372156,5.867120866921364,6.4342266328589535,6.086442055974352,6.195123154110018,5.713592954997416,8.238780294594614,6.334846509395866,6.423982757486769,9.028381978088856,6.950473002874636,9.271986880802812,4.686413669129233,5.595058695106318,5.551634023389487,5.115513165937229,6.329061424557391,5.8311813485687605,5.788582560539223,4.8999646910319425,6.075833636902788,7.050998626445736,5.217446003570437,6.673487680536084,5.693022801128756,7.881961291799008,3.5022647460537986,6.665434797277097,8.071189632695889,7.4518582940175095,8.062302903142948,8.836274999076249,7.373846383510479,6.960250309386786,7.390109588431373,6.933756053137009,7.415950677018336,7.075908706935252,7.264709734471282,7.203836389887921,6.474146916152599,6.323855205797447,7.353689860314493,8.104931862452291,8.491704972016517,7.185861679158076,7.8690257438533395,8.767625869645766,9.258506394128354,6.640786363038152,6.535343264897238,8.97445216861962,5.851529800560744,6.807860136559604,6.999838868910124,9.299441999334165,8.622203058406022,7.242631989505809,9.07957055447719,7.7022875932800625,8.722107128436809,9.017602958001849,8.973710729598494,6.593127114883259,6.230251450473888,7.584920425768864,7.379627815210891,5.02227423230592,6.520578314387094
r16a,3.872027411607848,3.5947627543624083,3.452554068830862,5.99227947372156,5.867120866921364,6.4342266328589535,6.086442055974352,6.195123154110018,5.713592954997416,8.238780294594614,6.334846509395866,6.423982757486769,9.028381978088856,6.950473002874636,9.271986880802812,4.686413669129233,5.595058695106318,5.551634023389487,5.115513165937229,6.329061424557391,5.8311813485687605,5.788582560539223,4.8999646910319425,6.075833636902788,7.050998626445736,5.217446003570437,6.673487680536084,5.693022801128756,7.881961291799008,3.5022647460537986,6.665434797277097,8.071189632695889,7.4518582940175095,8.062302903142948,8.836274999076249,7.373846383510479,6.960250309386786,7.390109588431373,6.933756053137009,7.415950677018336,7.075908706935252,7.264709734471282,7.203836389887921,6.474146916152599,6.323855205797447,7.353689860314493,8.104931862452291,8.491704972016517,7.185861679158076,7.8690257438533395,8.767625869645766,9.258506394128354,6.640786363038152,6.535343264897238,8.97445216861962,5.851529800560744,6.807860136559604,6.999838868910124,9.299441999334165,8.622203058406022,7.242631989505809,9.07957055447719,7.7022875932800625,8.722107128436809,9.017602958001849,8.973710729598494,6.593127114883259,6.230251450473888,7.584920425768864,7.379627815210891,5.02227423230592,6.520578314387094
r17,3.872027411607848,3.5947627543624083,3.452554068830862,5.99227947372156,5.867120866921364,6.4342266328589535,6.086442055974352,6.195123154110018,5.713592954997416,8.238780294594614,6.334846509395866,6.423982757486769,9.028381978088856,6.950473002874636,9.271986880802812,4.686413669129233,5.595058695106318,5.551634023389487,5.115513165937229,6.329061424557391,5.8311813485687605,5.788582560539223,4.8999646910319425,6.075833636902788,7.050998626445736,5.217446003570437,6.673487680536084,5.693022801128756,7.881961291799008,3.5022647460537986,6.665434797277097,8.071189632695889,7.4518582940175095,8.062302903142948,8.836274999076249,7.373846383510479,6.960250309386786,7.390109588431373,6.933756053137009,7.415950677018336,7.075908706935252,7.264709734471282,7.203836389887921,6.474146916152599,6.323855205797447,7.353689860314493,8.104931862452291,8.491704972016517,7.185861679158076,7.8690257438533395,8.767625869645766,9.258506394128354,6.640786363038152,6.535343264897238,8.97445216861962,5.851529800560744,6.807860136559604,6.999838868910124,9.299441999334165,8.622203058406022,7.242631989505809,9.07957055447719,7.7022875932800625,8.722107128436809,9.017602958001849,8.973710729598494,6.593127114883259,6.230251450473888,7.584920425768864,7.379627815210891,5.02227423230592,6.520578314387094
r18,0.12454150916647139,0.11800385036422414,0.11317549095709341,0.2045977655112641,0.19822713148105955,0.21793938567966226,0.19785601254869573,0.1993828375896813,0.18344779425887084,1.9220983373916118,0.20156894792977703,0.21558373456512894,2.6915568217763988,0.661532468580545,2.9125439827024904,0.16756833803739146,0.19836963248256012,0.19788201146462378,0.16320521615551942,0.2181371949653391,0.20117477010285895,0.20300597107461293,0.1718800074505516,0.3701641695685089,0.7707724354288569,0.18565569185535943,0.38347684882398514,0.19888335958096867,1.5367649099567653,0.14639029442557036,0.46330394455056056,1.7651179573759583,1.1118586411668618,1.7608415540987326,2.537808455048509,1.0416199777112112,0.6622407977137728,1.112425169349627,1.20139707394662,1.1028347234981253,0.970055308940687,0.9322950627556149,0.9141195965407094,0.22715877015358593,0.23692693317851513,1.0692223839203185,1.8815685302785221,2.260404462307533,4.009965405061717,4.31978165606986,2.4767091671217822,3.1467466895192655,0.37672049191297813,0.2736689951796788,2.7161552906353865,0.21014754529028223,1.9952033363721928,2.0764163614406246,2.968007903228767,2.293693541626447,2.439826270619515,2.8097603685306085,2.0267193176895613,2.3952994472435636,2.718461307500192,3.134401381467644,0.2293826127419508,0.21602720634774172,1.2828840486415842,1.0993380467721765,0.18582473116675755,0.22809156504357095
r19,1.7217211770250949,1.6004170437584915,1.537405015448164,2.6892430885938823,2.636219736239092,2.8859361078041923,2.6961552627574705,2.733774510764599,2.51286299759143,4.590983512767272,2.7920141512639747,2.837641043017957,5.4149978034485295,3.363251156404003,5.621877030461141,2.089676856076539,2.4737202989430123,2.4789939944978068,2.2403869285884572,2.8373249198306865,2.6138285191300907,2.589782323657691,2.1921623343401437,2.802680484454427,3.4541209859647086,2.3302394640021786,3.073133550173384,2.548186361192924,4.252494184631677,1.5791342050574642,3.097252535016103,4.449805842712413,3.8219170590133964,4.439244113578375,5.22286052025725,3.740050596049476,3.358950622865641,3.7971174501725513,3.654444697320083,3.8063342562265947,3.5845037681791454,3.646831492249161,3.605780498929963,2.89633530284592,2.80653720313095,3.713609528326774,4.491053695007965,4.860956655487635,5.307904902555296,5.7800708094824635,5.108231712029349,5.6816640585626494,2.998016210022471,2.888511826092424,5.307028240263469,2.565266639984796,3.9934334520694024,4.1324039951015,5.635234836607409,4.9444458271388125,4.436478581728683,5.444813803883525,4.38369103148847,5.049922960970962,5.3342198581701,5.584101537429726,2.942459464930429,2.7740120521693123,3.964196525006532,3.744926453701867,2.20068873903037,2.8860145210031303
r20,0.13828164168103196,0.12798312930241212,0.12272988222290708,0.20459776551126307,0.19822713148105955,0.2200734507325569,0.22299688575202578,0.23173924254262346,0.2178286885183568,0.24472790161292057,0.2380967886994231,0.24107110150399527,0.22248579824204906,0.22137578966179344,0.23519420064575525,0.168657073753386,0.21149693242571407,0.19788201146462414,0.19948613122895792,0.2181371949653391,0.20117477010285947,0.2030059710746126,0.17188000745055143,0.210159209390611,0.2283822724862942,0.18565569185535943,0.22767435725332552,0.1988833595809685,0.2284344581231048,0.12259665759111069,0.2335584179488632,0.2341739761617553,0.2299707042893946,0.23616405752123285,0.23209060340256518,0.2338412922806843,0.2261474653423194,0.22707496435897423,0.20656593311086588,0.22652922201581804,0.21923911987941178,0.22583545318214387,0.22659874714217598,0.22715877015358452,0.23692693317851513,0.24892329689531587,0.251098250678721,0.2575490308371949,0.14500431977729902,0.1571664452395681,0.25696790317721263,0.26048124163057973,0.25536860872654715,0.257997151973017,0.2691377446820167,0.2327860164703583,0.20404914219824868,0.2028618100369375,0.2492450573370286,0.2567512364387115,0.20237527416698903,0.2499258288101866,0.24040621199817058,0.25439016343461207,0.26690613729046025,0.2349772590516716,0.2343976994410878,0.22456363812075045,0.23485285609934597,0.24727823864483342,0.20168037135298414,0.24416020935609986
r22,3.824936143246779,3.5572486905993435,3.4154708217093477,5.928542581079202,5.7920765732996475,6.3615101976714685,6.035393256020164,6.150907263442818,5.683482890361201,7.5294969381673615,6.2857964973396925,6.407739308896363,7.962112172505571,6.6996818854621765,8.126162769147271,4.685300990048232,5.618223668139456,5.542779241514971,5.0984064656672015,6.274038835460685,5.781677277891763,5.759331825586928,4.875432835576224,5.9981527485565485,6.8019063587723165,5.20722870978192,6.572800277874688,5.6596067684576825,7.312736975303423,3.4788245485134075,6.588372259834564,7.454731893284028,7.063260859963783,7.460911448415904,7.899449357839232,7.039062211432106,6.736844716819097,6.9967880808112,6.495492911051522,7.015409225539169,6.728058940027709,6.923899840496073,6.88427615365316,6.44209486066479,6.383190483172787,7.042638476192544,7.500703059720818,7.777799947963737,5.752804538089468,6.277127634711532,7.9196414914090925,8.194040815450856,6.687301392247084,6.625732079635986,8.063113810914396,5.918051160041128,6.169031280232367,6.3250075690274326,8.203233562427062,7.812437999018734,6.4224520379021754,8.077414831309822,7.027410332683751,7.892183141789771,8.101947362981086,7.861384798728351,6.555259703226295,6.2089169571655045,7.140623358004105,7.061117899124491,5.101784720433119,6.531199612144264
r23,3.824936143246779,3.5572486905993435,3.4154708217093477,5.928542581079202,5.7920765732996475,6.3615101976714685,6.035393256020164,6.150907263442818,5.683482890361201,7.5294969381673615,6.2857964973396925,6.407739308896363,7.962112172505571,6.6996818854621765,8.126162769147271,4.685300990048232,5.618223668139456,5.542779241514971,5.0984064656672015,6.274038835460685,5.781677277891763,5.759331825586928,4.875432835576224,5.9981527485565485,6.8019063587723165,5.20722870978192,6.572800277874688,5.6596067684576825,7.312736975303423,3.4788245485134075,6.588372259834564,7.454731893284028,7.063260859963783,7.460911448415904,7.899449357839232,7.039062211432106,6.736844716819097,6.9967880808112,6.495492911051522,7.015409225539169,6.728058940027709,6.923899840496073,6.88427615365316,6.44209486066479,6.383190483172787,7.042638476192544,7.500703059720818,7.777799947963737,5.752804538089468,6.277127634711532,7.9196414914090925,8.194040815450856,6.687301392247084,6.625732079635986,8.063113810914396,5.918051160041128,6.169031280232367,6.3250075690274326,8.203233562427062,7.812437999018734,6.4224520379021754,8.077414831309822,7.027410332683751,7.892183141789771,8.101947362981086,7.861384798728351,6.555259703226295,6.2089169571655045,7.140623358004105,7.061117899124491,5.101784720433119,6.531199612144264
r24a,3.824936143246779,3.5572486905993435,3.4154708217093477,5.928542581079202,5.7920765732996475,6.3615101976714685,6.035393256020164,6.150907263442818,5.683482890361201,7.5294969381673615,6.2857964973396925,6.407739308896363,7.962112172505571,6.6996818854621765,8.126162769147271,4.685300990048232,5.618223668139456,5.542779241514971,5.0984064656672015,6.274038835460685,5.781677277891763,5.759331825586928,4.875432835576224,5.9981527485565485,6.8019063587723165,5.20722870978192,6.572800277874688,5.6596067684576825,7.312736975303423,3.4788245485134075,6.588372259834564,7.454731893284028,7.063260859963783,7.460911448415904,7.899449357839232,7.039062211432106,6.736844716819097,6.9967880808112,6.495492911051522,7.015409225539169,6.728058940027709,6.923899840496073,6.88427615365316,6.44209486066479,6.383190483172787,7.042638476192544,7.500703059720818,7.777799947963737,5.752804538089468,6.277127634711532,7.9196414914090925,8.194040815450856,6.687301392247084,6.625732079635986,8.063113810914396,5.918051160041128,6.169031280232367,6.3250075690274326,8.203233562427062,7.812437999018734,6.4224520379021754,8.077414831309822,7.027410332683751,7.892183141789771,8.101947362981086,7.861384798728351,6.555259703226295,6.2089169571655045,7.140623358004105,7.061117899124491,5.101784720433119,6.531199612144264
r25,1.9242408887136568,1.7880028612404377,1.7170062226350524,2.98020551370019,2.9147993600552526,3.1989342076326053,3.030458827998629,3.086507604388209,2.8492689613396545,3.9420693081904945,3.1551607516838893,3.2079305165957823,4.247623537648607,3.4125387220842027,4.34953741248752,2.342928664794366,2.8033205908114436,2.7736033162261142,2.5534799079011075,3.150775065004519,2.903214656615131,2.8869785965315375,2.4438493816520417,3.018496596364834,3.463226246304514,2.6061686783380895,3.311571989602693,2.8381573923966097,3.7986745667756074,1.7452723236418015,3.3134517642779158,3.881480381494979,3.6287797884953235,3.880803587889713,4.183931089228871,3.603227148735646,3.4242737565514716,3.596724417310643,3.3573122410471323,3.607839975639377,3.4509919117407395,3.5471523937418397,3.5220281358852703,3.229060444204347,3.176761422242558,3.5990820841267595,3.9014087305432774,4.067376229995063,3.234666554311886,3.536538344641218,4.171816840263714,4.363136802394803,3.3320219388213093,3.290268836133306,4.259391494883505,2.942395240150468,3.244222854197993,3.331211609484389,4.3756688904403065,4.10866026435619,3.4162710068519964,4.2892463464467525,3.682424481490953,4.153572567556645,4.279887580245735,4.208773882081711,3.2870967045273884,3.1097921019098482,3.681385945943242,3.6101864285838454,2.5310147381847594,3.2629444816328395
r26r,1.900695254533122,1.7692458293589055,1.698464599074295,2.9483370673790117,2.877277213244395,3.1625759900388632,3.0049344280215355,3.064399659054609,2.8342139290215473,3.5874276299768675,3.1306357456558027,3.1998087923005802,3.7144886348569637,3.2871431633779737,3.7766253566597503,2.3423723252538657,2.814903077328012,2.769175925288857,2.544926557766094,3.1232637704561657,2.8784626212766318,2.8723532290553906,2.4315834539241825,2.9796561521917146,3.338680112467803,2.601060031443831,3.2612282882719943,2.821449376061073,3.5140624085278156,1.733552224871606,3.2749204955566484,3.5732515117890484,3.4344810714684604,3.5801078605261902,3.715518268610361,3.43583506269646,3.3125709602676254,3.4000636635005574,3.1381806700043895,3.407569249899792,3.277067028286969,3.376747446754234,3.36224801776789,3.213034416460443,3.2064290609302284,3.4435563920657852,3.5992943291775408,3.710423717968673,2.518137983777582,2.7405892900703144,3.7478246511453777,3.8309040130560543,3.355279453425775,3.3354632435026796,3.8037223160308926,2.9756559198906603,2.9248084260343736,2.9937959595430432,3.8275646719867553,3.7037777346625442,3.0061810310501795,3.7881684848630695,3.344985851192798,3.7386105742331264,3.8220597827353524,3.65261091664664,3.2681629986989065,3.0991248552556563,3.459237412060863,3.450931470540645,2.5707699822483594,3.268255130511425
r27,1.900695254533122,1.7692458293589055,1.698464599074295,2.9483370673790117,2.877277213244395,3.1625759900388632,3.0049344280215355,3.064399659054609,2.8342139290215473,3.5874276299768675,3.1306357456558027,3.1998087923005802,3.7144886348569637,3.2871431633779737,3.7766253566597503,2.3423723252538657,2.814903077328012,2.769175925288857,2.544926557766094,3.1232637704561657,2.8784626212766318,2.8723532290553906,2.4315834539241825,2.9796561521917146,3.338680112467803,2.601060031443831,3.2612282882719943,2.821449376061073,3.5140624085278156,1.733552224871606,3.2749204955566484,3.5732515117890484,3.4344810714684604,3.5801078605261902,3.715518268610361,3.43583506269646,3.3125709602676254,3.4000636635005574,3.1381806700043895,3.407569249899792,3.277067028286969,3.376747446754234,3.36224801776789,3.213034416460443,3.2064290609302284,3.4435563920657852,3.5992943291775408,3.710423717968673,2.518137983777582,2.7405892900703144,3.7478246511453777,3.8309040130560543,3.355279453425775,3.3354632435026796,3.8037223160308926,2.9756559198906603,2.9248084260343736,2.9937959595430432,3.8275646719867553,3.7037777346625442,3.0061810310501795,3.7881684848630695,3.344985851192798,3.7386105742331264,3.8220597827353524,3.65261091664664,3.2681629986989065,3.0991248552556563,3.459237412060863,3.450931470540645,2.5707699822483594,3.268255130511425
r28,0.023545634180534524,0.018757031881532455,0.018541623560757264,0.03186844632117873,0.037522146810858074,0.036358217593742706,0.025524399977093725,0.022107945333599707,0.015055032318106816,0.35464167821362635,0.024525006028086868,0.0081217242952031,0.5331349027916429,0.12539555870622948,0.5729120558277707,0.0005563395405005271,0.0,0.004427390937257968,0.008553350135013892,0.02751129454835316,0.02475203533849863,0.01462536747614722,0.01226592772785931,0.03884044417311951,0.12454613383671047,0.005108646894258547,0.050343701330698924,0.01670801633553698,0.28461215824779174,0.011720098770195498,0.03853126872126676,0.3082288697059306,0.19429871702686322,0.30069572736352296,0.4684128206185093,0.16739208603918607,0.11170279628384555,0.19666075381008608,0.21913157104274342,0.200270725739584,0.1739248834537711,0.1704049469876053,0.1597801181173801,0.016026027743904752,0.0,0.15552569206097433,0.3021144013657368,0.35695251202638995,0.7165285705343037,0.7969490545709038,0.4239921891183374,0.5322327893387475,0.0,0.0,0.4556691788526119,0.0,0.319414428163619,0.33741564994134593,0.5481042184535513,0.4048825296936452,0.4100899758018167,0.5010778615836842,0.3374386302981557,0.4149619933235187,0.4578277975103814,0.5561629654350712,0.018933705828481764,0.010667246654191847,0.22214853388237918,0.1592549580432004,0.0,0.0
r29a,1.900695254533122,1.7692458293589055,1.698464599074295,2.9483370673790117,2.877277213244395,3.1625759900388632,3.0049344280215355,3.064399659054609,2.8342139290215473,3.5874276299768675,3.1306357456558027,3.1998087923005802,3.7144886348569637,3.2871431633779737,3.7766253566597503,2.3423723252538657,2.814903077328012,2.769175925288857,2.544926557766094,3.1232637704561657,2.8784626212766318,2.8723532290553906,2.4315834539241825,2.9796561521917146,3.338680112467803,2.601060031443831,3.2612282882719943,2.821449376061073,3.5140624085278156,1.733552224871606,3.2749204955566484,3.5732515117890484,3.4344810714684604,3.5801078605261902,3.715518268610361,3.43583506269646,3.3125709602676254,3.4000636635005574,3.1381806700043895,3.407569249899792,3.277067028286969,3.376747446754234,3.36224801776789,3.213034416460443,3.2064290609302284,3.4435563920657852,3.5992943291775408,3.710423717968673,2.518137983777582,2.7405892900703144,3.7478246511453777,3.8309040130560543,3.355279453425775,3.3354632435026796,3.8037223160308926,2.9756559198906603,2.9248084260343736,2.9937959595430432,3.8275646719867553,3.7037777346625442,3.0061810310501795,3.7881684848630695,3.344985851192798,3.7386105742331264,3.8220597827353524,3.65261091664664,3.2681629986989065,3.0991248552556563,3.459237412060863,3.450931470540645,2.5707699822483594,3.268255130511425
r31a,0.13828164168103196,0.12798312930241212,0.12272988222290708,0.20459776551126307,0.19822713148105955,0.2200734507325569,0.22299688575202578,0.23173924254262346,0.2178286885183568,0.24472790161292057,0.2380967886994231,0.24107110150399527,0.22248579824204906,0.22137578966179344,0.23519420064575525,0.168657073753386,0.21149693242571407,0.19788201146462414,0.19948613122895792,0.2181371949653391,0.20117477010285947,0.2030059710746126,0.17188000745055143,0.210159209390611,0.2283822724862942,0.18565569185535943,0.22767435725332552,0.1988833595809685,0.2284344581231048,0.12259665759111069,0.2335584179488632,0.2341739761617553,0.2299707042893946,0.23616405752123285,0.23209060340256518,0.2338412922806843,0.2261474653423194,0.22707496435897423,0.20656593311086588,0.22652922201581804,0.21923911987941178,0.22583545318214387,0.22659874714217598,0.22715877015358452,0.23692693317851513,0.24892329689531587,0.251098250678721,0.2575490308371949,0.14500431977729902,0.1571664452395681,0.25696790317721263,0.26048124163057973,0.25536860872654715,0.257997151973017,0.2691377446820167,0.2327860164703583,0.20404914219824868,0.2028618100369375,0.2492450573370286,0.2567512364387115,0.20237527416698903,0.2499258288101866,0.24040621199817058,0.25439016343461207,0.26690613729046025,0.2349772590516716,0.2343976994410878,0.22456363812075045,0.23485285609934597,0.24727823864483342,0.20168037135298414,0.24416020935609986
r32a,0.12454150916647104,0.11800385036422432,0.11317549095709359,0.20459776551126307,0.19822713148105955,0.21793938567966156,0.1978560125486959,0.19938283758968026,0.18344779425887123,0.21627883858491267,0.20156894792977703,0.2155837345651286,0.22248579824204906,0.22137578966179344,0.2153136277320796,0.16756833803739093,0.19836963248256045,0.19788201146462414,0.16320521615551925,0.2181371949653391,0.20117477010285947,0.2030059710746126,0.17188000745055143,0.210159209390611,0.2283822724862942,0.18565569185535943,0.22767435725332552,0.1988833595809685,0.2284344581231048,0.12259665759111069,0.2335584179488632,0.2341739761617553,0.2299707042893946,0.23616405752123285,0.23209060340256518,0.2338412922806843,0.2261474653423194,0.22707496435897423,0.20656593311086588,0.22652922201581804,0.21923911987941178,0.22583545318214387,0.22659874714217598,0.22715877015358452,0.23692693317851513,0.22781188469868724,0.2315217196775723,0.23904531213776242,0.1321086436010589,0.13522774650180874,0.22899447995282554,0.22974700511117677,0.24527579521483478,0.2435772538447206,0.22585119655866137,0.21014754529028204,0.18378742154473499,0.19108667695150003,0.222802960020896,0.2209982916965474,0.18356560211768022,0.22750705071085445,0.20108654493886027,0.22924421748457977,0.22950658522912828,0.21846230700810143,0.22689071204013803,0.21602720634774103,0.22697719580360737,0.2304060966683254,0.1858247311667579,0.22809156504357062
r33a,0.12454150916647104,0.11800385036422432,0.11317549095709359,0.20459776551126307,0.19822713148105955,0.21793938567966156,0.1978560125486959,0.19938283758968026,0.18344779425887123,0.21627883858491267,0.20156894792977703,0.2155837345651286,0.22248579824204906,0.22137578966179344,0.2153136277320796,0.16756833803739093,0.19836963248256045,0.19788201146462414,0.16320521615551925,0.2181371949653391,0.20117477010285947,0.2030059710746126,0.17188000745055143,0.210159209390611,0.2283822724862942,0.18565569185535943,0.22767435725332552,0.1988833595809685,0.2284344581231048,0.12259665759111069,0.2335584179488632,0.2341739761617553,0.2299707042893946,0.23616405752123285,0.23209060340256518,0.2338412922806843,0.2261474653423194,0.22707496435897423,0.20656593311086588,0.22652922201581804,0.21923911987941178,0.22583545318214387,0.22659874714217598,0.22715877015358452,0.23692693317851513,0.22781188469868724,0.2315217196775723,0.23904531213776242,0.1321086436010589,0.13522774650180874,0.22899447995282554,0.22974700511117677,0.24527579521483478,0.2435772538447206,0.22585119655866137,0.21014754529028204,0.18378742154473499,0.19108667695150003,0.222802960020896,0.2209982916965474,0.18356560211768022,0.22750705071085445,0.20108654493886027,0.22924421748457977,0.22950658522912828,0.21846230700810143,0.22689071204013803,0.21602720634774103,0.22697719580360737,0.2304060966683254,0.1858247311667579,0.22809156504357062
r35,0.12454150916647104,0.11800385036422432,0.11317549095709359,0.20459776551126307,0.19822713148105955,0.21793938567966156,0.1978560125486959,0.19938283758968026,0.18344779425887123,0.21627883858491267,0.20156894792977703,0.2155837345651286,0.22248579824204906,0.22137578966179344,0.2153136277320796,0.16756833803739093,0.19836963248256045,0.19788201146462414,0.16320521615551925,0.2181371949653391,0.20117477010285947,0.2030059710746126,0.17188000745055143,0.210159209390611,0.2283822724862942,0.18565569185535943,0.22767435725332552,0.1988833595809685,0.2284344581231048,0.12259665759111069,0.2335584179488632,0.2341739761617553,0.2299707042893946,0.23616405752123285,0.23209060340256518,0.2338412922806843,0.2261474653423194,0.22707496435897423,0.20656593311086588,0.22652922201581804,0.21923911987941178,0.22583545318214387,0.22659874714217598,0.22715877015358452,0.23692693317851513,0.22781188469868724,0.2315217196775723,0.23904531213776242,0.1321086436010589,0.13522774650180874,0.22899447995282554,0.22974700511117677,0.24527579521483478,0.2435772538447206,0.22585119655866137,0.21014754529028204,0.18378742154473499,0.19108667695150003,0.222802960020896,0.2209982916965474,0.18356560211768022,0.22750705071085445,0.20108654493886027,0.22924421748457977,0.22950658522912828,0.21846230700810143,0.22689071204013803,0.21602720634774103,0.22697719580360737,0.2304060966683254,0.1858247311667579,0.22809156504357062
r39,0.12454150916647104,0.11800385036422432,0.11317549095709359,0.20459776551126307,0.19822713148105955,0.21793938567966156,0.1978560125486959,0.19938283758968026,0.1834477942588712,0.21627883858491267,0.20156894792977703,0.2155837345651286,0.22248579824204906,0.22137578966179344,0.2153136277320796,0.16756833803739093,0.19836963248256045,0.19788201146462414,0.16320521615551925,0.2181371949653391,0.20117477010285947,0.2030059710746126,0.17188000745055143,0.210159209390611,0.2283822724862942,0.18565569185535943,0.22767435725332552,0.1988833595809685,0.2284344581231048,0.12259665759111069,0.2335584179488632,0.2341739761617553,0.2299707042893946,0.23616405752123285,0.23209060340256518,0.2338412922806843,0.2261474653423194,0.22707496435897423,0.20656593311086588,0.22652922201581804,0.21923911987941178,0.22583545318214387,0.22659874714217598,0.22715877015358452,0.23692693317851513,0.22781188469868724,0.2315217196775723,0.23904531213776242,0.1321086436010589,0.13522774650180874,0.22899447995282554,0.22974700511117677,0.24527579521483478,0.2435772538447206,0.22585119655866137,0.21014754529028204,0.18378742154473499,0.19108667695150003,0.222802960020896,0.2209982916965474,0.18356560211768022,0.22750705071085445,0.20108654493886027,0.22924421748457977,0.22950658522912828,0.21846230700810143,0.22689071204013803,0.21602720634774103,0.22697719580360737,0.2304060966683254,0.1858247311667579,0.22809156504357062
r42,1.984544327872598,1.8464040234251287,1.7733103886281645,3.098438619616411,3.0326739992012115,3.3239489442164123,3.117008161058194,3.164896590896905,2.9141394803686578,3.346170754158406,3.2316798878931747,3.2942958790870813,3.390898376398278,3.3658460568088384,3.3751545038685657,2.4259022678673166,2.883586863851286,2.8747580174270557,2.6030782759729356,3.2735993097613645,3.01617805933581,2.9957942658069174,2.5359223492412473,3.06299394305775,3.368495367994734,2.701550847712898,3.372679773109375,2.945953080354862,3.4010326490442253,1.8005338834052247,3.334623844312132,3.3872098138217206,3.399970530714718,3.3868947320433405,3.3813238754164354,3.399954495180318,3.3751522211788267,3.3659171738998475,3.0727454227060607,3.383087198775924,3.2721658188766933,3.392042789039978,3.3714571438157814,3.350652843153091,3.280391069487981,3.3489342106991455,3.323626854763308,3.336191848292821,1.7071611044729982,1.8879110916557904,3.34647940799043,3.2548926208963183,3.367215917265711,3.359994490575203,3.311713087427422,3.008200201745437,2.5698541009849274,2.6410227976008125,3.362077910757462,3.349500105344171,2.5661587895115185,3.339993365584813,2.9995510156748,3.3675021121311706,3.3416778584186244,3.1216020290299555,3.401255975709842,3.2146028966378055,3.370119724071508,3.353678838911175,2.5881938415501122,3.3582662954028026
r43r,0.013740132514560915,0.009979278938187808,0.009554391265813492,-0.0,-0.0,0.002134065052895344,0.025140873203329892,0.032356404952943216,0.03438089425948558,0.028449063028007905,0.036527840769646096,0.025487366938866645,-0.0,-0.0,0.01988057291367563,0.0010887357159950638,0.013127299943153613,-0.0,0.03628091507343866,-0.0,-0.0,-0.0,-0.0,-0.0,-0.0,-0.0,-0.0,-0.0,-0.0,-0.0,-0.0,-0.0,-0.0,-0.0,-0.0,-0.0,-0.0,-0.0,-0.0,-0.0,-0.0,-0.0,-0.0,-0.0,-0.0,0.021111412196628602,0.01957653100114873,0.018503718699432486,0.012895676176240128,0.021938698737759343,0.027973423224387117,0.030734236519402974,0.010092813511712364,0.014419898128296383,0.043286548123355285,0.022638471180076253,0.020261720653513702,0.011775133085437496,0.026442097316132583,0.03575294474216411,0.01880967204930882,0.022418778099332157,0.039319667059310316,0.02514594595003229,0.037399552061331984,0.016514952043570192,0.007506987400949759,0.008536431773009395,0.007875660295738624,0.01687214197650804,0.01585564018622625,0.01606864431252925
r44,1.9982844603871592,1.8563833023633165,1.7828647798939778,3.098438619616411,3.0326739992012115,3.3260830092693072,3.1421490342615237,3.197252995849848,2.9485203746281434,3.374619817186414,3.268207728662821,3.319783246025948,3.390898376398278,3.3658460568088384,3.395035076782241,2.4269910035833115,2.8967141637944396,2.8747580174270557,2.6393591910463745,3.2735993097613645,3.01617805933581,2.9957942658069174,2.5359223492412473,3.06299394305775,3.368495367994734,2.701550847712898,3.372679773109375,2.945953080354862,3.4010326490442253,1.8005338834052247,3.334623844312132,3.3872098138217206,3.399970530714718,3.3868947320433405,3.3813238754164354,3.399954495180318,3.3751522211788267,3.3659171738998475,3.0727454227060607,3.383087198775924,3.2721658188766933,3.392042789039978,3.3714571438157814,3.350652843153091,3.280391069487981,3.3700456228957743,3.3432033857644567,3.3546955669922536,1.7200567806492384,1.9098497903935494,3.374452831214817,3.2856268574157212,3.377308730777423,3.3744143887035,3.3549996355507776,3.0308386729255132,2.590115821638441,2.6527979306862504,3.388520008073595,3.385253050086335,2.5849684615608277,3.362412143684145,3.0388706827341103,3.392648058081203,3.379077410479957,3.138116981073526,3.408762963110792,3.2231393284108147,3.377995384367247,3.3705509808876832,2.6040494817363387,3.374334939715332
r56a,0.13828164168103196,0.12798312930241212,0.12272988222290708,0.20459776551126307,0.19822713148105955,0.2200734507325569,0.22299688575202578,0.23173924254262346,0.2178286885183568,0.24472790161292057,0.2380967886994231,0.24107110150399527,0.22248579824204906,0.22137578966179344,0.23519420064575525,0.168657073753386,0.21149693242571407,0.19788201146462414,0.19948613122895792,0.2181371949653391,0.20117477010285947,0.2030059710746126,0.17188000745055143,0.210159209390611,0.2283822724862942,0.18565569185535943,0.22767435725332552,0.1988833595809685,0.2284344581231048,0.12259665759111069,0.2335584179488632,0.2341739761617553,0.2299707042893946,0.23616405752123285,0.23209060340256518,0.2338412922806843,0.2261474653423194,0.22707496435897423,0.20656593311086588,0.22652922201581804,0.21923911987941178,0.22583545318214387,0.22659874714217598,0.22715877015358452,0.23692693317851513,0.24892329689531587,0.251098250678721,0.2575490308371949,0.14500431977729902,0.1571664452395681,0.25696790317721263,0.26048124163057973,0.25536860872654715,0.257997151973017,0.2691377446820167,0.2327860164703583,0.20404914219824868,0.2028618100369375,0.2492450573370286,0.2567512364387115,0.20237527416698903,0.2499258288101866,0.24040621199817058,0.25439016343461207,0.26690613729046025,0.2349772590516716,0.2343976994410878,0.22456363812075045,0.23485285609934597,0.24727823864483342,0.20168037135298414,0.24416020935609986
r56b,0.13828164168103196,0.12798312930241212,0.12272988222290708,0.20459776551126307,0.19822713148105955,0.2200734507325569,0.22299688575202578,0.23173924254262346,0.2178286885183568,0.24472790161292057,0.2380967886994231,0.24107110150399527,0.22248579824204906,0.22137578966179344,0.23519420064575525,0.168657073753386,0.21149693242571407,0.19788201146462414,0.19948613122895792,0.2181371949653391,0.20117477010285947,0.2030059710746126,0.17188000745055143,0.210159209390611,0.2283822724862942,0.18565569185535943,0.22767435725332552,0.1988833595809685,0.2284344581231048,0.12259665759111069,0.2335584179488632,0.2341739761617553,0.2299707042893946,0.23616405752123285,0.23209060340256518,0.2338412922806843,0.2261474653423194,0.22707496435897423,0.20656593311086588,0.22652922201581804,0.21923911987941178,0.22583545318214387,0.22659874714217598,0.22715877015358452,0.23692693317851513,0.24892329689531587,0.251098250678721,0.2575490308371949,0.14500431977729902,0.1571664452395681,0.25696790317721263,0.26048124163057973,0.25536860872654715,0.257997151973017,0.2691377446820167,0.2327860164703583,0.20404914219824868,0.2028618100369375,0.2492450573370286,0.2567512364387115,0.20237527416698903,0.2499258288101866,0.24040621199817058,0.25439016343461207,0.26690613729046025,0.2349772590516716,0.2343976994410878,0.22456363812075045,0.23485285609934597,0.24727823864483342,0.20168037135298414,0.24416020935609986
r122r,-0.0,-0.0,-0.0,-0.0,-0.0,-0.0,-0.0,-0.0,-0.0,0.8529097494033497,-0.0,-0.0,1.2345355117671746,0.2200783394593763,1.348615177485205,-0.0,-0.0,-0.0,-0.0,-0.0,-0.0,-0.0,-0.0,0.08000248008894928,0.271195081471281,-0.0,0.07790124578532934,-0.0,0.6541652259168306,0.011896818417229893,0.11487276330084831,0.7654719906071015,0.44094396843873335,0.76233874828875,1.1528589258229722,0.40388934271526383,0.21804666618572643,0.44267510249532627,0.4974155704178769,0.4381527507411535,0.37540809453063767,0.3532298047867355,0.34376042469926676,-0.0,-0.0,0.42070524961081607,0.8250234053004754,1.0106795750848858,1.938928380730329,2.0922769547840248,1.123857343584478,1.4584998422040443,0.06572234834907137,0.0150458706674789,1.245152047038363,-0.0,0.9057079574137289,0.9426648422445617,1.3726024716039356,1.03634762496495,1.128130334250917,1.2911266589098769,0.9128163863753508,1.083027614879492,1.2444773611355318,1.4579695372297719,0.001245950350906723,-0.0,0.5279534264189886,0.4344659750519251,-0.0,-0.0
r126a,0.0,0.0,0.0,0.0,0.0,0.0,0.0,0.0,0.0,0.8529097494033497,0.0,0.0,1.2345355117671746,0.2200783394593763,1.348615177485205,0.0,0.0,0.0,0.0,0.0,0.0,0.0,0.0,0.08000248008894928,0.271195081471281,0.0,0.07790124578532934,0.0,0.6541652259168306,0.011896818417229893,0.11487276330084831,0.7654719906071015,0.44094396843873335,0.76233874828875,1.1528589258229722,0.40388934271526383,0.21804666618572643,0.44267510249532627,0.4974155704178769,0.4381527507411535,0.37540809453063767,0.3532298047867355,0.34376042469926676,0.0,0.0,0.42070524961081607,0.8250234053004754,1.0106795750848858,1.938928380730329,2.0922769547840248,1.123857343584478,1.4584998422040443,0.06572234834907137,0.0150458706674789,1.245152047038363,0.0,0.9057079574137289,0.9426648422445617,1.3726024716039356,1.03634762496495,1.128130334250917,1.2911266589098769,0.9128163863753508,1.083027614879492,1.2444773611355318,1.4579695372297719,0.001245950350906723,0.0,0.5279534264189886,0.4344659750519251,0.0,0.0
r136,0.00340666913189973,0.012109345478281372,0.010233686576653633,0.02262776695268367,0.005308198713385297,0.01807414885547402,0.03511700633161468,0.04442155546084173,0.05408631633416873,0.0744449731617401,0.03947195889467065,0.08748755654455724,0.01294115390909248,0.017277337524699152,0.023991851781818643,0.08239332016744433,0.12814103253270134,0.08787252838916662,0.06021923274022472,0.040290361111786126,0.038707296705183684,0.0649395668469379,0.055275184405627086,0.08798097435145495,0.07402088312265341,0.08005622869203335,0.06587917108524527,0.05767163895164215,0.05685205935890318,0.0438949002872971,0.13532380047211262,0.11198680442315208,0.07018252801627266,0.12868145864055988,0.09787217597798206,0.10232977375764044,0.05186340814727385,0.06456070014959765,0.052869609366450986,0.05074054740010287,0.05021544583591553,0.04013516390879497,0.057609502976904536,0.07351431571703074,0.1926325633084328,0.14579696180772406,0.18549826172491904,0.2378209510877915,0.2136612761950994,0.17001819160766993,0.1783741107650484,0.24279137141276225,0.24650403246765368,0.2498205160132745,0.21890469818616382,0.18822547199562034,0.19906559777704982,0.19466905586694666,0.11374340548050445,0.1346404465791117,0.19468819580521554,0.1521855303060946,0.16976308309939162,0.16024474031298475,0.2146611599741431,0.1767932771461431,0.06735704179977113,0.08134548653839055,0.08607068961484421,0.15153162827808664,0.19230047574237794,0.12732240471824893
r388,1.0886292689475936,1.012606043981865,0.9719621817600546,1.6787662992007706,1.6368657381032565,1.8013614457519893,1.7254640997627937,1.763939072069929,1.6349356530291297,2.038441716601355,1.8034146615273245,1.8409754976542858,2.0797301156705315,1.8649473713507803,2.123506878975631,1.339843236380319,1.6189484710897197,1.5824699741090524,1.4719494101120052,1.7797690801934218,1.6404060807411744,1.6391825856023086,1.3876717344126432,1.6999872854864686,1.8977223287201965,1.4861857075772749,1.8582885013893229,1.6096080476115053,1.9854656623870126,0.9893727700269132,1.8710186657271874,2.02079973205628,1.9472112400236254,2.026217987784328,2.089849737707746,1.9517588236289143,1.8824329454761335,1.9271067961092532,1.7756562681130603,1.9303138469657146,1.8577726340228962,1.9142091765592615,1.9077227560261216,1.833675978383807,1.84014146364363,1.9707014929282085,2.050745415267492,2.112760889821532,1.4040733116660904,1.527461090274725,2.1308802287499025,2.175933248158607,1.933008335439435,1.9257287737243571,2.1709989026974634,1.7206139764156878,1.6664533552154348,1.6997597898084595,2.163027393330407,2.1086401037699845,1.7054657896920786,2.144010071241722,1.9128991375945696,2.1236954505511743,2.1779360286581366,2.0612827173749912,1.8684791987905405,1.77412606574858,1.964471562129778,1.9727439739151562,1.487065362477164,1.8782877746118132
r1281,0.7851136822730946,0.7257734080172271,0.6977271071768296,1.215074554904377,1.1975811296168954,1.3067821778376565,1.2188289219500343,1.2339310861902388,1.1301369273401425,1.1198992620001462,1.2632241192057199,1.2632240138065338,1.0886824624856974,1.2795228957962648,1.05621457007453,0.9195794291656014,1.0793960602221593,1.0944060318533793,1.0042045647788498,1.275693034602604,1.1745972084917764,1.153605709129996,0.9763706073780524,1.1528474481806705,1.2423907667882432,1.029709448280264,1.286716914466727,1.1374616731623886,1.1871325285341083,0.6885644557872009,1.2300467606360812,1.1322361056036858,1.2227885864016983,1.1245126867377793,1.0593835343061238,1.2143543792707192,1.2665718103603734,1.21173541343162,1.0905232214821345,1.226244129794391,1.1951540649743861,1.2519981592985723,1.2371356406474843,1.2898180946156996,1.2033226726658357,1.1715322452688781,1.0609362508193925,1.0028893650329593,0.1838748253820887,0.2471609536170155,1.0145781225120893,0.8799466041459373,1.1990246001231524,1.2051083611344224,0.9581495362946532,1.1000771512195435,0.7398750448782708,0.7619514639262905,1.0026896547222925,1.0556146546198035,0.6959370697510685,0.9908950217315682,0.9248850002006808,1.0397083900454485,0.9716347965926915,0.8583719566904334,1.3133930522801136,1.2329860563144934,1.1865466264338618,1.1674009103042013,0.9311593880924169,1.2679556000599481
r389,1.8737429512206882,1.738379451999092,1.6696892889368842,2.893840854105148,2.834446867720152,3.108143623589646,2.944293021712828,2.997870158260168,2.765072580369272,3.1583409786015015,3.066638780733044,3.10419951146082,3.1684125781562287,3.144470267147045,3.1797214490501613,2.2594226655459204,2.698344531311879,2.676876005962432,2.476153974890855,3.055462114796026,2.815003289232951,2.7927882947323046,2.3640423417906957,2.852834733667139,3.14011309550844,2.515895155857539,3.14500541585605,2.7470697207738937,3.17259819092112,1.677937225814114,3.101065426363269,3.153035837659966,3.169999826425324,3.1507306745221078,3.1492332720138703,3.1661132028996337,3.149004755836507,3.138842209540873,2.8661794895951944,3.1565579767601055,3.052926698997282,3.166207335857834,3.1448583966736057,3.123494072999507,3.0434641363094657,3.1422337381970866,3.1116816660868847,3.1156502548544913,1.5879481370481792,1.7746220438917406,3.1454583512619925,3.0558798523045443,3.132032935562588,3.13083713485878,3.1291484389921163,2.8206911276352313,2.4063284000937055,2.4617112537347503,3.1657170480526995,3.1642547583897875,2.4014028594431474,3.1349050929732902,2.8377841377952504,3.163403840596623,3.1495708252508283,2.9196546740654243,3.181872251070654,3.007112122063073,3.15101818856364,3.1401448842193576,2.4182247505695806,3.1462433746717613
r980,1.8737429512206882,1.738379451999092,1.6696892889368842,2.893840854105148,2.834446867720152,3.108143623589646,2.944293021712828,2.997870158260168,2.765072580369272,3.1583409786015015,3.066638780733044,3.10419951146082,3.1684125781562287,3.144470267147045,3.1797214490501613,2.2594226655459204,2.698344531311879,2.676876005962432,2.476153974890855,3.055462114796026,2.815003289232951,2.7927882947323046,2.3640423417906957,2.852834733667139,3.14011309550844,2.515895155857539,3.14500541585605,2.7470697207738937,3.17259819092112,1.677937225814114,3.101065426363269,3.153035837659966,3.169999826425324,3.1507306745221078,3.1492332720138703,3.1661132028996337,3.149004755836507,3.138842209540873,2.8661794895951944,3.1565579767601055,3.052926698997282,3.166207335857834,3.1448583966736057,3.123494072999507,3.0434641363094657,3.1422337381970866,3.1116816660868847,3.1156502548544913,1.5879481370481792,1.7746220438917406,3.1454583512619925,3.0558798523045443,3.132032935562588,3.13083713485878,3.1291484389921163,2.8206911276352313,2.4063284000937055,2.4617112537347503,3.1657170480526995,3.1642547583897875,2.4014028594431474,3.1349050929732902,2.8377841377952504,3.163403840596623,3.1495708252508283,2.9196546740654243,3.181872251070654,3.007112122063073,3.15101818856364,3.1401448842193576,2.4182247505695806,3.1462433746717613
r981,1.8737429512206882,1.738379451999092,1.6696892889368842,2.893840854105148,2.834446867720152,3.108143623589646,2.944293021712828,2.997870158260168,2.765072580369272,3.1583409786015015,3.066638780733044,3.10419951146082,3.1684125781562287,3.144470267147045,3.1797214490501613,2.2594226655459204,2.698344531311879,2.676876005962432,2.476153974890855,3.055462114796026,2.815003289232951,2.7927882947323046,2.3640423417906957,2.852834733667139,3.14011309550844,2.515895155857539,3.14500541585605,2.7470697207738937,3.17259819092112,1.677937225814114,3.101065426363269,3.153035837659966,3.169999826425324,3.1507306745221078,3.1492332720138703,3.1661132028996337,3.149004755836507,3.138842209540873,2.8661794895951944,3.1565579767601055,3.052926698997282,3.166207335857834,3.1448583966736057,3.123494072999507,3.0434641363094657,3.1422337381970866,3.1116816660868847,3.1156502548544913,1.5879481370481792,1.7746220438917406,3.1454583512619925,3.0558798523045443,3.132032935562588,3.13083713485878,3.1291484389921163,2.8206911276352313,2.4063284000937055,2.4617112537347503,3.1657170480526995,3.1642547583897875,2.4014028594431474,3.1349050929732902,2.8377841377952504,3.163403840596623,3.1495708252508283,2.9196546740654243,3.181872251070654,3.007112122063073,3.15101818856364,3.1401448842193576,2.4182247505695806,3.1462433746717613
r982,1.8737429512206882,1.738379451999092,1.6696892889368842,2.893840854105148,2.834446867720152,3.108143623589646,2.944293021712828,2.997870158260168,2.765072580369272,3.1583409786015015,3.066638780733044,3.10419951146082,3.1684125781562287,3.144470267147045,3.1797214490501613,2.2594226655459204,2.698344531311879,2.676876005962432,2.476153974890855,3.055462114796026,2.815003289232951,2.7927882947323046,2.3640423417906957,2.852834733667139,3.14011309550844,2.515895155857539,3.14500541585605,2.7470697207738937,3.17259819092112,1.677937225814114,3.101065426363269,3.153035837659966,3.169999826425324,3.1507306745221078,3.1492332720138703,3.1661132028996337,3.149004755836507,3.138842209540873,2.8661794895951944,3.1565579767601055,3.052926698997282,3.166207335857834,3.1448583966736057,3.123494072999507,3.0434641363094657,3.1422337381970866,3.1116816660868847,3.1156502548544913,1.5879481370481792,1.7746220438917406,3.1454583512619925,3.0558798523045443,3.132032935562588,3.13083713485878,3.1291484389921163,2.8206911276352313,2.4063284000937055,2.4617112537347503,3.1657170480526995,3.1642547583897875,2.4014028594431474,3.1349050929732902,2.8377841377952504,3.163403840596623,3.1495708252508283,2.9196546740654243,3.181872251070654,3.007112122063073,3.15101818856364,3.1401448842193576,2.4182247505695806,3.1462433746717613
r983,1.8737429512206882,1.738379451999092,1.6696892889368842,2.893840854105148,2.834446867720152,3.108143623589646,2.944293021712828,2.997870158260168,2.765072580369272,3.1583409786015015,3.066638780733044,3.10419951146082,3.1684125781562287,3.144470267147045,3.1797214490501613,2.2594226655459204,2.698344531311879,2.676876005962432,2.476153974890855,3.055462114796026,2.815003289232951,2.7927882947323046,2.3640423417906957,2.852834733667139,3.14011309550844,2.515895155857539,3.14500541585605,2.7470697207738937,3.17259819092112,1.677937225814114,3.101065426363269,3.153035837659966,3.169999826425324,3.1507306745221078,3.1492332720138703,3.1661132028996337,3.149004755836507,3.138842209540873,2.8661794895951944,3.1565579767601055,3.052926698997282,3.166207335857834,3.1448583966736057,3.123494072999507,3.0434641363094657,3.1422337381970866,3.1116816660868847,3.1156502548544913,1.5879481370481792,1.7746220438917406,3.1454583512619925,3.0558798523045443,3.132032935562588,3.13083713485878,3.1291484389921163,2.8206911276352313,2.4063284000937055,2.4617112537347503,3.1657170480526995,3.1642547583897875,2.4014028594431474,3.1349050929732902,2.8377841377952504,3.163403840596623,3.1495708252508283,2.9196546740654243,3.181872251070654,3.007112122063073,3.15101818856364,3.1401448842193576,2.4182247505695806,3.1462433746717613
r984,1.8737429512206882,1.738379451999092,1.6696892889368842,2.893840854105148,2.834446867720152,3.108143623589646,2.944293021712828,2.997870158260168,2.765072580369272,3.1583409786015015,3.066638780733044,3.10419951146082,3.1684125781562287,3.144470267147045,3.1797214490501613,2.2594226655459204,2.698344531311879,2.676876005962432,2.476153974890855,3.055462114796026,2.815003289232951,2.7927882947323046,2.3640423417906957,2.852834733667139,3.14011309550844,2.515895155857539,3.14500541585605,2.7470697207738937,3.17259819092112,1.677937225814114,3.101065426363269,3.153035837659966,3.169999826425324,3.1507306745221078,3.1492332720138703,3.1661132028996337,3.149004755836507,3.138842209540873,2.8661794895951944,3.1565579767601055,3.052926698997282,3.166207335857834,3.1448583966736057,3.123494072999507,3.0434641363094657,3.1422337381970866,3.1116816660868847,3.1156502548544913,1.5879481370481792,1.7746220438917406,3.1454583512619925,3.0558798523045443,3.132032935562588,3.13083713485878,3.1291484389921163,2.8206911276352313,2.4063284000937055,2.4617112537347503,3.1657170480526995,3.1642547583897875,2.4014028594431474,3.1349050929732902,2.8377841377952504,3.163403840596623,3.1495708252508283,2.9196546740654243,3.181872251070654,3.007112122063073,3.15101818856364,3.1401448842193576,2.4182247505695806,3.1462433746717613
r239,2.1365661020681914,1.9843664316657286,1.9055946621168849,3.303036385127674,3.2309011306822715,3.546156460001864,3.36514592001355,3.4289922383924716,3.1663490631465,3.6193477187993346,3.5063045173622442,3.560854347529944,3.6133841746403275,3.5872218464706314,3.630229277427996,2.5956480773366972,3.1082110962201535,3.07264002889168,2.8388453222753323,3.4917365047267035,3.2173528294386697,3.19880023688153,2.7078023566917984,3.2731531524483612,3.5968776404810288,2.8872065395682576,3.600354130362701,3.144836439935831,3.6294671071673297,1.923130540996335,3.5681822622609953,3.621383789983476,3.629941235004113,3.6230587895645736,3.613414478819001,3.633795787461002,3.601299686521146,3.5929921382588215,3.279311355816927,3.609616420791742,3.4914049387561055,3.6178782422221216,3.5980558909579576,3.5778116133066753,3.517318002666496,3.6189689197910897,3.5943016364431783,3.612244597829448,1.8650611004265378,2.0670162356331168,3.63142073439203,3.5461080990463003,3.6326773395039695,3.6324115406765167,3.6241373802327943,3.263624689395871,2.7941649638366903,2.8556597407231874,3.6377650654106235,3.642004286525047,2.7873437357278164,3.6123379724943314,3.279276894732281,3.647038221515815,3.6459835477704168,3.3730942401251984,3.64316066255188,3.447702966531565,3.612848240466593,3.6178292195325166,2.8057298530893227,3.618495149071432
r243,2.2611076112346624,2.102370282029953,2.0187701530739783,3.507634150638937,3.4291282621633306,3.7640958456815263,3.563001932562246,3.628375075982152,3.349796857405371,3.835626557384247,3.7078734652920216,3.7764380820950723,3.8358699728823766,3.808597636132426,3.8455429051600754,2.7632164153740884,3.3065807287027136,3.2705220403563042,3.0020505384308516,3.709873699692043,3.418527599541529,3.4018062079561426,2.87968236414235,3.4833123618389723,3.8252599129673226,3.0728622314236174,3.8280284876160264,3.3437197995167995,3.8579015652904354,2.0457271985874455,3.8017406802098592,3.855557766145232,3.8599119392935086,3.8592228470858063,3.8455050822215657,3.8676370797416872,3.827447151863465,3.820067102617796,3.4858772889277923,3.8361456428075593,3.710644058635518,3.8437136954042663,3.824654638100134,3.80497038346026,3.754244935845011,3.8467808044897773,3.8258233561207495,3.851289909967211,1.9971697440275966,2.2022439821349256,3.860415214344856,3.775855104157478,3.8779531347188057,3.8759887945212372,3.8499885767914552,3.4737722346861535,2.9779523853814256,3.0467464176746875,3.8605680254315193,3.8630025782215935,2.9709093378454967,3.8398450232051857,3.4803634396711414,3.876282439000396,3.8754901329995453,3.5915565471332997,3.8700513745920175,3.663730172879306,3.8398254362702007,3.8482353162008436,2.9915545842560807,3.846586714115002
r244,2.2611076112346624,2.102370282029953,2.0187701530739783,3.507634150638937,3.4291282621633306,3.7640958456815263,3.563001932562246,3.628375075982152,3.349796857405371,3.835626557384247,3.7078734652920216,3.7764380820950723,3.8358699728823766,3.808597636132426,3.8455429051600754,2.7632164153740884,3.3065807287027136,3.2705220403563042,3.0020505384308516,3.709873699692043,3.418527599541529,3.4018062079561426,2.87968236414235,3.4833123618389723,3.8252599129673226,3.0728622314236174,3.8280284876160264,3.3437197995167995,3.8579015652904354,2.0457271985874455,3.8017406802098592,3.855557766145232,3.8599119392935086,3.8592228470858063,3.8455050822215657,3.8676370797416872,3.827447151863465,3.820067102617796,3.4858772889277923,3.8361456428075593,3.710644058635518,3.8437136954042663,3.824654638100134,3.80497038346026,3.754244935845011,3.8467808044897773,3.8258233561207495,3.851289909967211,1.9971697440275966,2.2022439821349256,3.860415214344856,3.775855104157478,3.8779531347188057,3.8759887945212372,3.8499885767914552,3.4737722346861535,2.9779523853814256,3.0467464176746875,3.8605680254315193,3.8630025782215935,2.9709093378454967,3.8398450232051857,3.4803634396711414,3.876282439000396,3.8754901329995453,3.5915565471332997,3.8700513745920175,3.663730172879306,3.8398254362702007,3.8482353162008436,2.9915545842560807,3.846586714115002
r245,5.4863538811129295,5.099264572173144,4.896571671164401,8.499552563756856,8.310421670392786,9.122431568891848,8.64499918571807,8.806292787698712,8.131475368923633,9.304740007353328,9.00129151239438,9.15901498942302,9.295693090135732,9.229312349304042,9.327961998286547,6.692004243051821,8.01167769404263,7.920618534811841,7.289195026183833,8.98853951053453,8.282542394301183,8.240298479969237,6.975522202327161,8.436325965962263,9.265977897161678,7.44208600440929,9.27322106140007,8.099997441692354,9.346212173999163,4.955109920138528,9.204961661613057,9.336920341241294,9.350211303002851,9.344709424685652,9.313481388617028,9.366828090175858,9.272730210314474,9.254012364413244,8.44484214504117,9.293885255664602,8.989756422948355,9.312921718300155,9.265585945855548,9.21683776456196,9.086098039058315,9.323574879503667,9.269445009306853,9.327222684814071,4.832501367562339,5.336717878043325,9.357781261373809,9.149949686695821,9.387234230428867,9.384334768616595,9.3372122704805,8.417512838430957,7.214001655859922,7.376941007034261,9.361649492301574,9.370653485309765,7.1965214999676705,9.30697498041578,8.442709284486972,9.396066098668244,9.396467498436166,8.700780040290747,9.378576095570647,8.878118214606857,9.30427239920642,9.32468804229132,7.245294356098139,9.321892319377428
r251,5.348072239431897,4.971281442870732,4.7738417889414935,8.294954798245593,8.112194538911726,8.902358118159292,8.422002299966046,8.574553545156089,7.913646680405276,9.060012105740405,8.763194723694957,8.917943887919026,9.073207291893683,9.007936559642248,9.092767797640791,6.523347169298434,7.800180761616916,7.7227365233472165,7.0897088949548746,8.77040231556919,8.081367624198323,8.037292508894623,6.803642194876609,8.226166756571653,9.037595624675385,7.25643031255393,9.045546704146746,7.901114082111385,9.117777715876057,4.832513262547418,8.971403243664193,9.102746365079538,9.120240598713456,9.108545367164417,9.081390785214463,9.132986797895173,9.046582744972154,9.02693740005427,8.238276211930305,9.067356033648784,8.770517303068942,9.08708626511801,9.038987198713373,8.989678994408377,8.849171105879801,9.07465158260835,9.018346758628132,9.069673653976876,4.68749704778504,5.179551432803757,9.100813358196596,8.889468445065242,9.13186562170232,9.126337616643578,9.068074525798483,8.184726821960599,7.009952513661673,7.174079196997323,9.112404434964546,9.113902248871053,6.994146225800682,9.057049151605593,8.2023030724888,9.141675935233632,9.129561361145706,8.465802781239075,9.14417839612956,8.653554576486107,9.069419543107074,9.077409803646487,7.043613984745155,9.077732110021328
r258,3.720005637412254,3.456800346121808,3.3202697953421416,5.787681708210293,5.668893735440304,6.2120191170735,5.838304297018994,5.9310275066144476,5.461383372219573,7.965603329953686,6.060221879926796,6.157424289043905,8.805896179846807,6.729097213212842,9.016912107243382,4.516667859659851,5.370434462737451,5.353752011924863,4.879746119634832,6.110924229592051,5.630006578465902,5.585576589464608,4.728084683581391,5.865674427512177,6.822616353959442,5.031790311715077,6.445813323282759,5.494139441547786,7.653526833675902,3.379668088462689,6.431876379328235,7.837015656534133,7.221887589728115,7.826138845621713,8.604184395673686,7.140005091229793,6.734102844044467,7.1630346240724,6.727190120026143,7.189421455002519,6.85666958705584,7.038874281289139,6.977237642745744,6.246988145999011,6.08692827261893,7.083655151222548,7.83425708077242,8.215652222479887,7.027961683204534,7.689920599876013,8.482684543244167,8.967290915978372,6.375324940799893,6.262926214795924,8.662027875814248,5.596105312910309,6.583549273707843,6.785201925787749,9.023754844681003,8.329698877225146,7.021447043289511,8.80722594756767,7.422561714222581,8.442571019052167,8.713297268650058,8.722218518503253,6.351222428041221,5.997151380580127,7.3421919093737795,7.115477434589551,4.804738220766709,6.260349460718462
r259r,3.720005637412254,3.456800346121808,3.3202697953421416,5.787681708210293,5.668893735440304,6.2120191170735,5.838304297018994,5.9310275066144476,5.461383372219573,7.965603329953686,6.060221879926796,6.157424289043905,8.805896179846807,6.729097213212842,9.016912107243382,4.516667859659851,5.370434462737451,5.353752011924863,4.879746119634832,6.110924229592051,5.630006578465902,5.585576589464608,4.728084683581391,5.865674427512177,6.822616353959442,5.031790311715077,6.445813323282759,5.494139441547786,7.653526833675902,3.379668088462689,6.431876379328235,7.837015656534133,7.221887589728115,7.826138845621713,8.604184395673686,7.140005091229793,6.734102844044467,7.1630346240724,6.727190120026143,7.189421455002519,6.85666958705584,7.038874281289139,6.977237642745744,6.246988145999011,6.08692827261893,7.083655151222548,7.83425708077242,8.215652222479887,7.027961683204534,7.689920599876013,8.482684543244167,8.967290915978372,6.375324940799893,6.262926214795924,8.662027875814248,5.596105312910309,6.583549273707843,6.785201925787749,9.023754844681003,8.329698877225146,7.021447043289511,8.80722594756767,7.422561714222581,8.442571019052167,8.713297268650058,8.722218518503253,6.351222428041221,5.997151380580127,7.3421919093737795,7.115477434589551,4.804738220766709,6.260349460718462
r367,1.8737429512206882,1.738379451999092,1.6696892889368842,2.893840854105148,2.834446867720152,3.108143623589646,2.944293021712828,2.997870158260168,2.765072580369272,3.1583409786015015,3.066638780733044,3.10419951146082,3.1684125781562287,3.144470267147045,3.1797214490501613,2.2594226655459204,2.698344531311879,2.676876005962432,2.476153974890855,3.055462114796026,2.815003289232951,2.7927882947323046,2.3640423417906957,2.852834733667139,3.1401130955084398,2.515895155857539,3.14500541585605,2.7470697207738937,3.172598190921121,1.677937225814114,3.1010654263632684,3.153035837659966,3.169999826425324,3.1507306745221078,3.14923327201387,3.1661132028996337,3.149004755836507,3.138842209540873,2.866179489595195,3.1565579767601055,3.052926698997282,3.166207335857834,3.1448583966736057,3.123494072999507,3.0434641363094657,3.1422337381970866,3.1116816660868847,3.1156502548544913,1.5879481370481792,1.7746220438917406,3.1454583512619916,3.0558798523045443,3.132032935562587,3.13083713485878,3.129148438992117,2.8206911276352313,2.4063284000937055,2.4617112537347503,3.1657170480526995,3.1642547583897875,2.4014028594431474,3.1349050929732902,2.8377841377952504,3.163403840596623,3.1495708252508283,2.9196546740654243,3.181872251070654,3.007112122063073,3.15101818856364,3.1401448842193576,2.4182247505695806,3.1462433746717613
r368,1.8737429512206882,1.738379451999092,1.6696892889368842,2.893840854105148,2.834446867720152,3.108143623589646,2.944293021712828,2.997870158260168,2.765072580369272,3.1583409786015015,3.066638780733044,3.10419951146082,3.1684125781562287,3.144470267147045,3.1797214490501613,2.2594226655459204,2.698344531311879,2.676876005962432,2.476153974890855,3.055462114796026,2.815003289232951,2.7927882947323046,2.3640423417906957,2.852834733667139,3.1401130955084398,2.515895155857539,3.14500541585605,2.7470697207738937,3.172598190921121,1.677937225814114,3.1010654263632684,3.153035837659966,3.169999826425324,3.1507306745221078,3.14923327201387,3.1661132028996337,3.149004755836507,3.138842209540873,2.866179489595195,3.1565579767601055,3.052926698997282,3.166207335857834,3.1448583966736057,3.123494072999507,3.0434641363094657,3.1422337381970866,3.1116816660868847,3.1156502548544913,1.5879481370481792,1.7746220438917406,3.1454583512619916,3.0558798523045443,3.132032935562587,3.13083713485878,3.129148438992117,2.8206911276352313,2.4063284000937055,2.4617112537347503,3.1657170480526995,3.1642547583897875,2.4014028594431474,3.1349050929732902,2.8377841377952504,3.163403840596623,3.1495708252508283,2.9196546740654243,3.181872251070654,3.007112122063073,3.15101818856364,3.1401448842193576,2.4182247505695806,3.1462433746717613
r369,1.8737429512206882,1.738379451999092,1.6696892889368842,2.893840854105148,2.834446867720152,3.108143623589646,2.944293021712828,2.997870158260168,2.765072580369272,3.1583409786015015,3.066638780733044,3.10419951146082,3.1684125781562287,3.144470267147045,3.1797214490501613,2.2594226655459204,2.698344531311879,2.676876005962432,2.476153974890855,3.055462114796026,2.815003289232951,2.7927882947323046,2.3640423417906957,2.852834733667139,3.1401130955084398,2.515895155857539,3.14500541585605,2.7470697207738937,3.172598190921121,1.677937225814114,3.1010654263632684,3.153035837659966,3.169999826425324,3.1507306745221078,3.14923327201387,3.1661132028996337,3.149004755836507,3.138842209540873,2.866179489595195,3.1565579767601055,3.052926698997282,3.166207335857834,3.1448583966736057,3.123494072999507,3.0434641363094657,3.1422337381970866,3.1116816660868847,3.1156502548544913,1.5879481370481792,1.7746220438917406,3.1454583512619916,3.0558798523045443,3.132032935562587,3.13083713485878,3.129148438992117,2.8206911276352313,2.4063284000937055,2.4617112537347503,3.1657170480526995,3.1642547583897875,2.4014028594431474,3.1349050929732902,2.8377841377952504,3.163403840596623,3.1495708252508283,2.9196546740654243,3.181872251070654,3.007112122063073,3.15101818856364,3.1401448842193576,2.4182247505695806,3.1462433746717613
r371,1.8737429512206882,1.738379451999092,1.6696892889368842,2.893840854105148,2.834446867720152,3.108143623589646,2.944293021712828,2.997870158260168,2.765072580369272,3.1583409786015015,3.066638780733044,3.10419951146082,3.1684125781562287,3.144470267147045,3.1797214490501613,2.2594226655459204,2.698344531311879,2.676876005962432,2.476153974890855,3.055462114796026,2.815003289232951,2.7927882947323046,2.3640423417906957,2.852834733667139,3.1401130955084398,2.515895155857539,3.14500541585605,2.7470697207738937,3.172598190921121,1.677937225814114,3.1010654263632684,3.153035837659966,3.169999826425324,3.1507306745221078,3.14923327201387,3.1661132028996337,3.149004755836507,3.138842209540873,2.866179489595195,3.1565579767601055,3.052926698997282,3.166207335857834,3.1448583966736057,3.123494072999507,3.0434641363094657,3.1422337381970866,3.1116816660868847,3.1156502548544913,1.5879481370481792,1.7746220438917406,3.1454583512619916,3.0558798523045443,3.132032935562587,3.13083713485878,3.129148438992117,2.8206911276352313,2.4063284000937055,2.4617112537347503,3.1657170480526995,3.1642547583897875,2.4014028594431474,3.1349050929732902,2.8377841377952504,3.163403840596623,3.1495708252508283,2.9196546740654243,3.181872251070654,3.007112122063073,3.15101818856364,3.1401448842193576,2.4182247505695806,3.1462433746717613
r373,1.8737429512206882,1.738379451999092,1.6696892889368842,2.893840854105148,2.834446867720152,3.108143623589646,2.944293021712828,2.997870158260168,2.765072580369272,3.1583409786015015,3.066638780733044,3.10419951146082,3.1684125781562287,3.144470267147045,3.1797214490501613,2.2594226655459204,2.698344531311879,2.676876005962432,2.476153974890855,3.055462114796026,2.815003289232951,2.7927882947323046,2.3640423417906957,2.852834733667139,3.1401130955084398,2.515895155857539,3.14500541585605,2.7470697207738937,3.172598190921121,1.677937225814114,3.1010654263632684,3.153035837659966,3.169999826425324,3.1507306745221078,3.14923327201387,3.1661132028996337,3.149004755836507,3.138842209540873,2.866179489595195,3.1565579767601055,3.052926698997282,3.166207335857834,3.1448583966736057,3.123494072999507,3.0434641363094657,3.1422337381970866,3.1116816660868847,3.1156502548544913,1.5879481370481792,1.7746220438917406,3.1454583512619916,3.0558798523045443,3.132032935562587,3.13083713485878,3.129148438992117,2.8206911276352313,2.4063284000937055,2.4617112537347503,3.1657170480526995,3.1642547583897875,2.4014028594431474,3.1349050929732902,2.8377841377952504,3.163403840596623,3.1495708252508283,2.9196546740654243,3.181872251070654,3.007112122063073,3.15101818856364,3.1401448842193576,2.4182247505695806,3.1462433746717613
r374,1.8737429512206882,1.738379451999092,1.6696892889368842,2.893840854105148,2.834446867720152,3.108143623589646,2.944293021712828,2.997870158260168,2.765072580369272,3.1583409786015015,3.066638780733044,3.10419951146082,3.1684125781562287,3.144470267147045,3.1797214490501613,2.2594226655459204,2.698344531311879,2.676876005962432,2.476153974890855,3.055462114796026,2.815003289232951,2.7927882947323046,2.3640423417906957,2.852834733667139,3.1401130955084398,2.515895155857539,3.14500541585605,2.7470697207738937,3.172598190921121,1.677937225814114,3.1010654263632684,3.153035837659966,3.169999826425324,3.1507306745221078,3.14923327201387,3.1661132028996337,3.149004755836507,3.138842209540873,2.866179489595195,3.1565579767601055,3.052926698997282,3.166207335857834,3.1448583966736057,3.123494072999507,3.0434641363094657,3.1422337381970866,3.1116816660868847,3.1156502548544913,1.5879481370481792,1.7746220438917406,3.1454583512619916,3.0558798523045443,3.132032935562587,3.13083713485878,3.129148438992117,2.8206911276352313,2.4063284000937055,2.4617112537347503,3.1657170480526995,3.1642547583897875,2.4014028594431474,3.1349050929732902,2.8377841377952504,3.163403840596623,3.1495708252508283,2.9196546740654243,3.181872251070654,3.007112122063073,3.15101818856364,3.1401448842193576,2.4182247505695806,3.1462433746717613
r375,1.8737429512206882,1.738379451999092,1.6696892889368842,2.893840854105148,2.834446867720152,3.108143623589646,2.944293021712828,2.997870158260168,2.765072580369272,3.1583409786015015,3.066638780733044,3.10419951146082,3.1684125781562287,3.144470267147045,3.1797214490501613,2.2594226655459204,2.698344531311879,2.676876005962432,2.476153974890855,3.055462114796026,2.815003289232951,2.7927882947323046,2.3640423417906957,2.852834733667139,3.1401130955084398,2.515895155857539,3.14500541585605,2.7470697207738937,3.172598190921121,1.677937225814114,3.1010654263632684,3.153035837659966,3.169999826425324,3.1507306745221078,3.14923327201387,3.1661132028996337,3.149004755836507,3.138842209540873,2.866179489595195,3.1565579767601055,3.052926698997282,3.166207335857834,3.1448583966736057,3.123494072999507,3.0434641363094657,3.1422337381970866,3.1116816660868847,3.1156502548544913,1.5879481370481792,1.7746220438917406,3.1454583512619916,3.0558798523045443,3.132032935562587,3.13083713485878,3.129148438992117,2.8206911276352313,2.4063284000937055,2.4617112537347503,3.1657170480526995,3.1642547583897875,2.4014028594431474,3.1349050929732902,2.8377841377952504,3.163403840596623,3.1495708252508283,2.9196546740654243,3.181872251070654,3.007112122063073,3.15101818856364,3.1401448842193576,2.4182247505695806,3.1462433746717613
r376,1.8737429512206882,1.738379451999092,1.6696892889368842,2.893840854105148,2.834446867720152,3.108143623589646,2.944293021712828,2.997870158260168,2.765072580369272,3.1583409786015015,3.066638780733044,3.10419951146082,3.1684125781562287,3.144470267147045,3.1797214490501613,2.2594226655459204,2.698344531311879,2.676876005962432,2.476153974890855,3.055462114796026,2.815003289232951,2.7927882947323046,2.3640423417906957,2.852834733667139,3.1401130955084398,2.515895155857539,3.14500541585605,2.7470697207738937,3.172598190921121,1.677937225814114,3.1010654263632684,3.153035837659966,3.169999826425324,3.1507306745221078,3.14923327201387,3.1661132028996337,3.149004755836507,3.138842209540873,2.866179489595195,3.1565579767601055,3.052926698997282,3.166207335857834,3.1448583966736057,3.123494072999507,3.0434641363094657,3.1422337381970866,3.1116816660868847,3.1156502548544913,1.5879481370481792,1.7746220438917406,3.1454583512619916,3.0558798523045443,3.132032935562587,3.13083713485878,3.129148438992117,2.8206911276352313,2.4063284000937055,2.4617112537347503,3.1657170480526995,3.1642547583897875,2.4014028594431474,3.1349050929732902,2.8377841377952504,3.163403840596623,3.1495708252508283,2.9196546740654243,3.181872251070654,3.007112122063073,3.15101818856364,3.1401448842193576,2.4182247505695806,3.1462433746717613
r377,1.8737429512206882,1.738379451999092,1.6696892889368842,2.893840854105148,2.834446867720152,3.108143623589646,2.944293021712828,2.997870158260168,2.765072580369272,3.1583409786015015,3.066638780733044,3.10419951146082,3.1684125781562287,3.144470267147045,3.1797214490501613,2.2594226655459204,2.698344531311879,2.676876005962432,2.476153974890855,3.055462114796026,2.815003289232951,2.7927882947323046,2.3640423417906957,2.852834733667139,3.1401130955084398,2.515895155857539,3.14500541585605,2.7470697207738937,3.172598190921121,1.677937225814114,3.1010654263632684,3.153035837659966,3.169999826425324,3.1507306745221078,3.14923327201387,3.1661132028996337,3.149004755836507,3.138842209540873,2.866179489595195,3.1565579767601055,3.052926698997282,3.166207335857834,3.1448583966736057,3.123494072999507,3.0434641363094657,3.1422337381970866,3.1116816660868847,3.1156502548544913,1.5879481370481792,1.7746220438917406,3.1454583512619916,3.0558798523045443,3.132032935562587,3.13083713485878,3.129148438992117,2.8206911276352313,2.4063284000937055,2.4617112537347503,3.1657170480526995,3.1642547583897875,2.4014028594431474,3.1349050929732902,2.8377841377952504,3.163403840596623,3.1495708252508283,2.9196546740654243,3.181872251070654,3.007112122063073,3.15101818856364,3.1401448842193576,2.4182247505695806,3.1462433746717613
PAND,3.720005637412254,3.456800346121808,3.3202697953421416,5.787681708210293,5.668893735440304,6.2120191170735,5.838304297018994,5.9310275066144476,5.461383372219573,7.965603329953686,6.060221879926796,6.157424289043905,8.805896179846807,6.729097213212842,9.016912107243382,4.516667859659851,5.370434462737451,5.353752011924863,4.879746119634832,6.110924229592051,5.630006578465902,5.585576589464608,4.728084683581391,5.865674427512177,6.822616353959442,5.031790311715077,6.445813323282759,5.494139441547786,7.653526833675902,3.379668088462689,6.431876379328235,7.837015656534133,7.221887589728115,7.826138845621713,8.604184395673686,7.140005091229793,6.734102844044467,7.1630346240724,6.727190120026143,7.189421455002519,6.85666958705584,7.038874281289139,6.977237642745744,6.246988145999011,6.08692827261893,7.083655151222548,7.83425708077242,8.215652222479887,7.027961683204534,7.689920599876013,8.482684543244167,8.967290915978372,6.375324940799893,6.262926214795924,8.662027875814248,5.596105312910309,6.583549273707843,6.785201925787749,9.023754844681003,8.329698877225146,7.021447043289511,8.80722594756767,7.422561714222581,8.442571019052167,8.713297268650058,8.722218518503253,6.351222428041221,5.997151380580127,7.3421919093737795,7.115477434589551,4.804738220766709,6.260349460718462
r473r,0.12454150916647104,0.11800385036422432,0.11317549095709359,0.20459776551126307,0.19822713148105955,0.21793938567966156,0.1978560125486959,0.19938283758968026,0.1834477942588712,0.21627883858491267,0.20156894792977703,0.2155837345651286,0.22248579824204906,0.22137578966179344,0.2153136277320796,0.16756833803739093,0.19836963248256045,0.19788201146462414,0.16320521615551925,0.2181371949653391,0.20117477010285947,0.2030059710746126,0.17188000745055143,0.210159209390611,0.2283822724862942,0.18565569185535943,0.22767435725332552,0.1988833595809685,0.2284344581231048,0.12259665759111069,0.2335584179488632,0.2341739761617553,0.2299707042893946,0.23616405752123285,0.23209060340256518,0.2338412922806843,0.2261474653423194,0.22707496435897423,0.20656593311086588,0.22652922201581804,0.21923911987941178,0.22583545318214387,0.22659874714217598,0.22715877015358452,0.23692693317851513,0.22781188469868724,0.2315217196775723,0.23904531213776242,0.1321086436010589,0.13522774650180874,0.22899447995282554,0.22974700511117677,0.24527579521483478,0.2435772538447206,0.22585119655866137,0.21014754529028204,0.18378742154473499,0.19108667695150003,0.222802960020896,0.2209982916965474,0.18356560211768022,0.22750705071085445,0.20108654493886027,0.22924421748457977,0.22950658522912828,0.21846230700810143,0.22689071204013803,0.21602720634774103,0.22697719580360737,0.2304060966683254,0.1858247311667579,0.22809156504357062
r908,3.720005637412254,3.456800346121808,3.3202697953421416,5.787681708210293,5.668893735440304,6.2120191170735,5.838304297018995,5.9310275066144476,5.461383372219574,7.965603329953686,6.060221879926796,6.157424289043905,8.805896179846808,6.729097213212842,9.016912107243382,4.516667859659851,5.370434462737452,5.353752011924863,4.879746119634832,6.110924229592052,5.630006578465902,5.585576589464608,4.728084683581391,5.865674427512177,6.822616353959442,5.031790311715077,6.445813323282759,5.494139441547787,7.653526833675902,3.379668088462689,6.431876379328235,7.837015656534133,7.221887589728115,7.826138845621715,8.604184395673688,7.140005091229793,6.734102844044468,7.1630346240724,6.727190120026143,7.18942145500252,6.85666958705584,7.038874281289139,6.977237642745746,6.246988145999011,6.086928272618931,7.083655151222548,7.834257080772422,8.215652222479887,7.027961683204534,7.689920599876013,8.482684543244169,8.967290915978372,6.375324940799893,6.262926214795924,8.662027875814248,5.596105312910309,6.583549273707843,6.785201925787749,9.023754844681005,8.329698877225146,7.021447043289511,8.80722594756767,7.422561714222581,8.442571019052167,8.71329726865006,8.722218518503253,6.351222428041222,5.997151380580128,7.3421919093737795,7.115477434589552,4.804738220766709,6.260349460718462
r1092r,11.693532475628945,10.864778049688384,10.433754450328166,18.11769929403358,17.724545438623434,19.447902849069038,18.406133380517563,18.74053640925253,17.294116594614902,20.811697368328108,19.1570584640612,19.471288558435027,21.303219879856638,19.941690323035736,21.490989448544155,14.225696666344088,17.00671069083465,16.84392929975857,15.492638013697178,19.150298879540806,17.64521474513214,17.539502917739988,14.84724222509066,18.039969311396938,20.04750555826496,15.827776408778155,19.83584501305887,17.244535730296164,20.68843311335722,10.558363424543197,19.69330921913423,20.769397172409157,20.433172278533263,20.772326319068032,21.192654256102404,20.405038899872693,20.01130613619208,20.233381812051615,18.579908668764897,20.321228798627047,19.597483095655072,20.26623554347384,20.14350598177411,19.61754746312357,19.267827827946196,20.295009083076952,20.641994883101074,20.957536903794992,12.500923017085361,13.78129904978392,21.188458336315538,21.106801240002564,19.951260520141936,19.879812380605266,21.25726115655885,17.8312583064529,16.345707145241395,16.745112614820933,21.53451063470055,21.132451907667523,16.578760282027805,21.299556355335543,18.98180651868133,21.233531156630004,21.388750419671787,20.19539041601435,19.963420843629326,18.885447064461022,20.425627699669484,20.312915726006896,15.332157916211715,19.800447805962026
r1093r,11.717606071526165,10.872627262086477,10.442629546283138,18.095071527080897,17.719237239910054,19.434096830319348,18.42129812059261,18.76082766369757,17.308792066799707,20.794150521222384,19.190642186705823,19.434775735768206,21.290278725947545,19.92441298551104,21.506758742589685,14.145480817608632,16.904824258188263,16.756056771369405,15.504980611103832,19.110008518429023,17.606507448426964,17.474563350893042,14.791967040685037,17.951988337045485,19.973484675142302,15.747720180086121,19.76996584197362,17.18686409134453,20.63158105399832,10.514468524255896,19.557985418662113,20.657410367986003,20.36298975051699,20.643644860427475,21.09478208012443,20.302709126115055,19.959442728044806,20.16882111190202,18.527039059398447,20.27048825122694,19.54726764981916,20.226100379565047,20.08589647879721,19.54403314740654,19.075195264637767,20.191434945662486,20.495649683378456,20.756723390106064,12.313053093242745,13.65515825565177,21.066031071999262,20.92547834162861,19.724942114697708,19.658831660848584,21.1249295546194,17.688309776817437,16.18716498877137,16.57399382512486,21.473651423852314,21.069317350572746,16.42169143032121,21.19220838122812,18.89068276970056,21.123578308217084,21.248888363820303,20.051627042955353,19.91107777663146,18.82117444146865,20.355308330646125,20.195128381681823,15.171568720841794,19.705262689868828
r1094,11.712439339834836,10.873692295356527,10.442969193938557,18.106385410557237,17.721891339266744,19.442066872220643,18.42628618715675,18.766860238951523,17.318644777837047,20.817148476289248,19.192114245768334,19.465775830571047,21.29674930290209,19.933051654273388,21.508814382023758,14.186133109834357,16.962331124483033,16.79999303556399,15.516949769937225,19.130153698984913,17.625861096779555,17.507033134316515,14.819604632887847,17.99597882422121,20.010495116703634,15.787748294432138,19.80290542751624,17.21569991082034,20.660007083677765,10.536415974399546,19.62564731889817,20.71340377019758,20.39808101452513,20.707985589747754,21.14371816811342,20.353874012993874,19.985374432118444,20.201101461976815,18.553473864081674,20.29585852492699,19.572375372737117,20.246167961519443,20.11470123028566,19.580790305265054,19.17151154629198,20.253777720468033,20.578610548740336,20.866382006300242,12.413435893252174,13.729198002086722,21.141231415769596,21.03150690907529,19.843147724175683,19.776531969791073,21.2127386296508,17.771103277225205,16.27656692733314,16.665440786515614,21.517302077934495,21.11876110149122,16.509630692199163,21.257091757331498,18.9559044777206,21.191127705398557,21.33751916777671,20.13176620550664,19.941002803830866,18.857578968851342,20.39440584530567,20.262458124832612,15.259791138619866,19.760889570071694
r1150r,0.13828164168103144,0.12798312930241182,0.12272988222290666,0.20459776551126377,0.19822713148106025,0.220073450732558,0.22299688575202542,0.23173924254262152,0.21782868851835666,0.24472790161291988,0.23809678869942189,0.24107110150399333,0.22248579824205028,0.22137578966179458,0.23519420064575455,0.16865707375338657,0.21149693242571382,0.19788201146462484,0.1994861312289586,0.2181371949653398,0.20117477010285947,0.2030059710746112,0.17188000745055212,0.21015920939061272,0.22838227248629386,0.18565569185535943,0.22767435725332577,0.1988833595809685,0.22843445812310584,0.12259665759111052,0.23355841794886398,0.23417397616175634,0.22997070428939556,0.23616405752123334,0.23209060340256554,0.23384129228068498,0.2261474653423193,0.22707496435897423,0.20656593311086546,0.2265292220158178,0.21923911987941266,0.22583545318214493,0.22659874714217623,0.22715877015358382,0.23692693317851513,0.2489232968953156,0.25109825067872077,0.25754903083719516,0.14500431977729977,0.15716644523956566,0.25696790317721296,0.2604812416305806,0.2553686087265473,0.2579971519730175,0.26913774468201596,0.232786016470358,0.20404914219824885,0.202861810036937,0.2492450573370286,0.25675123643871095,0.20237527416698653,0.2499258288101865,0.2404062119981709,0.25439016343461396,0.2669061372904601,0.23497725905167166,0.23439769944108754,0.22456363812075103,0.23485285609934564,0.24727823864483472,0.2016803713529849,0.24416020935610186
r1153,1.1305538056173312,1.0511851410149764,1.0093850765369892,1.7538170753194684,1.7145641310816653,1.8820479228407632,1.781500966281123,1.814187537991076,1.6748984287026856,1.9178132786921236,1.8539367326460108,1.8882190410475361,1.9179349864411883,1.904298818066213,1.9227714525800377,1.3816082076870442,1.6532903643513568,1.6352610201781521,1.5010252692154258,1.8549368498460215,1.7092637997707645,1.7009031039780713,1.439841182071175,1.7416561809194862,1.9126299564836613,1.5364311157118087,1.9140142438080132,1.6718598997583998,1.9289507826452177,1.0228635992937227,1.9008703401049296,1.927778883072616,1.9299559696467543,1.9296114235429032,1.9227525411107829,1.9338185398708436,1.9137235759317326,1.910033551308898,1.7429386444638961,1.9180728214037797,1.855322029317759,1.9218568477021332,1.912327319050067,1.90248519173013,1.8771224679225056,1.9233904022448887,1.9129116780603748,1.9256449549836054,0.9985848720137983,1.1011219910674628,1.930207607172428,1.887927552078739,1.9389765673594028,1.9379943972606186,1.9249942883957276,1.7368861173430767,1.4889761926907128,1.5233732088373437,1.9302840127157597,1.9315012891107968,1.4854546689227484,1.9199225116025929,1.7401817198355707,1.938141219500198,1.9377450664997726,1.7957782735666499,1.9350256872960088,1.831865086439653,1.9199127181351003,1.9241176581004218,1.4957772921280403,1.923293357057501
r1087r,3.720005637412254,3.456800346121808,3.3202697953421416,5.787681708210293,5.668893735440304,6.2120191170735,5.838304297018995,5.9310275066144476,5.461383372219574,7.965603329953686,6.060221879926796,6.157424289043905,8.805896179846808,6.729097213212842,9.016912107243382,4.516667859659851,5.370434462737452,5.353752011924863,4.879746119634832,6.110924229592052,5.630006578465902,5.585576589464608,4.728084683581391,5.865674427512177,6.822616353959442,5.031790311715077,6.445813323282759,5.494139441547787,7.653526833675902,3.379668088462689,6.431876379328235,7.837015656534133,7.221887589728115,7.826138845621715,8.604184395673688,7.140005091229793,6.734102844044468,7.1630346240724,6.727190120026143,7.18942145500252,6.85666958705584,7.038874281289139,6.977237642745746,6.246988145999011,6.086928272618931,7.083655151222548,7.834257080772422,8.215652222479887,7.027961683204534,7.689920599876013,8.482684543244169,8.967290915978372,6.375324940799893,6.262926214795924,8.662027875814248,5.596105312910309,6.583549273707843,6.785201925787749,9.023754844681005,8.329698877225146,7.021447043289511,8.80722594756767,7.422561714222581,8.442571019052167,8.71329726865006,8.722218518503253,6.351222428041222,5.997151380580128,7.3421919093737795,7.115477434589552,4.804738220766709,6.260349460718462
r1047a,3.824936143246779,3.5572486905993435,3.4154708217093477,5.928542581079202,5.7920765732996475,6.3615101976714685,6.035393256020164,6.150907263442818,5.683482890361201,7.5294969381673615,6.2857964973396925,6.407739308896363,7.962112172505571,6.6996818854621765,8.126162769147271,4.685300990048232,5.618223668139456,5.542779241514971,5.0984064656672015,6.274038835460685,5.781677277891763,5.759331825586928,4.875432835576224,5.9981527485565485,6.8019063587723165,5.20722870978192,6.572800277874688,5.6596067684576825,7.312736975303423,3.4788245485134075,6.588372259834564,7.454731893284028,7.063260859963783,7.460911448415904,7.899449357839232,7.039062211432106,6.736844716819097,6.9967880808112,6.495492911051522,7.015409225539169,6.728058940027709,6.923899840496073,6.88427615365316,6.44209486066479,6.383190483172787,7.042638476192544,7.500703059720818,7.777799947963737,5.752804538089468,6.277127634711532,7.9196414914090925,8.194040815450856,6.687301392247084,6.625732079635986,8.063113810914396,5.918051160041128,6.169031280232367,6.3250075690274326,8.203233562427062,7.812437999018734,6.4224520379021754,8.077414831309822,7.027410332683751,7.892183141789771,8.101947362981086,7.861384798728351,6.555259703226295,6.2089169571655045,7.140623358004105,7.061117899124491,5.101784720433119,6.531199612144264
r1061r,0.00340666913189973,0.012109345478281372,0.010233686576653633,0.02262776695268367,0.005308198713385297,0.01807414885547402,0.03511700633161468,0.04442155546084173,0.05408631633416873,0.0744449731617401,0.03947195889467065,0.08748755654455724,0.01294115390909248,0.017277337524699152,0.023991851781818643,0.08239332016744433,0.12814103253270134,0.08787252838916662,0.06021923274022472,0.040290361111786126,0.038707296705183684,0.0649395668469379,0.055275184405627086,0.08798097435145495,0.07402088312265341,0.08005622869203335,0.06587917108524527,0.05767163895164215,0.05685205935890318,0.0438949002872971,0.13532380047211262,0.11198680442315208,0.07018252801627266,0.12868145864055988,0.09787217597798206,0.10232977375764044,0.05186340814727385,0.06456070014959765,0.052869609366450986,0.05074054740010287,0.05021544583591553,0.04013516390879497,0.057609502976904536,0.07351431571703074,0.1926325633084328,0.14579696180772406,0.18549826172491904,0.2378209510877915,0.2136612761950994,0.17001819160766993,0.1783741107650484,0.24279137141276225,0.24650403246765368,0.2498205160132745,0.21890469818616382,0.18822547199562034,0.19906559777704982,0.19466905586694666,0.11374340548050445,0.1346404465791117,0.19468819580521554,0.1521855303060946,0.16976308309939162,0.16024474031298475,0.2146611599741431,0.1767932771461431,0.06735704179977113,0.08134548653839055,0.08607068961484421,0.15153162827808664,0.19230047574237794,0.12732240471824893
r1134r,0.013740132514560915,0.009979278938187808,0.009554391265813492,-0.0,-0.0,0.002134065052895344,0.025140873203329892,0.032356404952943216,0.03438089425948558,0.028449063028007905,0.036527840769646096,0.025487366938866645,-0.0,-0.0,0.01988057291367563,0.0010887357159950638,0.013127299943153613,-0.0,0.03628091507343866,-0.0,-0.0,-0.0,-0.0,-0.0,-0.0,-0.0,-0.0,-0.0,-0.0,-0.0,-0.0,-0.0,-0.0,-0.0,-0.0,-0.0,-0.0,-0.0,-0.0,-0.0,-0.0,-0.0,-0.0,-0.0,-0.0,0.021111412196628602,0.01957653100114873,0.018503718699432486,0.012895676176240128,0.021938698737759343,0.027973423224387117,0.030734236519402974,0.010092813511712364,0.014419898128296383,0.043286548123355285,0.022638471180076253,0.020261720653513702,0.011775133085437496,0.026442097316132583,0.03575294474216411,0.01880967204930882,0.022418778099332157,0.039319667059310316,0.02514594595003229,0.037399552061331984,0.016514952043570192,0.007506987400949759,0.008536431773009395,0.007875660295738624,0.01687214197650804,0.01585564018622625,0.01606864431252925
r1146,0.2765632833620639,0.25596625860482425,0.24545976444581416,0.40919553102252615,0.3964542629621191,0.4401469014651138,0.44599377150405156,0.4634784850852469,0.4356573770367136,0.48945580322584115,0.4761935773988462,0.48214220300799054,0.4449715964840981,0.4427515793235869,0.4703884012915105,0.337314147506772,0.42299386485142815,0.3957640229292483,0.39897226245791584,0.4362743899306782,0.40234954020571895,0.4060119421492252,0.34376001490110286,0.420318418781222,0.4567645449725884,0.37131138371071887,0.45534871450665104,0.397766719161937,0.4568689162462096,0.24519331518222137,0.4671168358977264,0.4683479523235106,0.4599414085787892,0.4723281150424657,0.46418120680513036,0.4676825845613686,0.4522949306846388,0.45414992871794846,0.41313186622173176,0.4530584440316361,0.43847823975882355,0.45167090636428775,0.45319749428435196,0.45431754030716903,0.47385386635703025,0.49784659379063173,0.502196501357442,0.5150980616743898,0.29000863955459805,0.3143328904791362,0.5139358063544253,0.5209624832611595,0.5107372174530943,0.515994303946034,0.5382754893640334,0.4655720329407166,0.40809828439649737,0.405723620073875,0.4984901146740572,0.513502472877423,0.40475054833397806,0.4998516576203732,0.48081242399634117,0.5087803268692241,0.5338122745809205,0.4699545181033432,0.4687953988821756,0.4491272762415009,0.46970571219869195,0.49455647728966684,0.4033607427059683,0.4883204187121997
r1169,0.013740132514560915,0.009979278938187808,0.009554391265813492,0.0,0.0,0.002134065052895344,0.025140873203329892,0.032356404952943216,0.03438089425948558,0.028449063028007905,0.036527840769646096,0.025487366938866645,0.0,0.0,0.01988057291367563,0.0010887357159950638,0.013127299943153613,0.0,0.03628091507343866,0.0,0.0,0.0,0.0,0.0,0.0,0.0,0.0,0.0,0.0,0.0,0.0,0.0,0.0,0.0,0.0,0.0,0.0,0.0,0.0,0.0,0.0,0.0,0.0,0.0,0.0,0.021111412196628602,0.01957653100114873,0.018503718699432486,0.012895676176240128,0.021938698737759343,0.027973423224387117,0.030734236519402974,0.010092813511712364,0.014419898128296383,0.043286548123355285,0.022638471180076253,0.020261720653513702,0.011775133085437496,0.026442097316132583,0.03575294474216411,0.01880967204930882,0.022418778099332157,0.039319667059310316,0.02514594595003229,0.037399552061331984,0.016514952043570192,0.007506987400949759,0.008536431773009395,0.007875660295738624,0.01687214197650804,0.01585564018622625,0.01606864431252925
r1173r,1.9982844603871592,1.8563833023633165,1.7828647798939778,3.098438619616411,3.0326739992012115,3.3260830092693072,3.1421490342615237,3.197252995849848,2.9485203746281434,3.374619817186414,3.268207728662821,3.319783246025948,3.390898376398278,3.3658460568088384,3.395035076782241,2.4269910035833115,2.8967141637944396,2.8747580174270557,2.6393591910463745,3.2735993097613645,3.01617805933581,2.9957942658069174,2.5359223492412473,3.06299394305775,3.368495367994734,2.701550847712898,3.372679773109375,2.945953080354862,3.4010326490442253,1.8005338834052247,3.334623844312132,3.3872098138217206,3.399970530714718,3.3868947320433405,3.3813238754164354,3.399954495180318,3.3751522211788267,3.3659171738998475,3.0727454227060607,3.383087198775924,3.2721658188766933,3.392042789039978,3.3714571438157814,3.350652843153091,3.280391069487981,3.3700456228957743,3.3432033857644567,3.3546955669922536,1.7200567806492384,1.9098497903935494,3.374452831214817,3.2856268574157212,3.377308730777423,3.3744143887035,3.3549996355507776,3.0308386729255132,2.590115821638441,2.6527979306862504,3.388520008073595,3.385253050086335,2.5849684615608277,3.362412143684145,3.0388706827341103,3.392648058081203,3.379077410479957,3.138116981073526,3.408762963110792,3.2231393284108147,3.377995384367247,3.3705509808876832,2.6040494817363387,3.374334939715332
r1174,0.12454150916647104,0.11800385036422432,0.11317549095709359,0.20459776551126307,0.19822713148105955,0.21793938567966156,0.1978560125486959,0.19938283758968026,0.1834477942588712,0.21627883858491267,0.20156894792977703,0.2155837345651286,0.22248579824204906,0.22137578966179344,0.2153136277320796,0.16756833803739093,0.19836963248256045,0.19788201146462414,0.16320521615551925,0.2181371949653391,0.20117477010285947,0.2030059710746126,0.17188000745055143,0.210159209390611,0.2283822724862942,0.18565569185535943,0.22767435725332552,0.1988833595809685,0.2284344581231048,0.12259665759111069,0.2335584179488632,0.2341739761617553,0.2299707042893946,0.23616405752123285,0.23209060340256518,0.2338412922806843,0.2261474653423194,0.22707496435897423,0.20656593311086588,0.22652922201581804,0.21923911987941178,0.22583545318214387,0.22659874714217598,0.22715877015358452,0.23692693317851513,0.22781188469868724,0.2315217196775723,0.23904531213776242,0.1321086436010589,0.13522774650180874,0.22899447995282554,0.22974700511117677,0.24527579521483478,0.2435772538447206,0.22585119655866137,0.21014754529028204,0.18378742154473499,0.19108667695150003,0.222802960020896,0.2209982916965474,0.18356560211768022,0.22750705071085445,0.20108654493886027,0.22924421748457977,0.22950658522912828,0.21846230700810143,0.22689071204013803,0.21602720634774103,0.22697719580360737,0.2304060966683254,0.1858247311667579,0.22809156504357062
r1175,1.860002818706127,1.7284001730609042,1.6601348976710708,2.893840854105148,2.834446867720152,3.1060095585367504,2.919152148509498,2.9655137533072247,2.7306916861097865,3.129891915573493,3.0301109399633983,3.0787121445219534,3.1684125781562287,3.144470267147045,3.1598408761364856,2.2583339298299254,2.6852172313687253,2.676876005962432,2.4398730598174163,3.055462114796026,2.815003289232951,2.7927882947323046,2.3640423417906957,2.852834733667139,3.14011309550844,2.515895155857539,3.14500541585605,2.7470697207738937,3.17259819092112,1.677937225814114,3.101065426363269,3.153035837659966,3.169999826425324,3.1507306745221078,3.1492332720138703,3.1661132028996337,3.149004755836507,3.138842209540873,2.8661794895951944,3.1565579767601055,3.052926698997282,3.166207335857834,3.1448583966736057,3.123494072999507,3.0434641363094657,3.121122326000458,3.092105135085736,3.0971465361550585,1.575052460871939,1.7526833451539814,3.117484928037605,3.0251456157851413,3.121940122050875,3.1164172367304834,3.085861890868761,2.798052656455155,2.386066679440192,2.4499361206493124,3.1392749507365663,3.1285018136476235,2.382593187393838,3.112486314873958,2.79846447073594,3.1382578946465904,3.1121712731894964,2.903139722021854,3.174365263669704,2.998575690290064,3.143142528267901,3.1232727422428495,2.4023691103833547,3.130174730359232
r1176r,0.12454150916647104,0.11800385036422432,0.11317549095709359,0.20459776551126307,0.19822713148105955,0.21793938567966156,0.1978560125486959,0.19938283758968026,0.18344779425887123,0.21627883858491267,0.20156894792977703,0.2155837345651286,0.22248579824204906,0.22137578966179344,0.2153136277320796,0.16756833803739093,0.19836963248256045,0.19788201146462414,0.16320521615551925,0.2181371949653391,0.20117477010285947,0.2030059710746126,0.17188000745055143,0.210159209390611,0.2283822724862942,0.18565569185535943,0.22767435725332552,0.1988833595809685,0.2284344581231048,0.12259665759111069,0.2335584179488632,0.2341739761617553,0.2299707042893946,0.23616405752123285,0.23209060340256518,0.2338412922806843,0.2261474653423194,0.22707496435897423,0.20656593311086588,0.22652922201581804,0.21923911987941178,0.22583545318214387,0.22659874714217598,0.22715877015358452,0.23692693317851513,0.22781188469868724,0.2315217196775723,0.23904531213776242,0.1321086436010589,0.13522774650180874,0.22899447995282554,0.22974700511117677,0.24527579521483478,0.2435772538447206,0.22585119655866137,0.21014754529028204,0.18378742154473499,0.19108667695150003,0.222802960020896,0.2209982916965474,0.18356560211768022,0.22750705071085445,0.20108654493886027,0.22924421748457977,0.22950658522912828,0.21846230700810143,0.22689071204013803,0.21602720634774103,0.22697719580360737,0.2304060966683254,0.1858247311667579,0.22809156504357062
BOUNDARY_CITe,0.013740132514560915,0.009979278938187808,0.009554391265813492,0.0,0.0,0.002134065052895344,0.025140873203329892,0.032356404952943216,0.03438089425948558,0.028449063028007905,0.036527840769646096,0.025487366938866645,0.0,0.0,0.01988057291367563,0.0010887357159950638,0.013127299943153613,0.0,0.03628091507343866,0.0,0.0,0.0,0.0,0.0,0.0,0.0,0.0,0.0,0.0,0.0,0.0,0.0,0.0,0.0,0.0,0.0,0.0,0.0,0.0,0.0,0.0,0.0,0.0,0.0,0.0,0.021111412196628602,0.01957653100114873,0.018503718699432486,0.012895676176240128,0.021938698737759343,0.027973423224387117,0.030734236519402974,0.010092813511712364,0.014419898128296383,0.043286548123355285,0.022638471180076253,0.020261720653513702,0.011775133085437496,0.026442097316132583,0.03575294474216411,0.01880967204930882,0.022418778099332157,0.039319667059310316,0.02514594595003229,0.037399552061331984,0.016514952043570192,0.007506987400949759,0.008536431773009395,0.007875660295738624,0.01687214197650804,0.01585564018622625,0.01606864431252925
BOUNDARY_CO2e,11.693532475628945,10.864778049688384,10.433754450328166,18.11769929403358,17.724545438623434,19.447902849069038,18.406133380517563,18.74053640925253,17.294116594614902,20.811697368328108,19.1570584640612,19.471288558435027,21.303219879856638,19.941690323035736,21.490989448544155,14.225696666344088,17.00671069083465,16.84392929975857,15.492638013697178,19.150298879540806,17.64521474513214,17.539502917739988,14.84724222509066,18.039969311396938,20.04750555826496,15.827776408778155,19.83584501305887,17.244535730296164,20.68843311335722,10.558363424543197,19.69330921913423,20.769397172409157,20.433172278533263,20.772326319068032,21.192654256102404,20.405038899872693,20.01130613619208,20.233381812051615,18.579908668764897,20.321228798627047,19.597483095655072,20.26623554347384,20.14350598177411,19.61754746312357,19.267827827946196,20.295009083076952,20.641994883101074,20.957536903794992,12.500923017085361,13.78129904978392,21.188458336315538,21.106801240002564,19.951260520141936,19.879812380605266,21.25726115655885,17.8312583064529,16.345707145241395,16.745112614820933,21.53451063470055,21.132451907667523,16.578760282027805,21.299556355335543,18.98180651868133,21.233531156630004,21.388750419671787,20.19539041601435,19.963420843629326,18.885447064461022,20.425627699669484,20.312915726006896,15.332157916211715,19.800447805962026
BOUNDARY_EOLe,0.00340666913189973,0.012109345478281372,0.010233686576653633,0.02262776695268367,0.005308198713385297,0.01807414885547402,0.03511700633161468,0.04442155546084173,0.05408631633416873,0.0744449731617401,0.03947195889467065,0.08748755654455724,0.01294115390909248,0.017277337524699152,0.023991851781818643,0.08239332016744433,0.12814103253270134,0.08787252838916662,0.06021923274022472,0.040290361111786126,0.038707296705183684,0.0649395668469379,0.055275184405627086,0.08798097435145495,0.07402088312265341,0.08005622869203335,0.06587917108524527,0.05767163895164215,0.05685205935890318,0.0438949002872971,0.13532380047211262,0.11198680442315208,0.07018252801627266,0.12868145864055988,0.09787217597798206,0.10232977375764044,0.05186340814727385,0.06456070014959765,0.052869609366450986,0.05074054740010287,0.05021544583591553,0.04013516390879497,0.057609502976904536,0.07351431571703074,0.1926325633084328,0.14579696180772406,0.18549826172491904,0.2378209510877915,0.2136612761950994,0.17001819160766993,0.1783741107650484,0.24279137141276225,0.24650403246765368,0.2498205160132745,0.21890469818616382,0.18822547199562034,0.19906559777704982,0.19466905586694666,0.11374340548050445,0.1346404465791117,0.19468819580521554,0.1521855303060946,0.16976308309939162,0.16024474031298475,0.2146611599741431,0.1767932771461431,0.06735704179977113,0.08134548653839055,0.08607068961484421,0.15153162827808664,0.19230047574237794,0.12732240471824893
BOUNDARY_GLCer,3.824936143246779,3.5572486905993435,3.4154708217093477,5.928542581079202,5.7920765732996475,6.3615101976714685,6.035393256020164,6.150907263442818,5.683482890361201,7.529496938167358,6.2857964973396925,6.407739308896363,7.962112172505575,6.6996818854621765,8.126162769147271,4.685300990048232,5.618223668139456,5.542779241514971,5.0984064656672015,6.274038835460685,5.781677277891763,5.759331825586928,4.875432835576224,5.9981527485565485,6.801906358772316,5.20722870978192,6.572800277874693,5.6596067684576825,7.3127369753034275,3.4788245485134075,6.588372259834564,7.454731893284036,7.063260859963786,7.460911448415897,7.899449357839225,7.0390622114321015,6.736844716819085,6.996788080811202,6.4954929110515165,7.0154092255391705,6.728058940027706,6.9238998404960705,6.884276153653159,6.44209486066479,6.383190483172787,7.042638476192546,7.500703059720818,7.777799947963735,5.752804538089468,6.277127634711532,7.919641491409098,8.194040815450853,6.6873013922470825,6.625732079635989,8.0631138109144,5.918051160041128,6.169031280232367,6.3250075690274326,8.20323356242707,7.812437999018734,6.4224520379021754,8.077414831309817,7.027410332683751,7.892183141789767,8.101947362981086,7.861384798728351,6.555259703226294,6.2089169571655045,7.140623358004098,7.061117899124493,5.101784720433119,6.531199612144264
BOUNDARY_He,3.720005637412254,3.456800346121808,3.3202697953421416,5.787681708210293,5.668893735440304,6.2120191170735,5.838304297018994,5.9310275066144476,5.461383372219573,7.965603329953686,6.060221879926796,6.157424289043905,8.805896179846807,6.729097213212842,9.016912107243382,4.516667859659851,5.370434462737451,5.353752011924863,4.879746119634832,6.110924229592051,5.630006578465902,5.585576589464608,4.728084683581391,5.865674427512177,6.822616353959442,5.031790311715077,6.445813323282759,5.494139441547786,7.653526833675902,3.379668088462689,6.431876379328235,7.837015656534133,7.221887589728115,7.826138845621713,8.604184395673686,7.140005091229793,6.734102844044467,7.1630346240724,6.727190120026143,7.189421455002519,6.85666958705584,7.038874281289139,6.977237642745744,6.246988145999011,6.08692827261893,7.083655151222548,7.83425708077242,8.215652222479887,7.027961683204534,7.689920599876013,8.482684543244167,8.967290915978372,6.375324940799893,6.262926214795924,8.662027875814248,5.596105312910309,6.583549273707843,6.785201925787749,9.023754844681003,8.329698877225146,7.021447043289511,8.80722594756767,7.422561714222581,8.442571019052167,8.713297268650058,8.722218518503253,6.351222428041221,5.997151380580127,7.3421919093737795,7.115477434589551,4.804738220766709,6.260349460718462
BOUNDARY_H2Oe,11.717606071526165,10.872627262086477,10.442629546283138,18.095071527080897,17.719237239910054,19.434096830319348,18.42129812059261,18.76082766369757,17.308792066799707,20.794150521222384,19.190642186705823,19.434775735768206,21.290278725947545,19.92441298551104,21.506758742589685,14.145480817608632,16.904824258188263,16.756056771369405,15.504980611103832,19.110008518429023,17.606507448426964,17.474563350893042,14.791967040685037,17.951988337045485,19.973484675142302,15.747720180086121,19.76996584197362,17.18686409134453,20.63158105399832,10.514468524255896,19.557985418662113,20.657410367986003,20.36298975051699,20.643644860427475,21.09478208012443,20.302709126115055,19.959442728044806,20.16882111190202,18.527039059398447,20.27048825122694,19.54726764981916,20.226100379565047,20.08589647879721,19.54403314740654,19.075195264637767,20.191434945662486,20.495649683378456,20.756723390106064,12.313053093242745,13.65515825565177,21.066031071999262,20.92547834162861,19.724942114697708,19.658831660848584,21.1249295546194,17.688309776817437,16.18716498877137,16.57399382512486,21.473651423852314,21.069317350572746,16.42169143032121,21.19220838122812,18.89068276970056,21.123578308217084,21.248888363820303,20.051627042955353,19.91107777663146,18.82117444146865,20.355308330646125,20.195128381681823,15.171568720841794,19.705262689868828
BOUNDARY_NH3e,3.720005637412254,3.456800346121808,3.3202697953421416,5.787681708210293,5.668893735440304,6.2120191170735,5.838304297018995,5.9310275066144476,5.461383372219574,7.965603329953686,6.060221879926796,6.157424289043905,8.805896179846808,6.729097213212842,9.016912107243382,4.516667859659851,5.370434462737452,5.353752011924863,4.879746119634832,6.110924229592052,5.630006578465902,5.585576589464608,4.728084683581391,5.865674427512177,6.822616353959442,5.031790311715077,6.445813323282759,5.494139441547787,7.653526833675902,3.379668088462689,6.431876379328235,7.837015656534133,7.221887589728115,7.826138845621715,8.604184395673688,7.140005091229793,6.734102844044468,7.1630346240724,6.727190120026143,7.18942145500252,6.85666958705584,7.038874281289139,6.977237642745746,6.246988145999011,6.086928272618931,7.083655151222548,7.834257080772422,8.215652222479887,7.027961683204534,7.689920599876013,8.482684543244169,8.967290915978372,6.375324940799893,6.262926214795924,8.662027875814248,5.596105312910309,6.583549273707843,6.785201925787749,9.023754844681005,8.329698877225146,7.021447043289511,8.80722594756767,7.422561714222581,8.442571019052167,8.71329726865006,8.722218518503253,6.351222428041222,5.997151380580128,7.3421919093737795,7.115477434589552,4.804738220766709,6.260349460718462
BOUNDARY_O2er,11.712439339834836,10.873692295356527,10.442969193938557,18.106385410557237,17.721891339266744,19.442066872220643,18.42628618715675,18.766860238951523,17.318644777837047,20.817148476289248,19.192114245768334,19.465775830571047,21.29674930290209,19.933051654273388,21.508814382023758,14.186133109834357,16.962331124483033,16.79999303556399,15.516949769937225,19.130153698984913,17.625861096779555,17.507033134316515,14.819604632887847,17.99597882422121,20.010495116703634,15.787748294432138,19.80290542751624,17.21569991082034,20.660007083677765,10.536415974399546,19.62564731889817,20.71340377019758,20.39808101452513,20.707985589747754,21.14371816811342,20.353874012993874,19.985374432118444,20.201101461976815,18.553473864081674,20.29585852492699,19.572375372737117,20.246167961519443,20.11470123028566,19.580790305265054,19.17151154629198,20.253777720468033,20.578610548740336,20.866382006300242,12.413435893252174,13.729198002086722,21.141231415769596,21.03150690907529,19.843147724175683,19.776531969791073,21.2127386296508,17.771103277225205,16.27656692733314,16.665440786515614,21.517302077934495,21.11876110149122,16.509630692199163,21.257091757331498,18.9559044777206,21.191127705398557,21.33751916777671,20.13176620550664,19.941002803830866,18.857578968851342,20.39440584530567,20.262458124832612,15.259791138619866,19.760889570071694
r1400,3.720005637412254,3.456800346121808,3.3202697953421416,5.787681708210293,5.668893735440304,6.2120191170735,5.838304297018995,5.9310275066144476,5.461383372219574,7.965603329953686,6.060221879926796,6.157424289043905,8.805896179846808,6.729097213212842,9.016912107243382,4.516667859659851,5.370434462737452,5.353752011924863,4.879746119634832,6.110924229592052,5.630006578465902,5.585576589464608,4.728084683581391,5.865674427512177,6.822616353959442,5.031790311715077,6.445813323282759,5.494139441547787,7.653526833675902,3.379668088462689,6.431876379328235,7.837015656534133,7.221887589728115,7.826138845621715,8.604184395673688,7.140005091229793,6.734102844044468,7.1630346240724,6.727190120026143,7.18942145500252,6.85666958705584,7.038874281289139,6.977237642745746,6.246988145999011,6.086928272618931,7.083655151222548,7.834257080772422,8.215652222479887,7.027961683204534,7.689920599876013,8.482684543244169,8.967290915978372,6.375324940799893,6.262926214795924,8.662027875814248,5.596105312910309,6.583549273707843,6.785201925787749,9.023754844681005,8.329698877225146,7.021447043289511,8.80722594756767,7.422561714222581,8.442571019052167,8.71329726865006,8.722218518503253,6.351222428041222,5.997151380580128,7.3421919093737795,7.115477434589552,4.804738220766709,6.260349460718462
BOUNDARY_NH4er,3.720005637412254,3.456800346121808,3.3202697953421416,5.787681708210293,5.668893735440304,6.2120191170735,5.838304297018995,5.9310275066144476,5.461383372219574,7.965603329953686,6.060221879926796,6.157424289043905,8.805896179846808,6.729097213212842,9.016912107243382,4.516667859659851,5.370434462737452,5.353752011924863,4.879746119634832,6.110924229592052,5.630006578465902,5.585576589464608,4.728084683581391,5.865674427512177,6.822616353959442,5.031790311715077,6.445813323282759,5.494139441547787,7.653526833675902,3.379668088462689,6.431876379328235,7.837015656534133,7.221887589728115,7.826138845621715,8.604184395673688,7.140005091229793,6.734102844044468,7.1630346240724,6.727190120026143,7.18942145500252,6.85666958705584,7.038874281289139,6.977237642745746,6.246988145999011,6.086928272618931,7.083655151222548,7.834257080772422,8.215652222479887,7.027961683204534,7.689920599876013,8.482684543244169,8.967290915978372,6.375324940799893,6.262926214795924,8.662027875814248,5.596105312910309,6.583549273707843,6.785201925787749,9.023754844681005,8.329698877225146,7.021447043289511,8.80722594756767,7.422561714222581,8.442571019052167,8.71329726865006,8.722218518503253,6.351222428041222,5.997151380580128,7.3421919093737795,7.115477434589552,4.804738220766709,6.260349460718462
r2109,1.0886292689475936,1.012606043981865,0.9719621817600546,1.6787662992007706,1.6368657381032565,1.8013614457519893,1.7254640997627937,1.763939072069929,1.6349356530291297,2.038441716601355,1.8034146615273245,1.8409754976542858,2.0797301156705315,1.8649473713507803,2.123506878975631,1.339843236380319,1.6189484710897197,1.5824699741090524,1.4719494101120052,1.7797690801934218,1.6404060807411744,1.6391825856023086,1.3876717344126432,1.6999872854864686,1.8977223287201965,1.4861857075772749,1.8582885013893229,1.6096080476115053,1.9854656623870126,0.9893727700269132,1.8710186657271874,2.02079973205628,1.9472112400236254,2.026217987784328,2.089849737707746,1.9517588236289143,1.8824329454761335,1.9271067961092532,1.7756562681130603,1.9303138469657146,1.8577726340228962,1.9142091765592615,1.9077227560261216,1.833675978383807,1.84014146364363,1.9707014929282085,2.050745415267492,2.112760889821532,1.4040733116660904,1.527461090274725,2.1308802287499025,2.175933248158607,1.933008335439435,1.9257287737243571,2.1709989026974634,1.7206139764156878,1.6664533552154348,1.6997597898084595,2.163027393330407,2.1086401037699845,1.7054657896920786,2.144010071241722,1.9128991375945696,2.1236954505511743,2.1779360286581366,2.0612827173749912,1.8684791987905405,1.77412606574858,1.964471562129778,1.9727439739151562,1.487065362477164,1.8782877746118132
r2127,1.8737429512206882,1.738379451999092,1.6696892889368842,2.893840854105148,2.834446867720152,3.108143623589646,2.944293021712828,2.997870158260168,2.765072580369272,4.011250728004851,3.066638780733044,3.10419951146082,4.402948089923404,3.364548606606421,4.528336626535366,2.2594226655459204,2.698344531311879,2.676876005962432,2.476153974890855,3.055462114796026,2.815003289232951,2.7927882947323046,2.3640423417906957,2.9328372137560885,3.411308176979721,2.515895155857539,3.222906661641379,2.7470697207738937,3.826763416837951,1.689834044231344,3.2159381896641173,3.9185078282670673,3.6109437948640575,3.9130694228108576,4.302092197836843,3.5700025456148974,3.3670514220222336,3.5815173120362,3.3635950600130715,3.5947107275012593,3.42833479352792,3.5194371406445697,3.488618821372872,3.123494072999507,3.0434641363094657,3.562938987807903,3.93670507138736,4.126329829939377,3.526876517778508,3.866898998675765,4.269315694846471,4.514379694508588,3.197755283911659,3.145883005526259,4.37430048603048,2.8206911276352313,3.3120363575074347,3.4043760959793117,4.538319519656635,4.200602383354737,3.5295331936940646,4.426031751883167,3.750600524170601,4.246431455476115,4.39404818638636,4.377624211295196,3.1831182014215607,3.007112122063073,3.6789716149826286,3.5746108592712824,2.4182247505695806,3.1462433746717613
NE13,1.8737429512206882,1.738379451999092,1.6696892889368842,2.893840854105148,2.834446867720152,3.108143623589646,2.944293021712828,2.997870158260168,2.765072580369272,4.011250728004851,3.066638780733044,3.10419951146082,4.402948089923404,3.364548606606421,4.528336626535366,2.2594226655459204,2.698344531311879,2.676876005962432,2.476153974890855,3.055462114796026,2.815003289232951,2.7927882947323046,2.3640423417906957,2.9328372137560885,3.411308176979721,2.515895155857539,3.222906661641379,2.7470697207738937,3.826763416837951,1.689834044231344,3.2159381896641173,3.9185078282670673,3.6109437948640575,3.9130694228108576,4.302092197836843,3.5700025456148974,3.3670514220222336,3.5815173120362,3.3635950600130715,3.5947107275012593,3.42833479352792,3.5194371406445697,3.488618821372872,3.123494072999507,3.0434641363094657,3.562938987807903,3.93670507138736,4.126329829939377,3.526876517778508,3.866898998675765,4.269315694846471,4.514379694508588,3.197755283911659,3.145883005526259,4.37430048603048,2.8206911276352313,3.3120363575074347,3.4043760959793117,4.538319519656635,4.200602383354737,3.5295331936940646,4.426031751883167,3.750600524170601,4.246431455476115,4.39404818638636,4.377624211295196,3.1831182014215607,3.007112122063073,3.6789716149826286,3.5746108592712824,2.4182247505695806,3.1462433746717613
r2611,0.00340666913189973,0.012109345478281372,0.010233686576653633,0.02262776695268367,0.005308198713385297,0.01807414885547402,0.03511700633161468,0.04442155546084173,0.05408631633416873,0.0744449731617401,0.03947195889467065,0.08748755654455724,0.01294115390909248,0.017277337524699152,0.023991851781818643,0.08239332016744433,0.12814103253270134,0.08787252838916662,0.06021923274022472,0.040290361111786126,0.038707296705183684,0.0649395668469379,0.055275184405627086,0.08798097435145495,0.07402088312265341,0.08005622869203335,0.06587917108524527,0.05767163895164215,0.05685205935890318,0.0438949002872971,0.13532380047211262,0.11198680442315208,0.07018252801627266,0.12868145864055988,0.09787217597798206,0.10232977375764044,0.05186340814727385,0.06456070014959765,0.052869609366450986,0.05074054740010287,0.05021544583591553,0.04013516390879497,0.057609502976904536,0.07351431571703074,0.1926325633084328,0.14579696180772406,0.18549826172491904,0.2378209510877915,0.2136612761950994,0.17001819160766993,0.1783741107650484,0.24279137141276225,0.24650403246765368,0.2498205160132745,0.21890469818616382,0.18822547199562034,0.19906559777704982,0.19466905586694666,0.11374340548050445,0.1346404465791117,0.19468819580521554,0.1521855303060946,0.16976308309939162,0.16024474031298475,0.2146611599741431,0.1767932771461431,0.06735704179977113,0.08134548653839055,0.08607068961484421,0.15153162827808664,0.19230047574237794,0.12732240471824893
r2645,0.12454150916647104,0.11800385036422432,0.11317549095709359,0.20459776551126307,0.19822713148105955,0.21793938567966156,0.1978560125486959,0.19938283758968026,0.1834477942588712,0.21627883858491267,0.20156894792977703,0.2155837345651286,0.22248579824204906,0.22137578966179344,0.2153136277320796,0.16756833803739093,0.19836963248256045,0.19788201146462414,0.16320521615551925,0.2181371949653391,0.20117477010285947,0.2030059710746126,0.17188000745055143,0.210159209390611,0.2283822724862942,0.18565569185535943,0.22767435725332552,0.1988833595809685,0.2284344581231048,0.12259665759111069,0.2335584179488632,0.2341739761617553,0.2299707042893946,0.23616405752123285,0.23209060340256518,0.2338412922806843,0.2261474653423194,0.22707496435897423,0.20656593311086588,0.22652922201581804,0.21923911987941178,0.22583545318214387,0.22659874714217598,0.22715877015358452,0.23692693317851513,0.22781188469868724,0.2315217196775723,0.23904531213776242,0.1321086436010589,0.13522774650180874,0.22899447995282554,0.22974700511117677,0.24527579521483478,0.2435772538447206,0.22585119655866137,0.21014754529028204,0.18378742154473499,0.19108667695150003,0.222802960020896,0.2209982916965474,0.18356560211768022,0.22750705071085445,0.20108654493886027,0.22924421748457977,0.22950658522912828,0.21846230700810143,0.22689071204013803,0.21602720634774103,0.22697719580360737,0.2304060966683254,0.1858247311667579,0.22809156504357062
BAPAT,3.720005637412254,3.456800346121808,3.3202697953421416,5.787681708210293,5.668893735440304,6.2120191170735,5.838304297018994,5.9310275066144476,5.461383372219573,7.965603329953686,6.060221879926796,6.157424289043905,8.805896179846807,6.729097213212842,9.016912107243382,4.516667859659851,5.370434462737451,5.353752011924863,4.879746119634832,6.110924229592051,5.630006578465902,5.585576589464608,4.728084683581391,5.865674427512177,6.822616353959442,5.031790311715077,6.445813323282759,5.494139441547786,7.653526833675902,3.379668088462689,6.431876379328235,7.837015656534133,7.221887589728115,7.826138845621713,8.604184395673686,7.140005091229793,6.734102844044467,7.1630346240724,6.727190120026143,7.189421455002519,6.85666958705584,7.038874281289139,6.977237642745744,6.246988145999011,6.08692827261893,7.083655151222548,7.83425708077242,8.215652222479887,7.027961683204534,7.689920599876013,8.482684543244167,8.967290915978372,6.375324940799893,6.262926214795924,8.662027875814248,5.596105312910309,6.583549273707843,6.785201925787749,9.023754844681003,8.329698877225146,7.021447043289511,8.80722594756767,7.422561714222581,8.442571019052167,8.713297268650058,8.722218518503253,6.351222428041221,5.997151380580127,7.3421919093737795,7.115477434589551,4.804738220766709,6.260349460718462
HPDH,3.720005637412254,3.456800346121808,3.3202697953421416,5.787681708210293,5.668893735440304,6.2120191170735,5.838304297018994,5.9310275066144476,5.461383372219573,7.965603329953686,6.060221879926796,6.157424289043905,8.805896179846807,6.729097213212842,9.016912107243382,4.516667859659851,5.370434462737451,5.353752011924863,4.879746119634832,6.110924229592051,5.630006578465902,5.585576589464608,4.728084683581391,5.865674427512177,6.822616353959442,5.031790311715077,6.445813323282759,5.494139441547786,7.653526833675902,3.379668088462689,6.431876379328235,7.837015656534133,7.221887589728115,7.826138845621713,8.604184395673686,7.140005091229793,6.734102844044467,7.1630346240724,6.727190120026143,7.189421455002519,6.85666958705584,7.038874281289139,6.977237642745744,6.246988145999011,6.08692827261893,7.083655151222548,7.83425708077242,8.215652222479887,7.027961683204534,7.689920599876013,8.482684543244167,8.967290915978372,6.375324940799893,6.262926214795924,8.662027875814248,5.596105312910309,6.583549273707843,6.785201925787749,9.023754844681003,8.329698877225146,7.021447043289511,8.80722594756767,7.422561714222581,8.442571019052167,8.713297268650058,8.722218518503253,6.351222428041221,5.997151380580127,7.3421919093737795,7.115477434589551,4.804738220766709,6.260349460718462
3HPPtr,3.720005637412254,3.456800346121808,3.3202697953421416,5.787681708210293,5.668893735440304,6.2120191170735,5.838304297018994,5.9310275066144476,5.461383372219573,7.965603329953686,6.060221879926796,6.157424289043905,8.805896179846807,6.729097213212842,9.016912107243382,4.516667859659851,5.370434462737451,5.353752011924863,4.879746119634832,6.110924229592051,5.630006578465902,5.585576589464608,4.728084683581391,5.865674427512177,6.822616353959442,5.031790311715077,6.445813323282759,5.494139441547786,7.653526833675902,3.379668088462689,6.431876379328235,7.837015656534133,7.221887589728115,7.826138845621713,8.604184395673686,7.140005091229793,6.734102844044467,7.1630346240724,6.727190120026143,7.189421455002519,6.85666958705584,7.038874281289139,6.977237642745744,6.246988145999011,6.08692827261893,7.083655151222548,7.83425708077242,8.215652222479887,7.027961683204534,7.689920599876013,8.482684543244167,8.967290915978372,6.375324940799893,6.262926214795924,8.662027875814248,5.596105312910309,6.583549273707843,6.785201925787749,9.023754844681003,8.329698877225146,7.021447043289511,8.80722594756767,7.422561714222581,8.442571019052167,8.713297268650058,8.722218518503253,6.351222428041221,5.997151380580127,7.3421919093737795,7.115477434589551,4.804738220766709,6.260349460718462
EX_3hpp_e,3.720005637412254,3.456800346121808,3.3202697953421416,5.787681708210293,5.668893735440304,6.2120191170735,5.838304297018994,5.9310275066144476,5.461383372219573,7.965603329953686,6.060221879926796,6.157424289043905,8.805896179846807,6.729097213212842,9.016912107243382,4.516667859659851,5.370434462737451,5.353752011924863,4.879746119634832,6.110924229592051,5.630006578465902,5.585576589464608,4.728084683581391,5.865674427512177,6.822616353959442,5.031790311715077,6.445813323282759,5.494139441547786,7.653526833675902,3.379668088462689,6.431876379328235,7.837015656534133,7.221887589728115,7.826138845621713,8.604184395673686,7.140005091229793,6.734102844044467,7.1630346240724,6.727190120026143,7.189421455002519,6.85666958705584,7.038874281289139,6.977237642745744,6.246988145999011,6.08692827261893,7.083655151222548,7.83425708077242,8.215652222479887,7.027961683204534,7.689920599876013,8.482684543244167,8.967290915978372,6.375324940799893,6.262926214795924,8.662027875814248,5.596105312910309,6.583549273707843,6.785201925787749,9.023754844681003,8.329698877225146,7.021447043289511,8.80722594756767,7.422561714222581,8.442571019052167,8.713297268650058,8.722218518503253,6.351222428041221,5.997151380580127,7.3421919093737795,7.115477434589551,4.804738220766709,6.260349460718462
r28r,0.0,0.0,0.0,0.0,0.0,0.0,0.0,0.0,0.0,0.0,0.0,0.0,0.0,0.0,0.0,0.0,0.011582486516568721,0.0,0.0,0.0,0.0,0.0,0.0,0.0,0.0,0.0,0.0,0.0,0.0,0.0,0.0,0.0,0.0,0.0,0.0,0.0,0.0,0.0,0.0,0.0,0.0,0.0,0.0,0.0,0.029667638687670098,0.0,0.0,0.0,0.0,0.001,0.0,0.0,0.023257514604465755,0.045194407369374315,0.0,0.0332606797401918,0.0,0.0,0.0,0.0,0.0,0.0,0.0,0.0,0.0,0.0,0.0,0.0,0.0,0.0,0.03975524406359966,0.0053106488785853116
