,SF ABF180_1_R1,SF ABF180_1_R2,SF ABF180_1_R3,SF ABF180_2_R1,SF ABF180_2_R2,SF ABF180_2_R3,SF ABF180_3_R1,SF ABF180_3_R2,SF ABF180_3_R3,SF ABF180_4_R1,SF ABF180_4_R2,SF ABF180_4_R3,SF ABF180_5_R1,SF ABF180_5_R2,SF ABF180_5_R3,SF ABF180_6_R1,SF ABF180_6_R2,SF ABF180_6_R3,SF ABF180_7_R1,SF ABF180_7_R2,SF ABF180_7_R3,SF ABF180_8_R1,SF ABF180_8_R2,SF ABF180_8_R3,SF ABF180_9_R1,SF ABF180_9_R2,SF ABF180_9_R3,SF ABF180_10_R1,SF ABF180_10_R2,SF ABF180_10_R3,SF ABF180_11_R1,SF ABF180_11_R2,SF ABF180_11_R3,SF ABF180_12_R1,SF ABF180_12_R2,SF ABF180_12_R3,SF ABF180_13_R1,SF ABF180_13_R2,SF ABF180_13_R3,SF ABF180_14_R1,SF ABF180_14_R2,SF ABF180_14_R3,SF ABF180_15_R1,SF ABF180_15_R2,SF ABF180_15_R3,SF ABF180_16_R1,SF ABF180_16_R2,SF ABF180_16_R3,SF ABF180_17_R1,SF ABF180_17_R2,SF ABF180_17_R3,SF ABF180_18_R1,SF ABF180_18_R2,SF ABF180_18_R3,SF ABF180_19_R1,SF ABF180_19_R2,SF ABF180_19_R3,SF ABF180_20_R1,SF ABF180_20_R2,SF ABF180_20_R3,SF ABF180_21_R1,SF ABF180_21_R2,SF ABF180_21_R3,SF ABF180_22_R1,SF ABF180_22_R2,SF ABF180_22_R3,SF ABF180_23_R1,SF ABF180_23_R2,SF ABF180_23_R3,SF ABF180_24_R1,SF ABF180_24_R2,SF ABF180_24_R3
r1,0.45025398120817484,0.43146116022362374,0.42134119130962705,0.5932634829035295,0.5825096243674165,0.6300503689210148,0.5947875105778893,0.6043433109065837,0.5722219892881171,0.7292710717785754,0.612460302539398,0.615554037428545,0.8214569817782728,0.6566298118528643,0.9619051785937736,0.5009472866519844,0.5680612365281363,0.5630594428149773,0.5223702278100432,0.6046894150276184,0.5684277463133324,0.5713769734798128,0.5102252673881966,0.5856952664121837,0.669029569944216,0.5335743556195338,0.643227390180234,0.5626166241652887,0.7076329428367951,0.4107542933138531,0.6452512827767186,0.7708344744307054,0.6995142371166263,0.745552506102178,0.8704633295475224,0.6982118912297782,0.6619424570910348,0.6912308445939053,0.6429556469349722,0.6805394239960083,0.6635318569292342,0.683878343875095,0.672316720596793,0.6183865436494886,0.620706303179756,0.6908011965779124,0.7245965837758134,0.7567436722557628,0.5689374139188635,0.5945479939762629,0.7771431257183745,0.8214426209890244,0.6528959531794742,0.6366370641762182,0.8225819345410338,0.5886979381396901,0.6018998823736182,0.6105193698277779,0.8390050045879484,0.7682170747550192,0.6139315893810577,0.8188057356825393,0.6871175452702926,0.7847331101263025,0.7842050519544694,0.7610795226181334,0.6493861221374442,0.611502929074034,0.7105832689252909,0.6786649180859986,0.5263959745199919,0.6376874161068798
r5a,1.9496187872202442,1.796217580101361,1.7151922927267444,3.16134374351475,3.0847048830432207,3.383861103929452,3.2305454899095905,3.2948137610864134,3.0260259411899857,3.964351373133798,3.361110006635297,3.4510874893595043,4.182385193814648,3.587483550012133,4.297193253457573,2.455604277829542,2.9880674633887705,2.9444402372566647,2.702444006698097,3.3764400036036273,3.0965478568433804,3.0777185857515277,2.5699882005331998,3.21784147715478,3.5884338263817894,2.760053332361894,3.4944466488189665,3.0229156800847363,3.8669414074213453,1.7715439745904324,3.505903655471115,3.741379506647013,3.6939156383647958,3.858342145563533,3.7532973685223676,3.6886951735733566,3.5607581231875716,3.665541513798348,3.431364785284398,3.724088997081332,3.5423477882330046,3.6334401135342387,3.6422530507506967,3.4698746882617666,3.4260938026281176,3.711436972718925,3.9635333930540964,4.091781258800242,3.076619806834483,3.392021097839342,4.243570159981582,4.296617256478376,3.558338444844462,3.56830530085572,4.244291172642215,3.160436855841188,3.310154343656773,3.4026458862479254,4.328081648652012,4.104009602304632,3.4630592394266886,4.278269632408699,3.768783494762102,4.215144614358105,4.35569150604809,4.2261505023280765,3.4751024216452584,3.323940732678278,3.726015408836775,3.763940452867724,2.699328514262076,3.4727050656355027
r6,1.8753173560265344,1.7610311104979828,1.7002785289826035,2.7671988375644525,2.707371690256427,2.9264134858715036,2.8048477661105733,2.856093502356405,2.6574569491712157,3.3162900952145313,2.8862647260885357,2.9566518195368583,3.4605356503543185,3.0284171583899595,3.420892842438875,2.2296967122186895,2.6301562047506852,2.598339004258306,2.395962458969105,2.8975988318570582,2.685129421048383,2.681613239835401,2.305444635043024,2.7803112714017684,3.0510795737681478,2.4471753774200264,2.989002580484158,2.636691088372946,3.2516776108864454,1.7072805739229744,3.0044401822145224,3.1113650177328056,3.122627365232305,3.237982867119849,3.088998697395621,3.13117570063374,3.0324413579202103,3.0992183251611607,2.939059247257121,3.1549264646075157,3.0107640641552345,3.078493762072782,3.0894968302353463,2.9712006904566963,2.951822334802448,3.143440255556957,3.324750061490621,3.432737258659824,2.6761847312549834,2.8851065368721907,3.5313204659297623,3.5711469388534907,3.0409593101597068,3.057426778780269,3.520144814484803,2.7576143041999406,2.858876936575593,2.9223616827795067,3.587564785837305,3.413269605505152,2.9593927984754864,3.5500813331771903,3.1503656158341995,3.5024131943322176,3.6383509015187236,3.533288418076936,2.9924896286140323,2.8849762244872275,3.1537405353706642,3.181422678954936,2.4024562061710433,2.9649601835542803
r7,2.6272224560554953,2.5535804917383698,2.5131333841137162,3.165435991470862,3.1177245534174736,3.2716189875650423,3.143027339668371,3.1873396067095476,3.0647629437100976,3.4787096829336774,3.161494770088801,3.198888554748687,3.659750526990178,3.223543998851267,3.592102377588992,2.779776154300954,3.050456160530789,3.0322554238917254,2.8277398191312755,3.1492953184190857,2.9991480420850736,3.0321564949628956,2.796808038838862,3.0766413927200573,3.314430208429325,2.8885681787752318,3.2645692241749873,2.9894751532799324,3.4364159034971515,2.40026235921582,3.2920158012363467,3.3930049887834675,3.3790792932040534,3.488369322424827,3.5013280142371555,3.4125605372461654,3.29969274156753,3.349033637074593,3.2403594650674497,3.377680247651881,3.2746603298581327,3.3363577468695724,3.328617830398211,3.210625782102655,3.2446920055106157,3.3890492143888116,3.49637656591485,3.6281366028913227,3.013189407933762,3.0603734028904306,3.6611073292628555,3.763091545581759,3.311992947128258,3.3089438629816748,3.7170159672520273,3.1293650771968697,3.160121887160525,3.182832015498173,3.7845410693837507,3.5682237614162085,3.17992309533535,3.73131620607926,3.2877649485190767,3.6464165745330446,3.7720797963687893,3.6697232948108782,3.3260362868264943,3.2300530662532863,3.4303573262906393,3.3737169673013403,2.8615035390287633,3.2248452516421384
r8,2.2512699060410006,2.157305801118119,2.1067059565481987,2.966317414517679,2.9125481218369247,3.0990162367182728,2.973937552889478,3.0217165545329814,2.8611099464406795,3.397499889074104,3.0238797480886688,3.0777701871427876,3.56014308867225,3.1259805786206183,3.5064976100139336,2.504736433259828,2.8403061826407447,2.8152972140750125,2.611851139050216,3.023447075138066,2.842138731566725,2.85688486739919,2.55112633694092,2.928476332060919,3.182754891098723,2.6678717780976062,3.126785902329558,2.8130831208264437,3.3440467571917916,2.0537714665693914,3.1482279917254345,3.2521850032581363,3.2508533292181787,3.363176094772338,3.295163355816388,3.271868118939953,3.1660670497438654,3.2241259811178864,3.089709356162285,3.2663033561297024,3.1427121970066754,3.2074257544711773,3.2090573303167713,3.090913236279676,3.0982571701565336,3.2662447349728887,3.4105633137027356,3.5304369307755668,2.8446870695943756,2.972739969881313,3.5962138975963045,3.6671192422176278,3.1764761286439827,3.183185320880965,3.6185803908684133,2.9434896906984354,3.0094994118680654,3.052596849138837,3.6860529276105343,3.4907466834606744,3.0696579469054464,3.640698769628225,3.219065282176638,3.5744148844326302,3.705215348943753,3.6015058564438953,3.159262957720275,3.0575146453702646,3.292048930830652,3.2775698231281374,2.631979872599864,3.094902717598209
r9,0.37595255001446615,0.3962746906201362,0.40642742756559513,0.1991185769532264,0.20517643158049775,0.17260275084676932,0.1690897867789044,0.16562305217657652,0.2036529972694641,0.0812097938595729,0.13761502200013281,0.12111836760592945,0.09960743831793202,0.09756342023065881,0.085604767575059,0.275039721041138,0.21014997789005943,0.21695820981670688,0.21588868008111123,0.12584824328100788,0.1570093105183418,0.17527162756378903,0.24568170189789618,0.14816506065915025,0.13167531733057475,0.22069640067757984,0.13778332184539996,0.17639203245349727,0.09236914630534597,0.3464908926464171,0.14378780951091225,0.1408199855253309,0.12822596398587438,0.12519322765248897,0.206164658420767,0.14069241830621265,0.13362569182365566,0.12490765595672586,0.15065010890516442,0.11137689152218651,0.1319481328514413,0.12893199239839523,0.11956050008142508,0.11971254582297954,0.14643483535408583,0.12280447941593142,0.08581325221211483,0.09769967211574243,0.16850233833939235,0.08763343300912214,0.06489343166654273,0.0959723033641368,0.1355168184842754,0.1257585421006958,0.09843557638361022,0.18587538649849464,0.1506224752924724,0.13023516635933044,0.0984881417732286,0.07747707795552303,0.11026514842995973,0.09061743645103508,0.06869966634243845,0.07200169010041316,0.06686444742502201,0.06821743836696942,0.16677332910624285,0.17253842088303722,0.13830839545998752,0.09614714417320151,0.22952366642882135,0.1299425340439293
r10,3.1349758172820845,3.249577046697859,3.3026122320873887,2.5356825970896852,2.567273503775569,2.3691816187257633,2.6153463081168224,2.5432167777570016,2.7401998867029347,2.207637247365557,2.7077045433185067,2.766732063101413,1.7751654540513577,2.5812042212358084,1.1750062726538215,3.168416540829491,2.822673539115215,2.759138364518941,3.2315333512202145,2.8090993500198453,3.000443730122979,2.8713993064365133,3.209181532608786,2.9808406768551245,2.4624569909500584,3.1278521193734545,2.5361929510517838,2.994361549511879,2.295297414758009,3.751148448151584,2.508410825750561,2.3327562366258854,2.3090929558369497,2.1637097189461074,2.2546830323966875,2.230400365443269,2.468084625442189,2.416221822001595,2.5572170415647277,2.3493824913189347,2.535845121700949,2.3712592347604122,2.4584808294031584,2.731139873790984,2.666855012606048,2.4574895460669715,2.337492292014901,2.1668282635753098,3.305721821237413,3.1359338688319887,1.9608349089035233,1.9132596147662893,2.7125440925306488,2.788375351000525,1.9907283538238307,2.8729818030846648,3.0581381099494176,2.9811486582045355,1.7635692987737255,2.1958222795610873,2.9631480835454505,1.850866845453016,2.7026104301451315,2.0160535918521707,1.7717527903357009,1.9217005772051616,2.3594668487271124,2.571925439660102,2.2660071395507435,2.5415313163653788,3.3051941031394567,2.7361227284534113
r12a,3.1349758172820845,3.249577046697859,3.3026122320873887,2.5356825970896852,2.567273503775569,2.3691816187257633,2.6153463081168224,2.5432167777570016,2.7401998867029347,2.207637247365557,2.7077045433185067,2.766732063101413,1.7751654540513577,2.5812042212358084,1.1750062726538215,3.168416540829491,2.822673539115215,2.759138364518941,3.2315333512202145,2.8090993500198453,3.000443730122979,2.8713993064365133,3.209181532608786,2.9808406768551245,2.4624569909500584,3.1278521193734545,2.5361929510517838,2.994361549511879,2.295297414758009,3.751148448151584,2.508410825750561,2.3327562366258854,2.3090929558369497,2.1637097189461074,2.2546830323966875,2.230400365443269,2.468084625442189,2.416221822001595,2.5572170415647277,2.3493824913189347,2.535845121700949,2.3712592347604122,2.4584808294031584,2.731139873790984,2.666855012606048,2.4574895460669715,2.337492292014901,2.1668282635753098,3.305721821237413,3.1359338688319887,1.9608349089035233,1.9132596147662893,2.7125440925306488,2.788375351000525,1.9907283538238307,2.8729818030846648,3.0581381099494176,2.9811486582045355,1.7635692987737255,2.1958222795610873,2.9631480835454505,1.850866845453016,2.7026104301451315,2.0160535918521707,1.7717527903357009,1.9217005772051616,2.3594668487271124,2.571925439660102,2.2660071395507435,2.5415313163653788,3.3051941031394567,2.7361227284534113
r13a,3.106781354537346,3.222393795635707,3.2760025137711555,2.5048676553605502,2.53708717276535,2.337237768390516,2.5874939203740346,2.5142958871498253,2.71261228137435,2.1801498909206543,2.6818037288967993,2.7429293429755583,1.7480996146046124,2.557863501656478,1.8631965085052595,3.1450082669025003,2.795869211056834,2.7316565823863512,3.2098193402278627,2.7863715026643567,2.9775840710994244,2.8464370790467104,3.1863106127920386,2.9589493532478874,2.434258406262536,3.1045696380117054,2.5084435417672086,2.970691605836962,2.2680267892746215,3.731991598895208,2.4801116995439187,2.3005048510064037,2.2791346398352754,2.132066209035515,2.2198033249599427,2.198181736669869,2.439830960555823,2.3878835047321605,2.5309615706718254,2.3216146119070684,2.509035665343178,2.342133204209729,2.431104859751323,2.706675981586377,2.640075621499934,2.429525725835392,2.3108089071753346,2.13794183252166,3.2881688557715387,3.1174178598646436,1.936682651278184,1.885405688582775,2.6860413369718716,2.763484427671628,1.9641986067701636,2.8470452032211657,3.0375989977956253,2.960519916318934,1.736852768237983,2.1683462326985827,2.9427897429557346,1.8251436415210323,2.681010587203107,1.9915719929836764,1.7489741403604242,1.9001798839967556,2.32721403575399,2.542529239324895,2.2347272992620195,2.5163491227655173,3.2833950654025092,2.7105278643972004
r14,8.816280369904284,8.821727242446398,8.819442550414694,8.7837305690491,8.747049959386878,8.766310186541675,8.701871790065672,8.70965913848953,8.727168760305126,8.696093696396808,8.71234614259116,8.695653918424304,8.673614328080479,8.647407773739436,8.65385442208263,8.694834707827814,8.712154191702247,8.679432116908702,8.704203612866486,8.682493374545672,8.687769758753946,8.693112308981048,8.712466165567552,8.700667439290735,8.719463434403396,8.734660890913188,8.733989294466047,8.714244791136661,8.708070223022636,8.7025729628204,8.718620632636792,8.68282722320493,8.699246634075873,8.700021878858864,8.702196133946721,8.70987265905454,8.73063673330154,8.712277666117192,8.734201011405304,8.684296051994096,8.713089209711761,8.70402709718447,8.705648899088231,8.709756305456194,8.730129175434115,8.743266117084916,8.75478964082687,8.75832567436246,8.749863685392235,8.787978688595594,8.764488210576769,8.78319262262563,8.78093148477945,8.799170469255836,8.805026948746178,8.79013831433871,8.794583585272399,8.786776617681975,8.81589781627165,8.806973038146364,8.785991186081384,8.777496418214277,8.793476862084143,8.797592581161329,8.77474970707997,8.770837903216579,8.789469826066098,8.797121618335378,8.772409373729396,8.754253183744607,8.744102834076676,8.7243375593875
r15,8.816280369904284,8.821727242446398,8.819442550414694,8.7837305690491,8.747049959386878,8.766310186541675,8.701871790065672,8.70965913848953,8.727168760305126,8.696093696396808,8.71234614259116,8.695653918424304,8.673614328080479,8.647407773739436,8.65385442208263,8.694834707827814,8.712154191702247,8.679432116908702,8.704203612866486,8.682493374545672,8.687769758753946,8.693112308981048,8.71246616556755,8.700667439290735,8.719463434403396,8.734660890913188,8.733989294466047,8.714244791136661,8.708070223022636,8.7025729628204,8.718620632636792,8.68282722320493,8.699246634075873,8.700021878858864,8.702196133946721,8.70987265905454,8.730636733301539,8.712277666117192,8.734201011405304,8.684296051994096,8.713089209711761,8.70402709718447,8.705648899088231,8.709756305456194,8.730129175434115,8.743266117084916,8.75478964082687,8.75832567436246,8.749863685392235,8.787978688595594,8.764488210576769,8.78319262262563,8.78093148477945,8.799170469255836,8.805026948746178,8.79013831433871,8.794583585272399,8.786776617681975,8.81589781627165,8.806973038146364,8.785991186081384,8.777496418214277,8.793476862084143,8.797592581161329,8.77474970707997,8.770837903216579,8.789469826066098,8.797121618335378,8.772409373729396,8.754253183744607,8.744102834076676,8.7243375593875
r16a,7.191861974247629,7.138600735412141,7.1081530480680195,7.853581326825143,7.806948194793386,7.952572191189283,7.956215514336738,7.9672554290430115,7.86880083135841,8.480677703842243,8.027178088619635,8.063419065631003,8.560451041192477,8.259910970322837,8.539680894692102,7.656449619288899,7.852168335586872,7.769763623350417,7.768261814427923,8.06550476152911,7.884049891823656,7.888779076547502,7.737199090348142,7.949641588698861,8.102844932297293,7.815822211464654,8.075614287862036,7.8937434495026375,8.378490688607569,7.439751173606953,8.04322623173643,8.288626998567883,8.121982428850176,8.177951544725639,8.556362772782641,8.108122015408785,8.105736741735265,8.135857797038007,8.116366097054355,8.119976610159563,8.109380344642476,8.117665380201583,8.107925827272732,8.047723942207652,8.010119953878473,8.15183065257251,8.505257974500017,8.464632735064592,8.090052330167625,8.446817755087169,8.663506717458956,8.666734315622046,8.090958312921142,8.093927242425202,8.694105084202745,7.9721216935221015,8.144880737142895,8.2244098576961,8.704195002390875,8.692094658669674,8.315462410519935,8.669946740948621,8.631421071133854,8.695234101418803,8.679511320108318,8.68085907931611,8.023917073075175,8.024175295925362,8.196644877045943,8.368232708690186,7.768827242233317,8.051439965759462
r17,7.191861974247629,7.138600735412141,7.1081530480680195,7.853581326825143,7.806948194793386,7.952572191189283,7.956215514336738,7.9672554290430115,7.86880083135841,8.480677703842243,8.027178088619635,8.063419065631003,8.560451041192477,8.259910970322837,8.539680894692102,7.656449619288899,7.852168335586872,7.769763623350417,7.768261814427923,8.06550476152911,7.884049891823656,7.888779076547502,7.737199090348142,7.949641588698861,8.102844932297293,7.815822211464654,8.075614287862036,7.8937434495026375,8.378490688607569,7.439751173606953,8.04322623173643,8.288626998567883,8.121982428850176,8.177951544725639,8.556362772782641,8.108122015408785,8.105736741735265,8.135857797038007,8.116366097054355,8.119976610159563,8.109380344642476,8.117665380201583,8.107925827272732,8.047723942207652,8.010119953878473,8.15183065257251,8.505257974500017,8.464632735064592,8.090052330167625,8.446817755087169,8.663506717458956,8.666734315622046,8.090958312921142,8.093927242425202,8.694105084202745,7.9721216935221015,8.144880737142895,8.2244098576961,8.704195002390875,8.692094658669674,8.315462410519935,8.669946740948621,8.631421071133854,8.695234101418803,8.679511320108318,8.68085907931611,8.023917073075175,8.024175295925362,8.196644877045943,8.368232708690186,7.768827242233317,8.051439965759462
r18,7.114757670220137,7.064261824494503,7.035382595595978,7.769310714642046,7.724396664559999,7.865214316334327,7.880046693818522,7.888164539377534,7.793356119823958,8.405507146154095,7.956346298426944,7.998325001385794,8.486433219595556,8.196080353830562,8.465002295175541,7.59243425974947,7.778865677594151,7.694608309913422,7.708879810224879,8.003350186417904,7.821534847104605,7.8205140704967695,7.67465325037579,7.889774681985358,8.025729355860305,7.752150860898992,7.999727085845377,7.829012493288015,8.303912832050136,7.387362321843922,7.965835701173598,8.200428097080517,8.040054458593824,8.091415020489206,8.460976115092397,8.02001269512189,8.028470535707074,8.05836008941534,8.044564416403814,8.044038897291783,8.036063662124484,8.038013487735109,8.03305988262988,7.980821749414785,7.93688549177111,8.075357094043428,8.432286063817434,8.385636083048393,8.042049670988833,8.396181429872554,8.597456761258423,8.590561287880499,8.018480374941936,8.025857233883032,8.62155333171439,7.901192039730849,8.088711766579472,8.167995773822527,8.631132446703432,8.616955030782478,8.259787801766569,8.599600668091371,8.572351285969791,8.628283486071473,8.617217813712397,8.622005746945389,7.935714268157905,7.94378456146025,8.111102891820376,8.299366153970496,7.709212712657291,7.981444867870935
r19,0.0,0.0,0.0,0.30668016076597326,0.35724206706698075,0.42740611540481105,1.3287442317202642,1.1308151434337999,1.0185310487226147,2.867459232680016,2.0665904514547258,2.6683007934836276,3.4169121418441772,3.1712786307469973,3.824091452211856,1.13647901599339,1.1118135899386818,0.840677276964608,1.997522610100898,2.8646495873015145,2.346578241686813,1.792984577130306,1.5307878954311551,2.7374398993198983,1.9014567131826545,1.7089096835112136,1.8315189598515684,2.038695353962958,2.719711282032256,1.1858185194851176,1.6177913600417306,1.2851653050891811,1.670402849654336,1.5073989663310885,0.0,0.9960611041416864,1.8593095669755653,2.039191781255409,2.1348014984929717,2.238110548021664,2.2010884235982946,1.7995830714909036,2.2004574896904585,2.5415462461575866,1.774910347632244,2.107767438231325,2.941134353865436,2.550012121087307,3.498684323673247,3.879667016790739,3.944346094121467,3.2237221030547456,2.064365641914891,2.4279098521669544,3.477344288526608,1.5918082894464993,3.1754348639123178,3.323215861312105,3.6500751731640793,3.1307047013568363,3.5068313778860656,3.736808151629704,3.84882190477722,3.8825054679620443,4.319437061841453,4.443972103983723,0.5211508236014651,1.0401006255910645,1.3804668763257253,2.9301268048680407,1.8559590574564853,2.2592431507632957
r20,0.24289033152678893,0.2309108656704954,0.2258245966341495,1.9828527236016338,1.984461234547102,1.9972432997967833,2.268494668020746,2.227223467481064,2.1982244249287315,2.750444244880372,2.445760515615854,2.6265371966656708,2.922579960449008,2.77912892814831,3.069691655391555,2.160030551206563,2.2298438440005337,2.127502378222934,2.433834727745123,2.6578195638621445,2.4900150252899595,2.385498711431712,2.339722983035661,2.609511420240682,2.3813630672442394,2.3695469810966934,2.374096060685385,2.4366364363341453,2.6939840583416528,2.284201916450355,2.3056552857653303,2.1989361654913817,2.33813190512303,2.2896742810121062,1.9580617660615238,2.185546422759042,2.3762629282198504,2.4052950208869093,2.274458549941434,2.4966865751686242,2.394888714064446,2.366575327736911,2.465553333583729,2.5816924048829253,2.349729554696879,2.449263285357444,2.765574917004372,2.643258448266257,2.7212593447747433,2.9530672252769845,3.004694049921422,2.855748745267505,2.444494005293523,2.5675702066434334,2.953222655833327,2.3527472966121925,2.757730940155838,2.8030201960654555,2.9774496277902096,2.8668328266748127,2.847068993452135,2.9746303308733952,2.9944482982632397,3.01048864540081,3.047217567105627,3.056969153051486,2.057816345631373,2.2135151943172944,2.264728677467671,2.75022698254154,2.411640114645328,2.487417385501834
r25,1.2466417983871796,1.1357152534320365,1.082077245062332,1.8271950300129376,1.777855153457372,1.9839238512760864,1.7093888080325543,1.7844068705304692,1.5974327957624486,2.114552207398651,1.6241035967697954,1.5587036450531273,2.5361808381655,1.7205430191157216,2.7684839203662985,1.1569806180834328,1.5081886890081264,1.5547255442606545,1.1001420556647727,1.5107672204688825,1.3219370370528392,1.4516748469426712,1.125536844932012,1.3488998450258385,1.8707482794466195,1.2175764643364075,1.8046977892828946,1.3404944979828768,2.0330841824278316,0.5821171592297493,1.824278464219406,1.978318452845594,2.0123485327633186,2.1565341278536128,2.0636036465525014,2.0942278563650434,1.870655480386888,1.9132591176289278,1.7851849071108048,1.9666442529054808,1.7954797912485794,1.9533554174445593,1.8685910084147492,1.6007250624086722,1.6730181656295127,1.8878379089107113,2.0148014321424776,2.185161068791228,1.0526979230714053,1.2406374407529734,2.3986891346569297,2.4521344704631365,1.6529904718116246,1.587794958335352,2.3868285515664014,1.497688759471548,1.3198325120687853,1.3928341652079836,2.6192473326928942,2.1818174850063645,1.4106963909305716,2.5136835109906275,1.6738089993898342,2.359712825740666,2.5941941564653113,2.44347382887894,2.0049277994634145,1.7989823240468392,2.0907725591904627,1.8119063518850385,1.0463509295744384,1.6019689279572085
r26,1.2466417983871796,1.1357152534320365,1.082077245062332,1.8271950300129376,1.777855153457372,1.9839238512760864,1.7093888080325543,1.7844068705304692,1.5974327957624486,2.114552207398651,1.6241035967697954,1.5587036450531273,2.5361808381655,1.7205430191157216,2.7684839203662985,1.1569806180834328,1.5081886890081264,1.5547255442606545,1.1001420556647727,1.5107672204688825,1.3219370370528392,1.4516748469426712,1.125536844932012,1.3488998450258385,1.8707482794466195,1.2175764643364075,1.8046977892828946,1.3404944979828768,2.0330841824278316,0.5821171592297493,1.824278464219406,1.978318452845594,2.0123485327633186,2.1565341278536128,2.0636036465525014,2.0942278563650434,1.870655480386888,1.9132591176289278,1.7851849071108048,1.9666442529054808,1.7954797912485794,1.9533554174445593,1.8685910084147492,1.6007250624086722,1.6730181656295127,1.8878379089107113,2.0148014321424776,2.185161068791228,1.0526979230714053,1.2406374407529734,2.3986891346569297,2.4521344704631365,1.6529904718116246,1.587794958335352,2.3868285515664014,1.497688759471548,1.3198325120687853,1.3928341652079836,2.6192473326928942,2.1818174850063645,1.4106963909305716,2.5136835109906275,1.6738089993898342,2.359712825740666,2.5941941564653113,2.44347382887894,2.0049277994634145,1.7989823240468392,2.0907725591904627,1.8119063518850385,1.0463509295744384,1.6019689279572085
r27r,1.302559614725992,1.1896275430633663,1.1348520524986345,1.8883100180442283,1.8377234236551263,2.047277793243852,1.7646281902659622,1.8417654045094574,1.6521470374076006,2.1690676263938333,1.67547244170352,1.6059113590212364,2.58986026641064,1.7668344516880865,2.822642559970954,1.203406030632421,1.5613494642294168,1.6092299077886254,1.1432072521936594,1.5558431492329476,1.3672743866860342,1.5011822009086382,1.1708965279838441,1.392316704015557,1.9266742708173654,1.2637523935864896,1.8597329352555745,1.3874388776599271,2.087169760919084,0.6201107605932936,1.8804038586511802,2.0422823267005987,2.071764582928359,2.21929240746169,2.1327802466843417,2.1581267638606074,1.9266907117999479,1.9694622393066343,1.8372571389225438,2.0217160305121,1.8486507373011363,2.011120803599493,1.9228855150130442,1.649244072828412,1.7261294835396181,1.9432982941183627,2.0677223417125505,2.242451259481516,1.0875105566204533,1.277360069539842,2.4465900834781675,2.5073769038187064,1.7055531410069673,1.6371608956396158,2.439444752741235,1.5491285773163908,1.36056754262486,1.4337469575820614,2.672233980106606,2.2363104738559887,1.4510728989282304,2.5647001025256198,1.7166477674772564,2.4082669533225967,2.6393708414182355,2.4861556204184416,2.068894504167416,1.857283535401038,2.1528095762067134,1.8618499627943885,1.0895847588676093,1.6527309843662503
r28r,1.412910098078401,1.304845097334978,1.246018493064453,2.0278212820627153,1.9575307495475922,2.186517478278164,1.9053914934371272,1.995886172194611,1.8108753100634727,2.347774303978552,1.8131882263718186,1.7836845046947178,2.705464277623337,1.8726449739400173,2.9502137692695647,1.3745887744798122,1.7911614208060966,1.801342996795836,1.28578943607689,1.6823420225346357,1.492690167602909,1.660805459112788,1.3129229096752175,1.563333190200989,2.1076546030136307,1.432120904866989,2.0308677977908105,1.534892474221411,2.24746144712162,0.7366690964804206,2.1230684700848594,2.2766011728182685,2.2555813592666816,2.468000187433547,2.3629538956839053,2.3826643300197907,2.085722492546197,2.1415124052006993,1.9897158139457443,2.1777823280073827,2.000556559223874,2.1617332916691994,2.0843342235480877,1.8155518553593621,2.0203383830712,2.1951642249579524,2.354432780342293,2.5898407149974187,1.3677516110789907,1.5176109391395234,2.7165756073060208,2.8558204074976667,2.0525842093138955,1.9813946411001953,2.758978867629229,1.8357336120802863,1.6375396078638287,1.706662453531581,2.8873152872835917,2.475169726161609,1.722981881438122,2.8144557677505895,1.968340753327325,2.6613723226233095,2.9404332115346064,2.744578579885146,2.258589001726302,2.050131121337435,2.357527159680487,2.108899631561153,1.3645706988811952,1.8771367210638397
r29ar,1.302559614725992,1.1896275430633663,1.1348520524986345,1.8883100180442283,1.8377234236551263,2.047277793243852,1.7646281902659622,1.8417654045094574,1.6521470374076006,2.1690676263938333,1.67547244170352,1.6059113590212364,2.58986026641064,1.7668344516880865,2.822642559970954,1.203406030632421,1.5613494642294168,1.6092299077886254,1.1432072521936594,1.5558431492329476,1.3672743866860342,1.5011822009086382,1.1708965279838441,1.392316704015557,1.9266742708173654,1.2637523935864896,1.8597329352555745,1.3874388776599271,2.087169760919084,0.6201107605932936,1.8804038586511802,2.0422823267005987,2.071764582928359,2.21929240746169,2.1327802466843417,2.1581267638606074,1.9266907117999479,1.9694622393066343,1.8372571389225438,2.0217160305121,1.8486507373011363,2.011120803599493,1.9228855150130442,1.649244072828412,1.7261294835396181,1.9432982941183627,2.0677223417125505,2.242451259481516,1.0875105566204533,1.277360069539842,2.4465900834781675,2.5073769038187064,1.7055531410069673,1.6371608956396158,2.439444752741235,1.5491285773163908,1.36056754262486,1.4337469575820614,2.672233980106606,2.2363104738559887,1.4510728989282304,2.5647001025256198,1.7166477674772564,2.4082669533225967,2.6393708414182355,2.4861556204184416,2.068894504167416,1.857283535401038,2.1528095762067134,1.8618499627943885,1.0895847588676093,1.6527309843662503
r1273,1.0159924461081666,0.5557954493065304,0.32607146088683137,4.213881076687325,4.017009773841865,4.933217205708248,4.219995560165818,4.447768250269303,3.639921317362271,6.538890757201425,4.356478409560181,4.422501028231447,7.839369849652454,5.076896129437811,8.54927492545976,1.909534719060674,3.428520018767567,3.4410272935100923,2.2580061404298606,4.233593744561916,3.356753689810453,3.524537104473662,2.045003563839136,3.6514132498809375,5.289453378752795,2.536730103550139,4.935227387857807,3.232865290205313,6.160079332698003,0.0,4.980212733553226,6.047217198378484,5.788313166811105,6.420507391825206,6.569472716484506,5.85088237250795,5.216872816623083,5.568518539433792,4.86616334093843,5.725990169608115,5.112307360336646,5.554968658107079,5.400502209354439,4.5128815002562295,4.514949081906119,5.559908133513946,6.306742456068986,6.8529288255618965,2.926638671017636,3.777243801931333,7.568872699197167,7.823425241988367,4.762375961168222,4.612409655868235,7.592960868099382,3.6958725037724585,3.760079619594521,4.063120410298147,8.186559569532339,6.901281345586333,4.205256861804121,7.900313721704653,5.293327703949866,7.43646567137573,8.180616956633985,7.680461254475307,5.147597136679429,4.4761248535720535,5.944034905274286,5.509240304497284,2.1311562116154015,4.56131860603295
r31a,0.17891557157660237,0.1692305996664154,0.16544570744353904,0.17921540396911537,0.17391011862229075,0.18927504916126994,0.18831228795922283,0.20178757473102674,0.19600109834263288,0.5174370916407915,0.1882660892650499,0.23970044452124653,0.789453402331775,0.5063555475764497,0.8601271231104719,0.13822459670334225,0.1701587247264641,0.1593981923178314,0.1634910460815389,0.2909656013698873,0.13392183600766383,0.14623959698715355,0.1339878066372831,0.2110206156336834,0.1651995871935311,0.1363989133681384,0.1625681221092717,0.13866883630563698,0.4064431505973517,0.11222916413109459,0.147979570319531,0.3219341235593588,0.15739942336500876,0.16968321010830703,1.6893466414964318,0.16891206841198103,0.1655222709852227,0.16601820150371097,0.15381598052255605,0.17786750034161428,0.1570614685939655,0.17063296888808877,0.16038035013931684,0.16527155726300938,0.15688533325898907,0.18493564699139695,0.5108444474785744,0.4339338780552433,0.5294648506087596,0.9348723496395372,1.1502808778454956,0.6982787570438169,0.1653574952826388,0.16049327126579557,0.8386504223329284,0.17458636639470013,0.4571436532795678,0.5379040656190414,0.9373230981646982,0.6392654080376823,0.6469160081456226,0.9846499581922789,0.9332956088574825,1.079547420576351,1.5496375330084524,1.5992653365385752,0.1964580091690685,0.18075217289515774,0.19112658443135763,0.43711539671232136,0.14356389488743715,0.16601450235151324
r32a,0.17452179573891263,0.1692305996664154,0.16544570744353904,0.17921540396911537,0.17391011862229075,0.18927504916126994,0.18831228795922283,0.20178757473102674,0.19600109834263288,0.5174370916407915,0.1882660892650499,0.23970044452124653,0.789453402331775,0.5063555475764497,0.8601271231104719,0.13822459670334225,0.1701587247264641,0.1593981923178314,0.1634910460815389,0.2909656013698873,0.13392183600766383,0.14623959698715355,0.1339878066372831,0.2110206156336834,0.1651995871935311,0.1363989133681384,0.1625681221092717,0.13866883630563698,0.4064431505973517,0.11222916413109459,0.147979570319531,0.3219341235593588,0.15739942336500876,0.16968321010830703,1.683803571331499,0.16891206841198103,0.1655222709852227,0.16601820150371097,0.15381598052255605,0.17786750034161428,0.1570614685939655,0.17063296888808877,0.16038035013931684,0.16527155726300938,0.15688533325898907,0.18493564699139695,0.5108444474785744,0.4339338780552433,0.5294648506087596,0.9348723496395372,1.1502808778454956,0.6982787570438169,0.1653574952826388,0.16049327126579557,0.8386504223329284,0.17458636639470013,0.4571436532795678,0.5379040656190414,0.9373230981646982,0.6392654080376823,0.6469160081456226,0.9846499581922789,0.9332956088574825,1.079547420576351,1.5174167581314528,1.5721339592644994,0.1964580091690685,0.18075217289515774,0.19112658443135763,0.43711539671232136,0.14356389488743715,0.16601450235151324
r33a,0.17452179573891263,0.1692305996664154,0.16544570744353904,0.17921540396911537,0.17391011862229075,0.18927504916126994,0.18831228795922283,0.20178757473102674,0.19600109834263288,0.5174370916407915,0.1882660892650499,0.23970044452124653,0.789453402331775,0.5063555475764497,0.8601271231104719,0.13822459670334225,0.1701587247264641,0.1593981923178314,0.1634910460815389,0.2909656013698873,0.13392183600766383,0.14623959698715355,0.1339878066372831,0.2110206156336834,0.1651995871935311,0.1363989133681384,0.1625681221092717,0.13866883630563698,0.4064431505973517,0.11222916413109459,0.147979570319531,0.3219341235593588,0.15739942336500876,0.16968321010830703,1.683803571331499,0.16891206841198103,0.1655222709852227,0.16601820150371097,0.15381598052255605,0.17786750034161428,0.1570614685939655,0.17063296888808877,0.16038035013931684,0.16527155726300938,0.15688533325898907,0.18493564699139695,0.5108444474785744,0.4339338780552433,0.5294648506087596,0.9348723496395372,1.1502808778454956,0.6982787570438169,0.1653574952826388,0.16049327126579557,0.8386504223329284,0.17458636639470013,0.4571436532795678,0.5379040656190414,0.9373230981646982,0.6392654080376823,0.6469160081456226,0.9846499581922789,0.9332956088574825,1.079547420576351,1.5174167581314528,1.5721339592644994,0.1964580091690685,0.18075217289515774,0.19112658443135763,0.43711539671232136,0.14356389488743715,0.16601450235151324
r34,0.10233014898404622,0.10391897488290347,0.10294964677329731,0.14840591207216003,0.14803767579724883,0.14013010664420686,0.15474525830587055,0.1588627032498746,0.16162211381562097,0.0,0.0721219111565703,0.0,0.0,0.0,0.0,0.16496406550525397,0.1713245591207984,0.16057677179016475,0.09725783861506027,0.0,0.03238318340088135,0.10767911266966425,0.15078606462881616,0.0,0.07049222678201492,0.12587450509890596,0.09028623823463575,0.07870738127721566,0.0,0.20744509688742319,0.10595608849523182,0.0,0.08122901539636425,0.07531920778675613,0.0,0.1375415987635815,0.08120915143113051,0.03274283580687293,0.07056678667750435,0.015755229195986216,0.024575888045261087,0.07770541263659998,0.017918918139824398,0.0,0.09586996690580205,0.020291432236794443,0.0,0.0,0.0,1e-09,0.0,0.0,0.030307699786239838,0.0,0.0,0.12756655212822995,0.0,0.0,0.0,0.0,0.0,0.0,0.0,0.0,0.0,0.0,0.14636894460777508,0.1601329983312721,0.10785785104353578,0.0,0.09970152404598334,0.0
r30,0.08607396197051254,0.09219004551914149,0.09238560786007816,0.1580624918978032,0.1594916481593304,0.13985595265415623,0.17892879061732334,0.1826096972183929,0.1918367135272935,0.0,0.04077549973241123,0.0,0.0,0.0,0.0,0.2114713004350367,0.2113997541168516,0.1903564391732301,0.09857419184829218,0.0,0.0,0.1060966769744205,0.18843234457079436,0.0,0.03034400125077077,0.14347951594323724,0.06646519587311067,0.05965894485174384,0.0,0.2998370875603737,0.0920741074882321,0.0,0.04332863524852492,0.027427599022556003,0.0,0.13441966465803354,0.04891692882660108,0.0,0.03688414263627354,0.0,0.0,0.03990775278068375,0.0,0.0,0.07943647613043298,0.0,0.0,0.0,0.0,1e-09,0.0,0.0,0.0,0.0,0.0,0.13768557761450145,0.0,0.0,0.0,0.0,0.0,0.0,0.0,0.0,0.0,0.0,0.14975475801495058,0.1832648309313611,0.08556984525133148,0.0,0.10257016748769748,0.0
r35,0.0,0.0,0.0,0.0,0.0,0.0,0.0,0.0,0.0,0.15805691134429212,0.03603661763451012,0.13686963430718935,0.15563311788341383,0.13421305365089814,0.1570224985169795,0.0,0.0,0.0,0.0,0.13068893553709307,0.09906369134278088,0.0,0.0,0.12587878363402222,0.061310365031245345,0.0,0.002812325031478553,0.0,0.1568106719527962,0.0,0.0,0.18545087839956415,0.047707692725937806,0.07920868427569183,0.20056416982459033,0.0,0.0323372331948274,0.1302072430508892,0.043522433420378745,0.14391473627319823,0.1295829840608891,0.04986639696929982,0.1394975004560271,0.14067148469043142,0.0,0.140505225821359,0.153433939724498,0.1661018250791613,0.10093249643814572,0.10647015814955112,0.13887953465493028,0.1601647488438108,0.12208759126762961,0.14312698530174095,0.1525504966784814,0.0,0.11810334090475047,0.11861872690057912,0.1536245338871281,0.15799187934800152,0.11706387408172891,0.14791273795179513,0.12420272090484547,0.14077330007712738,0.1309810585494331,0.12374759776860095,0.0,0.0,0.0,0.1448018382286491,0.0,0.14717476258951837
r38ar,-0.0,-0.0,-0.0,-0.0,-0.0,-0.0,-0.0,-0.0,-0.0,-0.0,-0.0,0.06219969715049378,0.30439858441896356,0.29374804754086475,0.2564964891847019,-0.0,-0.0,-0.0,0.08953115103930342,0.20864464491016674,0.07897550215292964,-0.0,-0.0,0.22946586289300983,-0.0,-0.0,-0.0,-0.0,-0.0,0.08045220683844899,-0.0,-0.0,-0.0,-0.0,-0.0,-0.0,-0.0,-0.0,-0.0,-0.0,-0.0,-0.0,-0.0,-0.0,-0.0,-0.0,-0.0,-0.0,0.9385404805154164,1.3833415409748484,1.369626582237082,0.05096929215804411,-0.0,-0.0,0.323733546675491,-0.0,0.5511492694095402,0.6112099339714742,0.6691971171958003,-0.0,0.7683108282494898,0.8526607721947064,0.9083576126050459,1.1542794343396967,2.5162353953833065,2.7269447494278873,-0.0,-0.0,-0.0,0.05845078586510186,0.03774417616830326,-0.0
r39,0.0,0.0,0.0,0.0,0.0,0.0,0.0,0.0,0.0,0.32775287431589717,0.0,0.07459123872455606,0.6306907796649494,0.3694437084799529,0.680066608926661,0.0,0.0,0.0,0.0,0.15764874412522614,0.0,0.0,0.0,0.08261063387891335,0.0,0.0,0.0,0.0,0.24647929534629442,0.0,0.0,0.15327216802228938,0.0,0.0,1.5077983909418917,0.0,0.0,0.0,0.0,0.014986856274575012,0.0,0.0,0.0,0.021771419582677254,0.0,0.0,0.3347486935250659,0.24598832243862892,0.4136071052742446,0.8043225675188892,0.9806352998996306,0.5041591438704213,0.0,6.835910235802052e-05,0.6397458587692769,0.0,0.3164037439040468,0.4051249943214089,0.754167351224456,0.4423436486725313,0.5086885160236171,0.8113441804464496,0.7672757254086211,0.9107974742332208,1.3786231266166773,1.4565144429572927,0.0,0.0,0.0,0.27252970946468996,0.0,0.0
r42,1.0830467197424896,1.0797412314523829,1.0713776189185231,0.8142605786484352,0.8071249504105374,0.8015259190978388,0.7384040737031452,0.7638322417295954,0.7712520912723481,0.5878934615119177,0.5989731976864833,0.5020827990074677,0.5424788623745499,0.5213233172714913,0.48008112262313707,0.7428605443241791,0.7681098334140009,0.780588993255999,0.597087183127804,0.4912062478925933,0.526089513440609,0.6464071421841261,0.6982850167913657,0.4675739742931459,0.6183720680909063,0.6627198737641083,0.6411338073532814,0.5965317867712587,0.58282969853793,0.7550719099421938,0.6696091048166258,0.6768800219677088,0.650192466556702,0.6574633178081272,0.7094381192869483,0.758048294216021,0.6325364210283141,0.5834754775287647,0.576987405848993,0.577729248792733,0.5558273223849401,0.6354733243841739,0.5648204729523946,0.5078067071519082,0.6427618596649087,0.5743188714889687,0.5593585317735987,0.6052789526439208,0.439978486092924,0.5709145919657854,0.5976629844668939,0.5296166335506388,0.5739759634523285,0.5080509595155517,0.5350919642810625,0.6878413270457691,0.4689039137399082,0.48017848852561945,0.5549942792748163,0.5798585235676608,0.5023581818794554,0.5626232196618547,0.5651038214693154,0.5895788050004075,0.6734915264330249,0.692489409729224,0.807254329083099,0.7794901110378504,0.6996397916388161,0.534267698671197,0.6145664935655707,0.5378601308773727
r43,1.0336814675257688,1.0321464942169805,1.0247870713877416,0.7603071699454574,0.7542721665979669,0.7455959216675747,0.6896377552861848,0.7131950981122611,0.7229493764044401,0.2118111447055265,0.5536238590947566,0.3856406025298869,0.0,0.11084096010310407,0.0,0.7018753565910448,0.7211785465828431,0.73247156255289,0.5590684544344158,0.29359643317543593,0.4860648871932781,0.6027011612415646,0.6582406742004081,0.34647308154308487,0.5689995988078682,0.621954934374514,0.5925477923788567,0.5550884455458505,0.2884020263204958,0.721530476542867,0.6200605989294745,0.4669020921639653,0.5977389107061111,0.6020591817994609,0.0,0.7016371914300255,0.5830675126741278,0.533858352635902,0.5310171046949763,0.5139197225683058,0.5088870565715706,0.5844770043581012,0.5168883077167684,0.4430218288635219,0.5958742346469734,0.5253574476841851,0.1776939729261858,0.30850127505942826,0.0,1e-09,0.0,0.0,0.5275726953699368,0.46421831734435015,0.0,0.6424293323038436,0.11638742681999406,0.038783160369444444,0.0,0.08920531735076713,0.0,0.0,0.0,0.0,0.0,0.0,0.7507833737042191,0.728020754916053,0.6448723991929719,0.21746158235812788,0.576398892840072,0.49304647609037977
r44,1.1837747769657119,1.1838777083336,1.1763747492549654,1.0177092929486642,1.01798399051432,1.0105620092571699,1.1398879016323502,1.1090078972918556,1.1040987614423368,1.079220033813289,1.2414951160027456,1.285860016267269,1.036975797673364,1.2326473216786693,0.9710419387161839,1.1111300268614903,1.1415884458857088,1.0907569960310914,1.3047541489075103,1.316660977239718,1.3434544673759594,1.2375471787332641,1.2314929556232765,1.3762221961395575,1.2188368905717246,1.2411332025745851,1.212373647021013,1.2743390946010198,1.145101250324305,1.2754950927025976,1.1873224321305094,1.104738968545984,1.2037074233039875,1.1778489588832382,0.754224829365204,1.1272332645133567,1.2120065192207945,1.232302884101076,1.1236081837145626,1.2486603182407,1.2179608509587845,1.2067475104319536,1.2537414884552265,1.2886867257714032,1.2095330726065718,1.2425575682562453,1.077848759565202,1.110161065271971,1.5044876158662308,1.5614739865646527,1.3561290035152513,0.9495142822893465,1.2738376346510907,1.298890238848306,1.035058338214351,1.2113955533238006,1.410751318194,1.3891088686533104,1.133099381534368,1.0199974855354683,1.4028833292882203,1.1911812910627193,1.3142704765426623,1.3048255428320312,1.646873400571613,1.7121000249819656,1.0422616138851313,1.1165641559918484,1.1455691694959138,1.165931425586343,1.2951202726909838,1.2864411463470118
r45a,0.0,0.0,0.0,0.0,0.0,0.0,0.0,0.0,0.0,0.0,0.0,0.0,0.2156420693445174,0.0,0.38024935087745737,0.0,0.0,0.0,0.0,0.0,0.0,0.0,0.0,0.0,0.0,0.0,0.0,0.0,0.0,0.0,0.0,0.0,0.0,0.0,2.2515055824786927,0.0,0.0,0.0,0.0,0.0,0.0,0.0,0.0,0.0,0.0,0.0,0.0,0.0,0.0,0.3049206273084084,0.5973212973165193,0.04978513724520456,0.0,0.0,0.2358432692403932,0.0,0.0,0.0,0.36658473184981055,0.0,0.0,0.42317811169666103,0.2850331657413436,0.5088424688585658,1.1039294904650678,1.1948413349566869,0.0,0.0,0.0,0.0,0.0,0.0
r46,0.0,0.0,0.0,0.0,0.0,0.0,0.0,0.0,0.0,0.32795512614015315,0.0,0.07476637901414189,0.6308899299693482,0.3696154493719455,0.6802675371018618,0.0,0.0,0.0,0.0,0.15781597550661683,0.0,0.0,0.0,0.08277171012296093,0.0,0.0,0.0,0.0,0.2466799524652747,0.0,0.0,0.1535094735481736,0.0,0.0,1.5080550356458935,0.0,0.0,0.0,0.0,0.015191172185347589,0.0,0.0,0.0,0.021951424772943616,0.0,0.0,0.33494502973047535,0.24620086864650298,0.4137362599018891,0.804458808215556,0.9808130120856836,0.5043640929128874,0.0,0.0002515063853925552,0.6399410645086652,0.0,0.31655487058332676,0.40527678049578447,0.7543639313168093,0.4425458172809395,0.5088383125866787,0.8115334516452035,0.7674346569394661,0.9109776097078736,1.3787907318027417,1.4566727921062363,0.0,0.0,0.0,0.2727149999128474,0.0,0.0
r47,0.0,0.0,0.0,0.0,0.0,0.0,0.03285467737673822,0.0,0.0,0.3711580487587898,0.3359589224013904,0.5578730494063913,0.5744810242432193,0.6108785841821315,0.6233550532026328,0.0,0.0,0.0,0.3676124478651162,0.6324106710229797,0.5368527166728579,0.2515271340348869,0.1406214113878937,0.696644610016014,0.31485124703727374,0.21097883384186975,0.2587395932721393,0.356903160394036,0.4054042741210914,0.06534474310639612,0.19940926763765313,0.3456491567007417,0.2814912727505964,0.28107195257686046,1.4160234366405537,0.07344040046356828,0.2802507484351107,0.3928622549373749,0.20777611113475394,0.4055400188880495,0.38719078444555777,0.288762815072459,0.426207859517232,0.5307132475251783,0.24795707850647306,0.4162372660630606,0.4173006480912445,0.35891529219360746,0.9635752328972278,1.0231144573127036,0.9304764083828834,0.4463127067989772,0.4466402433226152,0.5495487684246819,0.5846494485419789,0.17087924593335016,0.83757660800756,0.8384008839134864,0.6986830327557776,0.38528198330087604,0.8518185427358733,0.7579227818610502,0.7941636742671604,0.8599546146016108,1.263562700622703,1.3184579078458267,0.0,0.0,0.15860985929763152,0.500964651274866,0.34714954905977213,0.5004707512268207
r54r,2.964365048671343,3.091984024730131,3.154096749509431,1.549387074141928,1.5756345695049823,1.3051743084820797,1.1774375420843373,1.1930062867217257,1.4383870830378416,0.11029176189504704,0.7730475094839,0.5412023576994914,0.009651130088646,0.2982312098461488,0.009737288356251981,1.840589316320322,1.4495259163068301,1.5420559292567053,1.2851847772170855,0.5300669233239819,0.8399414788073273,1.1052796521881936,1.5791535834251085,0.6673034105357245,0.6338724256188213,1.3917868650474545,0.7780291027067728,1.0452785108371057,0.2252841821383359,2.2670132834880388,0.8658517757157311,0.27085616615043273,0.5707687654305313,0.44379735768090417,0.012437397193939449,0.8049867913822056,0.6844801642316025,0.4740543014247339,0.7629856883827562,0.45812236295375747,0.5497294072352122,0.5900897002189087,0.4930248352325594,0.5684712435360152,0.92186717347202,0.4844890182737971,0.14748219102519158,0.1832180070416817,0.5926807821468033,0.27034724134543187,0.008612205939493182,0.009932145904127476,0.6659030600255355,0.6100489446409352,0.009459970384384484,1.2034632577634417,0.5711518835155509,0.4834730102567984,0.009526573706355727,0.009797401792087778,0.39266916413148895,0.009172373478066717,0.07944810635740672,0.008729642233167129,0.008122405170807267,0.007673843371874783,1.2056865045507514,1.249295812598575,0.6773170685771621,0.2897122420825555,1.3834573742873117,0.5870816864576659
r56a,1.0825692976915153,1.0404742311775341,1.0183071832955577,1.166857451475184,1.1414047200298953,1.2130994661486232,1.1138569304839834,1.1287238599281488,1.080204588065642,1.769585578038634,1.3543655847814495,1.4982688704707452,1.927016343129357,1.5715736930870117,2.1022104306151306,0.8884773731990256,1.0292575891119333,1.040209969056782,1.1375227186881798,1.4431762208520378,1.3244683069478513,1.1978248841830903,1.0076393913323938,1.3798327411390712,1.3838366717106116,1.0935987774253046,1.310697143529795,1.2542114853262525,1.6858914721137488,0.7111131201992413,1.254397106706718,1.7012644342963652,1.3990772450894207,1.464953443281858,4.2454832221937515,1.2749837413699772,1.351324218679531,1.4671448282149246,1.2030996712865927,1.473388928842645,1.4035154832756183,1.3929069585607436,1.4640086168429407,1.4800709406409593,1.2631420280844476,1.4974343732374547,1.783367638873363,1.7186810008505433,1.1170853415878976,1.1745965398749623,1.4852287233321873,1.98636144501456,1.4614309776717038,1.5078148440967536,1.9498646609679227,1.176753135754138,1.4018649766540896,1.426261700621043,1.8230939062372387,1.9051753506042843,1.3829238428851045,1.7143599887154262,1.5113928744617526,1.569876243553867,1.096656252581896,0.975657105736777,1.2301849109625302,1.1229224921890566,1.3522788395566934,1.6867374976747622,1.1516448146427454,1.4868198874814291
r56b,1.0825692976915153,1.0404742311775341,1.0183071832955577,1.166857451475184,1.1414047200298953,1.2130994661486232,1.1138569304839834,1.1287238599281488,1.080204588065642,1.769585578038634,1.3543655847814495,1.4982688704707452,1.927016343129357,1.5715736930870117,2.1022104306151306,0.8884773731990256,1.0292575891119333,1.040209969056782,1.1375227186881798,1.4431762208520378,1.3244683069478513,1.1978248841830903,1.0076393913323938,1.3798327411390712,1.3838366717106116,1.0935987774253046,1.310697143529795,1.2542114853262525,1.6858914721137488,0.7111131201992413,1.254397106706718,1.7012644342963652,1.3990772450894207,1.464953443281858,4.2454832221937515,1.2749837413699772,1.351324218679531,1.4671448282149246,1.2030996712865927,1.473388928842645,1.4035154832756183,1.3929069585607436,1.4640086168429407,1.4800709406409593,1.2631420280844476,1.4974343732374547,1.783367638873363,1.7186810008505433,1.1170853415878976,1.1745965398749623,1.4852287233321873,1.98636144501456,1.4614309776717038,1.5078148440967536,1.9498646609679227,1.176753135754138,1.4018649766540896,1.426261700621043,1.8230939062372387,1.9051753506042843,1.3829238428851045,1.7143599887154262,1.5113928744617526,1.569876243553867,1.096656252581896,0.975657105736777,1.2301849109625302,1.1229224921890566,1.3522788395566934,1.6867374976747622,1.1516448146427454,1.4868198874814291
r58a,0.055054870887305436,0.05308029420788565,0.051960366101360636,0.06017183777030766,0.058944359797712634,0.06237623932659085,0.054386906569749253,0.056473354812235345,0.05386987023679328,0.05367411586482053,0.050576100944831004,0.04647918618488761,0.05285102644756652,0.045577045198234106,0.05332284243124925,0.04570895747909494,0.05234037739380506,0.05366323099542482,0.04240059767950626,0.044380299530137425,0.044637686040125045,0.04874333724488669,0.04465967480866224,0.042746833151611235,0.055062919738238916,0.04546332437373344,0.05418582220178554,0.04621991575901102,0.05325090882549769,0.03740726936228529,0.05525924553469275,0.06297675849661741,0.05849911858246293,0.06178976944236879,0.066681652615498,0.06291279473366006,0.05517047395068214,0.055335773288439256,0.05126863289366614,0.054221888520286934,0.05235039134098737,0.05687392825837252,0.05345661267753221,0.04777024619761389,0.052291683410882646,0.05460449898633844,0.05210421352869196,0.056406066200021414,0.03427539145406757,0.03615591090614488,0.047161722767590446,0.05438991065804489,0.0517515016567774,0.048604102959683704,0.05180420751181371,0.050645978597593046,0.04010639174097902,0.04028141026703032,0.05216893688106641,0.053652031826392846,0.039753402034793786,0.050229283662350306,0.04217766357619817,0.04780482140735993,0.043547326788438936,0.04114241508652967,0.06297954566696061,0.05740148442212115,0.06107963766015089,0.049172861701654524,0.04256662802695582,0.04997867661996077
r59,2.64448698542037,2.526918502612918,2.466850504828528,2.566316097912427,2.47246000749192,2.7178488468063278,1.8132566121474782,2.0233005993439197,1.8814468867319625,0.7318058383175208,1.1508156970284857,0.5116771540526233,0.037050884138462796,0.22648609016992094,0.0,1.4170438499099027,1.7868756645817547,1.9682779419544485,0.7158441929887224,0.3621785028965493,0.6742288047575952,1.1791667106202788,1.070974337883357,0.35558161744016353,1.544728090548734,1.0392994795641644,1.527788177121734,0.9027018539064806,0.8045084363456978,0.8166106649370245,1.741024314512381,2.5377955047120313,1.8699389351208928,2.1830708866018056,2.0217618139685736,2.55223375968302,1.5762687539490845,1.4913074743907184,1.5011826486409903,1.200014630593437,1.315259738917506,1.7024503411041454,1.2348079981233828,0.6524707499857163,1.4558469120039677,1.3574330959410208,0.6239519321950319,1.1055918662428088,0.0,1e-09,0.0,0.33653029309664506,1.2126676958389642,0.7532102010368588,0.06187001485385406,1.4104244914300985,0.05107773165285163,0.0,0.0,0.5285966419190676,0.0,0.0,0.0,0.0,0.0,0.0,2.7144560269952076,2.129813247670001,2.2361188485345753,0.4813952968398282,0.7669963926163401,0.9970743156274147
r60r,3.660479431528536,3.0827139519194486,2.7929219657153594,6.780197174599752,6.489469781333784,7.651066052514575,6.033252172313296,6.471068849613222,5.521368204094233,7.270696595518945,5.507294106588668,4.93417818228407,7.876420733790916,5.303382219607733,8.54927492545976,3.326578568970577,5.215395683349322,5.409305235464541,2.9738503334185826,4.5957722474584655,4.030982494568049,4.703703815093941,3.115977901722493,4.006994867321102,6.834181469301529,3.576029583114303,6.46301556497954,4.135567144111793,6.9645877690437015,0.5008917099584901,6.721237048065607,8.585012703090516,7.658252101931997,8.603578278427012,8.591234530453079,8.40311613219097,6.793141570572169,7.05982601382451,6.36734598957942,6.926004800201553,6.427567099254151,7.2574189992112235,6.635310207477822,5.165352250241946,5.9707959939100865,6.917341229454966,6.930694388264018,7.958520691804704,2.926638671017636,3.777243801931333,7.568872699197167,8.159955535085013,5.975043657007186,5.365619856905093,7.654830882953236,5.106296995202557,3.811157351247373,4.063120410298147,8.186559569532337,7.4298779875054,4.205256861804121,7.900313721704653,5.293327703949866,7.43646567137573,8.180616956633985,7.680461254475307,7.862053163674636,6.605938101242056,8.180153753808861,5.990635601337113,2.8981526042317416,5.558392921660364
r64r,0.3063113076660716,0.30922670588396,0.3105493364446104,0.36182426710102383,0.36278361700180495,0.3671243882805028,0.3910365207918046,0.386240996530154,0.38624158991520696,0.5011066637752188,0.42129664453171217,0.4714116224263274,0.5670657370223323,0.523912312874886,0.6292634049502551,0.39238318836295033,0.39199423000760797,0.3825138904615495,0.42322805127572827,0.4882438635676671,0.444450518156519,0.4074246669712851,0.4047112202398819,0.4825560048387931,0.4161619149443746,0.40926196791325087,0.4094899457514818,0.42397734342982024,0.48627385621676855,0.4067718137550528,0.401678934048966,0.40141462518909854,0.40380245107134277,0.3992032899970077,0.5281480275193488,0.3866372368411599,0.41181344552296445,0.42671305278286853,0.41495949183837716,0.4397477875534716,0.4308683589748165,0.4088105095184408,0.4370029162725029,0.46136570866941207,0.40905475200152636,0.4355300917580478,0.514040399490023,0.4813272738566234,0.553608724660901,0.6103054768497073,0.6343357015070178,0.5519149156775215,0.43714250938592786,0.4646341402904107,0.5808313857096453,0.40798459585573144,0.5320331687290764,0.5488024117075428,0.5989036569478121,0.5345558640368232,0.5671201349643968,0.6086356063089682,0.606894709348422,0.6255057755411164,0.6898080784724778,0.7009153864789187,0.3742910251735859,0.38962842609984993,0.39711133191038295,0.5084015356097272,0.4227229887485942,0.4433292124745127
r65r,0.3063113076660716,0.30922670588396,0.3105493364446104,0.36182426710102383,0.3627836170018043,0.3671243882805028,0.3910365207918046,0.386240996530154,0.38624158991520696,0.5011066637752188,0.42129664453171217,0.4714116224263274,0.5670657370223323,0.523912312874886,0.6292634049502553,0.39238318836295033,0.39199423000760797,0.3825138904615495,0.42322805127572827,0.4882438635676671,0.444450518156519,0.4074246669712851,0.4047112202398819,0.4825560048387931,0.4161619149443746,0.40926196791325087,0.4094899457514818,0.42397734342982024,0.48627385621676855,0.4067718137550528,0.401678934048966,0.40141462518909854,0.40380245107134277,0.3992032899970077,0.5281480275193488,0.3866372368411599,0.41181344552296445,0.42671305278286853,0.41495949183837716,0.4397477875534716,0.4308683589748165,0.4088105095184408,0.4370029162725029,0.4613657086694111,0.40905475200152636,0.4355300917580478,0.514040399490023,0.4813272738566236,0.553608724660901,0.6103054768497073,0.6343357015070178,0.5519149156775215,0.43714250938592647,0.46463414029041106,0.5808313857096453,0.4079845958557305,0.5320331687290767,0.5488024117075428,0.5989036569478121,0.5345558640368232,0.5671201349643968,0.6086356063089682,0.606894709348422,0.6255057755411159,0.6898080784724778,0.7009153864789187,0.3742910251735854,0.38962842609984993,0.39711133191038295,0.5084015356097272,0.4227229887485928,0.4433292124745127
r67,0.3063113076660716,0.30922670588396,0.3105493364446104,0.36182426710102383,0.36278361700180495,0.3671243882805028,0.3910365207918046,0.386240996530154,0.38624158991520696,0.5011066637752188,0.42129664453171217,0.4714116224263274,0.5670657370223323,0.523912312874886,0.6292634049502551,0.39238318836295033,0.39199423000760797,0.3825138904615495,0.42322805127572827,0.4882438635676671,0.444450518156519,0.4074246669712851,0.4047112202398819,0.4825560048387931,0.4161619149443746,0.40926196791325087,0.4094899457514818,0.42397734342982024,0.48627385621676855,0.4067718137550528,0.401678934048966,0.40141462518909854,0.40380245107134277,0.3992032899970077,0.5281480275193488,0.3866372368411599,0.41181344552296445,0.42671305278286853,0.41495949183837716,0.4397477875534716,0.4308683589748165,0.4088105095184408,0.4370029162725029,0.46136570866941207,0.40905475200152636,0.4355300917580478,0.514040399490023,0.4813272738566234,0.5536087246609015,0.6103054768497073,0.6343357015070178,0.5519149156775215,0.43714250938592736,0.4646341402904107,0.5808313857096453,0.40798459585573144,0.5320331687290764,0.5488024117075428,0.5989036569478121,0.5345558640368232,0.5671201349643968,0.6086356063089682,0.606894709348422,0.6255057755411164,0.6898080784724778,0.7009153864789187,0.3742910251735859,0.38962842609984993,0.39711133191038295,0.5084015356097272,0.42272298874859265,0.4433292124745127
r68a,0.3063113076660716,0.30922670588396,0.3105493364446104,0.36182426710102383,0.36278361700180495,0.3671243882805028,0.3910365207918046,0.386240996530154,0.38624158991520696,0.5011066637752188,0.42129664453171217,0.4714116224263274,0.5670657370223323,0.523912312874886,0.6292634049502551,0.39238318836295033,0.39199423000760797,0.3825138904615495,0.42322805127572827,0.4882438635676671,0.444450518156519,0.4074246669712851,0.4047112202398819,0.4825560048387931,0.4161619149443746,0.40926196791325087,0.4094899457514818,0.42397734342982024,0.48627385621676855,0.4067718137550528,0.401678934048966,0.40141462518909854,0.40380245107134277,0.3992032899970077,0.5281480275193488,0.3866372368411599,0.41181344552296445,0.42671305278286853,0.41495949183837716,0.4397477875534716,0.4308683589748165,0.4088105095184408,0.4370029162725029,0.46136570866941207,0.40905475200152636,0.4355300917580478,0.514040399490023,0.4813272738566234,0.5536087246609015,0.6103054768497073,0.6343357015070178,0.5519149156775215,0.43714250938592736,0.4646341402904107,0.5808313857096453,0.40798459585573144,0.5320331687290764,0.5488024117075428,0.5989036569478121,0.5345558640368232,0.5671201349643968,0.6086356063089682,0.606894709348422,0.6255057755411164,0.6898080784724778,0.7009153864789187,0.3742910251735859,0.38962842609984993,0.39711133191038295,0.5084015356097272,0.42272298874859265,0.4433292124745127
r85,0.0011538060967033654,0.0011124241340467495,0.0010889533701278183,0.0012610443390438846,0.0012353196112309035,0.0013072428300079787,0.0011398073116811736,0.001183533809697329,0.0011289715824610645,0.001124869082823823,0.001059942793019689,0.0009740821752121422,0.0011076192814448024,0.0009551756596993945,0.001117507310418815,0.0009579401960871008,0.0010969174128905655,0.0011246409644309076,0.0008886056277676731,0.0009300950006078583,0.0009354891486576987,0.0010215328594983997,0.0009359499757342594,0.0008958618176772842,0.0011539747795670937,0.0009527923686569161,0.0011355931092687478,0.0009686485452126997,0.001115999770186186,0.0007839585263868701,0.0011580892547666782,0.001319828141142083,0.0012259885198965018,0.0012949519551582738,0.0014273873368719928,0.0013184876279690235,0.0011562288345496525,0.0011596930763253539,0.00107445645133648,0.0011363489649723363,0.0010971272790318194,0.0011919287814206923,0.0011203107849021494,0.0010011394162861668,0.0010958969143685477,0.0011443674796156613,0.001091968035969022,0.0011821236163800687,0.0007183225569186848,0.0007577333260987297,0.0009883863567979473,0.0011398702695145512,0.0010845761176584985,0.0010186148730504353,0.0010856806945268686,0.0010614072458552375,0.0008405250718367383,0.0008441930023783522,0.0010933244681496554,0.0011244062591398351,0.0008331273308466236,0.0010526744098863549,0.0008839335120507688,0.0010018640222503288,0.0009321739995087341,0.0008806944639100508,0.0013198865529426668,0.0012029849787793972,0.001280069450366585,0.0010305345686823903,0.0008920851895945548,0.0010474223417454595
r87,0.0004416642356429861,0.00042582367720049125,0.0004168393278927629,0.0004827138508862537,0.0004728667090839459,0.0005003981231897707,0.00043630565528496274,0.0004530436759791278,0.00043215785776742677,0.0004305874661984763,0.00040573439925643265,0.00037286790267252986,0.00042398443267068056,0.0003656306972647073,0.00042776946099676457,0.0003666889312730581,0.00041988787553819617,0.0004305001449961147,0.0003401484239833709,0.0003560300978583275,0.00035809491817969763,0.0003910315007552788,0.00035827131769698207,0.0003429260133714706,0.000441728805580905,0.000364718399765498,0.0004346925051268549,0.0003707879690967333,0.0004271923912390966,0.0003000906688929235,0.00044330378126298994,0.0005052156413483664,0.0004692948703376107,0.00049569331199018,0.000546388114005681,0.0005047025077051459,0.000442591632943196,0.0004439177064492486,0.00041129006742731436,0.0004349818383454547,0.000419968209980123,0.00045625717847319744,0.0004288426000782694,0.00038322511584004644,0.00041949723997042153,0.00043805123722541066,0.0004179933086944164,0.0004525038695459821,0.00027496594441047876,0.00029005195175238306,0.0003783433854634129,0.0004363297548485352,0.0004151637639729289,0.0003899145277580067,0.0004155865838034607,0.00040629497563411296,0.00032174371798884897,0.0003231477613057438,0.00041851253595794405,0.00043041030240179533,0.0003189119444098812,0.0004029521424369011,0.0003383599896677618,0.0003835024870033712,0.0003568259156851511,0.0003371201177989871,0.0005052380007407208,0.000460489368760188,0.0004899964534607849,0.0003944772556509129,0.00034148036183588115,0.000400941708736125
r93,2.9834475625700545,3.1103821326131493,3.1721066802083966,1.57024317486935,1.596065215288564,1.3267944746050486,1.1962885336095375,1.212580459921432,1.4570588650325285,0.12889569369266135,0.7905776414300925,0.5573124620882081,0.02796977173223969,0.31402862404826076,0.028219465754242484,1.8564324525724598,1.467667562429782,1.560656088275362,1.2998812061146152,0.5454495346906356,0.855413302665166,1.1221745317196818,1.5946330287817028,0.6821198477619068,0.6529577293416784,1.4075448625827363,0.7968103965396045,1.0612987497747006,0.24374142656707967,2.279978979790313,0.8850051277280725,0.292684477638922,0.5910450866184022,0.46521424808176215,0.03604460364234566,0.8267929324442257,0.7036027472089009,0.49323417862068814,0.7807558581257186,0.4769161576994572,0.5678745242039052,0.6098027158105617,0.5115533784636175,0.5850288409523672,0.9399919417359913,0.5034154292425003,0.1655419805382607,0.2027688574267997,0.6045609414183872,0.2828792055876055,0.024958883654233443,0.028784178620028408,0.6838405964300881,0.6268955643450975,0.0274157751741291,1.2210176099024144,0.5850531199729866,0.4974349097126446,0.02760879691316646,0.028393679107171773,0.40644805118603333,0.02658229542687566,0.09406726428130352,0.025299223738729035,0.023539400609329623,0.02223943147959547,1.2275157820892952,1.2691916838714434,0.6984878209072386,0.30675599865322306,1.3982113508076284,0.6044047457502131
r94,2.9834475625700545,3.1103821326131493,3.1721066802083966,1.57024317486935,1.596065215288564,1.3267944746050486,1.1962885336095375,1.212580459921432,1.4570588650325285,0.12889569369266135,0.7905776414300925,0.5573124620882081,0.02796977173223969,0.31402862404826076,0.028219465754242484,1.8564324525724598,1.467667562429782,1.560656088275362,1.2998812061146152,0.5454495346906356,0.855413302665166,1.1221745317196818,1.5946330287817028,0.6821198477619068,0.6529577293416784,1.4075448625827363,0.7968103965396045,1.0612987497747006,0.24374142656707967,2.279978979790313,0.8850051277280725,0.292684477638922,0.5910450866184022,0.46521424808176215,0.03604460364234566,0.8267929324442257,0.7036027472089009,0.49323417862068814,0.7807558581257186,0.4769161576994572,0.5678745242039052,0.6098027158105617,0.5115533784636175,0.5850288409523672,0.9399919417359913,0.5034154292425003,0.1655419805382607,0.2027688574267997,0.6045609414183872,0.2828792055876055,0.024958883654233443,0.028784178620028408,0.6838405964300881,0.6268955643450975,0.0274157751741291,1.2210176099024144,0.5850531199729866,0.4974349097126446,0.02760879691316646,0.028393679107171773,0.40644805118603333,0.02658229542687566,0.09406726428130352,0.025299223738729035,0.023539400609329623,0.02223943147959547,1.2275157820892952,1.2691916838714434,0.6984878209072386,0.30675599865322306,1.3982113508076284,0.6044047457502131
r95,2.954311474326949,3.082291027989958,3.1446082629297187,1.5383990900687128,1.5648707352818116,1.29378377846563,1.167505944757012,1.1826936829151644,1.4285499017563332,0.10049032733494834,0.7638118036743402,0.5327147898195627,0.0,0.289908382003428,0.0,1.8322423999655182,1.4399680358348295,1.5322564823834715,1.277442000707987,0.5219626333027405,0.8317901874150591,1.0963786275034122,1.570998276662072,0.6594974079395721,0.6238173814731189,1.383484803773526,0.7681342254118487,1.0368382883502336,0.21556002944929298,2.260182339059446,0.8557608805007489,0.25935597528066,0.560086236741032,0.43251392297658137,0.0,0.7934982809402654,0.6744054796026254,0.46394943147056333,0.7536235192590288,0.44822089958554784,0.540169698115522,0.5797039476635406,0.48326311894676244,0.5597479150846453,0.9123181850121077,0.4745176863780004,0.1379674364553523,0.17291769081393993,0.586421750191719,0.26374480758388,0.0,0.0,0.6564527141986338,0.6011733455400309,0.0,1.1942147915901622,0.5638280521350598,0.47611721872936763,0.0,0.0,0.38540979222927363,0.0,0.07174603986261571,0.0,0.0,0.0,1.194185804715581,1.2388137229702538,0.6661633110939786,0.2807327819026172,1.375684278963282,0.5779550763515094
r96,0.026821158167626535,0.025859200895195007,0.025313603958950045,0.029313998054372254,0.02871600590000584,0.030387919432320113,0.02649574506025269,0.02751220295795328,0.026243859749450548,0.026148493819278265,0.02463922957370781,0.022643329901167467,0.025747508200921993,0.02220383261959062,0.025977363451155363,0.022268096509273732,0.025498734589825496,0.026143191022286974,0.020656358255599153,0.021620812364831574,0.021746203709563323,0.023746359528099732,0.0217569160085723,0.02082503427301425,0.026825079337551648,0.02214843108705176,0.02639778250850622,0.02251702076650688,0.02594231945620378,0.018223751541232062,0.026920723649384744,0.03068047519318901,0.028499097116741468,0.030102208081593845,0.033180775901681864,0.030649313877657288,0.026877476673101516,0.026958005781816775,0.02497661132824615,0.026415352987148026,0.025503613098428506,0.027707350881896062,0.02604253248844224,0.02327229740662412,0.02547501227431146,0.026601749861051533,0.025383682310570452,0.02747942187097614,0.016697990216499377,0.017614125498420334,0.022975842199258783,0.026497208566133818,0.02521185117643549,0.023678528567358286,0.025237527961277696,0.02467327196717647,0.019538686751613573,0.019623950770833537,0.02541521367633691,0.02613773510750383,0.01936672026456979,0.02447027011492126,0.02054775113783801,0.023289141459735728,0.021669140379833234,0.020472456837742407,0.0306818330228489,0.027964361153324558,0.029756252191701495,0.023955611556234026,0.020737243491324924,0.0243481815328663
r113a,0.0,0.0,0.0,0.0,0.0,0.0,0.0,0.0,0.0,0.0,0.0,0.0,0.11470891930585424,0.0,0.253934410416355,0.0,0.0,0.0,0.0,0.0,0.0,0.0,0.0,0.0,0.0,0.0,0.0,0.0,0.0,0.0,0.0,0.0,0.0,0.0,1.1361807899716838,0.0,0.0,0.0,0.0,0.0,0.0,0.0,0.0,0.0,0.0,0.0,0.0,0.0,0.0,0.027798740345460673,0.261094107849571,0.03821790741924702,0.0,0.0,0.13120476082250498,0.0,0.0,0.0,0.18524082009412465,0.0,0.0,0.20292987635271678,0.09281421355628745,0.22422149806849545,0.4703291268521719,0.4997466529001924,0.0,0.0,0.0,0.0,0.0,0.0
r118a,0.7434734613297703,0.7465246468228816,0.7427288074833787,0.6883465544658869,0.6867977277939389,0.6757190185785513,0.7197617154953595,0.7194026518798778,0.7223459891799443,0.23386336548307862,0.6133909136657112,0.46283262415812754,0.0,0.19764285114791327,0.0,0.7301186139873822,0.7511399144309648,0.7231730643997151,0.6564860457445515,0.39286364579994415,0.5852946691708417,0.6692668457043253,0.7370500757780231,0.45813377837025454,0.6135678215362843,0.6996650306057378,0.639844997166693,0.6358869507818499,0.32544306816347623,0.832567591857318,0.6616898910477422,0.45839122004196503,0.6286001110276626,0.615850063606812,0.0,0.7059291511863063,0.6269570904727542,0.5783592883708375,0.5842636149789984,0.5672014358271152,0.5640561881586817,0.6206796103254074,0.5711250123548682,0.5166604938793619,0.6481550868241209,0.5707805538351174,0.20030855697466637,0.3291004219163912,0.19920775626623383,1e-09,0.0,0.0,0.5858514169553322,0.5321318207416088,0.0,0.697345846422879,0.2552303401941755,0.17888281769301703,0.0,0.0957772940529965,0.1156878794355581,0.0,0.0,0.0,0.0,0.0,0.6955207813592852,0.7302652799337773,0.6570798759448326,0.26577230870261986,0.6690622919289292,0.5586698532136826
r122r,2.0948051396677436,2.1644454241328974,2.198147047643995,1.4983420712730555,1.5133845187559565,1.3868359308020455,1.3707918126256757,1.368985136421088,1.4916767213492288,1.0573592084979613,1.2291170438053745,1.2134244237023513,1.1389570390890507,1.1969402306728136,0.9056466042473605,1.7050610348862363,1.5087514181686137,1.5360557455513886,1.4890484911600466,1.241521188797345,1.3088717757165793,1.367489160036667,1.5989992321923183,1.2987637149454485,1.1492600426981205,1.5144173683503237,1.2079944428564746,1.3705939422782802,1.0851898035026633,1.947050269254125,1.2362837559557107,0.9382573334534132,1.0929892848579588,1.0203052588344677,1.534120679287129,1.1757678693734823,1.1658669731618365,1.0904532562782223,1.2114118278681953,1.1085567565837526,1.1366014215672393,1.1126658691464242,1.1205182501613768,1.2069670391071747,1.279043090739153,1.1133046926529164,1.1018218944926865,1.0542635512340295,1.4035578403952578,1.3557845743720967,1.2729775058897503,1.1087959043071005,1.2072365487847132,1.2342927529013539,1.1663927566114276,1.4177008205932742,1.349642279215917,1.3393413285435085,1.2025706006750294,1.0740104289696517,1.3305748519946148,1.2218573993966242,1.2535134718755718,1.2553763722771962,1.3836773595804532,1.405667694546942,1.3514253026226586,1.4039047584989874,1.1328811981094573,1.1616591922607673,1.5371746646409319,1.1801992681778664
r123a,0.7977124485687906,0.8473635469925929,0.8801953250832525,0.0,0.0,0.0,0.0,0.0,0.0,0.0,0.0,0.0,0.0,0.0,0.0,0.0,0.0,0.0,0.0,0.0,0.0,0.0,0.0,0.0,0.0,0.0,0.0,0.0,0.0,0.0,0.0,0.0,0.0,0.0,0.12513815923700283,0.0,0.0,0.0,0.0,0.0,0.0,0.0,0.0,0.0,0.0,0.0,0.0,0.0,0.0,1e-09,0.0,0.0,0.0,0.0,0.0,0.0,0.0,0.0,0.0,0.0,0.0,0.0,0.0,0.0,0.0,0.0,0.0,0.0,0.0,0.0,0.0,0.0
r124,0.0,0.0,0.0,0.0,0.0,0.0,0.0,0.0,0.0,0.0,0.0,0.0,0.08882147350251145,0.0,0.8051121075365831,0.0,0.0,0.0,0.0,0.0,0.0,0.0,0.0,0.0,0.0,0.0,0.0,0.0,0.0,0.0,0.0,0.0,0.0,0.0,0.23960226127615597,0.0,0.0,0.0,0.0,0.0,0.0,0.0,0.0,0.0,0.0,0.0,0.0,0.0,0.0,1e-09,0.0792600257438538,0.09140772337734662,0.0,0.0,0.08706218885363673,0.0,0.0,0.0,0.08767515338132095,0.09016764367665148,0.0,0.08441537054545442,0.0,0.08034081744045406,0.07475228124771117,0.07062406864221633,0.0,0.0,0.0,0.0,0.0,0.0
r126a,0.0,0.0,0.0,0.0,0.0,0.0,0.0,0.0,0.0,0.0,0.0,0.0,0.0,0.0,0.0,0.0,0.0,0.0,0.0,0.0,0.0,0.0,0.0,0.0,0.0,0.0,0.0,0.0,0.0,0.0,0.0,0.0,0.0,0.0,0.9432118513033019,0.0,0.0,0.0,0.0,0.0,0.0,0.0,0.0,0.0,0.0,0.0,0.0,0.0,0.0,1e-09,0.0,0.0,0.0,0.0,0.0,0.0,0.0,0.0,0.0,0.0,0.0,0.0,0.0,0.0,0.0,0.0,0.0,0.0,0.0,0.0,0.0,0.0
r127,0.0,0.0,0.0,0.0,0.0,0.08166162231996586,0.19335427054133855,0.1759788496993624,0.05328963831138719,0.9470674466029142,0.45606953432147435,0.6722220660028599,1.1293059090004047,0.8987090208266649,1.6114070155534927,0.0,0.0592255018617839,0.0,0.20386371394296107,0.711454265473363,0.4689302969092521,0.26220950784847336,0.01984564876720941,0.6314603044097239,0.5153876170792993,0.12263050330286913,0.4299653401497016,0.3253154314411746,0.8599056213643272,0.0,0.37043198023997964,0.6674011673029804,0.5222205194274273,0.5765079011535633,0.5784714307898877,0.37078107799127685,0.48138680893023417,0.6163989548534883,0.44842613948543925,0.6504343936299951,0.586872014332027,0.5225761689275155,0.6274934149288174,0.6384957955711595,0.3571759172671331,0.6288156743791193,0.9543397034674949,0.8710455441923477,0.8108770582484545,1.0854373330266647,1.2643653001382247,1.0988637584029732,0.5413334887591775,0.6242438082604188,1.156932786227043,0.21423756282983264,0.7784903957003662,0.8558683182867103,1.1930440271162317,1.064213027177564,0.9379056878631259,1.2126850258391795,1.1740653655181652,1.246646729887257,1.3755549543096435,1.3979938513683983,0.14573879807190715,0.15460894590041244,0.45556412953229514,0.8719469501782118,0.1537172903536201,0.5931175817202005
r129,0.09045632100326345,0.09267399817542768,0.0937495383412323,0.06454052835553015,0.06536110748479249,0.05448824163215958,0.0,0.010434191485738417,0.026040534163421968,0.0,0.0,0.0,0.0,0.0,0.0,0.03253720147138247,0.005807739679794359,0.03746250790952357,0.0,0.0,0.0,0.0,0.0,0.0,0.0,0.0,0.0,0.0,0.0,0.0,0.0,0.0,0.0,0.0,0.0,0.0,0.0,0.0,0.0,0.0,0.0,0.0,0.0,0.0,0.0,0.0,0.0,0.0,0.0,1e-09,0.0,0.0,0.0,0.0,0.0,0.0,0.0,0.0,0.0,0.0,0.0,0.0,0.0,0.0,0.0,0.0,0.04064698810374283,0.015373941891856131,0.0,0.0,0.0,0.0
r130,0.0,0.0,0.0,0.0,0.0,0.0,0.0,0.0,0.0,0.0,0.0,0.0,0.0,0.0,0.7154976996623842,0.0,0.0,0.0,0.0,0.0,0.0,0.0,0.0,0.0,0.0,0.0,0.0,0.0,0.0,0.0,0.0,0.0,0.0,0.0,0.0,0.0,0.0,0.0,0.0,0.0,0.0,0.0,0.0,0.0,0.0,0.0,0.0,0.0,0.0,1e-09,0.0,0.0,0.0,0.0,0.0,0.0,0.0,0.0,0.0,0.0,0.0,0.0,0.0,0.0,0.0,0.0,0.0,0.0,0.0,0.0,0.0,0.0
r131,0.11865078374800181,0.11985724923757966,0.12035925665746545,0.09535547008466538,0.09554743849501104,0.08643209196740696,0.02671258043110683,0.03935508209291448,0.053628139492006476,0.026362487362078805,0.024840871628687842,0.022828637950642217,0.02595822016530053,0.022385543919631587,0.026189956500527457,0.055945475398373565,0.03261206773817608,0.06494429004211352,0.0208254053645845,0.021797752354880365,0.021924169874897086,0.02394069453030479,0.021934969841013407,0.02099546178955975,0.02704460990795532,0.022329688993092043,0.026613816175305966,0.022701295129704965,0.026154625713201145,0.018372890729988982,0.0271410369518755,0.030931557478339696,0.028732327481777946,0.030348557955434233,0.03345232009987322,0.03090014114543082,0.027097436051816203,0.02717862419310873,0.02518101444156583,0.026631530446894383,0.025712329078739497,0.027934101769263066,0.026255658866933318,0.023462752788321002,0.025683494191745898,0.026819452751963735,0.02559141680359716,0.027704307437269912,0.016834642908955477,0.01775827564124651,0.02316387145650861,0.0267140559139994,0.025418179441118387,0.02387230845584636,0.025444066359140503,0.024875192617644017,0.01969858708195548,0.019784548883222598,0.02562320621515068,0.026351640603364836,0.019525213258869308,0.024670529442719115,0.02071590942997366,0.023479734689471832,0.021846475875765378,0.020639998937827225,0.07289980107686535,0.04477014222706293,0.02999977083835748,0.02415165903117858,0.02090695254735294,0.02454744171446519
r136,0.07179833133866405,0.07804809881279284,0.07478121432979766,0.09737595792693823,0.07853156077577243,0.0955607476068335,0.10267889291205734,0.11457532285241505,0.12100591688864687,0.14112139874064278,0.1022998895719532,0.14522611355087725,0.07859510041423565,0.07389521400579312,0.0902319095403299,0.13917506407767596,0.19316062758031965,0.1545354322887136,0.1128911817817091,0.09542158574608436,0.09415825855734933,0.1254907551787835,0.11075346170519666,0.1410830328286805,0.14242254397777146,0.1365328359976691,0.13319126152690633,0.11508811845417298,0.12300275792382091,0.09036391000561114,0.20396934615226342,0.19021939537398716,0.1428527912101464,0.2054395178536405,0.1824803201544409,0.18048290601573586,0.12039867773215163,0.13330131208273066,0.11655783469793005,0.11809744106139267,0.11524748066374149,0.11078654183646935,0.12401573621361883,0.13285668613451684,0.2575916684779013,0.21362915157504825,0.25022448328845137,0.3078911295078036,0.2562397248691418,0.21493270699237393,0.23696054572758704,0.31035698980818727,0.31079209931732465,0.3101987411894947,0.28325823864381655,0.25114020786827007,0.24888757995725738,0.244708454012733,0.1785500293332645,0.20128943836202176,0.2440716781332083,0.21458262879634438,0.2221580932680367,0.21963006162704685,0.2699156169184102,0.2289962932813444,0.14559309510025026,0.1526522187038405,0.16194659086099128,0.2126163914069186,0.2451786752255733,0.1894081877533263
r146r,0.6126226153321432,0.61845341176792,0.6210986728892208,0.7236485342020477,0.7255672340034484,0.7342487765610056,0.7820730415836092,0.772481993060308,0.7724831798304139,1.0022133275504377,0.8425932890634243,0.9428232448526548,1.1341314740446646,1.047824625749772,1.2585268099004747,0.7847663767259007,0.7839884600152159,0.765027780923099,0.8464561025514565,0.9764877271353342,0.888901036313038,0.8148493339425702,0.8094224404797637,0.9651120096775861,0.8323238298887492,0.8185239358265017,0.8189798915029636,0.8479546868596405,0.9725477124335371,0.8135436275101056,0.803357868097932,0.8028292503781971,0.8076049021426855,0.7984065799940154,1.0562960550386975,0.7732744736823198,0.8236268910459289,0.8534261055657371,0.8299189836767543,0.8794955751069432,0.861736717949633,0.8176210190368816,0.8740058325450057,0.922731417339167,0.8181095040030527,0.8710601835160956,1.028080798980046,0.9626545477132111,1.1072174493218936,1.2206109536994145,1.2686714030140356,1.103829831355043,0.8742850187719453,0.9292682805809122,1.1616627714192906,0.8159691917115535,1.0640663374581174,1.0976048234150857,1.1978073138956242,1.0691117280736464,1.1342402699287937,1.2172712126179364,1.213789418696844,1.2510115510821973,1.3796161569449557,1.4018307729578374,0.7485820503472624,0.7792568521996999,0.7942226638207659,1.0168030712194545,0.8454459774972759,0.8866584249490254
r153,0.018245983587935142,0.017591580206269622,0.017220419770835146,0.019941820709384005,0.019535016686750364,0.020672391392212327,0.01802461051450803,0.01871608975650652,0.017853257166594624,0.017788381325443522,0.0167616541989552,0.015403877161858714,0.017515597541618796,0.015104894540136124,0.01767196420920069,0.01514861218532977,0.017346361030771296,0.01778477392168159,0.0140521737116143,0.014708275649434853,0.01479357727599944,0.01615424969775854,0.014800864673161239,0.014166921174277895,0.018248651094000763,0.015067205807713277,0.01795796823529595,0.015317951178214759,0.01764812436780585,0.012397312206050516,0.01831371631352183,0.02087141216447013,0.01938745728328293,0.020478026757260414,0.0225723247576902,0.020850213644696424,0.018284296121650924,0.018339078722267445,0.016991169342100862,0.01796992113691664,0.017349679798266262,0.018848845612731157,0.017716297611112215,0.01583175319577877,0.017330223137812895,0.018096723800725197,0.0172680928968629,0.018693789333413254,0.011359362393586328,0.011982593844434243,0.015630079695538986,0.018025606112987445,0.01715119906126757,0.016108105434013205,0.017168666546895667,0.01678481266767759,0.013291840552584712,0.013349844233320862,0.017289543155598344,0.017781062354456628,0.013174854638677966,0.01664671391588544,0.013978290112859245,0.015843211922307577,0.014741152386637528,0.01392706866465692,0.0208723358731902,0.019023685385312985,0.02024267877378961,0.01629660033926398,0.014107198579456881,0.01656365910331831
r154,0.018245983587935142,0.017591580206269622,0.017220419770835146,0.019941820709384005,0.019535016686750364,0.020672391392212327,0.01802461051450803,0.01871608975650652,0.017853257166594624,0.017788381325443522,0.0167616541989552,0.015403877161858714,0.017515597541618796,0.015104894540136124,0.01767196420920069,0.01514861218532977,0.017346361030771296,0.01778477392168159,0.0140521737116143,0.014708275649434853,0.01479357727599944,0.01615424969775854,0.014800864673161239,0.014166921174277895,0.018248651094000763,0.015067205807713277,0.01795796823529595,0.015317951178214759,0.01764812436780585,0.012397312206050516,0.01831371631352183,0.02087141216447013,0.01938745728328293,0.020478026757260414,0.0225723247576902,0.020850213644696424,0.018284296121650924,0.018339078722267445,0.016991169342100862,0.01796992113691664,0.017349679798266262,0.018848845612731157,0.017716297611112215,0.01583175319577877,0.017330223137812895,0.018096723800725197,0.0172680928968629,0.018693789333413254,0.011359362393586328,0.011982593844434243,0.015630079695538986,0.018025606112987445,0.01715119906126757,0.016108105434013205,0.017168666546895667,0.01678481266767759,0.013291840552584712,0.013349844233320862,0.017289543155598344,0.017781062354456628,0.013174854638677966,0.01664671391588544,0.013978290112859245,0.015843211922307577,0.014741152386637528,0.01392706866465692,0.0208723358731902,0.019023685385312985,0.02024267877378961,0.01629660033926398,0.014107198579456881,0.01656365910331831
r155,2.964365048671343,3.091984024730131,3.154096749509431,1.549387074141928,1.5756345695049823,1.3051743084820797,1.1774375420843373,1.1930062867217257,1.4383870830378416,0.11029176189504704,0.7730475094839,0.5412023576994914,0.009651130088646,0.2982312098461488,0.009737288356251981,1.840589316320322,1.4495259163068301,1.5420559292567053,1.2851847772170855,0.5300669233239819,0.8399414788073273,1.1052796521881936,1.5791535834251085,0.6673034105357245,0.6338724256188213,1.3917868650474545,0.7780291027067728,1.0452785108371057,0.2252841821383359,2.2670132834880388,0.8658517757157311,0.27085616615043273,0.5707687654305313,0.44379735768090417,0.012437397193939449,0.8049867913822056,0.6844801642316025,0.4740543014247339,0.7629856883827562,0.45812236295375747,0.5497294072352122,0.5900897002189087,0.4930248352325594,0.5684712435360152,0.92186717347202,0.4844890182737971,0.14748219102519158,0.1832180070416817,0.5926807821468033,0.27034724134543187,0.008612205939493182,0.009932145904127476,0.6659030600255355,0.6100489446409352,0.009459970384384484,1.2034632577634417,0.5711518835155509,0.4834730102567984,0.009526573706355727,0.009797401792087778,0.39266916413148895,0.009172373478066717,0.07944810635740672,0.008729642233167129,0.008122405170807267,0.007673843371874783,1.2056865045507514,1.249295812598575,0.6773170685771621,0.2897122420825555,1.3834573742873117,0.5870816864576659
r158,0.020525705661493938,0.019789538650753308,0.019372004029273242,0.022433427075192393,0.021975795422163224,0.0232552780172576,0.02027667340052283,0.02105454866955896,0.020083910518410634,0.02001092884474027,0.018855918554864442,0.017328495728735956,0.01970406242512357,0.01699215708950592,0.019879966134484398,0.017041336982337334,0.01951368086569199,0.020006870718333295,0.015807905346330465,0.016545983137244695,0.016641942671071587,0.018172622642153382,0.0166501405831469,0.01593698979018547,0.02052870645583803,0.01694975938456785,0.02020170458335132,0.017231833828299067,0.019853147653303104,0.013946279196661058,0.02060190116952686,0.023479165196164636,0.02180979938974539,0.023036628731029768,0.025392596230238828,0.023455318053299604,0.020568805107813518,0.02063043245337188,0.0191141101864835,0.0202151509256263,0.019517414292527124,0.021203891543653635,0.01992983871900269,0.017809832209694853,0.01949552664346165,0.020357796792969337,0.01942563361564731,0.021029461947414025,0.012778644016053735,0.013479744357258105,0.017582960860957102,0.020277793392834947,0.01929413462292327,0.018120712939887214,0.019313784562150757,0.0188819705300992,0.014952573291925099,0.015017824171513783,0.019449763950690344,0.020002695413886964,0.014820970716277856,0.018726617198893767,0.01572479045181412,0.017822722632776313,0.016582967618113446,0.015667169202497007,0.0234802043165398,0.02140057645749488,0.022771875481993657,0.018332759110225045,0.015869805228896743,0.018633185204487427
r159r,0.6023597625013477,0.6085586424426238,0.6114126708742852,0.7124318206643033,0.7145793362922714,0.7226211375523115,0.7719347048832782,0.7619547187256078,0.7624412245711648,0.9922078631280805,0.8331653297859719,0.9341589969882698,1.1242794428320957,1.0393285472050562,1.2485868268332896,0.776245708234841,0.7742316195824437,0.7550243455638552,0.8385521498782779,0.9682147355667248,0.8805800649775709,0.805763022621439,0.801097370188093,0.9571435147825517,0.8220594766607585,0.810049056134269,0.8088790392113288,0.8393387699455334,0.9626211386068583,0.8065704879116915,0.7930569175132637,0.7910896677801771,0.796700002447891,0.7868882656284304,1.0435997569241657,0.7615468146556488,0.8133424884921046,0.8431108893389277,0.8203619285835803,0.8693879996443965,0.8519780108033939,0.8070190732650411,0.8640409131854064,0.9138265012341734,0.8083617406812633,0.8608812851195292,1.0183679821722844,0.9521398167394676,1.100828127313906,1.2138710815208458,1.2598799225836044,1.093690934658661,0.8646379514605014,0.9202079241108733,1.152005879138221,0.8065282064464644,1.0565900508121135,1.0900959113292974,1.1880824319202687,1.0591103803667623,1.126829784570808,1.207907904018554,1.2059270234709878,1.242100189765798,1.3713246731358792,1.393997188356706,0.7368419481890487,0.7685565639709208,0.7828367260797454,1.0076366916643809,0.8375110748828661,0.877341832346814
r160,0.6228854681628416,0.6283481810933771,0.6307846749035584,0.7348652477394958,0.7365551317144348,0.745876415569569,0.7922113782838012,0.7830092673951669,0.7825251350895753,1.0122187919728207,0.8520212483408364,0.9514874927170057,1.1439835052572194,1.056320704294562,1.2684667929677738,0.7932870452171785,0.7937453004481358,0.7750312162821886,0.8543600552246083,0.9847607187039693,0.8972220076486425,0.8239356452635923,0.8177475107712397,0.9730805045727372,0.8425881831165963,0.8269988155188368,0.8290807437946801,0.8565706037738324,0.9824742862601615,0.8205167671083526,0.8136588186827906,0.8145688329763419,0.8185098018376364,0.8099248943594604,1.0689923531544046,0.7850021327089484,0.833911293599918,0.8637413217922996,0.8394760387700637,0.8896031505700229,0.8714954250959209,0.8282229648086948,0.8839707519044093,0.9316363334438683,0.8278572673247249,0.8812390819124984,1.0377936157879317,0.9731692786868816,1.1136067713299598,1.227350825878104,1.2774628834445614,1.1139687280514958,0.8839320860834247,0.9383286370507605,1.1713196637003718,0.8254101769765635,1.0715426241040387,1.1051137355008112,1.2075321958709593,1.0791130757806493,1.1416507552870858,1.226634521217448,1.2216518139228019,1.2599229123985742,1.3879076407539925,1.409664357559203,0.7603221525055885,0.7899571404284156,0.8056086015617391,1.0259694507746058,0.8533808801117627,0.8959750175513014
r162r,0.602359762501445,0.6085586424424628,0.6114126708743787,0.712431820664095,0.7145793362924617,0.7226211375524423,0.7719347048832782,0.7619547187254492,0.7624412245712525,0.9922078631280544,0.8331653297860122,0.9341589969883037,1.1242794428321101,1.0393285472049822,1.2485868268331757,0.776245708234623,0.7742316195822959,0.7550243455640092,0.8385521498782779,0.9682147355666988,0.8805800649775709,0.805763022621439,0.8010973701882877,0.957143514782435,0.8220594766607585,0.810049056134269,0.8088790392113288,0.8393387699455334,0.9626211386069128,0.8065704879116915,0.7930569175130733,0.7910896677800523,0.796700002447891,0.7868882656284304,1.0435997569239996,0.7615468146556488,0.8133424884921046,0.8431108893391744,0.8203619285835803,0.8693879996443679,0.8519780108033939,0.8070190732650411,0.8640409131854064,0.9138265012342136,0.8083617406812637,0.8608812851195292,1.01836798217216,0.9521398167394944,1.1008281273139355,1.2138710815208056,1.2598799225835358,1.0936909346585901,0.864637951460466,0.9202079241110639,1.1520058791382093,0.8065282064464644,1.056590050812196,1.0900959113293602,1.1880824319202892,1.0591103803667623,1.1268297845708104,1.207907904018677,1.2059270234708865,1.2421001897658204,1.3713246731358795,1.3939971883564721,0.736841948189052,0.7685565639708359,0.782836726079849,1.0076366916643809,0.8375110748827891,0.8773418323468143
r163a,0.0,0.0,0.0,0.0,0.0,0.0341570719136747,0.0,0.0,0.0,0.16590364654601894,0.025614509743906194,0.0,0.060827224302786566,0.006929248984430948,0.2577893342856804,0.0,0.0,0.0,0.0,0.0,0.0,0.0,0.0,0.0,0.108261972414919,0.0,0.05956736571437787,0.0,0.12941197133042442,0.0,0.05201894809928419,0.4013249126028119,0.16447857091112456,0.24305762382167648,0.7047688612808239,0.14612755815000322,0.09576349047420174,0.154685494567796,0.08337925233999871,0.0909291759002155,0.11663139175964395,0.14131064325936607,0.10168418177807766,0.0006796546308848779,0.0035162304948131717,0.125174165277776,0.14161307011740026,0.16885428700244604,0.0,1e-09,0.0,0.14163958500699694,0.05866909149527567,0.0,0.06868424382535772,0.0,0.0,0.0,0.04413477369758372,0.1599859280690234,0.0,0.029865215109434882,0.0,0.0,0.0,0.0,0.05844510197800231,0.0,0.17391160919777326,0.07716984486788848,0.0,0.062356241969654405
r164a,0.0,0.0,0.0,0.0,0.0,0.0,0.0,0.0,0.0,0.0,0.0,0.0,0.2279504918824363,0.0733873035834355,0.4581721407631655,0.0,0.0,0.0,0.0,0.0,0.0,0.0,0.0,0.0,0.0,0.0,0.0,0.0,0.0,0.0,0.0,0.0,0.0,0.0,0.0,0.0,0.0,0.0,0.0,0.0,0.0,0.0,0.0,0.0,0.0,0.0,0.0,0.0,0.0,1e-09,0.1447508654977522,0.11381724260848844,0.0,0.0,0.195651458049347,0.0,0.0,0.0,0.221384967391376,0.055179899105414446,0.0,0.2042660430604852,0.10826122208745075,0.17462533309944442,0.10790495541427143,0.10194587832333789,0.0,0.0,0.0,0.0,0.0,0.0
r165,0.0,0.0,0.0,0.0,0.0,0.025617803935257286,0.0,0.0,0.0,0.124427734909512,0.019210882307925815,0.0,0.04562041822708731,0.005196936738332872,0.19334200071426225,0.0,0.0,0.0,0.0,0.0,0.0,0.0,0.0,0.0,0.08119647931118924,0.0,0.044675524285783405,0.0,0.09705897849781844,0.0,0.0390142110744912,0.30099368445210284,0.12335892818333188,0.18229321786627622,0.5285766459606179,0.10959566861252504,0.07182261785565168,0.11601412092584674,0.06253443925502386,0.06819688192516156,0.08747354381973334,0.10598298244451447,0.07626313633355825,0.0005097409731684939,0.002637172871109879,0.093880623958332,0.10620980258804509,0.12664071525183643,0.0,1e-09,0.0,0.10622968875524771,0.044001818621462005,0.0,0.05151318286902125,0.0,0.0,0.0,0.03310108027318779,0.11998944605176756,0.0,0.022398911331721175,0.0,0.0,0.0,0.0,0.04383382648350161,0.0,0.1304337068983514,0.057877383650916735,0.0,0.04676718147720084
NE6,0.0,0.0,0.0,0.0,0.0,0.0,0.0,0.0,0.0,0.0,0.0,0.0,0.2279504918824363,0.0733873035834355,0.4581721407631655,0.0,0.0,0.0,0.0,0.0,0.0,0.0,0.0,0.0,0.0,0.0,0.0,0.0,0.0,0.0,0.0,0.0,0.0,0.0,0.0,0.0,0.0,0.0,0.0,0.0,0.0,0.0,0.0,0.0,0.0,0.0,0.0,0.0,0.0,1e-09,0.1447508654977522,0.11381724260848844,0.0,0.0,0.195651458049347,0.0,0.0,0.0,0.221384967391376,0.055179899105414446,0.0,0.2042660430604852,0.10826122208745075,0.17462533309944442,0.10790495541427143,0.10194587832333789,0.0,0.0,0.0,0.0,0.0,0.0
r170,0.0,0.0,0.0,0.0,0.0,0.05123560787051223,0.0,0.0,0.0,0.24885546981902845,0.038421764615859326,0.0,0.3191913283366094,0.08378117706008611,0.8448561421916898,0.0,0.0,0.0,0.0,0.0,0.0,0.0,0.0,0.0,0.1623929586223786,0.0,0.08935104857156669,0.0,0.19411795699563725,0.0,0.07802842214892636,0.6019873689042178,0.2467178563666868,0.3645864357325147,1.0571532919212359,0.21919133722500486,0.1436452357113036,0.2320282418516935,0.12506887850999807,0.1363937638503228,0.17494708763946692,0.21196596488904912,0.15252627266711588,0.0010194819463273169,0.005274345742219697,0.18776124791666346,0.21241960517610042,0.253281430503669,0.0,1e-09,0.1447508654977522,0.32627662011898384,0.08800363724291348,0.0,0.2986778237873821,0.0,0.0,0.0,0.287587127937752,0.2951587912089496,0.0,0.2490638657239275,0.10826122208745075,0.17462533309944442,0.10790495541427143,0.10194587832333789,0.08766765296700323,0.0,0.26086741379665995,0.11575476730182942,0.0,0.09353436295448163
r171,0.0,0.0,0.0,0.0,0.0,0.05123560787051223,0.0,0.0,0.0,0.24885546981902845,0.038421764615859326,0.0,0.3191913283366094,0.08378117706008611,0.8448561421916898,0.0,0.0,0.0,0.0,0.0,0.0,0.0,0.0,0.0,0.1623929586223786,0.0,0.08935104857156669,0.0,0.19411795699563725,0.0,0.07802842214892636,0.6019873689042178,0.2467178563666868,0.3645864357325147,1.0571532919212359,0.21919133722500486,0.1436452357113036,0.2320282418516935,0.12506887850999807,0.1363937638503228,0.17494708763946692,0.21196596488904912,0.15252627266711588,0.0010194819463273169,0.005274345742219697,0.18776124791666346,0.21241960517610042,0.253281430503669,0.0,1e-09,0.1447508654977522,0.32627662011898384,0.08800363724291348,0.0,0.2986778237873821,0.0,0.0,0.0,0.287587127937752,0.2951587912089496,0.0,0.2490638657239275,0.10826122208745075,0.17462533309944442,0.10790495541427143,0.10194587832333789,0.08766765296700323,0.0,0.26086741379665995,0.11575476730182942,0.0,0.09353436295448163
r172,1.1686217911616725,1.2227783767319944,1.249257779479168,0.5350080934324624,0.5428177711630968,0.45516389602833757,0.36268360072383077,0.3735479662355793,0.46978487314458284,0.04000585534734161,0.19166012314882303,0.045703495892370605,0.0393923679030859,0.03397072588865638,0.03974403465510676,0.6251816357929294,0.4713939109448942,0.5138559975044046,0.37240373889341094,0.03307873478057716,0.17857756094415633,0.3184679818301103,0.5046011935953685,0.08407433637478197,0.19629814076586377,0.4296908805887992,0.22900273958329329,0.27924276484003147,0.03969041913895063,0.7875218232794907,0.26903805780104884,0.2314171663444591,0.21547854133202457,0.22018412180106034,0.19722691317094573,0.3115017321503428,0.21181962229930612,0.15170891927728716,0.2372644860580336,0.09859026520639781,0.15468749344238744,0.20349654190860172,0.1189846856069341,0.06504305697496955,0.2571715874426611,0.13571790725051547,0.03883573293811937,0.042042107052007255,0.025547069204425458,0.02694870923082388,0.03515186097752319,0.040539371037254995,0.1670805978801066,0.0884267048179557,0.03861212427459167,0.3659082735174643,0.02989318930812661,0.03002363888747258,0.03888397431165603,0.039989395069746025,0.02963008939679699,0.037438259094149856,0.03143700610118776,0.03563119278843725,0.033152674166560266,0.03132180968112157,0.4266284887270742,0.3968236495834973,0.2721280899105995,0.036650857877299166,0.4179239053164583,0.12477775789471957
r1274,1.1686217911616725,1.2227783767319944,1.249257779479168,0.5350080934324624,0.5428177711630968,0.45516389602833757,0.36268360072383077,0.3735479662355793,0.46978487314458284,0.04000585534734161,0.19166012314882303,0.045703495892370605,0.0393923679030859,0.03397072588865638,0.03974403465510676,0.6251816357929294,0.4713939109448942,0.5138559975044046,0.37240373889341094,0.03307873478057716,0.17857756094415633,0.3184679818301103,0.5046011935953685,0.08407433637478197,0.19629814076586377,0.4296908805887992,0.22900273958329329,0.27924276484003147,0.03969041913895063,0.7875218232794907,0.26903805780104884,0.2314171663444591,0.21547854133202457,0.22018412180106034,0.19722691317094573,0.3115017321503428,0.21181962229930612,0.15170891927728716,0.2372644860580336,0.09859026520639781,0.15468749344238744,0.20349654190860172,0.1189846856069341,0.06504305697496955,0.2571715874426611,0.13571790725051547,0.03883573293811937,0.042042107052007255,0.025547069204425458,0.02694870923082388,0.03515186097752319,0.040539371037254995,0.1670805978801066,0.0884267048179557,0.03861212427459167,0.3659082735174643,0.02989318930812661,0.03002363888747258,0.03888397431165603,0.039989395069746025,0.02963008939679699,0.037438259094149856,0.03143700610118776,0.03563119278843725,0.033152674166560266,0.03132180968112157,0.4266284887270742,0.3968236495834973,0.2721280899105995,0.036650857877299166,0.4179239053164583,0.12477775789471957
r1275,1.1686217911616725,1.2227783767319944,1.249257779479168,0.5350080934324624,0.5428177711630968,0.45516389602833757,0.36268360072383077,0.3735479662355793,0.46978487314458284,0.04000585534734161,0.19166012314882303,0.045703495892370605,0.0393923679030859,0.03397072588865638,0.03974403465510676,0.6251816357929294,0.4713939109448942,0.5138559975044046,0.37240373889341094,0.03307873478057716,0.17857756094415633,0.3184679818301103,0.5046011935953685,0.08407433637478197,0.19629814076586377,0.4296908805887992,0.22900273958329329,0.27924276484003147,0.03969041913895063,0.7875218232794907,0.26903805780104884,0.2314171663444591,0.21547854133202457,0.22018412180106034,0.19722691317094573,0.3115017321503428,0.21181962229930612,0.15170891927728716,0.2372644860580336,0.09859026520639781,0.15468749344238744,0.20349654190860172,0.1189846856069341,0.06504305697496955,0.2571715874426611,0.13571790725051547,0.03883573293811937,0.042042107052007255,0.025547069204425458,0.02694870923082388,0.03515186097752319,0.040539371037254995,0.1670805978801066,0.0884267048179557,0.03861212427459167,0.3659082735174643,0.02989318930812661,0.03002363888747258,0.03888397431165603,0.039989395069746025,0.02963008939679699,0.037438259094149856,0.03143700610118776,0.03563119278843725,0.033152674166560266,0.03132180968112157,0.4266284887270742,0.3968236495834973,0.2721280899105995,0.036650857877299166,0.4179239053164583,0.12477775789471957
r173,1.6931644271434043,1.7703058702384598,1.808025854420731,0.9022661623522783,0.9229910302075014,0.7850259371663921,0.7134196693288074,0.7142365555426562,0.8682312855442751,0.21913518367895315,0.525575213139573,0.40889833984819884,0.19097748693101207,0.2631220178936252,0.0,1.1302422570162807,0.8806108486058772,0.9282140198708013,0.833779786541659,0.4142983348804155,0.5781944988734257,0.6959925576775042,0.9913420011288435,0.503582712705842,0.497373416403034,0.8773882272037914,0.5374178022306773,0.6799182994973505,0.2804940512361309,1.4097938317056382,0.5718825166458353,0.5240873917454593,0.4930118905743876,0.4730723054802379,0.745462276711137,0.5954565974664772,0.5135115544004307,0.4512714132436189,0.5552658100127107,0.39489905297894484,0.472449186581631,0.4925910054823821,0.4269654838938798,0.41544162958140207,0.5725395021706934,0.43479266636632924,0.22398492957260552,0.2893609384192586,0.503271433201479,0.176032448209497,0.030338978776375234,0.19432952570438222,0.49040214226897005,0.4310625499671714,0.17300351065915368,0.7431908496368821,0.46653203172151647,0.3783966124744095,0.16102800024477498,0.16500175246255205,0.2889701064837943,0.12721023608432327,0.0776864437919883,0.058653322870553,0.0,0.0,0.7493814987400464,0.7455210969529769,0.552252151541493,0.2771967442171675,0.8862228676513275,0.4627174811639963
r174,0.6304881801384372,0.6078753352241434,0.5950499226423182,0.5304512761762976,0.5326738743763921,0.49978613396895716,0.44541944151483803,0.45365640280130665,0.4950496141883474,0.2779369874491646,0.3682575120898911,0.31372593670817067,0.26540908286737025,0.26169005762957176,0.20355099886380815,0.5234588139532788,0.49333755306003774,0.5142550483516091,0.43978375872144326,0.30751378761979375,0.3631283720746146,0.4180670258719702,0.5009281445920524,0.3310397632297985,0.3759845906509964,0.4660113505774701,0.38598454666653204,0.4030762019347733,0.2967744214791509,0.42838791198788895,0.4015703981663346,0.415098999941948,0.3876478609089003,0.3935628397502229,0.5084822510869638,0.4386445642557508,0.38177454013268447,0.3616588288843217,0.3807980021631272,0.3386159740318011,0.357321892280783,0.38130367466146287,0.3463834722855744,0.32083543813458615,0.3904612231434981,0.3533743963804359,0.2735607308089536,0.31177433411312744,0.298597696944534,0.19669660257741073,0.19014495183421962,0.27240086124273694,0.3610200500184596,0.329225519793475,0.2554217019016152,0.44106280379698226,0.30861009444102633,0.27989972519883344,0.25282215823127124,0.2598082082679162,0.24807530708684686,0.23414526965445911,0.18690163095952478,0.20203798762283864,0.1697930268069203,0.16041616564953312,0.490207675161675,0.46762756223789076,0.4172453129126078,0.2801080588880918,0.4578985787353556,0.34502436770322836
r175,1.6655545626488768,1.7436862504520607,1.7819678754622261,0.8720901532099528,0.8934305978515197,0.7537444267799517,0.6861447870801318,0.6859153253083898,0.841215695577318,0.19221776398461388,0.5002114393037087,0.3855891573599131,0.16447284428820344,0.24026525659887935,0.0,1.1073193420798855,0.8543622950420436,0.9013020589081693,0.8125160048353129,0.3920417382068562,0.5558088235815799,0.671547909735325,0.968945298530794,0.4821452948740566,0.46975951543216893,0.8545884965859697,0.5102437632327798,0.6567391404059288,0.25378886869393674,1.3910341902505325,0.544170158834558,0.4925047226669045,0.4636747454484534,0.44208490810818757,0.7113057827691832,0.5639060060369929,0.4858437152914258,0.4235206769768701,0.5295547333322969,0.3677069268227161,0.44619561105114525,0.4640688887799456,0.4001571414424998,0.3914849840906546,0.5463153685037465,0.40740866212644294,0.19785481152972012,0.2610734532367072,0.4860824197991809,0.15790035953675718,0.006687506091841475,0.16705313691378873,0.46444890824801077,0.4066877276314347,0.14702384479861028,0.7177920323526751,0.4464187879070042,0.35819559735627915,0.13486542362084328,0.13809540785200938,0.2690338860243216,0.10202039015019276,0.05653446291788342,0.03467933800835926,0.0,0.0,0.7177974319033258,0.7167344123029717,0.5216208832814407,0.2525366909555792,0.8648758221879267,0.4376533139640129
r176,0.0,0.0,0.0,0.15863639000028856,0.1423567185452958,0.2145463307715992,0.1774192137008102,0.193076250059906,0.12186794283240872,0.33673879121937605,0.21093981104027948,0.2185535335681379,0.3398406788037285,0.26025809736551825,0.4071019977276163,0.0,0.10606425751415335,0.10029607683240305,0.04578773090125048,0.20072924035917217,0.14806224527580714,0.1401414940664337,0.010514288055272561,0.1584968137537166,0.25459576489890706,0.0546344739511651,0.23455129110229517,0.12623410437220534,0.31305479172217093,0.0,0.23125827968685506,0.3061106081384466,0.2822838312434142,0.3140533740201636,0.27150222546272956,0.28183253104508665,0.25003752586493627,0.2720462445250122,0.2063301943134278,0.28233289508465864,0.2421945979799332,0.2700163438405442,0.26580146067726196,0.22622924668776034,0.20838294411627548,0.27195612639454336,0.3231365320453018,0.3341877298069962,0.093923960687589,0.21736075694532442,0.349950924892064,0.3504721967810916,0.23163795776803192,0.22738848961978186,0.3378398931440766,0.13893475795716845,0.15068815716053624,0.18140283792325732,0.34461631621776745,0.35461466407328024,0.20718050768989943,0.3410803032245949,0.2961168181270613,0.3454226523751242,0.3395860536138406,0.32083233129906624,0.2310338515832997,0.18973402752278873,0.28223847428383697,0.28301937355901613,0.02957428981937697,0.2273312542425201
r177,0.0,0.0,0.0,0.0,0.0,0.0,0.0,0.0,0.0,0.39554059498958755,0.053622109990597605,0.12338113042811974,0.41427227474008665,0.2588261371014648,0.6106529965914245,0.0,0.0,0.0,0.0,0.09394469309855051,0.0,0.0,0.0,0.0,0.13320693914686943,0.0,0.08311803553814989,0.0,0.3293351619651909,0.0,0.060946161207354244,0.19712221633493793,0.17691980157791526,0.23454390829014862,0.0345221998385564,0.12502049783436037,0.11830051159718669,0.18243366016571175,0.031862386463844275,0.22604981613751488,0.12706730367910093,0.15872901301962783,0.1852194490689619,0.13162305524093923,0.026304665089080186,0.19053785640865004,0.37271233328164993,0.35660112550086503,0.0,0.23802491131323808,0.5097568979499083,0.4285435323194463,0.10225586551752144,0.1255514594460867,0.420258084386538,0.0,0.0,0.08290595064768123,0.4364104742042637,0.44942111987864436,0.166285708292952,0.4480153367947307,0.40533200529459773,0.48880731712740977,0.509379080420761,0.4812484969485994,0.0,0.0,0.1472316356549517,0.28593068822994044,0.0,0.10963814078175217
r178,1.0626762470049669,1.1624305350143163,1.2129759317784128,0.37181488617598063,0.3903171558311092,0.2852398031974351,0.2680002278139694,0.2605801527413495,0.37318167135593555,0.0,0.15731770104968185,0.09517240314001817,0.0,0.001431960264053479,0.0,0.6067834430630019,0.38727329554583956,0.4139589715191977,0.3939960278202052,0.10678454726062164,0.21506612679880016,0.27792553180553514,0.49041385653678793,0.17254294947604346,0.12138882575203759,0.41137687662632144,0.15143325556414525,0.27684209756258155,0.0,0.9814059197177493,0.1703121184795008,0.10898839180350874,0.1053640296654989,0.07950946573001551,0.23698002562417317,0.15681203321072626,0.13173701426774956,0.08961258435930046,0.17446780784958354,0.05628307894714377,0.11512729430083224,0.11128733082091631,0.08058201160830006,0.09460619144682109,0.1820782790271953,0.08141826998589335,0.0,0.0,0.20467373625694502,1e-09,0.0,0.0,0.12938209225051045,0.10183703017369518,0.0,0.3021280458398999,0.15792193728049014,0.0984968872755761,0.0,0.0,0.04089479939694743,0.0,0.0,0.0,0.0,0.0,0.25917382357837143,0.27789353471508393,0.13500683862888527,0.0,0.428324288915976,0.1176931134607679
r179r,2.8617862183050766,2.993084246970454,3.0572836338998988,1.4372742557847407,1.4658088013705983,1.2401898331947299,1.0761032700526383,1.0877845217782354,1.3380161586888577,0.25914103902629476,0.717235336288396,0.4546018357405695,0.23036985483409797,0.2970927437822816,0.03974403465510676,1.75542389280921,1.3520047595507712,1.4420700173752057,1.20618352543507,0.44737706966099255,0.7567720598175819,1.0144605395076145,1.4959431947242119,0.587657049080624,0.6936715571688977,1.3070791077925907,0.7664205418139706,0.959161064337382,0.32018447037508146,2.197315654985129,0.8409205744468841,0.7555045580899185,0.7084904319064121,0.6932564272812981,0.9426891898820828,0.9069583296168199,0.7253311766997369,0.602980332520906,0.7925302960707443,0.4934893181853427,0.6271366800240183,0.6960875473909838,0.5459501695008139,0.4804846865563716,0.8297110896133545,0.5705105736168447,0.2628206625107249,0.3314030454712658,0.5288185024059046,0.20298115744032094,0.06549083975389841,0.23486889674163725,0.6574827401490767,0.5194892547851272,0.21161563493374536,1.1090991231543466,0.49642522102964304,0.4084202513618821,0.19991197455643103,0.2049911475322981,0.3186001958805913,0.16464849517847313,0.10912344989317607,0.09428451565899025,0.033152674166560266,0.03132180968112157,1.1760099874671206,1.1423447465364742,0.8243802414520925,0.31384760209446666,1.3041467729677858,0.5874952390587158
r180r,2.8617862183050766,2.993084246970454,3.0572836338998988,1.4372742557847407,1.4658088013705983,1.2401898331947299,1.0761032700526383,1.0877845217782354,1.3380161586888577,0.25914103902629476,0.717235336288396,0.4546018357405695,0.23036985483409797,0.2970927437822816,0.03974403465510676,1.75542389280921,1.3520047595507712,1.4420700173752057,1.20618352543507,0.44737706966099255,0.7567720598175819,1.0144605395076145,1.4959431947242119,0.587657049080624,0.6936715571688977,1.3070791077925907,0.7664205418139706,0.959161064337382,0.32018447037508146,2.197315654985129,0.8409205744468841,0.7555045580899185,0.7084904319064121,0.6932564272812981,0.9426891898820828,0.9069583296168199,0.7253311766997369,0.602980332520906,0.7925302960707443,0.4934893181853427,0.6271366800240183,0.6960875473909838,0.5459501695008139,0.4804846865563716,0.8297110896133545,0.5705105736168447,0.2628206625107249,0.3314030454712658,0.5288185024059046,0.20298115744032094,0.06549083975389841,0.23486889674163725,0.6574827401490767,0.5194892547851272,0.21161563493374536,1.1090991231543466,0.49642522102964304,0.4084202513618821,0.19991197455643103,0.2049911475322981,0.3186001958805913,0.16464849517847313,0.10912344989317607,0.09428451565899025,0.033152674166560266,0.03132180968112157,1.1760099874671206,1.1423447465364742,0.8243802414520925,0.31384760209446666,1.3041467729677858,0.5874952390587158
r181r,2.8617862183050766,2.993084246970454,3.0572836338998988,1.4372742557847407,1.4658088013705983,1.2401898331947299,1.0761032700526383,1.0877845217782354,1.3380161586888577,0.25914103902629476,0.717235336288396,0.4546018357405695,0.23036985483409797,0.2970927437822816,0.03974403465510676,1.75542389280921,1.3520047595507712,1.4420700173752057,1.20618352543507,0.44737706966099255,0.7567720598175819,1.0144605395076145,1.4959431947242119,0.587657049080624,0.6936715571688977,1.3070791077925907,0.7664205418139706,0.959161064337382,0.32018447037508146,2.197315654985129,0.8409205744468841,0.7555045580899185,0.7084904319064121,0.6932564272812981,0.9426891898820828,0.9069583296168199,0.7253311766997369,0.602980332520906,0.7925302960707443,0.4934893181853427,0.6271366800240183,0.6960875473909838,0.5459501695008139,0.4804846865563716,0.8297110896133545,0.5705105736168447,0.2628206625107249,0.3314030454712658,0.5288185024059046,0.20298115744032094,0.06549083975389841,0.23486889674163725,0.6574827401490767,0.5194892547851272,0.21161563493374536,1.1090991231543466,0.49642522102964304,0.4084202513618821,0.19991197455643103,0.2049911475322981,0.3186001958805913,0.16464849517847313,0.10912344989317607,0.09428451565899025,0.033152674166560266,0.03132180968112157,1.1760099874671206,1.1423447465364742,0.8243802414520925,0.31384760209446666,1.3041467729677858,0.5874952390587158
r182r,2.8617862183050766,2.993084246970454,3.0572836338998988,1.4372742557847407,1.4658088013705983,1.2401898331947299,1.0761032700526383,1.0877845217782354,1.3380161586888577,0.25914103902629476,0.717235336288396,0.4546018357405695,0.23036985483409797,0.2970927437822816,0.03974403465510676,1.75542389280921,1.3520047595507712,1.4420700173752057,1.20618352543507,0.44737706966099255,0.7567720598175819,1.0144605395076145,1.4959431947242119,0.587657049080624,0.6936715571688977,1.3070791077925907,0.7664205418139706,0.959161064337382,0.32018447037508146,2.197315654985129,0.8409205744468841,0.7555045580899185,0.7084904319064121,0.6932564272812981,0.9426891898820828,0.9069583296168199,0.7253311766997369,0.602980332520906,0.7925302960707443,0.4934893181853427,0.6271366800240183,0.6960875473909838,0.5459501695008139,0.4804846865563716,0.8297110896133545,0.5705105736168447,0.2628206625107249,0.3314030454712658,0.5288185024059046,0.20298115744032094,0.06549083975389841,0.23486889674163725,0.6574827401490767,0.5194892547851272,0.21161563493374536,1.1090991231543466,0.49642522102964304,0.4084202513618821,0.19991197455643103,0.2049911475322981,0.3186001958805913,0.16464849517847313,0.10912344989317607,0.09428451565899025,0.033152674166560266,0.03132180968112157,1.1760099874671206,1.1423447465364742,0.8243802414520925,0.31384760209446666,1.3041467729677858,0.5874952390587158
r185r,0.014359809760801681,0.01384478638471162,0.013552678633003473,0.015694454085781427,0.015374294399854127,0.016269422049096406,0.014185586474605189,0.014729789001193412,0.014050729317354429,0.013999671245723919,0.013191624579367393,0.012123037629460081,0.013784987108654716,0.011887734690101903,0.013908049567227312,0.011922141005614877,0.013651795927777027,0.013996832175333325,0.011059230665862695,0.011575590826190049,0.011642724237981805,0.01271358989063699,0.01164845950768598,0.011149538306798722,0.014361909120337626,0.01185807320185659,0.014133138194856405,0.012055412841095545,0.013889287323717237,0.009756834646166447,0.014413116235035744,0.01642605380393146,0.015258163364659573,0.016116454730635006,0.017764692586580727,0.016409370312482834,0.014389962188209138,0.014433076757465654,0.013372255772907116,0.014142545272996944,0.013654407837934594,0.014834269465665535,0.013942940490724559,0.01245978124312644,0.01363909521083788,0.014242340503036384,0.013590197959772682,0.014712238298505561,0.008939955590212953,0.009430446279739638,0.012301061759286115,0.014186370022649815,0.013498201097379946,0.012677273796974961,0.013511948219830766,0.01320985057434335,0.010460839273813338,0.010506488872081539,0.013607079572828862,0.013993911127037519,0.010368769944675912,0.013101165186439634,0.011001083380053036,0.012468799399492839,0.011601465215998415,0.010960771480817057,0.016426780773866233,0.014971870481297283,0.015931233021213107,0.01282562156716978,0.011102535902356233,0.013035800044437997
r186a,0.9863163138821397,1.027506528456075,1.0476531680810237,0.4901591788479114,0.49888375392566553,0.4086719367775226,0.32214646877556447,0.3314557058006354,0.42963311281189465,0.0,0.15396336474245667,0.011060361688580204,0.0,0.0,0.0,0.5911125894467932,0.4323821539163215,0.47385825516467384,0.34080056946852005,0.0,0.14530698383285767,0.28213726883100315,0.47131422721562655,0.05221310128844556,0.15525714425279297,0.39580491620541686,0.18861548531829667,0.24479287713851394,0.0,0.7596404174485011,0.22785073039295836,0.18447761177395802,0.17187638341570033,0.17412928627321192,0.14646202666507044,0.2646098527954856,0.17069846054837948,0.11046455211740733,0.1990515508591462,0.05817612900962393,0.11566827254569187,0.1611057151519971,0.07914094566490552,0.02943763472447987,0.21819612434097843,0.09501859339012095,0.0,0.0,0.0,1e-09,0.0,0.0,0.12850775777030377,0.05219976971222351,0.0,0.3281594319938753,0.0,0.0,0.0,0.0,0.0,0.0,0.0,0.0,0.0,0.0,0.3796868567467867,0.35403961028422726,0.22660254916291128,0.0,0.3861969856265408,0.08752628807367313
r187r,0.1412704799554743,0.155708596275213,0.16287609474625847,-0.0,-0.0,-0.0,-0.0,-0.0,-0.0,-0.0,-0.0,-0.0,-0.0,-0.0,-0.0,-0.0,-0.0,-0.0,-0.0,-0.0,-0.0,-0.0,-0.0,-0.0,-0.0,-0.0,-0.0,-0.0,-0.0,-0.0,-0.0,-0.0,-0.0,-0.0,-0.0,-0.0,-0.0,-0.0,-0.0,-0.0,-0.0,-0.0,-0.0,-0.0,-0.0,-0.0,-0.0,-0.0,-0.0,1e-09,-0.0,-0.0,-0.0,-0.0,-0.0,-0.0,-0.0,-0.0,-0.0,-0.0,-0.0,-0.0,-0.0,-0.0,-0.0,-0.0,-0.0,-0.0,-0.0,-0.0,-0.0,-0.0
r189,0.5214698766922798,0.520817487629869,0.520296367189573,0.7012240769095457,0.7036002253850943,0.7110027969355929,0.7618044756094773,0.7514358628427882,0.7524072996641848,0.9822103998767797,0.8237449098601966,0.9255016777506972,1.1144352900931451,1.0308392628055052,1.238654792572939,0.7677318535528185,0.7644825815008556,0.7450289097533274,0.8306545178390058,0.9599483597450754,0.8722657477572666,0.7966839774429628,0.7927789572899462,0.9491813921344486,0.8118033316322538,0.8015809536347599,0.79878626437044,0.8307297430088857,0.9527025028640199,0.7996029245947287,0.7827642043938391,0.7793594730927579,0.7858038231845004,0.7753791622300605,1.0309136117863853,0.749828534004796,0.8030663101704213,0.8328039219857102,0.8108125160771864,0.8592885070085686,0.8422271075011744,0.7964256056584634,0.8540839625742004,0.9049287062137626,0.798621772452116,0.8507105265859205,1.0086629325109824,0.9416334941871715,1.094443914719675,1.207136599083973,1.251095472525321,1.0835601458363828,0.8549985987170079,0.911154813028081,1.1423567092819875,0.7970947709497689,1.0491197428040786,1.0825930039713547,1.1783653267398122,1.049117030538797,1.119425225230429,1.198552083070909,1.1980709156462797,1.233195954688032,1.3630398198616263,1.3861698681173371,0.7251112343570073,0.7578648325500441,0.7714598934470162,0.9984776422808382,0.8295825176523473,0.8680326900383998
r1286r,0.7037753539718118,0.7160893359057884,0.7219009785877171,0.7460729914940966,0.7475342426225245,0.7574947561864077,0.8023416075577435,0.7935281232777321,0.792559059996873,1.0222162552241212,0.8614416682665628,0.9601448119544876,1.153827657996231,1.0648099886941615,1.2783988272280455,0.8018008998989546,0.8034943385294281,0.7850266520930581,0.8622576872638967,0.9930270945256525,0.9055363248685653,0.83301469044207,0.826065923669688,0.9810426272207848,0.8528443281453247,0.8354669180181422,0.8391735186354368,0.865179630710403,0.9923929220029705,0.8274843304257185,0.8239515318019296,0.826299027663259,0.8294059811008246,0.821433997757909,1.0816784982922607,0.7967204133596532,0.8441874719213479,0.8740482891455899,0.8490254512760739,0.8997026432053425,0.88124632839787,0.8388164324150681,0.893927702516229,0.9405341284642522,0.8375972355537986,0.8914098404463149,1.0474986654491019,0.9836756012391787,1.1199909839241007,1.2340853083147967,1.286247333502844,1.1240995168736376,0.8935714388268118,0.9473817481338135,1.1809688335565793,0.8348436124733569,1.079012932112205,1.112616642858827,1.2172493010514682,1.089106425608543,1.1490553146272264,1.235990342165059,1.2295079217474671,1.2688271474764692,1.3961924940281867,1.4174916777984585,0.7720528663372949,0.8006488718493142,0.8169854341947044,1.0351285001581374,0.8613094373422638,0.9052841598594462
r190,0.1412704799554743,0.155708596275213,0.16287609474625847,0.0,0.0,0.0,0.0,0.0,0.0,0.0,0.0,0.0,0.0,0.0,0.0,0.0,0.0,0.0,0.0,0.0,0.0,0.0,0.0,0.0,0.0,0.0,0.0,0.0,0.0,0.0,0.0,0.0,0.0,0.0,0.0,0.0,0.0,0.0,0.0,0.0,0.0,0.0,0.0,0.0,0.0,0.0,0.0,0.0,0.0,1e-09,0.0,0.0,0.0,0.0,0.0,0.0,0.0,0.0,0.0,0.0,0.0,0.0,0.0,0.0,0.0,0.0,0.0,0.0,0.0,0.0,0.0,0.0
r191r,0.014359809760801681,0.01384478638471162,0.013552678633003473,0.015694454085781427,0.015374294399854127,0.016269422049096406,0.014185586474605189,0.014729789001193412,0.014050729317354429,0.013999671245723919,0.013191624579367393,0.012123037629460081,0.013784987108654716,0.011887734690101903,0.013908049567227312,0.011922141005614877,0.013651795927777027,0.013996832175333325,0.011059230665862695,0.011575590826190049,0.011642724237981805,0.01271358989063699,0.01164845950768598,0.011149538306798722,0.014361909120337626,0.01185807320185659,0.014133138194856405,0.012055412841095545,0.013889287323717237,0.009756834646166447,0.014413116235035744,0.01642605380393146,0.015258163364659573,0.016116454730635006,0.017764692586580727,0.016409370312482834,0.014389962188209138,0.014433076757465654,0.013372255772907116,0.014142545272996944,0.013654407837934594,0.014834269465665535,0.013942940490724559,0.01245978124312644,0.01363909521083788,0.014242340503036384,0.013590197959772682,0.014712238298505561,0.008939955590212953,0.009430446279739638,0.012301061759286115,0.014186370022649815,0.013498201097379946,0.012677273796974961,0.013511948219830766,0.01320985057434335,0.010460839273813338,0.010506488872081539,0.013607079572828862,0.013993911127037519,0.010368769944675912,0.013101165186439634,0.011001083380053036,0.012468799399492839,0.011601465215998415,0.010960771480817057,0.016426780773866233,0.014971870481297283,0.015931233021213107,0.01282562156716978,0.011102535902356233,0.013035800044437997
r192,0.014359809760801681,0.01384478638471162,0.013552678633003473,0.015694454085781427,0.015374294399854127,0.016269422049096406,0.014185586474605189,0.014729789001193412,0.014050729317354429,0.013999671245723919,0.013191624579367393,0.012123037629460081,0.013784987108654716,0.011887734690101903,0.013908049567227312,0.011922141005614877,0.013651795927777027,0.013996832175333325,0.011059230665862695,0.011575590826190049,0.011642724237981805,0.01271358989063699,0.01164845950768598,0.011149538306798722,0.014361909120337626,0.01185807320185659,0.014133138194856405,0.012055412841095545,0.013889287323717237,0.009756834646166447,0.014413116235035744,0.01642605380393146,0.015258163364659573,0.016116454730635006,0.017764692586580727,0.016409370312482834,0.014389962188209138,0.014433076757465654,0.013372255772907116,0.014142545272996944,0.013654407837934594,0.014834269465665535,0.013942940490724559,0.01245978124312644,0.01363909521083788,0.014242340503036384,0.013590197959772682,0.014712238298505561,0.008939955590212953,0.009430446279739638,0.012301061759286115,0.014186370022649815,0.013498201097379946,0.012677273796974961,0.013511948219830766,0.01320985057434335,0.010460839273813338,0.010506488872081539,0.013607079572828862,0.013993911127037519,0.010368769944675912,0.013101165186439634,0.011001083380053036,0.012468799399492839,0.011601465215998415,0.010960771480817057,0.016426780773866233,0.014971870481297283,0.015931233021213107,0.01282562156716978,0.011102535902356233,0.013035800044437997
r197,1.1686217911616725,1.2227783767319944,1.249257779479168,0.5350080934324624,0.5428177711630968,0.45516389602833757,0.36268360072383077,0.3735479662355793,0.46978487314458284,0.04000585534734161,0.19166012314882303,0.045703495892370605,0.0393923679030859,0.03397072588865638,0.03974403465510676,0.6251816357929294,0.4713939109448942,0.5138559975044046,0.37240373889341094,0.03307873478057716,0.17857756094415633,0.3184679818301103,0.5046011935953685,0.08407433637478197,0.19629814076586377,0.4296908805887992,0.22900273958329329,0.27924276484003147,0.03969041913895063,0.7875218232794907,0.26903805780104884,0.2314171663444591,0.21547854133202457,0.22018412180106034,0.19722691317094573,0.3115017321503428,0.21181962229930612,0.15170891927728716,0.2372644860580336,0.09859026520639781,0.15468749344238744,0.20349654190860172,0.1189846856069341,0.06504305697496955,0.2571715874426611,0.13571790725051547,0.03883573293811937,0.042042107052007255,0.025547069204425458,0.02694870923082388,0.03515186097752319,0.040539371037254995,0.1670805978801066,0.0884267048179557,0.03861212427459167,0.3659082735174643,0.02989318930812661,0.03002363888747258,0.03888397431165603,0.039989395069746025,0.02963008939679699,0.037438259094149856,0.03143700610118776,0.03563119278843725,0.033152674166560266,0.03132180968112157,0.4266284887270742,0.3968236495834973,0.2721280899105995,0.036650857877299166,0.4179239053164583,0.12477775789471957
r198a,0.009118888294235166,0.008791833777934742,0.008606337033752383,0.00996642546323355,0.00976311494165144,0.010331546500181083,0.00900825154405919,0.009353835652209765,0.008922613407264043,0.008890190077187025,0.008377057423636963,0.007698474267508978,0.00875385953401909,0.007549050197479195,0.008832007701134835,0.00757089918803027,0.008669279339682789,0.008888387186606821,0.007022926538864661,0.007350829951239367,0.007393461580288591,0.008073491777579362,0.007397103639942646,0.007080274463630314,0.009120221447349072,0.0075302143074183,0.008974945392221476,0.007655530600337228,0.00882009314198903,0.006195867962442158,0.00915273942402011,0.010431012126778015,0.009689368425849831,0.010234407895077423,0.011281085890194513,0.010420417634412727,0.009138035944650371,0.009165414924417737,0.008491763377530543,0.00898091915483864,0.00867093797704346,0.009420183723689917,0.008854164431561905,0.007912316055664337,0.00866121402259614,0.009044291968976562,0.008630162875137638,0.009342690456001612,0.005677126489872379,0.0059886020512941954,0.00781152466167182,0.00900874911939,0.008571742246622804,0.00805043002349603,0.008580472061020373,0.008388631449686438,0.006642930957361543,0.006671919752771684,0.008640883180368005,0.008886532237721342,0.006584464310399331,0.008319613132033303,0.0069860013558195036,0.007918042841874947,0.0073672609259022815,0.006960402151360348,0.010431473773397218,0.009507564288726678,0.01011678683281961,0.00814463508384426,0.007050426597759448,0.008278104404676984
r199,0.009118888294235166,0.008791833777934742,0.008606337033752383,0.00996642546323355,0.00976311494165144,0.010331546500181083,0.00900825154405919,0.009353835652209765,0.008922613407264043,0.008890190077187025,0.008377057423636963,0.007698474267508978,0.00875385953401909,0.007549050197479195,0.008832007701134835,0.00757089918803027,0.008669279339682789,0.008888387186606821,0.007022926538864661,0.007350829951239367,0.007393461580288591,0.008073491777579362,0.007397103639942646,0.007080274463630314,0.009120221447349072,0.0075302143074183,0.008974945392221476,0.007655530600337228,0.00882009314198903,0.006195867962442158,0.00915273942402011,0.010431012126778015,0.009689368425849831,0.010234407895077423,0.011281085890194513,0.010420417634412727,0.009138035944650371,0.009165414924417737,0.008491763377530543,0.00898091915483864,0.00867093797704346,0.009420183723689917,0.008854164431561905,0.007912316055664337,0.00866121402259614,0.009044291968976562,0.008630162875137638,0.009342690456001612,0.005677126489872379,0.0059886020512941954,0.00781152466167182,0.00900874911939,0.008571742246622804,0.00805043002349603,0.008580472061020373,0.008388631449686438,0.006642930957361543,0.006671919752771684,0.008640883180368005,0.008886532237721342,0.006584464310399331,0.008319613132033303,0.0069860013558195036,0.007918042841874947,0.0073672609259022815,0.006960402151360348,0.010431473773397218,0.009507564288726678,0.01011678683281961,0.00814463508384426,0.007050426597759448,0.008278104404676984
r977r,0.6126226153321432,0.61845341176792,0.6210986728892208,0.7236485342020477,0.7255672340034484,0.7342487765610056,0.7820730415836092,0.772481993060308,0.7724831798304139,1.0022133275504377,0.8425932890634243,0.9428232448526548,1.1341314740446646,1.047824625749772,1.2585268099004747,0.7847663767259007,0.7839884600152159,0.765027780923099,0.8464561025514565,0.9764877271353333,0.888901036313038,0.8148493339425702,0.8094224404797637,0.9651120096775861,0.8323238298887492,0.8185239358265017,0.8189798915029636,0.8479546868596405,0.9725477124335371,0.8135436275101056,0.803357868097932,0.8028292503781971,0.8076049021426855,0.7984065799940154,1.0562960550386975,0.7732744736823198,0.8236268910459289,0.8534261055657371,0.8299189836767543,0.8794955751069432,0.861736717949633,0.8176210190368816,0.8740058325450057,0.922731417338995,0.8181095040030527,0.8710601835160956,1.028080798980046,0.9626545477132111,1.1072174493218936,1.2206109536994145,1.2686714030140356,1.103829831355043,0.8742850187719453,0.9292682805809122,1.1616627714192906,0.8159691917116338,1.0640663374581174,1.0976048234150857,1.1978073138956242,1.0691117280736464,1.1342402699287937,1.2172712126179364,1.213789418696844,1.2510115510821973,1.3796161569449557,1.4018307729578374,0.7485820503472624,0.7792568521996999,0.7942226638207659,1.0168030712194545,0.8454459774972759,0.8866584249490254
r978,0.6126226153321432,0.61845341176792,0.6210986728892208,0.7236485342020477,0.7255672340034484,0.7342487765610056,0.7820730415836092,0.772481993060308,0.7724831798304139,1.0022133275504377,0.8425932890634243,0.9428232448526548,1.1341314740446646,1.047824625749772,1.2585268099004747,0.7847663767259007,0.7839884600152159,0.765027780923099,0.8464561025514565,0.9764877271353342,0.888901036313038,0.8148493339425702,0.8094224404797637,0.9651120096775861,0.8323238298887492,0.8185239358265017,0.8189798915029636,0.8479546868596405,0.9725477124335371,0.8135436275101056,0.803357868097932,0.8028292503781971,0.8076049021426855,0.7984065799940154,1.0562960550386975,0.7732744736823198,0.8236268910459289,0.8534261055657371,0.8299189836767543,0.8794955751069432,0.861736717949633,0.8176210190368816,0.8740058325450057,0.9227314173389956,0.8181095040030527,0.8710601835160956,1.028080798980046,0.9626545477132111,1.1072174493218936,1.2206109536994145,1.2686714030140356,1.103829831355043,0.8742850187719453,0.9292682805809122,1.1616627714192906,0.8159691917116343,1.0640663374581174,1.0976048234150857,1.1978073138956242,1.0691117280736464,1.1342402699287937,1.2172712126179364,1.213789418696844,1.2510115510821973,1.3796161569449557,1.4018307729578374,0.7485820503472624,0.7792568521996999,0.7942226638207659,1.0168030712194545,0.8454459774972759,0.8866584249490254
r206,0.2361518501558081,0.227682119347176,0.22287831016308549,0.2581005202213592,0.25283538764394736,0.26755605971518953,0.23328669023650084,0.2422362818852763,0.23106891940791696,0.23022925242891232,0.21694065609992644,0.19936738810568003,0.22669870035249234,0.1954977529641187,0.22872250343628883,0.1960635762724199,0.22450832705976523,0.23018256297155684,0.18187272857697812,0.19036444324724594,0.19146847454473365,0.2090792165639727,0.19156279296359469,0.18335786778463423,0.23618637482199895,0.19500995991921174,0.23242416082235953,0.19825527595693318,0.22841395209808987,0.16045439262336458,0.23702849286384875,0.27013192104717026,0.2509255741242331,0.26504046125881997,0.2921462812983672,0.26985755547838636,0.2366477168586106,0.23735675029764608,0.21991119618790844,0.2325788633528563,0.2245512807914945,0.24395449789239781,0.22929629628415868,0.20490524889353934,0.22429945954317226,0.23422002912058598,0.22349532797743946,0.24194765473907376,0.14702054470822498,0.15508682732236578,0.2022950541633151,0.23329957594484285,0.22198240896079074,0.2084819863184767,0.22220848496424458,0.21724038865252968,0.17203198300279188,0.1727827058375283,0.22377295172199027,0.23013452536026952,0.1705178722464115,0.21545302128026647,0.18091647711165768,0.2050535554760355,0.1907899561980914,0.18025353451377893,0.27014387630966774,0.24621739238515478,0.26199442860952943,0.2109216147663148,0.18258489760217644,0.21437806976791987
r207,0.03369885169134606,0.03249022172635784,0.03180471850823194,0.03683092529937958,0.0360795912668729,0.038180230091419194,0.03328999358107074,0.034567099652741184,0.03297351784654427,0.03285369743024465,0.030957415709050393,0.02844971165557943,0.03234988790796754,0.027897515004784365,0.032638684459543786,0.027978257949365863,0.03203732179979775,0.03284703484810551,0.025953225024374353,0.02716499208480509,0.02732253726995649,0.029835588864044527,0.027335996501408045,0.026165154280345822,0.0337037783586785,0.027827906973064333,0.03316691069695447,0.02829101333354623,0.03259465420622046,0.022896830055205,0.03382394854146631,0.03854780531450817,0.035807061017728056,0.03782125437625861,0.04168925290721382,0.038508653367972226,0.03376961183345544,0.03387079085318575,0.03138131156166413,0.0331889867367062,0.03204345129416411,0.034812288950896095,0.03272056465683702,0.029239963983707554,0.032007516420504034,0.03342318097135288,0.031892766905071146,0.03452591258015396,0.020979820943323377,0.022130878880557703,0.028867489387208206,0.033291832370705744,0.031676873472394576,0.029750364151829578,0.031709134501500785,0.031000187522316234,0.024548951352929584,0.02465607944636776,0.031932383793049975,0.032840179884499214,0.024332887859080728,0.030745130329429077,0.025816768010430976,0.029261127322148864,0.027225712751671887,0.025722166150352166,0.03854951132958942,0.03513520382898945,0.03738658574068486,0.030098498952346467,0.026054851492020043,0.030591734827483796
r208,0.02919412087399389,0.028147055840058076,0.027553188013558258,0.03190751112054221,0.03125661248569709,0.03307644612032974,0.0288399173183055,0.02994630484054956,0.028565746823355838,0.028461943532114262,0.026819149341773738,0.024646665367429998,0.028025481298162118,0.02416828420722964,0.028275672655183177,0.02423823375047891,0.027754697805994454,0.028456171577921737,0.022483899314175212,0.02353368208889284,0.023670167249293925,0.025847283925920325,0.023681827303276382,0.022667498695312448,0.02919838896368806,0.024107981105199693,0.028733287673197057,0.024509181216979637,0.02823752819407788,0.019836071281758575,0.02930249526600038,0.03339488532387982,0.031020513015358245,0.032765456876090365,0.03611639647745773,0.03336096705657234,0.02925542207679816,0.02934307588052338,0.027186380453164037,0.028752412674215914,0.027760007933504645,0.03015871819139327,0.028346607427645443,0.025331279852209374,0.027728876693341543,0.02895530073867846,0.027629466444753153,0.029910623494889165,0.018175320457326418,0.01917250946721837,0.025008596204342332,0.028841510305727087,0.02744243280256291,0.02577345172022254,0.02747038130335672,0.026856203586171135,0.021267343459992982,0.021360151088498546,0.027663787501948173,0.02845023295906487,0.021080162489743457,0.026635241442204624,0.022365683340656143,0.02534961415826264,0.02358628585427616,0.022283727487580157,0.03339636328553119,0.030438467070358462,0.032388893045271976,0.0260750492209274,0.022571940752726876,0.026502351251573367
r209,0.02200387745398946,0.02121469490615653,0.0207670912624445,0.024048984642782555,0.023558396354204925,0.024930021704936953,0.021736910975814823,0.022570805428782162,0.02153026615172814,0.02145202865625229,0.02021383956323599,0.018576418407499164,0.021123063055588063,0.018215858126517295,0.021311634582838357,0.018268579740717043,0.02091897104665457,0.021447678281282256,0.016946321738280427,0.017737552672340597,0.017840422793236367,0.019481335659298996,0.017849211083181604,0.017084702280739945,0.022007094352453314,0.01817040712380036,0.02165654323143042,0.01847279533861373,0.02128288475161953,0.01495062939337293,0.02208556023016052,0.025170032261915352,0.023380446011575646,0.02469562625082182,0.027221260253039357,0.025144467751837905,0.02205008073444134,0.022116146212619994,0.020490625029981203,0.021670957920625643,0.020922973338605873,0.022730903325263774,0.021365098773358883,0.019092418642318046,0.020899509436524487,0.02182387652114044,0.02082458301770712,0.02254391207033189,0.01369890622006205,0.014450496749772895,0.0188492090086141,0.021738111625088073,0.020683614041100827,0.01942568764669592,0.020704679083242163,0.02024176768809337,0.016029392400113404,0.016099342363438074,0.020850451114227998,0.021443202289621592,0.015888312380993586,0.020075226487596364,0.016857221271592466,0.019106237377444248,0.017777200614202206,0.01679545039123252,0.025171146215207486,0.022941752628697475,0.024411806627593718,0.019653004457316197,0.01701267938039355,0.019975065928485566
r210,0.14127381608680822,0.13620694410687667,0.13333314720568124,0.15440423355397978,0.15125445780196606,0.16006084876394575,0.13955978303886704,0.14491372358096719,0.13823303947131368,0.13773072302413025,0.1297810469466641,0.11926813913321542,0.13561863046842942,0.11695319591785928,0.1368293361413578,0.11729169006025891,0.13430827700935624,0.1377027918526942,0.10880225749337864,0.11388228094353393,0.11454274883473381,0.12507807484440395,0.11459917321993761,0.10969071669091314,0.14129446987943653,0.11666138204949814,0.13904378952984964,0.1186028370105926,0.13664475056653683,0.09598910336225548,0.14179825263315696,0.16160181386686265,0.15011194444132037,0.15855593489840142,0.17477152936705626,0.16143767934545464,0.14157045988328526,0.14199462704352395,0.13155812188294425,0.13913633767980965,0.13433397334666025,0.1459416169979671,0.1371725979248603,0.12258106988494233,0.13418332558040832,0.1401181371054133,0.1337022675880531,0.14474105731414197,0.0879525330010687,0.09277804898064917,0.12101956541218398,0.13956749169407875,0.13279718959365563,0.12472079203756582,0.1329324357063264,0.129960356833433,0.10291519931666984,0.10336430644675053,0.13386835125753577,0.13767405417116527,0.10200940838430657,0.12889109479181837,0.10823019636595031,0.12266979176811285,0.11413683680799418,0.1078336022652179,0.16160896589871934,0.14729535502789434,0.15673369782506757,0.12618025814139955,0.10922830046455251,0.1282480233860373
r211,0.14127381608680822,0.13620694410687667,0.13333314720568124,0.15440423355397978,0.15125445780196606,0.16006084876394575,0.13955978303886704,0.14491372358096719,0.13823303947131368,0.13773072302413025,0.1297810469466641,0.11926813913321542,0.13561863046842942,0.11695319591785928,0.1368293361413578,0.11729169006025891,0.13430827700935624,0.1377027918526942,0.10880225749337864,0.11388228094353393,0.11454274883473381,0.12507807484440395,0.11459917321993761,0.10969071669091314,0.14129446987943653,0.11666138204949814,0.13904378952984964,0.1186028370105926,0.13664475056653683,0.09598910336225548,0.14179825263315696,0.16160181386686265,0.15011194444132037,0.15855593489840142,0.17477152936705626,0.16143767934545464,0.14157045988328526,0.14199462704352395,0.13155812188294425,0.13913633767980965,0.13433397334666025,0.1459416169979671,0.1371725979248603,0.12258106988494233,0.13418332558040832,0.1401181371054133,0.1337022675880531,0.14474105731414197,0.0879525330010687,0.09277804898064917,0.12101956541218398,0.13956749169407875,0.13279718959365563,0.12472079203756582,0.1329324357063264,0.129960356833433,0.10291519931666984,0.10336430644675053,0.13386835125753577,0.13767405417116527,0.10200940838430657,0.12889109479181837,0.10823019636595031,0.12266979176811285,0.11413683680799418,0.1078336022652179,0.16160896589871934,0.14729535502789434,0.15673369782506757,0.12618025814139955,0.10922830046455251,0.1282480233860373
r212,0.14127381608680822,0.13620694410687667,0.13333314720568124,0.15440423355397978,0.15125445780196606,0.16006084876394575,0.13955978303886704,0.14491372358096719,0.13823303947131368,0.13773072302413025,0.1297810469466641,0.11926813913321542,0.13561863046842942,0.11695319591785928,0.1368293361413578,0.11729169006025891,0.13430827700935624,0.1377027918526942,0.10880225749337864,0.11388228094353393,0.11454274883473381,0.12507807484440395,0.11459917321993761,0.10969071669091314,0.14129446987943653,0.11666138204949814,0.13904378952984964,0.1186028370105926,0.13664475056653683,0.09598910336225548,0.14179825263315696,0.16160181386686265,0.15011194444132037,0.15855593489840142,0.17477152936705626,0.16143767934545464,0.14157045988328526,0.14199462704352395,0.13155812188294425,0.13913633767980965,0.13433397334666025,0.1459416169979671,0.1371725979248603,0.12258106988494233,0.13418332558040832,0.1401181371054133,0.1337022675880531,0.14474105731414197,0.0879525330010687,0.09277804898064917,0.12101956541218398,0.13956749169407875,0.13279718959365563,0.12472079203756582,0.1329324357063264,0.129960356833433,0.10291519931666984,0.10336430644675053,0.13386835125753577,0.13767405417116527,0.10200940838430657,0.12889109479181837,0.10823019636595031,0.12266979176811285,0.11413683680799418,0.1078336022652179,0.16160896589871934,0.14729535502789434,0.15673369782506757,0.12618025814139955,0.10922830046455251,0.1282480233860373
r213,0.14127381608680822,0.13620694410687667,0.13333314720568124,0.15440423355397978,0.15125445780196606,0.16006084876394575,0.13955978303886704,0.14491372358096719,0.13823303947131368,0.13773072302413025,0.1297810469466641,0.11926813913321542,0.13561863046842942,0.11695319591785928,0.1368293361413578,0.11729169006025891,0.13430827700935624,0.1377027918526942,0.10880225749337864,0.11388228094353393,0.11454274883473381,0.12507807484440395,0.11459917321993761,0.10969071669091314,0.14129446987943653,0.11666138204949814,0.13904378952984964,0.1186028370105926,0.13664475056653683,0.09598910336225548,0.14179825263315696,0.16160181386686265,0.15011194444132037,0.15855593489840142,0.17477152936705626,0.16143767934545464,0.14157045988328526,0.14199462704352395,0.13155812188294425,0.13913633767980965,0.13433397334666025,0.1459416169979671,0.1371725979248603,0.12258106988494233,0.13418332558040832,0.1401181371054133,0.1337022675880531,0.14474105731414197,0.0879525330010687,0.09277804898064917,0.12101956541218398,0.13956749169407875,0.13279718959365563,0.12472079203756582,0.1329324357063264,0.129960356833433,0.10291519931666984,0.10336430644675053,0.13386835125753577,0.13767405417116527,0.10200940838430657,0.12889109479181837,0.10823019636595031,0.12266979176811285,0.11413683680799418,0.1078336022652179,0.16160896589871934,0.14729535502789434,0.15673369782506757,0.12618025814139955,0.10922830046455251,0.1282480233860373
r214,0.14059957916466492,0.13555688910508684,0.13269680755491114,0.1536673310048665,0.15053258772785275,0.15929694971304206,0.13889372643207665,0.1442221150035963,0.13757331481990068,0.13707339570510813,0.12916165988634654,0.1186989254935872,0.13497138322527333,0.11639503046983297,0.13617631073994746,0.11673190913064474,0.1336672834988991,0.13704559783669729,0.1082829928394848,0.1133387716031842,0.11399608737567965,0.12448113297260739,0.11405224247245568,0.109167211817484,0.1406201343859517,0.1161046092989291,0.13838019552996686,0.11803679856129957,0.13599260610975786,0.09553099017891445,0.14112151280925403,0.16083056047672686,0.14939552707396564,0.15779921813025125,0.1739374227979641,0.1606672092961926,0.14089480721259173,0.14131695001213487,0.13093025363645472,0.13847230198887964,0.13369285719904464,0.14524510274371302,0.13651793428803727,0.12199604510426058,0.1335429284073986,0.13944941572366512,0.1330641662903097,0.14405027279586088,0.08753277478409727,0.09233526072787956,0.12044199299598696,0.13890139829731477,0.13216340782955371,0.12412555531727357,0.13229800847284265,0.12934011400699033,0.10242403096607898,0.10287099470811024,0.13322945731650415,0.1370169973073065,0.10152256296989211,0.12827595507625553,0.10771366190470305,0.12208434355744889,0.11359211258602436,0.10731896057074955,0.16083767837512503,0.14659237998573232,0.15598567778182917,0.12557805604025274,0.10870700249755408,0.12763595276351208
r220,0.0006742369221433069,0.0006500550017898278,0.0006363396507701005,0.0007369025491132937,0.0007218700741132949,0.0007638990509036391,0.0006660566067904203,0.0006916085773709115,0.0006597246514129924,0.0006573273190220927,0.0006193870603175814,0.0005692136396282125,0.0006472472431560704,0.0005581654480263153,0.000653025401410358,0.0005597809296141761,0.0006409935104571358,0.0006571940159969284,0.0005192646538938446,0.0005435093403497121,0.0005466614590541679,0.0005969418717965515,0.0005469307474818991,0.0005235048734291299,0.0006743354934848194,0.000556772750569048,0.0006635939998827676,0.000566038449293034,0.0006521444567789558,0.00045811318334102954,0.0006767398239029107,0.0007712533901357762,0.0007164173673546978,0.0007567167681501818,0.0008341065690921468,0.0007704700492620252,0.0006756526706935313,0.0006776770313890607,0.0006278682464895421,0.0006640356909300368,0.0006411161476156279,0.0006965142542540469,0.0006546636368230398,0.0005850247806817374,0.0006403971730097246,0.0006687213817481733,0.0006381012977433643,0.000690784518281075,0.0004197582169714288,0.0004427882527696159,0.0005775724161970218,0.0006660933967640175,0.0006337817641019201,0.0005952367202922611,0.0006344272334837548,0.0006202428264426405,0.0004911683505908764,0.0004933117386403091,0.0006388939410316397,0.0006570568638587592,0.00048684541441446094,0.0006151397155628443,0.0005165344612472604,0.0005854482106639708,0.0005447242219698258,0.000514641694468357,0.0007712875235943301,0.0007029750421620175,0.0007480200432384325,0.0006022021011468187,0.0005212979669984369,0.000612070622525209
r221,0.0037250658681950654,0.0035914640982863412,0.003515688678287848,0.004071284801730904,0.003988232453664613,0.004220436745323973,0.0036798707557481785,0.003821041863927689,0.0036448875768673615,0.0036316426465308987,0.0034220279575556986,0.003144826738277418,0.0035759516196467974,0.003083787005670251,0.0036078751459135794,0.0030927123183103647,0.0035414006102604196,0.003630906165728886,0.002868865491126214,0.003002814035081282,0.0030202290555478893,0.003298021391141169,0.00302171683691657,0.002892292118392983,0.0037256104612420965,0.0030760925445803755,0.003666265192722473,0.0031272842502377573,0.0036030080485025184,0.002531012062657622,0.003738894054712214,0.00426106845378882,0.003958107001959656,0.004180755625139127,0.004608323586144457,0.004256740603657598,0.0037328876833896754,0.003744071996624645,0.003468885339721227,0.0036687054747515852,0.0035420781636222535,0.0038481450511273314,0.003616926170293038,0.0032321811087388814,0.003538105928230523,0.0036945932693269244,0.0035254215344937253,0.003816489051276658,0.0023191061711128665,0.0024463439379536793,0.003191007824292938,0.003680074015270815,0.0035015567077454155,0.003288600664598128,0.0035051228369268215,0.003426755947196909,0.00271363729608219,0.0027254792190072328,0.00352980077918033,0.003630148419109167,0.0026897536707981263,0.0033985619644356043,0.002853781553852267,0.0032345205009059155,0.003009526088231082,0.002843324278830702,0.004261257036432762,0.003883840011944848,0.00413270742120681,0.00332708343175038,0.002880099265184735,0.003381605649310548
r222,0.03300581618098419,0.031822042359234796,0.031150636893666754,0.03607347696417384,0.03533759453130739,0.03739503255740543,0.03260536646372224,0.03385620814317325,0.03229539922759221,0.03217804298437844,0.030320759344853985,0.02786462761124875,0.031684594583382096,0.027323787189775944,0.031967451874257535,0.027402869611075565,0.03137845656998185,0.03217151742192339,0.02541948260742064,0.0266063290085109,0.026760634189854554,0.0292220034889485,0.026773816624772406,0.025627053421109918,0.03301064152867997,0.027255610685700545,0.03248481484714563,0.027709193007920598,0.03192432712742929,0.022425944090059394,0.03312834034524078,0.03775504839287303,0.03507066901736347,0.03704343937623273,0.04083189037955904,0.03771670162775686,0.03307512110166201,0.03317421931893,0.030735937544971805,0.03250643688093847,0.03138446000790881,0.03409635498789566,0.03204764816003832,0.028638627963477065,0.031349264154786734,0.03273581478171066,0.031236874526560685,0.03381586810549784,0.020548359330093073,0.021675745124659345,0.028273813512921152,0.03260716743763211,0.03102542106165124,0.02913853147004388,0.031057018624863236,0.03036265153214006,0.024044088600170106,0.024149013545157114,0.031275676671342005,0.032164803434432385,0.02383246857149038,0.030112839731394545,0.025285831907388697,0.028659356066166368,0.026665800921303308,0.025193175586848776,0.03775671932281123,0.03441262894304621,0.03661770994139058,0.029479506685974297,0.025519019070590326,0.029962598892728343
r235,0.0,0.0,0.0,0.0,0.0,0.0,0.0,0.0,0.0,0.0,0.0,0.0,0.0,0.0,0.0,0.0,0.0,0.0,0.0,0.0,0.0,0.0,0.0,0.0,0.0,0.0,0.0,0.0,0.0,0.0,0.0,0.0,0.0,0.0,0.6629470425577162,0.0,0.0,0.0,0.0,0.0,0.0,0.0,0.0,0.0,0.0,0.0,0.0,0.0,0.0,1e-09,0.0,0.0,0.0,0.0,0.0,0.0,0.0,0.0,0.0,0.0,0.0,0.0,0.0,0.0,0.0,0.0,0.0,0.0,0.0,0.0,0.0,0.0
r236,0.9464695614583021,0.9125238507641888,0.8932707338409387,1.0344373166796181,1.013335268436616,1.072334035677593,0.9349863288822167,0.9708552667886198,0.9260977573062522,0.9227324683099383,0.8694732966110993,0.7990416516801111,0.9085824200564256,0.7835325973471743,0.9166935909660205,0.7858003524765268,0.8998036550041227,0.9225453423429109,0.7289250605149787,0.762958880054438,0.7673837110382952,0.8379655475371758,0.7677617284381135,0.7348773283134091,0.9466079324084232,0.7815775786935871,0.9315294097229706,0.79458443361687,0.9154569525497657,0.6430828237125881,0.9499830450420528,1.0826577928214025,1.005680954677049,1.0622518052889989,1.170888826718814,1.0815581670321035,0.9484569384280379,0.9512986631800294,0.8813788809538348,0.9321494397456767,0.8999758084865151,0.9777416797626491,0.9189932869551661,0.8212367632958113,0.8989665377564828,0.9387270441115277,0.895743670558363,0.9696984823001825,0.5892415002988004,0.6215702369234016,0.810775401842021,0.9350379732192442,0.8896800644658203,0.8355719171654862,0.8905861511839671,0.870674590304218,0.6894844796086521,0.6924932907324032,0.8968563547223091,0.922352813159685,0.6834160971706782,0.8635110266695004,0.725092514178305,0.8218311591107718,0.7646642872594107,0.7224355161959451,1.082705708127077,0.9868111016008946,1.0500436553752803,0.8453496684685783,0.7317793524031501,0.8592027441595506
r237,0.025558477104134163,0.024641806661756607,0.024121895227807645,0.02793395957851014,0.02736411957792904,0.028957323102873165,0.02524838372926125,0.026216989027486353,0.025008356624213454,0.024917480312027774,0.023479268903578574,0.021577331792438335,0.02453537221357079,0.021158525075058422,0.024754406384788853,0.02121976356233117,0.024298310316258794,0.024912427159041513,0.019683902396420736,0.020602952130020894,0.02072244032636774,0.022628433213523043,0.020732648313928993,0.019844637518378443,0.025562213674014032,0.02110573172467144,0.025155033038727057,0.021456969013691433,0.024721012183948992,0.01736581744930765,0.02565335526226496,0.029236105982759213,0.02715742238252457,0.028685062413372344,0.03161869803982399,0.029206411673342203,0.025612144258390708,0.025688882234001304,0.023800767468063713,0.02517177633792646,0.02430295915541977,0.026402949816906374,0.024816507407309403,0.022176688892791348,0.024275704795120107,0.02534939805747231,0.02418867444495374,0.026185751201896666,0.01591188560785486,0.016784891258130194,0.02189419014376291,0.025249778336508287,0.024024932742223438,0.022563795585042318,0.024049400720578283,0.0235117086561277,0.018618848405611416,0.018700098382566928,0.024218721383455325,0.024907228096711857,0.018454977722089184,0.02331826368404502,0.019580408262599377,0.022192739964974863,0.0206490049684997,0.01950865865234623,0.029237399888788804,0.026647860610719942,0.028355393364944505,0.02282783411696797,0.01976097973336642,0.02320192276358118
r238,0.0,0.0,0.0,0.0,0.0,0.0,0.0,0.0,0.0,0.0,0.0,0.0,0.0,0.0,0.0,0.0,0.0,0.0,0.0,0.0,0.0,0.0,0.0,0.0,0.0,0.0,0.0,0.0,0.0,0.0,0.0,0.0,0.0,0.0,1.8891283173712023,0.0,0.0,0.0,0.0,0.0,0.0,0.0,0.0,0.0,0.0,0.0,0.0,0.0,0.0,1e-09,0.0,0.0,0.0,0.0,0.0,0.0,0.0,0.0,0.0,0.0,0.0,0.0,0.0,0.0,0.0,0.0,0.0,0.0,0.0,0.0,0.0,0.0
r239,3.11873370426903,3.090348547834852,3.0577258822720172,3.09250590941795,3.0686121953085586,3.089308056080836,3.2286570573494457,3.2170708670166035,3.182331121272836,3.005174561743979,3.249127507936901,3.179855098195922,2.7729771782216557,2.9360599597831603,2.7423307101213545,3.0401670195773276,3.2291414918985812,3.127594540379056,3.2333771764508414,3.0886247930728707,3.221152962741607,3.2480393157744674,3.250921420506461,3.1524710552817536,3.237578048288577,3.238111315066227,3.2414340072261005,3.2360717774634495,3.079552399182154,3.272449563890849,3.2216566081203264,3.1734690991588126,3.2714817000831067,3.2721875176164277,3.1036721207687976,3.289274247321865,3.2407590588436,3.2306563283630303,2.944401007785773,3.226720625140521,3.134525181586679,3.255832956279066,3.2296136501968733,3.21644772170925,3.2206381639086197,3.252226229553918,2.9862971568332806,3.076503696443943,2.771294077804906,2.6560700657548892,2.5121717634497536,2.8191299434103763,3.276709174091744,3.268662546951536,2.7789235869416697,3.2776242588434275,3.0099412305591406,2.9360952916260814,2.695631221850045,2.9434875994056715,2.844099291868752,2.63009061905382,2.6719532412201583,2.5814599302228873,2.209913423211237,2.1282184203714456,3.173161461003274,3.2302737860081767,3.2601691109842794,3.0474457042487146,3.2566415896698264,3.2597719278440813
r241,0.3007172318512321,0.30631766972248176,0.30894728671005783,0.22569757113476957,0.2275049730758276,0.1967158180617341,0.021426219223423578,0.061406998874088646,0.10683817940131146,0.0,0.0,0.0,0.0,0.0,0.0,0.12197781853722557,0.04532446451065536,0.14099394682559152,0.0,0.0,0.0,0.0,0.0,0.0,0.0,0.0,0.0,0.0,0.0,0.0,0.0,0.0,0.0,0.0,0.0,0.0,0.0,0.0,0.0,0.0,0.0,0.0,0.0,0.0,0.0,0.0,0.0,0.0,0.0,1e-09,0.0,0.0,0.0,0.0,0.0,0.0,0.0,0.0,0.0,0.0,0.0,0.0,0.0,0.0,0.0,0.0,0.15551366383729368,0.07672101098955457,0.0,0.0,0.0,0.0
r243,3.5174988296565255,3.496659511865105,3.4675875754220313,3.3910411652454666,3.3696061740115892,3.349113239300256,3.2564429355103206,3.2966992261106274,3.322638006417213,3.332927436059876,3.248936929880513,3.2544463369204784,3.4036679578866047,3.305503668263113,3.4223973190480157,3.200984894547138,3.287490964334071,3.3134506729971838,3.233217404872082,3.2462735371980975,3.2209847614906546,3.2537390516098403,3.2561436388298435,3.235081689160667,3.244016755906308,3.2434275070582994,3.2477701526365195,3.2358976141422913,3.326031694528449,3.2768237320487756,3.2281182728280053,3.334342674294766,3.278322214938441,3.279412820253802,3.3852892368971976,3.296630869394035,3.247210343166858,3.237126941739494,2.9503960356326875,3.248252160102179,3.1406467033861185,3.262483431714592,3.2358645264835135,3.2382191412919274,3.2267528207761136,3.258611332364614,3.321045850358346,3.3224920188825715,3.1849011830791505,3.4603926332737784,3.492807063349384,3.3232890872807976,3.2827606655406285,3.2687309060538943,3.418669445710947,3.283546477457224,3.326344974463187,3.34122028594749,3.4497985730745016,3.385831248078203,3.352787807892369,3.441434799500269,3.4392289666287796,3.492257404456108,3.5885365498279143,3.584732863328738,3.378006426999009,3.33028388836627,3.2673113753276932,3.3199754137134048,3.2564811924647272,3.2595836009688757
r244,3.5174988296565255,3.496659511865105,3.4675875754220313,3.3910411652454666,3.3696061740115892,3.349113239300256,3.2564429355103206,3.2966992261106274,3.322638006417213,3.332927436059876,3.248936929880513,3.2544463369204784,3.4036679578866047,3.305503668263113,3.4223973190480157,3.200984894547138,3.287490964334071,3.3134506729971838,3.233217404872082,3.2462735371980975,3.2209847614906546,3.2537390516098403,3.2561436388298435,3.235081689160667,3.244016755906308,3.2434275070582994,3.2477701526365195,3.2358976141422913,3.326031694528449,3.2768237320487756,3.2281182728280053,3.334342674294766,3.278322214938441,3.279412820253802,3.3852892368971976,3.296630869394035,3.247210343166858,3.237126941739494,2.9503960356326875,3.248252160102179,3.1406467033861185,3.262483431714592,3.2358645264835135,3.2382191412919274,3.2267528207761136,3.258611332364614,3.321045850358346,3.3224920188825715,3.1849011830791505,3.4603926332737784,3.492807063349384,3.3232890872807976,3.2827606655406285,3.2687309060538943,3.418669445710947,3.283546477457224,3.326344974463187,3.34122028594749,3.4497985730745016,3.385831248078203,3.352787807892369,3.441434799500269,3.4392289666287796,3.492257404456108,3.5885365498279143,3.584732863328738,3.378006426999009,3.33028388836627,3.2673113753276932,3.3199754137134048,3.2564811924647272,3.2595836009688757
r245,8.619576644099146,8.55778789386399,8.479977384397046,8.69089080135002,8.634456608430279,8.621389418892935,8.63525054683485,8.685103378880722,8.692481672551109,8.684424006863106,8.678947883825115,8.677848273656446,8.675980217460015,8.614024859350438,8.706097865067443,8.357824675928605,8.679931682594157,8.616632093018099,8.645638657595565,8.608098663998225,8.627096715793508,8.672520714880687,8.668140768838208,8.635313105189683,8.6482460373509,8.64283394162786,8.655006323973398,8.644073713827842,8.723131362399217,8.716655761681519,8.591297550838853,8.71445898515854,8.72686388280266,8.721728796373275,8.692582629375892,8.742372884164133,8.654548196293508,8.637078206785695,7.881852668705092,8.674292905286963,8.39043932808513,8.692060270413478,8.647880216131846,8.665445998875983,8.59704940641313,8.702003220870088,8.651482008686395,8.7054078391598,8.324707585361121,8.787978688596144,8.73392917728222,8.5399530409161,8.76141861506694,8.758712450708822,8.714731452448465,8.740361382568942,8.732829778460546,8.711189906894768,8.737539526148135,8.74594325295578,8.678400363119552,8.686509981721395,8.725434755319336,8.769661692090361,8.770036331873756,8.718180023963361,8.75333768919927,8.749926017304945,8.683987572592658,8.703042172805233,8.695286246418306,8.717121639230593
r251,7.17096807522364,7.13045325806796,7.0692918810037915,5.777696650397456,5.72960653261747,5.699147193420801,5.461399591761129,5.5436761668942305,5.583599646930749,4.988552588826078,5.313687681550262,5.084939786360509,4.6584491322346055,4.765852730957857,4.568841676407865,5.340187492083432,5.53835875380156,5.585451024583469,5.25416995330923,4.925264653563146,5.179354685612858,5.372689302239532,5.420448609572343,4.985522886276385,5.3472516154832785,5.365669623215208,5.366472712979775,5.292462013340101,5.080713466847247,5.48376375662931,5.377338117850604,5.55651692857824,5.452272654565644,5.483744902567823,5.76978177627431,5.6097371538829,5.3610719790904495,5.3077774050395785,4.799183961628834,5.236643308866106,5.108369760465367,5.398005429628712,5.251595574064043,5.14961354153361,5.340023524960444,5.314023080156643,4.945805236496678,5.1089685208963225,4.2645203446516815,4.2100640174567445,4.10349835273907,4.727814673133421,5.374617794232273,5.240693127487073,4.6518918779542116,5.466266690664005,4.767145177515144,4.674726615332552,4.479260110541438,4.926340560779885,4.526506221710098,4.348182143138422,4.34695784727185,4.237611591229817,3.520205123798093,3.36419809513785,5.753747025912,5.613653303819675,5.485295664899154,4.9817824962177975,5.340705262294102,5.293324558912636
r252,0.0,0.0,0.0,0.0,0.0,0.0,0.0,0.0,0.0,0.0,0.0,0.0,0.0,0.0,0.0,0.0,0.0,0.0,0.0,0.0,0.0,0.0,0.0,0.0,0.0,0.0,0.0,0.0,0.0,0.0,0.0,0.0,0.0,0.0,0.364740420512779,0.0,0.0,0.0,0.0,0.0,0.0,0.0,0.0,0.0,0.0,0.0,0.0,0.0,0.0,1e-09,0.0,0.0,0.0,0.0,0.0,0.0,0.0,0.0,0.0,0.0,0.0,0.0,0.0,0.0,0.0,0.0,0.0,0.0,0.0,0.0,0.0,0.0
r254,0.09161012709996688,0.09378642230947444,0.09483849171136012,0.06580157269457404,0.06659642709602406,0.05579548446216756,0.0,0.011617725295435746,0.027169505745883036,0.0,0.0,0.0,0.0,0.0,0.0,0.03349514166746957,0.006904657092684928,0.03858714887395447,0.0,0.0,0.0,0.0,0.0,0.0,0.0,0.0,0.0,0.0,0.0,0.0,0.0,0.0,0.0,0.0,0.0,0.0,0.0,0.0,0.0,0.0,0.0,0.0,0.0,0.0,0.0,0.0,0.0,0.0,0.0,1e-09,0.0,0.0,0.0,0.0,0.0,0.0,0.0,0.0,0.0,0.0,0.0,0.0,0.0,0.0,0.0,0.0,0.0419668746566855,0.016576926870635528,0.0,0.0,0.0,0.0
r255,0.40598558661868706,0.4119399967807172,0.41481454246291544,0.09322096675241971,0.07511342680896631,0.1435327981620821,0.0,0.0,0.0,0.0,0.0,0.0,0.0,0.0,0.0,0.0,0.0,0.0,0.0,0.0,0.0,0.0,0.0,0.0,0.0,0.0,0.0,0.0,0.0,0.0,0.0,0.0671883348856173,0.0,0.0,0.0,0.09323544713960194,0.0,0.0,0.0,0.0,0.0,0.0,0.0,0.0,0.0,0.0,0.0,0.0,0.0,1e-09,0.0,0.0,0.0,0.0,0.0,0.0,0.0,0.0,0.0,0.0,0.0,0.0,0.0,0.0,0.0,0.0,0.1461909784436234,0.0001554647218895269,0.0,0.0,0.0,0.0
r256,0.18654489847933867,0.18668545860073749,0.18582650035613615,0.19162539779619597,0.1895180846827381,0.22750435727592996,0.08110608580617683,0.1528619675135209,0.13422108162659632,0.0,0.0,0.0,0.0,0.0,0.0,0.03591166982655521,0.09519871294717916,0.18256818112794845,0.0,0.0,0.0,0.0,0.0,0.0,0.0,0.0,0.0,0.0,0.0,0.0,0.06813626186880514,0.5069614695741977,0.13261258953203975,0.27583043321337597,0.5319111557622933,0.3005080752667515,0.004601108753067196,0.0,0.048118353115706544,0.0,0.0,0.0626177048572985,0.0,0.0,0.0,0.0,0.0,0.0,0.0,1e-09,0.0,0.0,0.0,0.0,0.0,0.0,0.0,0.0,0.0,0.0,0.0,0.0,0.0,0.0,0.0,0.0,0.2630805693096417,0.19106193144787165,0.27709746867660656,0.0,0.0,0.0
r258,0.0,0.0,0.0,1.1562353731922008,1.1968491130320957,1.2511795694187766,2.0796271623842624,1.8831230633990523,1.784409379953428,3.893219914219688,2.9379493200011595,3.6958330404157915,4.7164715390361,4.336243087185189,5.183266337620945,1.873163861677739,1.8780194945121917,1.6320710528164737,2.9019794450529974,3.96013572184602,3.330650630930408,2.659138678116688,2.358184742838634,3.8507549730942583,2.7807711777834463,2.558512783596929,2.685513589145081,2.945124902119813,3.748794567979692,2.0121742420854427,2.4546036058682614,2.3045811076781986,2.5686128170421525,2.4177854418514886,2.692024534436495,1.8303388509623146,2.7223393433401384,2.9527354074671424,2.8307324283546698,3.165720708788566,3.067911764304901,2.6779516851496137,3.131564719745696,3.5462331772703433,2.6225807438787627,3.03430102037767,4.0075249659835865,3.5479117386674286,4.785502069529853,5.3634427250150525,5.469975913399027,4.387797768589616,3.0239090375616295,3.4501903798698783,4.768467672695415,2.4191771455000977,4.445516499135929,4.623821088035491,5.02831757124017,4.224736425590858,4.823898004485481,5.146112105293537,5.213374906581136,5.360841293705818,6.155491176475988,6.338457256664702,1.3472531862203143,1.8178074041241405,2.210435092337257,4.019951601649381,2.7784691188641397,3.232999180832239
r263,0.01253094832173061,0.012081518181793474,0.011826613193356685,0.01369561271093896,0.013416228474943868,0.01419735291188634,0.012378914065557538,0.012853807107375353,0.012261232278927066,0.012216676949318477,0.011511542885126323,0.01057905087655415,0.012029334925160682,0.010373716055120972,0.012136724182706962,0.010403740391711496,0.011913106936608596,0.012214199462155427,0.009650730076544345,0.010101326748244358,0.010159910067093074,0.011094390563455118,0.010164914894418186,0.009729536161059186,0.012532780307410913,0.010347832245896544,0.012333145584355946,0.010520038762718408,0.012120351493392774,0.008514206857288953,0.012577465698002832,0.01433403608931518,0.013314887856592192,0.014063867469218018,0.015502186203158044,0.014319477402769103,0.012557260544239921,0.01259488405376174,0.011669168939318034,0.01234135457960039,0.011915386194603698,0.012944980968501593,0.012167171407741581,0.010872906915792537,0.011902023779501053,0.012428439916468364,0.011859354068942264,0.012838491657376015,0.007801365294220375,0.008229387223837202,0.010734401901952873,0.012379597821137754,0.011779073901752892,0.011062699677537658,0.011791070194452672,0.01152744762237286,0.009128549648332297,0.00916838532626503,0.011874085644382203,0.012211650437770722,0.009048206243743001,0.011432604375711865,0.009599988413133266,0.010880776522233505,0.010123905782851769,0.009564810626345606,0.01433467047255812,0.013065057156460985,0.013902235545989886,0.011192153916341686,0.009688519969976092,0.011375564120296994
r259r,1.2395195277811943,1.2698464366920716,1.2839238568252904,2.227198441181395,2.2548311887901455,2.249465651403748,3.35025357393805,3.0270969542444077,2.8975544404474216,5.720030237143455,4.880335610070542,6.064586141107935,6.578130900647654,6.561574865110051,7.158417203957365,3.053748973626808,3.051796711410102,2.6860541101724,4.906121381368137,6.394827524434148,5.67429085614466,4.42382236210297,3.9156295983133758,6.4314582802551135,4.6213942583708,4.2600411829115705,4.436603570633369,4.944764720698855,5.696276362622566,3.402930651264877,4.047908186401075,3.7094383495816263,4.280330890454548,4.048221265411381,2.9865270281885086,3.0156952331618627,4.504377316576827,4.937640667842778,4.553745362973821,5.244004662921855,5.09357233838333,4.4429808704673714,5.235791373816206,5.9101434422301695,4.34407809104715,5.079689584144196,5.911304226564694,5.34816708221776,7.539241755008822,7.874401080667371,7.551853624272947,6.149428241981179,5.118427394611015,5.822927154471244,6.642739637310052,3.9959007894068064,7.059452390142953,7.17301051704262,6.9682578535351904,6.006134346287719,7.31970575645408,7.127760143671869,7.401841984991583,7.424026702175685,8.37979103336593,8.630972271481802,2.309567580687495,2.9415869405483615,3.6316000763280925,6.132709776924881,4.720984859209586,5.4672867281788635
r261,0.038104779219740016,0.04632676418980737,0.050090268511563736,0.0,0.0,0.0,0.0,0.0,0.0,0.0,0.0,0.0,0.0,0.0,0.0,0.0,0.0,0.0,0.0,0.0,0.0,0.0,0.0,0.0,0.0,0.0,0.0,0.0,0.0,0.0,0.0,0.0,0.0,0.0,0.0,0.0,0.0,0.0,0.0,0.0,0.0,0.0,0.0,0.0,0.0,0.0,0.0,0.0,0.0,1e-09,0.0,0.0,0.0,0.0,0.0,0.0,0.0,0.0,0.0,0.0,0.0,0.0,0.0,0.0,0.0,0.0,0.0,0.0,0.0,0.0,0.0,0.0
r262,1.2633500098836923,1.283233587726152,1.292287614288547,0.25449344179668,0.22184325511921707,0.15674521396796326,0.0,0.0,0.0,0.0,0.0,0.0,0.0,0.0,0.0,0.0,0.0,0.0,0.0,0.0,0.0,0.0,0.0,0.0,0.0,0.0,0.0,0.0,0.0,0.0,0.0,0.0,0.0,0.0,0.0,0.0,0.0,0.0,0.0,0.0,0.0,0.0,0.0,0.0,0.0,0.0,0.0,0.0,0.0,1e-09,0.0,0.0,0.0,0.0,0.0,0.0,0.0,0.0,0.0,0.0,0.0,0.0,0.0,0.0,0.0,0.0,0.07109210569542418,0.0,0.0,0.0,0.0,0.0
r258m,0.2368006840793672,0.23674087195453117,0.23542506994062504,1.007873561495491,1.023638203154465,1.0399569064211847,1.4107740611036317,1.3236131165727705,1.284502717755325,1.9543423716763348,1.7673076916143549,2.0334946508893856,2.086185027943187,2.129047193418476,2.2016809364656322,1.325983269440201,1.3402696257424476,1.2246834044645636,1.771403900713673,2.10126886270118,1.948777999208082,1.6682069341944297,1.5588838800354186,2.1028061791386796,1.7009245281717118,1.6351663748918082,1.6647130746665413,1.7897601511188421,1.9581462416218332,1.444402523370264,1.5696725111284324,1.4130438219004313,1.6163098907344722,1.5459143748406308,0.5824210019738035,1.312038778989437,1.67728204457447,1.7680636350091807,1.6783200606910667,1.8604125192363175,1.804994052280671,1.6571798023031334,1.8480618979700187,2.0071034671848196,1.639877783987914,1.802845776343055,1.9871648241995816,1.866966103689083,2.3129292057308697,2.4008137812862085,2.282233653630135,1.9926937422233693,1.8124973349576445,1.9780469987822464,2.0943504567863354,1.566946999581142,2.220490798952489,2.244198697096708,2.1615682449336004,2.009326477772015,2.279281322670489,2.1950358217766626,2.2959033298858462,2.2662734107712668,2.412328810499833,2.470160023770396,1.091557417773518,1.3063711010911656,1.4568467309822248,2.040925206315701,1.7307687387032944,1.8927967398986247
r268m,0.024762113190788235,0.023874004828137337,0.023370293056728757,0.02706357918477412,0.026511494546180944,0.028055056232579225,0.02446168186160413,0.02540010686768431,0.02422913364209033,0.024141088899849433,0.02274769000745058,0.02090501441156394,0.023770886718140486,0.020499257084999816,0.023983096112239116,0.020558587472616498,0.02354121131492512,0.024136193195551155,0.01907058144312351,0.019960994961841724,0.020076760084734163,0.021923365084722316,0.020086650006673253,0.019226308299126527,0.024765733334740227,0.020448108696436713,0.024371239838942613,0.020788401956950732,0.023950742424742662,0.01682472455531262,0.024854035087441002,0.02832515265496253,0.026311237726184572,0.027791278778885365,0.030633506707675947,0.028296383575806893,0.024814108156799464,0.02488845509188325,0.02305917115759975,0.024387461441985458,0.023545715303212096,0.025580273397086878,0.024043262159795565,0.021485696441255114,0.02351931014800926,0.024559548734456628,0.023434991533364376,0.025369842366010975,0.015416095055086195,0.016261899155238103,0.021211999930653286,0.024463033014975558,0.02327635177714806,0.021860741468052884,0.023300057369899298,0.022779118985837274,0.018038712941441336,0.01811743129065769,0.023464102254209813,0.024131156128226354,0.017879948223281622,0.022591701469708136,0.018970312031693966,0.021501247386040367,0.020005612862764498,0.018900798031965243,0.02832640624481581,0.025817553136930075,0.027471881724850825,0.022116552954301993,0.01914525716555084,0.022478985558290233
r269m,0.024762113190788235,0.023874004828137337,0.023370293056728757,0.02706357918477412,0.026511494546180944,0.028055056232579225,0.02446168186160413,0.02540010686768431,0.02422913364209033,0.024141088899849433,0.02274769000745058,0.02090501441156394,0.023770886718140486,0.020499257084999816,0.023983096112239116,0.020558587472616498,0.02354121131492512,0.024136193195551155,0.01907058144312351,0.019960994961841724,0.020076760084734163,0.021923365084722316,0.020086650006673253,0.019226308299126527,0.024765733334740227,0.020448108696436713,0.024371239838942613,0.020788401956950732,0.023950742424742662,0.01682472455531262,0.024854035087441002,0.02832515265496253,0.026311237726184572,0.027791278778885365,0.030633506707675947,0.028296383575806893,0.024814108156799464,0.02488845509188325,0.02305917115759975,0.024387461441985458,0.023545715303212096,0.025580273397086878,0.024043262159795565,0.021485696441255114,0.02351931014800926,0.024559548734456628,0.023434991533364376,0.025369842366010975,0.015416095055086195,0.016261899155238103,0.021211999930653286,0.024463033014975558,0.02327635177714806,0.021860741468052884,0.023300057369899298,0.022779118985837274,0.018038712941441336,0.01811743129065769,0.023464102254209813,0.024131156128226354,0.017879948223281622,0.022591701469708136,0.018970312031693966,0.021501247386040367,0.020005612862764498,0.018900798031965243,0.02832640624481581,0.025817553136930075,0.027471881724850825,0.022116552954301993,0.01914525716555084,0.022478985558290233
r282m,0.024762113190788235,0.023874004828137337,0.023370293056728757,0.02706357918477412,0.026511494546180944,0.028055056232579225,0.02446168186160413,0.02540010686768431,0.02422913364209033,0.024141088899849433,0.02274769000745058,0.02090501441156394,0.023770886718140486,0.020499257084999816,0.023983096112239116,0.020558587472616498,0.02354121131492512,0.024136193195551155,0.01907058144312351,0.019960994961841724,0.020076760084734163,0.021923365084722316,0.020086650006673253,0.019226308299126527,0.024765733334740227,0.020448108696436713,0.024371239838942613,0.020788401956950732,0.023950742424742662,0.01682472455531262,0.024854035087441002,0.02832515265496253,0.026311237726184572,0.027791278778885365,0.030633506707675947,0.028296383575806893,0.024814108156799464,0.02488845509188325,0.02305917115759975,0.024387461441985458,0.023545715303212096,0.025580273397086878,0.024043262159795565,0.021485696441255114,0.02351931014800926,0.024559548734456628,0.023434991533364376,0.025369842366010975,0.015416095055086195,0.016261899155238103,0.021211999930653286,0.024463033014975558,0.02327635177714806,0.021860741468052884,0.023300057369899298,0.022779118985837274,0.018038712941441336,0.01811743129065769,0.023464102254209813,0.024131156128226354,0.017879948223281622,0.022591701469708136,0.018970312031693966,0.021501247386040367,0.020005612862764498,0.018900798031965243,0.02832640624481581,0.025817553136930075,0.027471881724850825,0.022116552954301993,0.01914525716555084,0.022478985558290233
r278,0.024762113190788235,0.023874004828137337,0.023370293056728757,0.02706357918477412,0.026511494546180944,0.028055056232579225,0.02446168186160413,0.02540010686768431,0.02422913364209033,0.024141088899849433,0.02274769000745058,0.02090501441156394,0.023770886718140486,0.020499257084999816,0.023983096112239116,0.020558587472616498,0.02354121131492512,0.024136193195551155,0.01907058144312351,0.019960994961841724,0.020076760084734163,0.021923365084722316,0.020086650006673253,0.019226308299126527,0.024765733334740227,0.020448108696436713,0.024371239838942613,0.020788401956950732,0.023950742424742662,0.01682472455531262,0.024854035087441002,0.02832515265496253,0.026311237726184572,0.027791278778885365,0.030633506707675947,0.028296383575806893,0.024814108156799464,0.02488845509188325,0.02305917115759975,0.024387461441985458,0.023545715303212096,0.025580273397086878,0.024043262159795565,0.021485696441255114,0.02351931014800926,0.024559548734456628,0.023434991533364376,0.025369842366010975,0.015416095055086195,0.016261899155238103,0.021211999930653286,0.024463033014975558,0.02327635177714806,0.021860741468052884,0.023300057369899298,0.022779118985837274,0.018038712941441336,0.01811743129065769,0.023464102254209813,0.024131156128226354,0.017879948223281622,0.022591701469708136,0.018970312031693966,0.021501247386040367,0.020005612862764498,0.018900798031965243,0.02832640624481581,0.025817553136930075,0.027471881724850825,0.022116552954301993,0.01914525716555084,0.022478985558290233
r279,0.024762113190788235,0.023874004828137337,0.023370293056728757,0.02706357918477412,0.026511494546180944,0.028055056232579225,0.02446168186160413,0.02540010686768431,0.02422913364209033,0.024141088899849433,0.02274769000745058,0.02090501441156394,0.023770886718140486,0.020499257084999816,0.023983096112239116,0.020558587472616498,0.02354121131492512,0.024136193195551155,0.01907058144312351,0.019960994961841724,0.020076760084734163,0.021923365084722316,0.020086650006673253,0.019226308299126527,0.024765733334740227,0.020448108696436713,0.024371239838942613,0.020788401956950732,0.023950742424742662,0.01682472455531262,0.024854035087441002,0.02832515265496253,0.026311237726184572,0.027791278778885365,0.030633506707675947,0.028296383575806893,0.024814108156799464,0.02488845509188325,0.02305917115759975,0.024387461441985458,0.023545715303212096,0.025580273397086878,0.024043262159795565,0.021485696441255114,0.02351931014800926,0.024559548734456628,0.023434991533364376,0.025369842366010975,0.015416095055086195,0.016261899155238103,0.021211999930653286,0.024463033014975558,0.02327635177714806,0.021860741468052884,0.023300057369899298,0.022779118985837274,0.018038712941441336,0.01811743129065769,0.023464102254209813,0.024131156128226354,0.017879948223281622,0.022591701469708136,0.018970312031693966,0.021501247386040367,0.020005612862764498,0.018900798031965243,0.02832640624481581,0.025817553136930075,0.027471881724850825,0.022116552954301993,0.01914525716555084,0.022478985558290233
r280,0.024762113190788235,0.023874004828137337,0.023370293056728757,0.02706357918477412,0.026511494546180944,0.028055056232579225,0.02446168186160413,0.02540010686768431,0.02422913364209033,0.024141088899849433,0.02274769000745058,0.02090501441156394,0.023770886718140486,0.020499257084999816,0.023983096112239116,0.020558587472616498,0.02354121131492512,0.024136193195551155,0.01907058144312351,0.019960994961841724,0.020076760084734163,0.021923365084722316,0.020086650006673253,0.019226308299126527,0.024765733334740227,0.020448108696436713,0.024371239838942613,0.020788401956950732,0.023950742424742662,0.01682472455531262,0.024854035087441002,0.02832515265496253,0.026311237726184572,0.027791278778885365,0.030633506707675947,0.028296383575806893,0.024814108156799464,0.02488845509188325,0.02305917115759975,0.024387461441985458,0.023545715303212096,0.025580273397086878,0.024043262159795565,0.021485696441255114,0.02351931014800926,0.024559548734456628,0.023434991533364376,0.025369842366010975,0.015416095055086195,0.016261899155238103,0.021211999930653286,0.024463033014975558,0.02327635177714806,0.021860741468052884,0.023300057369899298,0.022779118985837274,0.018038712941441336,0.01811743129065769,0.023464102254209813,0.024131156128226354,0.017879948223281622,0.022591701469708136,0.018970312031693966,0.021501247386040367,0.020005612862764498,0.018900798031965243,0.02832640624481581,0.025817553136930075,0.027471881724850825,0.022116552954301993,0.01914525716555084,0.022478985558290233
r281,0.024762113190788235,0.023874004828137337,0.023370293056728757,0.02706357918477412,0.026511494546180944,0.028055056232579225,0.02446168186160413,0.02540010686768431,0.02422913364209033,0.024141088899849433,0.02274769000745058,0.02090501441156394,0.023770886718140486,0.020499257084999816,0.023983096112239116,0.020558587472616498,0.02354121131492512,0.024136193195551155,0.01907058144312351,0.019960994961841724,0.020076760084734163,0.021923365084722316,0.020086650006673253,0.019226308299126527,0.024765733334740227,0.020448108696436713,0.024371239838942613,0.020788401956950732,0.023950742424742662,0.01682472455531262,0.024854035087441002,0.02832515265496253,0.026311237726184572,0.027791278778885365,0.030633506707675947,0.028296383575806893,0.024814108156799464,0.02488845509188325,0.02305917115759975,0.024387461441985458,0.023545715303212096,0.025580273397086878,0.024043262159795565,0.021485696441255114,0.02351931014800926,0.024559548734456628,0.023434991533364376,0.025369842366010975,0.015416095055086195,0.016261899155238103,0.021211999930653286,0.024463033014975558,0.02327635177714806,0.021860741468052884,0.023300057369899298,0.022779118985837274,0.018038712941441336,0.01811743129065769,0.023464102254209813,0.024131156128226354,0.017879948223281622,0.022591701469708136,0.018970312031693966,0.021501247386040367,0.020005612862764498,0.018900798031965243,0.02832640624481581,0.025817553136930075,0.027471881724850825,0.022116552954301993,0.01914525716555084,0.022478985558290233
r285,1.055331727745794,1.029057219145188,1.0177044892260085,0.9558488031354329,0.9363878070204976,0.9602049055057237,0.6252158081643335,0.686096320540605,0.7008371195785076,0.19797613445932016,0.49603928774875927,0.27916392086600206,0.13491786507800302,0.17643775667451822,0.0,0.5951235524363989,0.5932256342934489,0.7186469904720656,0.3954214892772862,0.2448756437595242,0.39686620016695356,0.4794575208398867,0.4560844535523808,0.2397013044136022,0.5002505720997867,0.44856593435123177,0.5229030491845048,0.439351428750473,0.23192351905667968,0.38060031985404247,0.5565017231912093,0.8494785350734451,0.5466714492434273,0.5778688562567251,1.6677696423371349,0.7054655648899457,0.5179840933194552,0.47200887655613305,0.5542539988460113,0.32937313902252097,0.47603539088265034,0.5299747287701667,0.3929670670364003,0.30437097839115673,0.511294426628678,0.4121862660911142,0.1730972187047665,0.21771131306598698,0.017312397715544818,1e-09,0.0,0.1368806756554066,0.43745786156884325,0.2884416383248428,0.09176633699505662,0.5114082672122529,0.13745938151683085,0.11398601303314168,0.06463076549034265,0.14258423361945952,0.06127565798508201,0.012978787451866607,0.0,0.0,0.0,0.0,0.910089415068874,0.700508593734899,0.6415419419431811,0.19846189410745152,0.3729763311780357,0.4256483384641424
r286r,1.055331727745794,1.029057219145188,1.0177044892260085,0.9558488031354329,0.9363878070204976,0.9602049055057237,0.6252158081643335,0.686096320540605,0.7008371195785076,0.19797613445932016,0.49603928774875927,0.27916392086600206,0.13491786507800302,0.17643775667451822,-0.0,0.5951235524363989,0.5932256342934489,0.7186469904720656,0.3954214892772862,0.2448756437595242,0.39686620016695356,0.4794575208398867,0.4560844535523808,0.2397013044136022,0.5002505720997867,0.44856593435123177,0.5229030491845048,0.439351428750473,0.23192351905667968,0.38060031985404247,0.5565017231912093,0.8494785350734451,0.5466714492434273,0.5778688562567251,1.6677696423371349,0.7054655648899457,0.5179840933194552,0.47200887655613305,0.5542539988460113,0.32937313902252097,0.47603539088265034,0.5299747287701667,0.3929670670364003,0.30437097839115673,0.511294426628678,0.4121862660911142,0.1730972187047665,0.21771131306598698,0.017312397715544818,1e-09,-0.0,0.1368806756554066,0.43745786156884325,0.2884416383248428,0.09176633699505662,0.5114082672122529,0.13745938151683085,0.11398601303314168,0.06463076549034265,0.14258423361945952,0.06127565798508201,0.012978787451866607,-0.0,-0.0,-0.0,-0.0,0.910089415068874,0.700508593734899,0.6415419419431811,0.19846189410745152,0.3729763311780357,0.4256483384641424
r289,0.0,0.0,0.0,0.0,0.0,0.0,0.0,0.0,0.0,0.4682951997609163,0.20515554062505179,0.48661243348089517,0.5831656502013906,0.5760585844874168,0.6195707737610243,0.0,0.0,0.0,0.08677985506164686,0.5393652996257126,0.3527287767978286,0.025661445877030797,0.0,0.5266802147193914,0.17194825020719723,0.0,0.08078981453170236,0.14745871949162515,0.4534422960165983,0.0,0.0,0.0,0.05818510486214687,0.0,0.0,0.0,0.1206947611848201,0.2911946910151403,0.1053970927683138,0.355392512149854,0.2947417484683144,0.11706229002815076,0.34602326693482116,0.4552233947445032,0.023302546247280027,0.31139061673078683,0.4782156851575085,0.3794716351905957,0.6776274904365115,0.7399736982644607,0.6824264555471622,0.5037702838047641,0.26330912169743087,0.4140626625978905,0.572047767676071,0.0,0.6176121508556284,0.6366326440150286,0.6159057470113123,0.5049545342965244,0.6599660864719606,0.6333545333703855,0.6821151499006028,0.6694581548508107,0.7687668247745169,0.8031311175102755,0.0,0.0,0.0,0.5054786116113592,0.012428466646600569,0.3683719872406524
r290,1.1100633995552665,1.1124361318633784,1.1117703847469356,1.535911038460138,1.5609649339842313,1.5487635597520604,1.4903517446887844,1.54978305966055,1.6285261915536062,1.6309193090314116,1.3542177143125367,1.6296073340336907,1.9199795159434094,1.848813825251066,2.0680303073080437,1.6918697013180484,1.6082775070807709,1.676872508993558,1.4022119834314224,1.7378142915223,1.5274603245680745,1.2846823048458973,1.4731290574274611,1.703330329469127,1.2645870451490917,1.3608519049601104,1.2586989708776657,1.397104355091758,1.5981461334518283,1.732275393556042,1.2696765106177308,1.1065989532750584,1.1941838774440583,1.128488008708876,1.1908306256024548,1.4277519622568287,1.2577603508447046,1.3031259937454254,1.3179399776480791,1.3987972547899457,1.372237849159952,1.231544340087067,1.3865238945312603,1.5760391027582779,1.2464228196939693,1.3343376174901198,1.6753079295566993,1.4956718186765987,2.0671039104845566,2.2534703591890555,2.216574619777886,1.7772763829610374,1.3577865703887944,1.5266552001700335,1.9291898915832408,1.3745681626070894,1.9179126089393763,1.9756858839053053,2.034266264650409,1.7389647970534226,2.0455193033827723,2.0837508348105014,2.1553931403292665,2.1774942228238805,2.4730883745632637,2.5566760179851844,1.5948566805897193,1.5935948096137336,1.2944446053224137,1.7091334368210533,1.35815028411578,1.4394426978385422
r292,0.0,0.0,0.0,0.0,0.0,0.0,0.0,0.0,0.0,0.21948696071491475,0.0734259106236996,0.32628378349833115,0.4081396700133072,0.4718961347533514,0.51149480197448,0.0,0.0,0.0,0.13810081898368354,0.4186185564322426,0.26673102386098696,0.0061117081366584,0.0,0.4255222074068175,0.0,0.0,0.0,0.12218843409220331,0.2090030904611608,0.0,0.0,0.0,0.0,0.0,0.0,0.0,0.0,0.03358313925676024,0.06611007831004959,0.09064238210611773,0.10906666463766462,0.0,0.1011853461223221,0.2814186716860538,0.0,0.0634615831899647,0.28154070557368366,0.125058446339567,0.7872048326758703,0.8781814411654087,0.705443824815264,0.3177913301009409,0.10783504799469751,0.2585433494522774,0.44686215434238047,0.0,0.5955691861316051,0.631246622003805,0.5016716895129618,0.29126116472436536,0.6870245194812612,0.5677901773267323,0.7321512719709635,0.6680314917501603,0.9236801688669509,1.016014629515199,0.0,0.0,0.0,0.33961166728706804,0.1062091134479229,0.18079757293034518
r287r,0.7349616229487057,0.7364046559417075,0.7365612926803057,0.8573581007172754,0.8565491864902353,0.8728568069776624,0.9029277465861253,0.8979730544908927,0.8921889635072046,1.2330098232749005,0.9933722038551015,1.2107911882035933,1.4573979835317077,1.3865641162135387,1.6345349876191888,0.8863375621694861,0.9002955138665575,0.884274385648356,1.0111339875938534,1.2858893681940722,1.1229394034348157,0.9278376546651191,0.9086619847503745,1.2742814652833432,0.9565090607368474,0.9210588805583889,0.941186975168271,1.0132902143177245,1.197147800146796,0.896667393620005,0.9279858790320894,0.9448628244996521,0.9395399063236124,0.9377630983008743,1.2076431061601132,0.9130747992595085,0.9480546924764117,0.995018281693802,0.9786018725983376,1.0471051913922003,1.0343376257789902,0.9458906775289881,1.0451609788116483,1.1711785752931303,0.9360446735645782,1.0259423144223998,1.2863635142778302,1.1523982445307484,1.5781222938742978,1.7412453004428023,1.7277587144378856,1.385392867531224,1.0449194224887162,1.1681584022710279,1.5019295975721623,0.9301927485621733,1.4523042072526249,1.5040761362394626,1.5663014938875661,1.3357455189705467,1.5674096969901863,1.6144500722268302,1.6749897395431987,1.692843097694626,1.9417723361280022,2.0046142017522404,0.8885307050893918,0.9068103370555239,0.9319775983414498,1.2975100922804772,0.9945524635346039,1.0897757799746999
r288,0.49028360771595764,0.5005021675941108,0.5056360530964896,0.5899389676869695,0.5945852815174723,0.5956407461444269,0.6612183365809301,0.6469909316300253,0.6527773961554602,0.7714168318260083,0.69181437427112,0.6748553015014854,0.8108649645576217,0.7090851352859554,0.8825186321817022,0.6831951912816028,0.6676814061651434,0.6457811761981018,0.6817782175105848,0.6670860860765961,0.654862669191735,0.7018610132240874,0.7101828962092475,0.6559425540727998,0.7081385990406189,0.7159889910946121,0.6967728078378931,0.6826191594005666,0.7479476247205452,0.7304198614000673,0.6787298571637651,0.6607956762564695,0.6756698979617947,0.6590500616874472,0.9049490039174346,0.6334741481051357,0.6991990896153862,0.7118339294392686,0.6812360947551283,0.7118859588218847,0.6891358101191016,0.6893513605446965,0.7028506862786635,0.674284259384964,0.700174334441409,0.7161780526097595,0.7697980836820583,0.7729108508789022,0.6363126047687655,0.6999766069534745,0.8095840915901049,0.8222667951782368,0.7036506150570443,0.6903781588902911,0.8213959452663485,0.7017456348607477,0.6758284676633934,0.6911335105906637,0.8293131339041212,0.8024779371759404,0.7010708428459179,0.8200923530086501,0.7525890978505299,0.8091800044698004,0.8174599777617081,0.7990473441644479,0.6086333956050234,0.651703367344015,0.6564677293002625,0.7360960501582681,0.6963394914628186,0.683541069915582
r293,0.0054187290045112245,0.003909643119597818,0.003521346306130886,0.0,0.0,9.138466421955015e-05,0.0,0.0,0.0,0.030223766396487727,0.010448803808183927,0.02617231868502247,0.029760286712292094,0.025664325250980922,0.030025965165363756,0.0,0.0,0.0,0.0,0.02499044062460795,0.0170395785033002,0.000527478569611103,0.0,0.02407063960993399,0.01338274184374805,0.0,0.00794034745352111,0.006349478808398829,0.029985459523858133,0.0,0.0046273270023332435,0.03546206223505443,0.012633460048894688,0.015963869588066705,0.0383520376599008,0.001040644702070445,0.010764074201509818,0.02297373276994161,0.011227548013628656,0.0265934085709561,0.02333440826866155,0.012599219950630737,0.025621561336604613,0.026899311493376463,0.005477830258358923,0.025674804849992017,0.02933975814208161,0.0317621211026159,0.019300391031403775,0.020359307041623278,0.026556653403914124,0.03062682873420242,0.021564221983203565,0.027368854243710772,0.029170825470801,0.0,0.022583813360582242,0.022682365874418804,0.029376203707156004,0.030211330927215833,0.02238504570045018,0.02828398961423428,0.023750141581972098,0.02691878071137172,0.02504630061598158,0.023663112579353288,0.0,0.0,0.007429335264068098,0.02768912093234298,0.0,0.02814287338745615
r294,0.0,0.0,0.0,0.0032188599419944275,0.003817990786743563,0.0,0.008061177437150938,0.007915664653092043,0.010071533238288116,0.0,0.0,0.0,0.0,0.0,0.0,0.015502411635166293,0.013358398329954207,0.009926555795002276,0.0004387844108908979,0.0,0.0,0.0,0.012548759980659411,0.0,0.0,0.00586833694830148,0.0,0.0,0.0,0.03079733022353053,0.0,0.0,0.0,0.0,0.0,0.0,0.0,0.0,0.0,0.0,0.0,0.0,0.0,0.0,0.0,0.0,0.0,0.0,0.0,1e-09,0.0,0.0,0.0,0.0,0.0,0.003373008495423833,0.0,0.0,0.0,0.0,0.0,0.0,0.0,0.0,0.0,0.0,0.0011286044678991667,0.007710610857800118,0.0,0.0,0.0009562144766797191,0.0
r295,1.6244183956566554,1.6831265070342576,1.7112895023466725,0.9301492422239569,0.9401017645934924,0.813737995352393,0.7456562757289338,0.7424037094465186,0.8583679289467165,0.2154159925545638,0.6851680539715237,0.6322348527933005,0.11316328688800266,0.3874968034165998,0.11417352739052612,1.038385088538915,0.8599858561153735,0.9096684935582843,0.9359417984385632,0.6169886130165618,0.803719866930289,0.8043332324335463,0.9752670752194094,0.7510258505918734,0.6166185021061054,0.9188386794485351,0.658375006604011,0.8205013416340242,0.3295795344150693,1.2628217892134455,0.6753944009003632,0.3942002246370475,0.5772642052256983,0.522070334133226,0.14583336116408074,0.6017506436457558,0.6248999915662732,0.576419869079185,0.6178349143509487,0.5643194418345345,0.6037088650692859,0.5863617169828867,0.5977230718155009,0.6620323632485424,0.7200092215556443,0.5914354645124047,0.24953166632685356,0.29369293929786705,0.6598113552246124,0.34116093350842414,0.1009814931178117,0.1164583070035859,0.6899731718583072,0.7052432268306335,0.11092186454343402,0.818016620816609,0.6497028481295033,0.5623667599858716,0.11170281388077458,0.11487837947668976,0.47052877556144934,0.10754967726565517,0.16205579095028672,0.10235847974252578,0.09523838697165152,0.08997882390046888,0.7655527529909226,0.7729463224100169,0.5757644966834529,0.38602047505441944,0.9752755918433604,0.6728975936280387
r296,1.6244183956566554,1.6831265070342576,1.7112895023466725,0.9301492422239569,0.9401017645934924,0.813737995352393,0.7456562757289338,0.7424037094465186,0.8583679289467165,0.2154159925545638,0.6851680539715237,0.6322348527933005,0.11316328688800266,0.3874968034165998,0.11417352739052612,1.038385088538915,0.8599858561153735,0.9096684935582843,0.9359417984385632,0.6169886130165618,0.803719866930289,0.8043332324335463,0.9752670752194094,0.7510258505918734,0.6166185021061054,0.9188386794485351,0.658375006604011,0.8205013416340242,0.3295795344150693,1.2628217892134455,0.6753944009003632,0.3942002246370475,0.5772642052256983,0.522070334133226,0.14583336116408074,0.6017506436457558,0.6248999915662732,0.576419869079185,0.6178349143509487,0.5643194418345345,0.6037088650692859,0.5863617169828867,0.5977230718155009,0.6620323632485424,0.7200092215556443,0.5914354645124047,0.24953166632685356,0.29369293929786705,0.6598113552246124,0.34116093350842414,0.1009814931178117,0.1164583070035859,0.6899731718583072,0.7052432268306335,0.11092186454343402,0.818016620816609,0.6497028481295033,0.5623667599858716,0.11170281388077458,0.11487837947668976,0.47052877556144934,0.10754967726565517,0.16205579095028672,0.10235847974252578,0.09523838697165152,0.08997882390046888,0.7655527529909226,0.7729463224100169,0.5757644966834529,0.38602047505441944,0.9752755918433604,0.6728975936280387
r297,1.6244183956566554,1.6831265070342578,1.711289502346673,0.9301492422239571,0.9401017645934926,0.813737995352393,0.7456562757289338,0.7424037094465186,0.8583679289467168,0.21541599255456384,0.6851680539715237,0.6322348527933005,0.11316328688800269,0.3874968034165998,0.11417352739052612,1.038385088538915,0.8599858561153737,0.9096684935582844,0.9359417984385633,0.6169886130165618,0.803719866930289,0.8043332324335463,0.9752670752194096,0.7510258505918734,0.6166185021061054,0.9188386794485351,0.658375006604011,0.8205013416340242,0.3295795344150693,1.2628217892134455,0.6753944009003632,0.3942002246370475,0.5772642052256983,0.522070334133226,0.14583336116408074,0.6017506436457558,0.6248999915662732,0.576419869079185,0.6178349143509487,0.5643194418345346,0.603708865069286,0.5863617169828869,0.5977230718155009,0.6620323632485424,0.7200092215556443,0.5914354645124047,0.24953166632685359,0.29369293929786705,0.6598113552246124,0.34116093350842414,0.10098149311781168,0.1164583070035859,0.6899731718583072,0.7052432268306335,0.11092186454343402,0.818016620816609,0.6497028481295033,0.5623667599858716,0.11170281388077458,0.11487837947668976,0.47052877556144945,0.10754967726565519,0.16205579095028672,0.10235847974252575,0.09523838697165152,0.08997882390046888,0.7655527529909226,0.7729463224100169,0.5757644966834529,0.3860204750544194,0.9752755918433607,0.6728975936280386
r298,1.5629352032216046,1.6238484469699106,1.6532621355303012,0.8629516151806512,0.8742749384109021,0.7440785762295722,0.6849190405182692,0.6793364079450597,0.7982081003095797,0.15547477497813808,0.6286865819983939,0.5803286598920481,0.05414126436583239,0.3365980873651161,0.05462459866639461,0.9873390578535396,0.8015341070954964,0.8497394317913067,0.8885904185429224,0.5674263771533256,0.7538701915713514,0.7498985214723951,0.9253928436374604,0.7032878080482925,0.555126321019499,0.8680669625021982,0.5978623347914972,0.7688846921143107,0.27011093841452255,1.2210467690634756,0.6136829706078502,0.3238701684734594,0.5119346075512485,0.4530658623414559,0.06977176765803322,0.5314920197874913,0.5632876980130626,0.514622975492791,0.5605800489542868,0.5037664925249506,0.5452459328528682,0.5228470702442799,0.5380247535521379,0.6086843634748313,0.6616118521296921,0.5304552303407772,0.19134365615752558,0.2307007831673218,0.6215338975792971,0.30078338303777824,0.048313069238955626,0.05571771694101077,0.6321790569346774,0.6509640074402138,0.053068889719210276,0.7614571121302433,0.6049135504425891,0.517382008244784,0.053442523125461314,0.05496182451707741,0.426133683395013,0.051455517684233835,0.11495337540880929,0.04897186768546813,0.045565366904848,0.04304900843513687,0.6952195842211694,0.7088425209497063,0.50755307314185,0.33110608746510795,0.9277387955506273,0.6170833024899446
r301,0.055054870887305436,0.05308029420788565,0.051960366101360636,0.06017183777030766,0.058944359797712634,0.06237623932659085,0.054386906569749253,0.056473354812235345,0.05386987023679328,0.05367411586482053,0.050576100944831004,0.04647918618488761,0.05285102644756652,0.045577045198234106,0.05332284243124925,0.04570895747909494,0.05234037739380506,0.05366323099542482,0.04240059767950626,0.044380299530137425,0.044637686040125045,0.04874333724488669,0.04465967480866224,0.042746833151611235,0.055062919738238916,0.04546332437373344,0.05418582220178554,0.04621991575901102,0.05325090882549769,0.03740726936228529,0.05525924553469275,0.06297675849661741,0.05849911858246293,0.06178976944236879,0.066681652615498,0.06291279473366006,0.05517047395068214,0.055335773288439256,0.05126863289366614,0.054221888520286934,0.05235039134098737,0.05687392825837252,0.05345661267753221,0.04777024619761389,0.052291683410882646,0.05460449898633844,0.05210421352869196,0.056406066200021414,0.03427539145406757,0.03615591090614488,0.047161722767590446,0.05438991065804489,0.0517515016567774,0.048604102959683704,0.05180420751181371,0.050645978597593046,0.040106391740979026,0.04028141026703032,0.05216893688106641,0.053652031826392846,0.039753402034793786,0.050229283662350306,0.04217766357619817,0.04780482140735993,0.043547326788438936,0.04114241508652967,0.06297954566696061,0.05740148442212115,0.06107963766015089,0.049172861701654524,0.04256662802695582,0.04997867661996077
r299,1.44777518175172,1.512818710215634,1.5445749879649386,0.7370882715939571,0.7509791494867517,0.6136042159309864,0.5383015438068057,0.5612092986103048,0.6855267823301666,0.0,0.18693602340466295,0.0,0.0,0.0,0.0,0.8917281801594673,0.6920520777996491,0.7374903476513384,0.43228729425127543,0.0,0.12364740972155765,0.39641340127614166,0.6913553724705116,0.0,0.12509821646531194,0.5619910495673555,0.22578053676174042,0.3153018663959935,0.0,1.0774560529369626,0.29868618455087026,0.0,0.10807887105423257,0.04274628713389021,0.0,0.3264549290420968,0.16763511750188312,0.0060131266161629945,0.2455637105671051,0.0,0.048552172659445614,0.11511925362665101,0.0,0.0,0.3042745991205812,0.0,0.0,0.0,0.0,1e-09,0.0,0.0,0.0772885544358192,0.0,0.0,0.48464006471498167,0.0,0.0,0.0,0.0,0.0,0.0,0.0,0.0,0.0,0.0,0.5634832688917154,0.5887740134438221,0.2211809964105507,0.0,0.4915512791101618,0.01207056650187075
r302,0.006295452506132602,0.006069662244441696,0.005941599929676803,0.006880570979179862,0.006740210477842614,0.007132641415062515,0.006219071659729862,0.006457654288394317,0.0061599492310399125,0.00613756497453799,0.005783311018843369,0.005314834172431511,0.006043445775798427,0.005211675530084701,0.006097397316670963,0.005226759526936397,0.005985053724133507,0.006136320303953685,0.004848452909268689,0.005074829227586879,0.005104261038491736,0.005573736885946351,0.0051067754254254015,0.004888044482828777,0.006296372881713617,0.005198671702483908,0.006196077925154903,0.005285186938207814,0.0060891718029006765,0.004277472344571006,0.0063188224798578834,0.0072013099970243705,0.00668929772699608,0.007065579350564077,0.007788179671443036,0.0071939958243576844,0.006308671565287998,0.006327573328444895,0.0058625011417626485,0.006200202061521726,0.00598619880590138,0.006503459338242428,0.00611269376943955,0.005462465196929266,0.0059794856308498096,0.006243953068082193,0.0059580486949231464,0.006449959923562112,0.003919346200445643,0.004134381141162229,0.005392881338301681,0.006219415173298873,0.005917716553512219,0.005557815627471073,0.005923743399126939,0.0057913014370772715,0.004586113459688477,0.004606126599319753,0.0059654497256465605,0.006135039693616868,0.004545749548291938,0.005743652916027493,0.00482296068602389,0.005466418826959414,0.005086172761719786,0.004805287635245401,0.007201628706309103,0.006563784695829681,0.006984376709707838,0.005622852446008981,0.004867438262428179,0.005714996328378873
r303,0.006295452506132602,0.006069662244441696,0.005941599929676803,0.006880570979179862,0.006740210477842614,0.007132641415062515,0.006219071659729862,0.006457654288394317,0.0061599492310399125,0.00613756497453799,0.005783311018843369,0.005314834172431511,0.006043445775798427,0.005211675530084701,0.006097397316670963,0.005226759526936397,0.005985053724133507,0.006136320303953685,0.004848452909268689,0.005074829227586879,0.005104261038491736,0.005573736885946351,0.0051067754254254015,0.004888044482828777,0.006296372881713617,0.005198671702483908,0.006196077925154903,0.005285186938207814,0.0060891718029006765,0.004277472344571006,0.0063188224798578834,0.0072013099970243705,0.00668929772699608,0.007065579350564077,0.007788179671443036,0.0071939958243576844,0.006308671565287998,0.006327573328444895,0.0058625011417626485,0.006200202061521726,0.00598619880590138,0.006503459338242428,0.00611269376943955,0.005462465196929266,0.0059794856308498096,0.006243953068082193,0.0059580486949231464,0.006449959923562112,0.003919346200445643,0.004134381141162229,0.005392881338301681,0.006219415173298873,0.005917716553512219,0.005557815627471073,0.005923743399126939,0.0057913014370772715,0.004586113459688477,0.004606126599319753,0.0059654497256465605,0.006135039693616868,0.004545749548291938,0.005743652916027493,0.00482296068602389,0.005466418826959414,0.005086172761719786,0.004805287635245401,0.007201628706309103,0.006563784695829681,0.006984376709707838,0.005622852446008981,0.004867438262428179,0.005714996328378873
r304,0.006295452506132602,0.006069662244441696,0.005941599929676803,0.006880570979179862,0.006740210477842614,0.007132641415062515,0.006219071659729862,0.006457654288394317,0.0061599492310399125,0.00613756497453799,0.005783311018843369,0.005314834172431511,0.006043445775798427,0.005211675530084701,0.006097397316670963,0.005226759526936397,0.005985053724133507,0.006136320303953685,0.004848452909268689,0.005074829227586879,0.005104261038491736,0.005573736885946351,0.0051067754254254015,0.004888044482828777,0.006296372881713617,0.005198671702483908,0.006196077925154903,0.005285186938207814,0.0060891718029006765,0.004277472344571006,0.0063188224798578834,0.0072013099970243705,0.00668929772699608,0.007065579350564077,0.007788179671443036,0.0071939958243576844,0.006308671565287998,0.006327573328444895,0.0058625011417626485,0.006200202061521726,0.00598619880590138,0.006503459338242428,0.00611269376943955,0.005462465196929266,0.0059794856308498096,0.006243953068082193,0.0059580486949231464,0.006449959923562112,0.003919346200445643,0.004134381141162229,0.005392881338301681,0.006219415173298873,0.005917716553512219,0.005557815627471073,0.005923743399126939,0.0057913014370772715,0.004586113459688477,0.004606126599319753,0.0059654497256465605,0.006135039693616868,0.004545749548291938,0.005743652916027493,0.00482296068602389,0.005466418826959414,0.005086172761719786,0.004805287635245401,0.007201628706309103,0.006563784695829681,0.006984376709707838,0.005622852446008981,0.004867438262428179,0.005714996328378873
r300,0.0,0.0,0.0,0.0,0.0,0.0,0.0,0.0,0.0,0.0,0.0,0.0,0.05640890572612906,0.0,0.056912483899229,0.0,0.0,0.0,0.0,0.0,0.0,0.0,0.0,0.0,0.0,0.0,0.0,0.0,0.0,0.0,0.0,0.0,0.0,0.0,0.07126668640207616,0.0,0.0,0.0,0.0,0.0,0.0,0.0,0.0,0.0,0.0,0.0,0.0,0.0,0.0,1e-09,0.05033660370280036,0.05805138611391019,0.0,0.0,0.055291615966686226,0.0,0.0,0.0,0.05568089856103174,0.05726383398006337,0.0,0.0536106697841532,0.0,0.051022995106262604,0.04654164316469551,0.043971369619465586,0.0,0.0,0.0,0.0,0.0,0.0
r313m,0.024896655548403535,0.024003721741655437,0.023497273104908907,0.027210626317665073,0.026655541984809437,0.028207490452529467,0.024594591856948088,0.0255381156973559,0.024360780110954456,0.024272256986795675,0.02287128720694325,0.021018599625525235,0.023900043350170243,0.020610637658875976,0.024113405761863594,0.020670290411961514,0.023669120029622646,0.024267334682199087,0.01917419945700959,0.020069450944649802,0.020185845065255104,0.022042483400781784,0.020195788723052926,0.019330772438631467,0.02490029536202988,0.02055921136088195,0.024503658426995867,0.02090135356931074,0.024080876283983026,0.01691613994019752,0.02498907689308784,0.028479054415634,0.02645419709028171,0.02794227979157136,0.02937256333229945,0.028450129022689435,0.024948933023635825,0.025023683915031812,0.023184460757412696,0.02451996816842571,0.02367364848985982,0.025719261142792132,0.024173898715359885,0.0216024367304194,0.023647099865002123,0.024692990479239937,0.023562323113964896,0.02550768675667147,0.015499856798599396,0.016350256487053426,0.021327253118392866,0.0245959503516703,0.023402821405190295,0.02197951952522705,0.023426655799805608,0.02290288695140381,0.01813672440551899,0.018215870462669988,0.023591592004873832,0.02426227024649489,0.017977097055833363,0.02271445112176147,0.019073385242198013,0.021618072169640068,0.019182137272771772,0.01812279908149694,0.028480314816737,0.025957830117337054,0.027621147326979067,0.02223672093648769,0.019249280922180832,0.022601122780202924
r316,0.035392110677315,0.03412275098056629,0.03340280340702011,0.038681560956110195,0.03789247477558556,0.04009866395049405,0.03496270883288188,0.03630398530944439,0.0346303311267459,0.03450449015044995,0.03251292637886729,0.029879218239375612,0.033975365820012385,0.02929927548286108,0.034278673470175484,0.029384075566651836,0.03364709435561366,0.034497492809638444,0.02725729118254727,0.028529945626823514,0.02869540696212528,0.03133473132381432,0.028709542468672723,0.027479869199534858,0.03539728491490706,0.02922616986551821,0.03483344138932561,0.029712545848762702,0.034232430837950356,0.024047322166892066,0.035523493262257136,0.040484708658853064,0.037606250775299624,0.03972165087704585,0.04378400390159607,0.040443589442246915,0.035466426305241744,0.03557268922433698,0.03295812162526301,0.03485662668100111,0.03365353176002715,0.0365614946112757,0.034364667879289365,0.030709178210025688,0.03361579126664851,0.035102588414711006,0.03349527595443214,0.03626072874287491,0.022033989532989972,0.023242884429618686,0.030317987960279732,0.03496463996273805,0.03326853457241649,0.031245224364383394,0.03330241661267979,0.03255784731474552,0.025782457264135063,0.025894968202566437,0.033536883463019536,0.03449029343573666,0.02555553728137413,0.032289974336102235,0.0271139776356102,0.03073140494914053,0.028593717334806912,0.02701462233700797,0.040486500387349036,0.036900634896700556,0.0392651415342621,0.0316108517991294,0.027364024064259352,0.03212887120455391
r317,0.012291121559592225,0.011850292953433789,0.011600266529368996,0.013433495721255916,0.013159458551978436,0.01392563323893158,0.012141997049948781,0.012607801229722238,0.012026567546316022,0.011982864950288458,0.011291226274884669,0.010376581003318664,0.011799108419415979,0.010175176034927269,0.011904442380167118,0.0102046257430663,0.011685104889974941,0.011980434879147668,0.009466027108572203,0.009907999920526763,0.009965462027531484,0.010882057729704782,0.009970371068687693,0.009543324942665707,0.012292918483345633,0.010149787609611443,0.01209710452054052,0.01031869830792954,0.011888383043758463,0.008351255529876724,0.012336748651151103,0.014059700470380916,0.013060057466992344,0.01379470254157748,0.015205493644245928,0.01404542041898405,0.01231693019889562,0.012353833641249555,0.01144583556248898,0.012105156405828132,0.011687340525807456,0.012697230136568548,0.011934306883191503,0.010664813003528568,0.011674233850706773,0.012190575037684281,0.011632380785326142,0.012592778898383174,0.007652056867536731,0.008071886989888165,0.010528958803350903,0.012142667719297794,0.011553637080666711,0.010850973367919712,0.011565403779247835,0.011306826615246107,0.00895384056415369,0.008992913836767133,0.011646830416738526,0.01197793463991865,0.008875034832379497,0.01121379855033939,0.009416256577475213,0.010672531995492193,0.009930146820500538,0.009381752049764828,0.014060322712317776,0.012815008215667474,0.01363616405228673,0.010977950013636582,0.009503093750455016,0.01115784997445399
r318,0.012291121559592225,0.011850292953433789,0.011600266529368996,0.013433495721255916,0.013159458551978436,0.01392563323893158,0.012141997049948781,0.012607801229722238,0.012026567546316022,0.011982864950288458,0.011291226274884669,0.010376581003318664,0.011799108419415979,0.010175176034927269,0.011904442380167118,0.0102046257430663,0.011685104889974941,0.011980434879147668,0.009466027108572203,0.009907999920526763,0.009965462027531484,0.010882057729704782,0.009970371068687693,0.009543324942665707,0.012292918483345633,0.010149787609611443,0.01209710452054052,0.01031869830792954,0.011888383043758463,0.008351255529876724,0.012336748651151103,0.014059700470380916,0.013060057466992344,0.01379470254157748,0.015205493644245928,0.01404542041898405,0.01231693019889562,0.012353833641249555,0.01144583556248898,0.012105156405828132,0.011687340525807456,0.012697230136568548,0.011934306883191503,0.010664813003528568,0.011674233850706773,0.012190575037684281,0.011632380785326142,0.012592778898383174,0.007652056867536731,0.008071886989888165,0.010528958803350903,0.012142667719297794,0.011553637080666711,0.010850973367919712,0.011565403779247835,0.011306826615246107,0.00895384056415369,0.008992913836767133,0.011646830416738526,0.01197793463991865,0.008875034832379497,0.01121379855033939,0.009416256577475213,0.010672531995492193,0.009930146820500538,0.009381752049764828,0.014060322712317776,0.012815008215667474,0.01363616405228673,0.010977950013636582,0.009503093750455016,0.01115784997445399
r319,0.012291121559592225,0.011850292953433789,0.011600266529368996,0.013433495721255916,0.013159458551978436,0.01392563323893158,0.012141997049948781,0.012607801229722238,0.012026567546316022,0.011982864950288458,0.011291226274884669,0.010376581003318664,0.011799108419415979,0.010175176034927269,0.011904442380167118,0.0102046257430663,0.011685104889974941,0.011980434879147668,0.009466027108572203,0.009907999920526763,0.009965462027531484,0.010882057729704782,0.009970371068687693,0.009543324942665707,0.012292918483345633,0.010149787609611443,0.01209710452054052,0.01031869830792954,0.011888383043758463,0.008351255529876724,0.012336748651151103,0.014059700470380916,0.013060057466992344,0.01379470254157748,0.015205493644245928,0.01404542041898405,0.01231693019889562,0.012353833641249555,0.01144583556248898,0.012105156405828132,0.011687340525807456,0.012697230136568548,0.011934306883191503,0.010664813003528568,0.011674233850706773,0.012190575037684281,0.011632380785326142,0.012592778898383174,0.007652056867536731,0.008071886989888165,0.010528958803350903,0.012142667719297794,0.011553637080666711,0.010850973367919712,0.011565403779247835,0.011306826615246107,0.00895384056415369,0.008992913836767133,0.011646830416738526,0.01197793463991865,0.008875034832379497,0.01121379855033939,0.009416256577475213,0.010672531995492193,0.009930146820500538,0.009381752049764828,0.014060322712317776,0.012815008215667474,0.01363616405228673,0.010977950013636582,0.009503093750455016,0.01115784997445399
r320,0.012291121559592225,0.011850292953433789,0.011600266529368996,0.013433495721255916,0.013159458551978436,0.01392563323893158,0.012141997049948781,0.012607801229722238,0.012026567546316022,0.011982864950288458,0.011291226274884669,0.010376581003318664,0.011799108419415979,0.010175176034927269,0.011904442380167118,0.0102046257430663,0.011685104889974941,0.011980434879147668,0.009466027108572203,0.009907999920526763,0.009965462027531484,0.010882057729704782,0.009970371068687693,0.009543324942665707,0.012292918483345633,0.010149787609611443,0.01209710452054052,0.01031869830792954,0.011888383043758463,0.008351255529876724,0.012336748651151103,0.014059700470380916,0.013060057466992344,0.01379470254157748,0.015205493644245928,0.01404542041898405,0.01231693019889562,0.012353833641249555,0.01144583556248898,0.012105156405828132,0.011687340525807456,0.012697230136568548,0.011934306883191503,0.010664813003528568,0.011674233850706773,0.012190575037684281,0.011632380785326142,0.012592778898383174,0.007652056867536731,0.008071886989888165,0.010528958803350903,0.012142667719297794,0.011553637080666711,0.010850973367919712,0.011565403779247835,0.011306826615246107,0.00895384056415369,0.008992913836767133,0.011646830416738526,0.01197793463991865,0.008875034832379497,0.01121379855033939,0.009416256577475213,0.010672531995492193,0.009930146820500538,0.009381752049764828,0.014060322712317776,0.012815008215667474,0.01363616405228673,0.010977950013636582,0.009503093750455016,0.01115784997445399
r321,0.012291121559592225,0.011850292953433789,0.011600266529368996,0.013433495721255916,0.013159458551978436,0.01392563323893158,0.012141997049948781,0.012607801229722238,0.012026567546316022,0.011982864950288458,0.011291226274884669,0.010376581003318664,0.011799108419415979,0.010175176034927269,0.011904442380167118,0.0102046257430663,0.011685104889974941,0.011980434879147668,0.009466027108572203,0.009907999920526763,0.009965462027531484,0.010882057729704782,0.009970371068687693,0.009543324942665707,0.012292918483345633,0.010149787609611443,0.01209710452054052,0.01031869830792954,0.011888383043758463,0.008351255529876724,0.012336748651151103,0.014059700470380916,0.013060057466992344,0.01379470254157748,0.015205493644245928,0.01404542041898405,0.01231693019889562,0.012353833641249555,0.01144583556248898,0.012105156405828132,0.011687340525807456,0.012697230136568548,0.011934306883191503,0.010664813003528568,0.011674233850706773,0.012190575037684281,0.011632380785326142,0.012592778898383174,0.007652056867536731,0.008071886989888165,0.010528958803350903,0.012142667719297794,0.011553637080666711,0.010850973367919712,0.011565403779247835,0.011306826615246107,0.00895384056415369,0.008992913836767133,0.011646830416738526,0.01197793463991865,0.008875034832379497,0.01121379855033939,0.009416256577475213,0.010672531995492193,0.009930146820500538,0.009381752049764828,0.014060322712317776,0.012815008215667474,0.01363616405228673,0.010977950013636582,0.009503093750455016,0.01115784997445399
r322,0.012291121559592225,0.011850292953433789,0.011600266529368996,0.013433495721255916,0.013159458551978436,0.01392563323893158,0.012141997049948781,0.012607801229722238,0.012026567546316022,0.011982864950288458,0.011291226274884669,0.010376581003318664,0.011799108419415979,0.010175176034927269,0.011904442380167118,0.0102046257430663,0.011685104889974941,0.011980434879147668,0.009466027108572203,0.009907999920526763,0.009965462027531484,0.010882057729704782,0.009970371068687693,0.009543324942665707,0.012292918483345633,0.010149787609611443,0.01209710452054052,0.01031869830792954,0.011888383043758463,0.008351255529876724,0.012336748651151103,0.014059700470380916,0.013060057466992344,0.01379470254157748,0.015205493644245928,0.01404542041898405,0.01231693019889562,0.012353833641249555,0.01144583556248898,0.012105156405828132,0.011687340525807456,0.012697230136568548,0.011934306883191503,0.010664813003528568,0.011674233850706773,0.012190575037684281,0.011632380785326142,0.012592778898383174,0.007652056867536731,0.008071886989888165,0.010528958803350903,0.012142667719297794,0.011553637080666711,0.010850973367919712,0.011565403779247835,0.011306826615246107,0.00895384056415369,0.008992913836767133,0.011646830416738526,0.01197793463991865,0.008875034832379497,0.01121379855033939,0.009416256577475213,0.010672531995492193,0.009930146820500538,0.009381752049764828,0.014060322712317776,0.012815008215667474,0.01363616405228673,0.010977950013636582,0.009503093750455016,0.01115784997445399
r323,0.012291121559592225,0.011850292953433789,0.011600266529368996,0.013433495721255916,0.013159458551978436,0.01392563323893158,0.012141997049948781,0.012607801229722238,0.012026567546316022,0.011982864950288458,0.011291226274884669,0.010376581003318664,0.011799108419415979,0.010175176034927269,0.011904442380167118,0.0102046257430663,0.011685104889974941,0.011980434879147668,0.009466027108572203,0.009907999920526763,0.009965462027531484,0.010882057729704782,0.009970371068687693,0.009543324942665707,0.012292918483345633,0.010149787609611443,0.01209710452054052,0.01031869830792954,0.011888383043758463,0.008351255529876724,0.012336748651151103,0.014059700470380916,0.013060057466992344,0.01379470254157748,0.015205493644245928,0.01404542041898405,0.01231693019889562,0.012353833641249555,0.01144583556248898,0.012105156405828132,0.011687340525807456,0.012697230136568548,0.011934306883191503,0.010664813003528568,0.011674233850706773,0.012190575037684281,0.011632380785326142,0.012592778898383174,0.007652056867536731,0.008071886989888165,0.010528958803350903,0.012142667719297794,0.011553637080666711,0.010850973367919712,0.011565403779247835,0.011306826615246107,0.00895384056415369,0.008992913836767133,0.011646830416738526,0.01197793463991865,0.008875034832379497,0.01121379855033939,0.009416256577475213,0.010672531995492193,0.009930146820500538,0.009381752049764828,0.014060322712317776,0.012815008215667474,0.01363616405228673,0.010977950013636582,0.009503093750455016,0.01115784997445399
r324,0.012291121559592225,0.011850292953433789,0.011600266529368996,0.013433495721255916,0.013159458551978436,0.01392563323893158,0.012141997049948781,0.012607801229722238,0.012026567546316022,0.011982864950288458,0.011291226274884669,0.010376581003318664,0.011799108419415979,0.010175176034927269,0.011904442380167118,0.0102046257430663,0.011685104889974941,0.011980434879147668,0.009466027108572203,0.009907999920526763,0.009965462027531484,0.010882057729704782,0.009970371068687693,0.009543324942665707,0.012292918483345633,0.010149787609611443,0.01209710452054052,0.01031869830792954,0.011888383043758463,0.008351255529876724,0.012336748651151103,0.014059700470380916,0.013060057466992344,0.01379470254157748,0.015205493644245928,0.01404542041898405,0.01231693019889562,0.012353833641249555,0.01144583556248898,0.012105156405828132,0.011687340525807456,0.012697230136568548,0.011934306883191503,0.010664813003528568,0.011674233850706773,0.012190575037684281,0.011632380785326142,0.012592778898383174,0.007652056867536731,0.008071886989888165,0.010528958803350903,0.012142667719297794,0.011553637080666711,0.010850973367919712,0.011565403779247835,0.011306826615246107,0.00895384056415369,0.008992913836767133,0.011646830416738526,0.01197793463991865,0.008875034832379497,0.01121379855033939,0.009416256577475213,0.010672531995492193,0.009930146820500538,0.009381752049764828,0.014060322712317776,0.012815008215667474,0.01363616405228673,0.010977950013636582,0.009503093750455016,0.01115784997445399
r325,0.012291121559592225,0.011850292953433789,0.011600266529368996,0.013433495721255916,0.013159458551978436,0.01392563323893158,0.012141997049948781,0.012607801229722238,0.012026567546316022,0.011982864950288458,0.011291226274884669,0.010376581003318664,0.011799108419415979,0.010175176034927269,0.011904442380167118,0.0102046257430663,0.011685104889974941,0.011980434879147668,0.009466027108572203,0.009907999920526763,0.009965462027531484,0.010882057729704782,0.009970371068687693,0.009543324942665707,0.012292918483345633,0.010149787609611443,0.01209710452054052,0.01031869830792954,0.011888383043758463,0.008351255529876724,0.012336748651151103,0.014059700470380916,0.013060057466992344,0.01379470254157748,0.015205493644245928,0.01404542041898405,0.01231693019889562,0.012353833641249555,0.01144583556248898,0.012105156405828132,0.011687340525807456,0.012697230136568548,0.011934306883191503,0.010664813003528568,0.011674233850706773,0.012190575037684281,0.011632380785326142,0.012592778898383174,0.007652056867536731,0.008071886989888165,0.010528958803350903,0.012142667719297794,0.011553637080666711,0.010850973367919712,0.011565403779247835,0.011306826615246107,0.00895384056415369,0.008992913836767133,0.011646830416738526,0.01197793463991865,0.008875034832379497,0.01121379855033939,0.009416256577475213,0.010672531995492193,0.009930146820500538,0.009381752049764828,0.014060322712317776,0.012815008215667474,0.01363616405228673,0.010977950013636582,0.009503093750455016,0.01115784997445399
r328,0.07434629626289932,0.07167982079150195,0.07016746583618319,0.08125626680174312,0.07959867611928419,0.08423309861597637,0.07344427483871457,0.07626182207246622,0.07274606710942375,0.0724817196993058,0.06829814917491216,0.0627656607030007,0.07137021678085763,0.061547406260047885,0.07200735878735232,0.06172554108001079,0.07068063445643377,0.07246702073240541,0.05725792007136358,0.05993131659245457,0.060278892264092894,0.06582317846260453,0.06030858597645238,0.057725477701977945,0.07435716546023699,0.06139383724838141,0.07317272978278169,0.062415540984549406,0.07191021938663657,0.05051491149779092,0.07462228452403595,0.08504404186962115,0.07899742077595369,0.08344112756856623,0.09340208059962779,0.08495766497336694,0.07450240705673447,0.0747256278787778,0.06923334681700652,0.07322143386939943,0.07069415732683534,0.07680275789924391,0.07218800261052422,0.06450911280183133,0.07061487792622634,0.0737381124230659,0.07036171792099716,0.07617095528778114,0.0462856122719295,0.048825072524201575,0.06368736056661035,0.07344833157038666,0.06988541453671572,0.06563515598156314,0.0699565887134991,0.06839251220929353,0.054159816095368664,0.05439616174434755,0.07044912056954035,0.07245189733414209,0.05368313752268575,0.06782980586546752,0.056956869053996405,0.06455580328980644,0.06099745232839004,0.057628853203950975,0.08504780567450751,0.07751517164598862,0.08248216304797827,0.06640320983858226,0.05748212805153279,0.06749138521133145
r329,0.07434629626289932,0.07167982079150195,0.07016746583618319,0.08125626680174312,0.07959867611928419,0.08423309861597637,0.07344427483871457,0.07626182207246622,0.07274606710942375,0.0724817196993058,0.06829814917491216,0.0627656607030007,0.07137021678085763,0.061547406260047885,0.07200735878735232,0.06172554108001079,0.07068063445643377,0.07246702073240541,0.05725792007136358,0.05993131659245457,0.060278892264092894,0.06582317846260453,0.06030858597645238,0.057725477701977945,0.07435716546023699,0.06139383724838141,0.07317272978278169,0.062415540984549406,0.07191021938663657,0.05051491149779092,0.07462228452403595,0.08504404186962115,0.07899742077595369,0.08344112756856623,0.09340208059962779,0.08495766497336694,0.07450240705673447,0.0747256278787778,0.06923334681700652,0.07322143386939943,0.07069415732683534,0.07680275789924391,0.07218800261052422,0.06450911280183133,0.07061487792622634,0.0737381124230659,0.07036171792099716,0.07617095528778114,0.0462856122719295,0.048825072524201575,0.06368736056661035,0.07344833157038666,0.06988541453671572,0.06563515598156314,0.0699565887134991,0.06839251220929353,0.054159816095368664,0.05439616174434755,0.07044912056954035,0.07245189733414209,0.05368313752268575,0.06782980586546752,0.056956869053996405,0.06455580328980644,0.06099745232839004,0.057628853203950975,0.08504780567450751,0.07751517164598862,0.08248216304797827,0.06640320983858226,0.05748212805153279,0.06749138521133145
r330,0.07434629626289932,0.07167982079150195,0.07016746583618319,0.08125626680174312,0.07959867611928419,0.08423309861597637,0.07344427483871457,0.07626182207246622,0.07274606710942375,0.0724817196993058,0.06829814917491216,0.0627656607030007,0.07137021678085763,0.061547406260047885,0.07200735878735232,0.06172554108001079,0.07068063445643377,0.07246702073240541,0.05725792007136358,0.05993131659245457,0.060278892264092894,0.06582317846260453,0.06030858597645238,0.057725477701977945,0.07435716546023699,0.06139383724838141,0.07317272978278169,0.062415540984549406,0.07191021938663657,0.05051491149779092,0.07462228452403595,0.08504404186962115,0.07899742077595369,0.08344112756856623,0.09340208059962779,0.08495766497336694,0.07450240705673447,0.0747256278787778,0.06923334681700652,0.07322143386939943,0.07069415732683534,0.07680275789924391,0.07218800261052422,0.06450911280183133,0.07061487792622634,0.0737381124230659,0.07036171792099716,0.07617095528778114,0.0462856122719295,0.048825072524201575,0.06368736056661035,0.07344833157038666,0.06988541453671572,0.06563515598156314,0.0699565887134991,0.06839251220929353,0.054159816095368664,0.05439616174434755,0.07044912056954035,0.07245189733414209,0.05368313752268575,0.06782980586546752,0.056956869053996405,0.06455580328980644,0.06099745232839004,0.057628853203950975,0.08504780567450751,0.07751517164598862,0.08248216304797827,0.06640320983858226,0.05748212805153279,0.06749138521133145
r331,0.03213678612654358,0.030984180600197614,0.030330452974350153,0.035123676617527674,0.03440716967736801,0.03641043617593818,0.0317468800915734,0.03296478760551766,0.03144507416987995,0.031330807870022515,0.029522425772381386,0.02713096301355514,0.030850351769790077,0.026604362705956182,0.03112576154033939,0.02668136291845628,0.030552274248910088,0.03132445412303976,0.024750197708266843,0.02590579491415778,0.02605603730125305,0.02845259972254519,0.026068872647885873,0.02495230326472595,0.03214148442474761,0.02653798126220358,0.031629502551266925,0.026979620941708457,0.03108377225099774,0.021835477873238657,0.03225608427813167,0.036760972937191085,0.03414727220637999,0.036068100303831854,0.03975680289422351,0.03672363582719732,0.03220426627613684,0.03230075527663299,0.029926672495093145,0.03165055528548234,0.03055811961869657,0.033198611479028015,0.03120384628971047,0.027884584243372257,0.030523850458433324,0.0318738937570672,0.03041442000456007,0.032925509705040885,0.020007329175608237,0.021105031349171,0.02752937521266383,0.03174863364655424,0.03020853402554809,0.02837132548880471,0.030239299637448,0.029563214954984943,0.023411017279933555,0.02351317959271797,0.03045220050425293,0.03131791691217755,0.023204969122709324,0.029319980599911775,0.024620065978179093,0.027904766583335686,0.025963700955064825,0.024529849261824138,0.03676259987220648,0.033506558066330565,0.03565358015622287,0.028703322962483947,0.02484711341582385,0.02917369554296263
r337,0.04220951013635574,0.04069564019130433,0.039837012861833034,0.04613259018421545,0.04519150644191619,0.047822662440038195,0.041697394747141174,0.043297034466948554,0.0413009929395438,0.04115091182928329,0.03877572340253077,0.03563469768944555,0.04051986501106755,0.034943043554091696,0.04088159724701293,0.035044178161554515,0.040128360207523694,0.04114256660936565,0.032507722363096736,0.03402552167829678,0.034222854962839826,0.03737057874005935,0.03423971332856651,0.032773174437251994,0.042215681035489394,0.03485585598617783,0.04154322723151476,0.035435920042840956,0.04082644713563882,0.028679433624552268,0.042366200245904276,0.04828306893243007,0.0448501485695737,0.047373027264734364,0.05221789036853236,0.048234029146169616,0.04229814078059763,0.042424872602144816,0.03930667432191338,0.04157087858391711,0.04013603770813877,0.04360414642021589,0.040984156320813744,0.03662452855845908,0.04009102746779302,0.0418642186659987,0.0399472979164371,0.043245445582740266,0.02627828309632126,0.027720041175030574,0.03615798535394652,0.041699697923832435,0.03967688051116764,0.03726383049275843,0.039717289076051106,0.03882929725430858,0.030748798815435113,0.03088298215162957,0.039996920065287433,0.04113398042196454,0.030478168399976423,0.038509825265555755,0.032336803075817315,0.036651036706470755,0.03410157737381648,0.03221830947821678,0.048285205802301036,0.04400861357965806,0.0468285828917554,0.037699886876098314,0.032635014635708934,0.03831768966836882
r338,0.04220951013635574,0.04069564019130433,0.039837012861833034,0.04613259018421545,0.04519150644191619,0.047822662440038195,0.041697394747141174,0.043297034466948554,0.0413009929395438,0.04115091182928329,0.03877572340253077,0.03563469768944555,0.04051986501106755,0.034943043554091696,0.04088159724701293,0.035044178161554515,0.040128360207523694,0.04114256660936565,0.032507722363096736,0.03402552167829678,0.034222854962839826,0.03737057874005935,0.03423971332856651,0.032773174437251994,0.042215681035489394,0.03485585598617783,0.04154322723151476,0.035435920042840956,0.04082644713563882,0.028679433624552268,0.042366200245904276,0.04828306893243007,0.0448501485695737,0.047373027264734364,0.05221789036853236,0.048234029146169616,0.04229814078059763,0.042424872602144816,0.03930667432191338,0.04157087858391711,0.04013603770813877,0.04360414642021589,0.040984156320813744,0.03662452855845908,0.04009102746779302,0.0418642186659987,0.0399472979164371,0.043245445582740266,0.02627828309632126,0.027720041175030574,0.03615798535394652,0.041699697923832435,0.03967688051116764,0.03726383049275843,0.039717289076051106,0.03882929725430858,0.030748798815435113,0.03088298215162957,0.039996920065287433,0.04113398042196454,0.030478168399976423,0.038509825265555755,0.032336803075817315,0.036651036706470755,0.03410157737381648,0.03221830947821678,0.048285205802301036,0.04400861357965806,0.0468285828917554,0.037699886876098314,0.032635014635708934,0.03831768966836882
r339,0.04220951013635574,0.04069564019130433,0.039837012861833034,0.04613259018421545,0.04519150644191619,0.047822662440038195,0.041697394747141174,0.043297034466948554,0.0413009929395438,0.04115091182928329,0.03877572340253077,0.03563469768944555,0.04051986501106755,0.034943043554091696,0.04088159724701293,0.035044178161554515,0.040128360207523694,0.04114256660936565,0.032507722363096736,0.03402552167829678,0.034222854962839826,0.03737057874005935,0.03423971332856651,0.032773174437251994,0.042215681035489394,0.03485585598617783,0.04154322723151476,0.035435920042840956,0.04082644713563882,0.028679433624552268,0.042366200245904276,0.04828306893243007,0.0448501485695737,0.047373027264734364,0.05221789036853236,0.048234029146169616,0.04229814078059763,0.042424872602144816,0.03930667432191338,0.04157087858391711,0.04013603770813877,0.04360414642021589,0.040984156320813744,0.03662452855845908,0.04009102746779302,0.0418642186659987,0.0399472979164371,0.043245445582740266,0.02627828309632126,0.027720041175030574,0.03615798535394652,0.041699697923832435,0.03967688051116764,0.03726383049275843,0.039717289076051106,0.03882929725430858,0.030748798815435113,0.03088298215162957,0.039996920065287433,0.04113398042196454,0.030478168399976423,0.038509825265555755,0.032336803075817315,0.036651036706470755,0.03410157737381648,0.03221830947821678,0.048285205802301036,0.04400861357965806,0.0468285828917554,0.037699886876098314,0.032635014635708934,0.03831768966836882
r332,0.024896655548403535,0.024003721741655437,0.023497273104908907,0.027210626317665073,0.026655541984809437,0.028207490452529467,0.024594591856948088,0.0255381156973559,0.024360780110954456,0.024272256986795675,0.02287128720694325,0.021018599625525235,0.023900043350170243,0.020610637658875976,0.024113405761863594,0.020670290411961514,0.023669120029622646,0.024267334682199087,0.01917419945700959,0.020069450944649802,0.020185845065255104,0.022042483400781784,0.020195788723052926,0.019330772438631467,0.02490029536202988,0.02055921136088195,0.024503658426995867,0.02090135356931074,0.024080876283983026,0.01691613994019752,0.02498907689308784,0.028479054415634,0.02645419709028171,0.02794227979157136,0.02937256333229945,0.028450129022689435,0.024948933023635825,0.025023683915031812,0.023184460757412696,0.02451996816842571,0.02367364848985982,0.025719261142792132,0.024173898715359885,0.0216024367304194,0.023647099865002123,0.024692990479239937,0.023562323113964896,0.02550768675667147,0.015499856798599396,0.016350256487053426,0.021327253118392866,0.0245959503516703,0.023402821405190295,0.02197951952522705,0.023426655799805608,0.02290288695140381,0.01813672440551899,0.018215870462669988,0.023591592004873832,0.02426227024649489,0.017977097055833363,0.02271445112176147,0.019073385242198013,0.021618072169640068,0.019182137272771772,0.01812279908149694,0.028480314816737,0.025957830117337054,0.027621147326979067,0.02223672093648769,0.019249280922180832,0.022601122780202924
r333,0.024896655548403535,0.024003721741655437,0.023497273104908907,0.027210626317665073,0.026655541984809437,0.028207490452529467,0.024594591856948088,0.0255381156973559,0.024360780110954456,0.024272256986795675,0.02287128720694325,0.021018599625525235,0.023900043350170243,0.020610637658875976,0.024113405761863594,0.020670290411961514,0.023669120029622646,0.024267334682199087,0.01917419945700959,0.020069450944649802,0.020185845065255104,0.022042483400781784,0.020195788723052926,0.019330772438631467,0.02490029536202988,0.02055921136088195,0.024503658426995867,0.02090135356931074,0.024080876283983026,0.01691613994019752,0.02498907689308784,0.028479054415634,0.02645419709028171,0.02794227979157136,0.02937256333229945,0.028450129022689435,0.024948933023635825,0.025023683915031812,0.023184460757412696,0.02451996816842571,0.02367364848985982,0.025719261142792132,0.024173898715359885,0.0216024367304194,0.023647099865002123,0.024692990479239937,0.023562323113964896,0.02550768675667147,0.015499856798599396,0.016350256487053426,0.021327253118392866,0.0245959503516703,0.023402821405190295,0.02197951952522705,0.023426655799805608,0.02290288695140381,0.01813672440551899,0.018215870462669988,0.023591592004873832,0.02426227024649489,0.017977097055833363,0.02271445112176147,0.019073385242198013,0.021618072169640068,0.019182137272771772,0.01812279908149694,0.028480314816737,0.025957830117337054,0.027621147326979067,0.02223672093648769,0.019249280922180832,0.022601122780202924
r334,0.024896655548403535,0.024003721741655437,0.023497273104908907,0.027210626317665073,0.026655541984809437,0.028207490452529467,0.024594591856948088,0.0255381156973559,0.024360780110954456,0.024272256986795675,0.02287128720694325,0.021018599625525235,0.023900043350170243,0.020610637658875976,0.024113405761863594,0.020670290411961514,0.023669120029622646,0.024267334682199087,0.01917419945700959,0.020069450944649802,0.020185845065255104,0.022042483400781784,0.020195788723052926,0.019330772438631467,0.02490029536202988,0.02055921136088195,0.024503658426995867,0.02090135356931074,0.024080876283983026,0.01691613994019752,0.02498907689308784,0.028479054415634,0.02645419709028171,0.02794227979157136,0.02937256333229945,0.028450129022689435,0.024948933023635825,0.025023683915031812,0.023184460757412696,0.02451996816842571,0.02367364848985982,0.025719261142792132,0.024173898715359885,0.0216024367304194,0.023647099865002123,0.024692990479239937,0.023562323113964896,0.02550768675667147,0.015499856798599396,0.016350256487053426,0.021327253118392866,0.0245959503516703,0.023402821405190295,0.02197951952522705,0.023426655799805608,0.02290288695140381,0.01813672440551899,0.018215870462669988,0.023591592004873832,0.02426227024649489,0.017977097055833363,0.02271445112176147,0.019073385242198013,0.021618072169640068,0.019182137272771772,0.01812279908149694,0.028480314816737,0.025957830117337054,0.027621147326979067,0.02223672093648769,0.019249280922180832,0.022601122780202924
r335,0.023742849451700104,0.022891297607608687,0.022408319734781086,0.02594958197862119,0.025420222373577855,0.02690024762252149,0.023454784545266918,0.02435458188765857,0.02323180852849339,0.023147387903971854,0.021811344413923562,0.020044517450313125,0.022792424068725507,0.019655461999176584,0.022995898451444775,0.01971235021587442,0.02257220261673208,0.02314269371776818,0.018285593829241917,0.019139355944041942,0.019250355916597406,0.021020950541283386,0.019259838747318667,0.01843491062095425,0.023746320582462788,0.019606418992225035,0.023368065317727057,0.019932705024098038,0.02296487651379684,0.01613218141381065,0.02383098763832116,0.02715922627449192,0.02522820857038521,0.026647327836413087,0.02937256333229945,0.027131641394720414,0.02379270418908617,0.023863990838706457,0.022110004306076278,0.023383619203453374,0.022576521210828062,0.024527332361371442,0.023053587930457736,0.020601297314133234,0.022551202950633578,0.023548622999624274,0.02247035507799587,0.0243255631402914,0.014781534241680713,0.015592523160954698,0.02033886676159492,0.023456080082155745,0.022318245287531797,0.020960904652176617,0.022340975105278747,0.021841479705548575,0.017296199333682254,0.017371677460291637,0.02249826753672418,0.023137863987355053,0.01714396972498674,0.021661776711875115,0.018189451730147244,0.0206162081473898,0.019182137272771772,0.01812279908149694,0.027160428263794334,0.02475484513855766,0.02634107787661242,0.021206186367805302,0.01835719573258628,0.021553700438457467
r341,0.039031805538022143,0.03763190591553852,0.03683791956399618,0.042659540070915145,0.04178930496262421,0.0442223767733876,0.03855824429032515,0.040037456588044765,0.03819168523244747,0.038052902842135555,0.03585652831682888,0.03295197186907537,0.037469363809950265,0.032312388286525134,0.03780386336335997,0.03240590906700567,0.03710733308962774,0.03804518588451284,0.030060408037465874,0.03146394121103865,0.031646418438648766,0.03455716869286738,0.031662007637637504,0.03030587579353842,0.03903751186662442,0.03223176455540024,0.038415683135960395,0.03276815901688845,0.0377528651779842,0.02652032853634024,0.039176699375118876,0.0446481219815511,0.041473645907375685,0.04380659197349727,0.04828671396294683,0.044602774111017644,0.0391137637047856,0.039230954636358346,0.03634750707892843,0.03844125278143472,0.03711443259658856,0.04032144789710305,0.03789870137052522,0.033867284220961455,0.03707281091126883,0.0387125090221096,0.03693990190852351,0.0399897515260851,0.024299946442762992,0.025633163075205828,0.03343586429747043,0.03856037407445301,0.03668984263177576,0.03445845689032065,0.03672720907458703,0.0359060689098791,0.028433903450068552,0.028557984915782462,0.036985788299008684,0.038037246100424596,0.028183647199410015,0.03561064807937045,0.029902356253348115,0.03389179672714838,0.03153427112266269,0.029792783338521485,0.04465009797911645,0.04069546511414402,0.04330313560018859,0.03486168516525568,0.030178117227054716,0.03543297723594901
r351,0.039031805538022143,0.03763190591553852,0.03683791956399618,0.042659540070915145,0.04178930496262421,0.0442223767733876,0.03855824429032515,0.040037456588044765,0.03819168523244747,0.038052902842135555,0.03585652831682888,0.03295197186907537,0.037469363809950265,0.032312388286525134,0.03780386336335997,0.03240590906700567,0.03710733308962774,0.03804518588451284,0.030060408037465874,0.03146394121103865,0.031646418438648766,0.03455716869286738,0.031662007637637504,0.03030587579353842,0.03903751186662442,0.03223176455540024,0.038415683135960395,0.03276815901688845,0.0377528651779842,0.02652032853634024,0.039176699375118876,0.0446481219815511,0.041473645907375685,0.04380659197349727,0.04828671396294683,0.044602774111017644,0.0391137637047856,0.039230954636358346,0.03634750707892843,0.03844125278143472,0.03711443259658856,0.04032144789710305,0.03789870137052522,0.033867284220961455,0.03707281091126883,0.0387125090221096,0.03693990190852351,0.0399897515260851,0.024299946442762992,0.025633163075205828,0.03343586429747043,0.03856037407445301,0.03668984263177576,0.03445845689032065,0.03672720907458703,0.0359060689098791,0.028433903450068552,0.028557984915782462,0.036985788299008684,0.038037246100424596,0.028183647199410015,0.03561064807937045,0.029902356253348115,0.03389179672714838,0.03153427112266269,0.029792783338521485,0.04465009797911645,0.04069546511414402,0.04330313560018859,0.03486168516525568,0.030178117227054716,0.03543297723594901
r352,0.039031805538022143,0.03763190591553852,0.03683791956399618,0.042659540070915145,0.04178930496262421,0.0442223767733876,0.03855824429032515,0.040037456588044765,0.03819168523244747,0.038052902842135555,0.03585652831682888,0.03295197186907537,0.037469363809950265,0.032312388286525134,0.03780386336335997,0.03240590906700567,0.03710733308962774,0.03804518588451284,0.030060408037465874,0.03146394121103865,0.031646418438648766,0.03455716869286738,0.031662007637637504,0.03030587579353842,0.03903751186662442,0.03223176455540024,0.038415683135960395,0.03276815901688845,0.0377528651779842,0.02652032853634024,0.039176699375118876,0.0446481219815511,0.041473645907375685,0.04380659197349727,0.04828671396294683,0.044602774111017644,0.0391137637047856,0.039230954636358346,0.03634750707892843,0.03844125278143472,0.03711443259658856,0.04032144789710305,0.03789870137052522,0.033867284220961455,0.03707281091126883,0.0387125090221096,0.03693990190852351,0.0399897515260851,0.024299946442762992,0.025633163075205828,0.03343586429747043,0.03856037407445301,0.03668984263177576,0.03445845689032065,0.03672720907458703,0.0359060689098791,0.028433903450068552,0.028557984915782462,0.036985788299008684,0.038037246100424596,0.028183647199410015,0.03561064807937045,0.029902356253348115,0.03389179672714838,0.03153427112266269,0.029792783338521485,0.04465009797911645,0.04069546511414402,0.04330313560018859,0.03486168516525568,0.030178117227054716,0.03543297723594901
r353,0.039031805538022143,0.03763190591553852,0.03683791956399618,0.042659540070915145,0.04178930496262421,0.0442223767733876,0.03855824429032515,0.040037456588044765,0.03819168523244747,0.038052902842135555,0.03585652831682888,0.03295197186907537,0.037469363809950265,0.032312388286525134,0.03780386336335997,0.03240590906700567,0.03710733308962774,0.03804518588451284,0.030060408037465874,0.03146394121103865,0.031646418438648766,0.03455716869286738,0.031662007637637504,0.03030587579353842,0.03903751186662442,0.03223176455540024,0.038415683135960395,0.03276815901688845,0.0377528651779842,0.02652032853634024,0.039176699375118876,0.0446481219815511,0.041473645907375685,0.04380659197349727,0.04828671396294683,0.044602774111017644,0.0391137637047856,0.039230954636358346,0.03634750707892843,0.03844125278143472,0.03711443259658856,0.04032144789710305,0.03789870137052522,0.033867284220961455,0.03707281091126883,0.0387125090221096,0.03693990190852351,0.0399897515260851,0.024299946442762992,0.025633163075205828,0.03343586429747043,0.03856037407445301,0.03668984263177576,0.03445845689032065,0.03672720907458703,0.0359060689098791,0.028433903450068552,0.028557984915782462,0.036985788299008684,0.038037246100424596,0.028183647199410015,0.03561064807937045,0.029902356253348115,0.03389179672714838,0.03153427112266269,0.029792783338521485,0.04465009797911645,0.04069546511414402,0.04330313560018859,0.03486168516525568,0.030178117227054716,0.03543297723594901
NE3,0.039031805538022143,0.03763190591553852,0.03683791956399618,0.042659540070915145,0.04178930496262421,0.0442223767733876,0.03855824429032515,0.040037456588044765,0.03819168523244747,0.038052902842135555,0.03585652831682888,0.03295197186907537,0.037469363809950265,0.032312388286525134,0.03780386336335997,0.03240590906700567,0.03710733308962774,0.03804518588451284,0.030060408037465874,0.03146394121103865,0.031646418438648766,0.03455716869286738,0.031662007637637504,0.03030587579353842,0.03903751186662442,0.03223176455540024,0.038415683135960395,0.03276815901688845,0.0377528651779842,0.02652032853634024,0.039176699375118876,0.0446481219815511,0.041473645907375685,0.04380659197349727,0.04828671396294683,0.044602774111017644,0.0391137637047856,0.039230954636358346,0.03634750707892843,0.03844125278143472,0.03711443259658856,0.04032144789710305,0.03789870137052522,0.033867284220961455,0.03707281091126883,0.0387125090221096,0.03693990190852351,0.0399897515260851,0.024299946442762992,0.025633163075205828,0.03343586429747043,0.03856037407445301,0.03668984263177576,0.03445845689032065,0.03672720907458703,0.0359060689098791,0.028433903450068552,0.028557984915782462,0.036985788299008684,0.038037246100424596,0.028183647199410015,0.03561064807937045,0.029902356253348115,0.03389179672714838,0.03153427112266269,0.029792783338521485,0.04465009797911645,0.04069546511414402,0.04330313560018859,0.03486168516525568,0.030178117227054716,0.03543297723594901
r346,0.039031805538022143,0.03763190591553852,0.03683791956399618,0.042659540070915145,0.04178930496262421,0.0442223767733876,0.03855824429032515,0.040037456588044765,0.03819168523244747,0.038052902842135555,0.03585652831682888,0.03295197186907537,0.037469363809950265,0.032312388286525134,0.03780386336335997,0.03240590906700567,0.03710733308962774,0.03804518588451284,0.030060408037465874,0.03146394121103865,0.031646418438648766,0.03455716869286738,0.031662007637637504,0.03030587579353842,0.03903751186662442,0.03223176455540024,0.038415683135960395,0.03276815901688845,0.0377528651779842,0.02652032853634024,0.039176699375118876,0.0446481219815511,0.041473645907375685,0.04380659197349727,0.04828671396294683,0.044602774111017644,0.0391137637047856,0.039230954636358346,0.03634750707892843,0.03844125278143472,0.03711443259658856,0.04032144789710305,0.03789870137052522,0.033867284220961455,0.03707281091126883,0.0387125090221096,0.03693990190852351,0.0399897515260851,0.024299946442762992,0.025633163075205828,0.03343586429747043,0.03856037407445301,0.03668984263177576,0.03445845689032065,0.03672720907458703,0.0359060689098791,0.028433903450068552,0.028557984915782462,0.036985788299008684,0.038037246100424596,0.028183647199410015,0.03561064807937045,0.029902356253348115,0.03389179672714838,0.03153427112266269,0.029792783338521485,0.04465009797911645,0.04069546511414402,0.04330313560018859,0.03486168516525568,0.030178117227054716,0.03543297723594901
r348,0.039031805538022143,0.03763190591553852,0.03683791956399618,0.042659540070915145,0.04178930496262421,0.0442223767733876,0.03855824429032515,0.040037456588044765,0.03819168523244747,0.038052902842135555,0.03585652831682888,0.03295197186907537,0.037469363809950265,0.032312388286525134,0.03780386336335997,0.03240590906700567,0.03710733308962774,0.03804518588451284,0.030060408037465874,0.03146394121103865,0.031646418438648766,0.03455716869286738,0.031662007637637504,0.03030587579353842,0.03903751186662442,0.03223176455540024,0.038415683135960395,0.03276815901688845,0.0377528651779842,0.02652032853634024,0.039176699375118876,0.0446481219815511,0.041473645907375685,0.04380659197349727,0.04828671396294683,0.044602774111017644,0.0391137637047856,0.039230954636358346,0.03634750707892843,0.03844125278143472,0.03711443259658856,0.04032144789710305,0.03789870137052522,0.033867284220961455,0.03707281091126883,0.0387125090221096,0.03693990190852351,0.0399897515260851,0.024299946442762992,0.025633163075205828,0.03343586429747043,0.03856037407445301,0.03668984263177576,0.03445845689032065,0.03672720907458703,0.0359060689098791,0.028433903450068552,0.028557984915782462,0.036985788299008684,0.038037246100424596,0.028183647199410015,0.03561064807937045,0.029902356253348115,0.03389179672714838,0.03153427112266269,0.029792783338521485,0.04465009797911645,0.04069546511414402,0.04330313560018859,0.03486168516525568,0.030178117227054716,0.03543297723594901
r349,0.039031805538022143,0.03763190591553852,0.03683791956399618,0.042659540070915145,0.04178930496262421,0.0442223767733876,0.03855824429032515,0.040037456588044765,0.03819168523244747,0.038052902842135555,0.03585652831682888,0.03295197186907537,0.037469363809950265,0.032312388286525134,0.03780386336335997,0.03240590906700567,0.03710733308962774,0.03804518588451284,0.030060408037465874,0.03146394121103865,0.031646418438648766,0.03455716869286738,0.031662007637637504,0.03030587579353842,0.03903751186662442,0.03223176455540024,0.038415683135960395,0.03276815901688845,0.0377528651779842,0.02652032853634024,0.039176699375118876,0.0446481219815511,0.041473645907375685,0.04380659197349727,0.04828671396294683,0.044602774111017644,0.0391137637047856,0.039230954636358346,0.03634750707892843,0.03844125278143472,0.03711443259658856,0.04032144789710305,0.03789870137052522,0.033867284220961455,0.03707281091126883,0.0387125090221096,0.03693990190852351,0.0399897515260851,0.024299946442762992,0.025633163075205828,0.03343586429747043,0.03856037407445301,0.03668984263177576,0.03445845689032065,0.03672720907458703,0.0359060689098791,0.028433903450068552,0.028557984915782462,0.036985788299008684,0.038037246100424596,0.028183647199410015,0.03561064807937045,0.029902356253348115,0.03389179672714838,0.03153427112266269,0.029792783338521485,0.04465009797911645,0.04069546511414402,0.04330313560018859,0.03486168516525568,0.030178117227054716,0.03543297723594901
r350,0.039031805538022143,0.03763190591553852,0.03683791956399618,0.042659540070915145,0.04178930496262421,0.0442223767733876,0.03855824429032515,0.040037456588044765,0.03819168523244747,0.038052902842135555,0.03585652831682888,0.03295197186907537,0.037469363809950265,0.032312388286525134,0.03780386336335997,0.03240590906700567,0.03710733308962774,0.03804518588451284,0.030060408037465874,0.03146394121103865,0.031646418438648766,0.03455716869286738,0.031662007637637504,0.03030587579353842,0.03903751186662442,0.03223176455540024,0.038415683135960395,0.03276815901688845,0.0377528651779842,0.02652032853634024,0.039176699375118876,0.0446481219815511,0.041473645907375685,0.04380659197349727,0.04828671396294683,0.044602774111017644,0.0391137637047856,0.039230954636358346,0.03634750707892843,0.03844125278143472,0.03711443259658856,0.04032144789710305,0.03789870137052522,0.033867284220961455,0.03707281091126883,0.0387125090221096,0.03693990190852351,0.0399897515260851,0.024299946442762992,0.025633163075205828,0.03343586429747043,0.03856037407445301,0.03668984263177576,0.03445845689032065,0.03672720907458703,0.0359060689098791,0.028433903450068552,0.028557984915782462,0.036985788299008684,0.038037246100424596,0.028183647199410015,0.03561064807937045,0.029902356253348115,0.03389179672714838,0.03153427112266269,0.029792783338521485,0.04465009797911645,0.04069546511414402,0.04330313560018859,0.03486168516525568,0.030178117227054716,0.03543297723594901
r355,0.006295452506132602,0.006069662244441696,0.005941599929676803,0.006880570979179862,0.006740210477842614,0.007132641415062515,0.006219071659729862,0.006457654288394317,0.0061599492310399125,0.00613756497453799,0.005783311018843369,0.005314834172431511,0.006043445775798427,0.005211675530084701,0.006097397316670963,0.005226759526936397,0.005985053724133507,0.006136320303953685,0.004848452909268689,0.005074829227586879,0.005104261038491736,0.005573736885946351,0.0051067754254254015,0.004888044482828777,0.006296372881713617,0.005198671702483908,0.006196077925154903,0.005285186938207814,0.0060891718029006765,0.004277472344571006,0.0063188224798578834,0.0072013099970243705,0.00668929772699608,0.007065579350564077,0.007788179671443036,0.0071939958243576844,0.006308671565287998,0.006327573328444895,0.0058625011417626485,0.006200202061521726,0.00598619880590138,0.006503459338242428,0.00611269376943955,0.005462465196929266,0.0059794856308498096,0.006243953068082193,0.0059580486949231464,0.006449959923562112,0.003919346200445643,0.004134381141162229,0.005392881338301681,0.006219415173298873,0.005917716553512219,0.005557815627471073,0.005923743399126939,0.0057913014370772715,0.004586113459688477,0.004606126599319753,0.0059654497256465605,0.006135039693616868,0.004545749548291938,0.005743652916027493,0.00482296068602389,0.005466418826959414,0.005086172761719786,0.004805287635245401,0.007201628706309103,0.006563784695829681,0.006984376709707838,0.005622852446008981,0.004867438262428179,0.005714996328378873
r356r,0.004736578552233101,0.004566698260103753,0.004470346613756833,0.005176810546240086,0.0050712059785673,0.0053664635408565585,0.004679111058272944,0.004858616083649058,0.004634628469068126,0.004617786980842869,0.004351253052272628,0.003998779996400851,0.0045469734884578655,0.003921165398825631,0.004587565600161963,0.003932514310742622,0.004503040421014734,0.004616850514403247,0.0036478836174497773,0.003818204847422509,0.0038403487813414012,0.004193573466569161,0.0038422405581772087,0.003677671563271175,0.004737271025289293,0.003911381566630752,0.00466181101035464,0.003976473982080164,0.004581376880277653,0.0032182887163915187,0.004754161675321645,0.005418128473951671,0.005032900194597051,0.005316007320900591,0.005859678038514285,0.005412625429754829,0.00474652432055002,0.0047607456471156825,0.004410834192373802,0.00466491393200206,0.0045039019587257995,0.004893078930677636,0.004599074359864044,0.004109854767213448,0.004498851093687001,0.00469783135598565,0.004482722351418369,0.004852826990108638,0.00294884142700196,0.0031106296204934875,0.0040575011973888854,0.004679369511339152,0.004452377216452051,0.004181594614954426,0.004456911700295507,0.004357264890753378,0.0034505044125275196,0.0034655619175834322,0.004488290745962653,0.0046158870075784075,0.0034201353744291725,0.0043214150511064,0.0036287037542465455,0.004112829403140894,0.0038267395064367927,0.0036154068874703488,0.00541836826474685,0.004938466580671856,0.005254912000637326,0.004230527078425805,0.0036621678355412022,0.004299854380399343
r358,0.011032031058365702,0.010636360504545448,0.010411946543433635,0.012057381525419948,0.011811416456409915,0.012499104955919075,0.010898182718002808,0.011316270372043375,0.010794577700108039,0.01075535195538086,0.010134564071115997,0.009313614168832363,0.01059041926425629,0.009132840928910332,0.010684962916832925,0.00915927383767902,0.01048809414514824,0.010753170818356932,0.008496336526718464,0.008893034075009389,0.008944609819833138,0.009767310352515513,0.00894901598360261,0.008565716046099951,0.01103364390700291,0.00911005326911466,0.010857888935509543,0.009261660920287977,0.010670548683178328,0.007495761060962525,0.011072984155179528,0.012619438470976041,0.01172219792159313,0.012381586671464667,0.013647857709957321,0.012606621254112514,0.011055195885838018,0.011088318975560578,0.010273335334136451,0.010865115993523786,0.01049010076462718,0.011396538268920064,0.010711768129303594,0.009572319964142713,0.01047833672453681,0.010941784424067843,0.010440771046341515,0.01130278691367075,0.006868187627447604,0.0072450107616557164,0.009450382535690569,0.010898784684638025,0.01037009376996427,0.009739410242425499,0.010380655099422447,0.01014856632783065,0.008036617872215997,0.008071688516903186,0.010453740471609213,0.010750926701195275,0.00796588492272111,0.010065067967133893,0.008451664440270436,0.009579248230100307,0.00891291226815658,0.008420694522715749,0.012619996971055954,0.011502251276501537,0.012239288710345164,0.009853379524434784,0.008529606097969381,0.010014850708778215
r359,0.004736578552233101,0.004566698260103753,0.004470346613756833,0.005176810546240086,0.0050712059785673,0.0053664635408565585,0.004679111058272944,0.004858616083649058,0.004634628469068126,0.004617786980842869,0.004351253052272628,0.003998779996400851,0.0045469734884578655,0.003921165398825631,0.004587565600161963,0.003932514310742622,0.004503040421014734,0.004616850514403247,0.0036478836174497773,0.003818204847422509,0.0038403487813414012,0.004193573466569161,0.0038422405581772087,0.003677671563271175,0.004737271025289293,0.003911381566630752,0.00466181101035464,0.003976473982080164,0.004581376880277653,0.0032182887163915187,0.004754161675321645,0.005418128473951671,0.005032900194597051,0.005316007320900591,0.005859678038514285,0.005412625429754829,0.00474652432055002,0.0047607456471156825,0.004410834192373802,0.00466491393200206,0.0045039019587257995,0.004893078930677636,0.004599074359864044,0.004109854767213448,0.004498851093687001,0.00469783135598565,0.004482722351418369,0.004852826990108638,0.00294884142700196,0.0031106296204934875,0.0040575011973888854,0.004679369511339152,0.004452377216452051,0.004181594614954426,0.004456911700295507,0.004357264890753378,0.0034505044125275196,0.0034655619175834322,0.004488290745962653,0.0046158870075784075,0.0034201353744291725,0.0043214150511064,0.0036287037542465455,0.004112829403140894,0.0038267395064367927,0.0036154068874703488,0.00541836826474685,0.004938466580671856,0.005254912000637326,0.004230527078425805,0.0036621678355412022,0.004299854380399343
r362,0.026821158167626535,0.025859200895195007,0.025313603958950045,0.029313998054372254,0.02871600590000584,0.030387919432320113,0.02649574506025269,0.02751220295795328,0.026243859749450548,0.026148493819278265,0.02463922957370781,0.022643329901167467,0.025747508200921993,0.02220383261959062,0.025977363451155363,0.022268096509273732,0.025498734589825496,0.026143191022286974,0.020656358255599153,0.021620812364831574,0.021746203709563323,0.023746359528099732,0.0217569160085723,0.02082503427301425,0.026825079337551648,0.02214843108705176,0.02639778250850622,0.02251702076650688,0.02594231945620378,0.018223751541232062,0.026920723649384744,0.03068047519318901,0.028499097116741468,0.030102208081593845,0.033180775901681864,0.030649313877657288,0.026877476673101516,0.026958005781816775,0.02497661132824615,0.026415352987148026,0.025503613098428506,0.027707350881896062,0.02604253248844224,0.02327229740662412,0.02547501227431146,0.026601749861051533,0.025383682310570452,0.02747942187097614,0.016697990216499377,0.017614125498420334,0.022975842199258783,0.026497208566133818,0.02521185117643549,0.023678528567358286,0.025237527961277696,0.02467327196717647,0.019538686751613573,0.019623950770833537,0.02541521367633691,0.02613773510750383,0.01936672026456979,0.02447027011492126,0.02054775113783801,0.023289141459735728,0.021669140379833234,0.020472456837742407,0.0306818330228489,0.027964361153324558,0.029756252191701495,0.023955611556234026,0.020737243491324924,0.0243481815328663
r363,0.020525705661493938,0.019789538650753308,0.019372004029273242,0.022433427075192393,0.021975795422163224,0.0232552780172576,0.02027667340052283,0.02105454866955896,0.020083910518410634,0.02001092884474027,0.018855918554864442,0.017328495728735956,0.01970406242512357,0.01699215708950592,0.019879966134484398,0.017041336982337334,0.01951368086569199,0.020006870718333295,0.015807905346330465,0.016545983137244695,0.016641942671071587,0.018172622642153382,0.0166501405831469,0.01593698979018547,0.02052870645583803,0.01694975938456785,0.02020170458335132,0.017231833828299067,0.019853147653303104,0.013946279196661058,0.02060190116952686,0.023479165196164636,0.02180979938974539,0.023036628731029768,0.025392596230238828,0.023455318053299604,0.020568805107813518,0.02063043245337188,0.0191141101864835,0.0202151509256263,0.019517414292527124,0.021203891543653635,0.01992983871900269,0.017809832209694853,0.01949552664346165,0.020357796792969337,0.01942563361564731,0.021029461947414025,0.012778644016053735,0.013479744357258105,0.017582960860957102,0.020277793392834947,0.01929413462292327,0.018120712939887214,0.019313784562150757,0.0188819705300992,0.014952573291925099,0.015017824171513783,0.019449763950690344,0.020002695413886964,0.014820970716277856,0.018726617198893767,0.01572479045181412,0.017822722632776313,0.016582967618113446,0.015667169202497007,0.0234802043165398,0.02140057645749488,0.022771875481993657,0.018332759110225045,0.015869805228896743,0.018633185204487427
r365,0.020525705661493938,0.019789538650753308,0.019372004029273242,0.022433427075192393,0.021975795422163224,0.0232552780172576,0.02027667340052283,0.02105454866955896,0.020083910518410634,0.02001092884474027,0.018855918554864442,0.017328495728735956,0.01970406242512357,0.01699215708950592,0.019879966134484398,0.017041336982337334,0.01951368086569199,0.020006870718333295,0.015807905346330465,0.016545983137244695,0.016641942671071587,0.018172622642153382,0.0166501405831469,0.01593698979018547,0.02052870645583803,0.01694975938456785,0.02020170458335132,0.017231833828299067,0.019853147653303104,0.013946279196661058,0.02060190116952686,0.023479165196164636,0.02180979938974539,0.023036628731029768,0.025392596230238828,0.023455318053299604,0.020568805107813518,0.02063043245337188,0.0191141101864835,0.0202151509256263,0.019517414292527124,0.021203891543653635,0.01992983871900269,0.017809832209694853,0.01949552664346165,0.020357796792969337,0.01942563361564731,0.021029461947414025,0.012778644016053735,0.013479744357258105,0.017582960860957102,0.020277793392834947,0.01929413462292327,0.018120712939887214,0.019313784562150757,0.0188819705300992,0.014952573291925099,0.015017824171513783,0.019449763950690344,0.020002695413886964,0.014820970716277856,0.018726617198893767,0.01572479045181412,0.017822722632776313,0.016582967618113446,0.015667169202497007,0.0234802043165398,0.02140057645749488,0.022771875481993657,0.018332759110225045,0.015869805228896743,0.018633185204487427
r367,0.03855215201374538,0.03716945545881915,0.0363852262360208,0.04213530609154905,0.04127576511669334,0.043678937427478075,0.038084410259107644,0.03954544483273854,0.03772235576722537,0.037585278844075504,0.03541589509634557,0.032547032122604395,0.03700891079846085,0.031915308246137725,0.03733929975828027,0.032007679769715275,0.03665132899636042,0.03757765671849731,0.029691002101521594,0.03107728755560346,0.031257522359525586,0.0341325030253667,0.03127291998617652,0.029933453356751464,0.038557788218493864,0.031835675282830045,0.03794360100832953,0.032365478107310705,0.03728892827871557,0.026194425881515774,0.03869526528141541,0.044099450743682586,0.04096398512817599,0.0432682621182162,0.04769332884512259,0.044054660143447534,0.03863310301409699,0.03874885381133398,0.035900840325270314,0.03796885643389019,0.03665834125899607,0.03982594623323696,0.037432972321425055,0.03345109639643351,0.03661723105368028,0.038236779264541436,0.036485955341291273,0.03949832600809942,0.0240013295893957,0.025318162607307747,0.03302497810026649,0.03808651387077309,0.036238968989603396,0.03403500427108476,0.03627587624417735,0.03546482689562559,0.02808448528171133,0.028207041936786668,0.03653127784372133,0.03756981394359823,0.02783730437668301,0.0351730364286255,0.029534892582032006,0.03347530767366576,0.031146753197960227,0.029426666185359926,0.04410140245863575,0.040195367232557,0.04277099261278228,0.03443327735984548,0.029807264788012565,0.034997548944263
r368,0.03855215201374538,0.03716945545881915,0.0363852262360208,0.04213530609154905,0.04127576511669334,0.043678937427478075,0.038084410259107644,0.03954544483273854,0.03772235576722537,0.037585278844075504,0.03541589509634557,0.032547032122604395,0.03700891079846085,0.031915308246137725,0.03733929975828027,0.032007679769715275,0.03665132899636042,0.03757765671849731,0.029691002101521594,0.03107728755560346,0.031257522359525586,0.0341325030253667,0.03127291998617652,0.029933453356751464,0.038557788218493864,0.031835675282830045,0.03794360100832953,0.032365478107310705,0.03728892827871557,0.026194425881515774,0.03869526528141541,0.044099450743682586,0.04096398512817599,0.0432682621182162,0.04769332884512259,0.044054660143447534,0.03863310301409699,0.03874885381133398,0.035900840325270314,0.03796885643389019,0.03665834125899607,0.03982594623323696,0.037432972321425055,0.03345109639643351,0.03661723105368028,0.038236779264541436,0.036485955341291273,0.03949832600809942,0.0240013295893957,0.025318162607307747,0.03302497810026649,0.03808651387077309,0.036238968989603396,0.03403500427108476,0.03627587624417735,0.03546482689562559,0.02808448528171133,0.028207041936786668,0.03653127784372133,0.03756981394359823,0.02783730437668301,0.0351730364286255,0.029534892582032006,0.03347530767366576,0.031146753197960227,0.029426666185359926,0.04410140245863575,0.040195367232557,0.04277099261278228,0.03443327735984548,0.029807264788012565,0.034997548944263
r369,0.03855215201374538,0.03716945545881915,0.0363852262360208,0.04213530609154905,0.04127576511669334,0.043678937427478075,0.038084410259107644,0.03954544483273854,0.03772235576722537,0.037585278844075504,0.03541589509634557,0.032547032122604395,0.03700891079846085,0.031915308246137725,0.03733929975828027,0.032007679769715275,0.03665132899636042,0.03757765671849731,0.029691002101521594,0.03107728755560346,0.031257522359525586,0.0341325030253667,0.03127291998617652,0.029933453356751464,0.038557788218493864,0.031835675282830045,0.03794360100832953,0.032365478107310705,0.03728892827871557,0.026194425881515774,0.03869526528141541,0.044099450743682586,0.04096398512817599,0.0432682621182162,0.04769332884512259,0.044054660143447534,0.03863310301409699,0.03874885381133398,0.035900840325270314,0.03796885643389019,0.03665834125899607,0.03982594623323696,0.037432972321425055,0.03345109639643351,0.03661723105368028,0.038236779264541436,0.036485955341291273,0.03949832600809942,0.0240013295893957,0.025318162607307747,0.03302497810026649,0.03808651387077309,0.036238968989603396,0.03403500427108476,0.03627587624417735,0.03546482689562559,0.02808448528171133,0.028207041936786668,0.03653127784372133,0.03756981394359823,0.02783730437668301,0.0351730364286255,0.029534892582032006,0.03347530767366576,0.031146753197960227,0.029426666185359926,0.04410140245863575,0.040195367232557,0.04277099261278228,0.03443327735984548,0.029807264788012565,0.034997548944263
r371,0.03855215201374538,0.03716945545881915,0.0363852262360208,0.04213530609154905,0.04127576511669334,0.043678937427478075,0.038084410259107644,0.03954544483273854,0.03772235576722537,0.037585278844075504,0.03541589509634557,0.032547032122604395,0.03700891079846085,0.031915308246137725,0.03733929975828027,0.032007679769715275,0.03665132899636042,0.03757765671849731,0.029691002101521594,0.03107728755560346,0.031257522359525586,0.0341325030253667,0.03127291998617652,0.029933453356751464,0.038557788218493864,0.031835675282830045,0.03794360100832953,0.032365478107310705,0.03728892827871557,0.026194425881515774,0.03869526528141541,0.044099450743682586,0.04096398512817599,0.0432682621182162,0.04769332884512259,0.044054660143447534,0.03863310301409699,0.03874885381133398,0.035900840325270314,0.03796885643389019,0.03665834125899607,0.03982594623323696,0.037432972321425055,0.03345109639643351,0.03661723105368028,0.038236779264541436,0.036485955341291273,0.03949832600809942,0.0240013295893957,0.025318162607307747,0.03302497810026649,0.03808651387077309,0.036238968989603396,0.03403500427108476,0.03627587624417735,0.03546482689562559,0.02808448528171133,0.028207041936786668,0.03653127784372133,0.03756981394359823,0.02783730437668301,0.0351730364286255,0.029534892582032006,0.03347530767366576,0.031146753197960227,0.029426666185359926,0.04410140245863575,0.040195367232557,0.04277099261278228,0.03443327735984548,0.029807264788012565,0.034997548944263
r373,0.03855215201374538,0.03716945545881915,0.0363852262360208,0.04213530609154905,0.04127576511669334,0.043678937427478075,0.038084410259107644,0.03954544483273854,0.03772235576722537,0.037585278844075504,0.03541589509634557,0.032547032122604395,0.03700891079846085,0.031915308246137725,0.03733929975828027,0.032007679769715275,0.03665132899636042,0.03757765671849731,0.029691002101521594,0.03107728755560346,0.031257522359525586,0.0341325030253667,0.03127291998617652,0.029933453356751464,0.038557788218493864,0.031835675282830045,0.03794360100832953,0.032365478107310705,0.03728892827871557,0.026194425881515774,0.03869526528141541,0.044099450743682586,0.04096398512817599,0.0432682621182162,0.04769332884512259,0.044054660143447534,0.03863310301409699,0.03874885381133398,0.035900840325270314,0.03796885643389019,0.03665834125899607,0.03982594623323696,0.037432972321425055,0.03345109639643351,0.03661723105368028,0.038236779264541436,0.036485955341291273,0.03949832600809942,0.0240013295893957,0.025318162607307747,0.03302497810026649,0.03808651387077309,0.036238968989603396,0.03403500427108476,0.03627587624417735,0.03546482689562559,0.02808448528171133,0.028207041936786668,0.03653127784372133,0.03756981394359823,0.02783730437668301,0.0351730364286255,0.029534892582032006,0.03347530767366576,0.031146753197960227,0.029426666185359926,0.04410140245863575,0.040195367232557,0.04277099261278228,0.03443327735984548,0.029807264788012565,0.034997548944263
r374,0.03855215201374538,0.03716945545881915,0.0363852262360208,0.04213530609154905,0.04127576511669334,0.043678937427478075,0.038084410259107644,0.03954544483273854,0.03772235576722537,0.037585278844075504,0.03541589509634557,0.032547032122604395,0.03700891079846085,0.031915308246137725,0.03733929975828027,0.032007679769715275,0.03665132899636042,0.03757765671849731,0.029691002101521594,0.03107728755560346,0.031257522359525586,0.0341325030253667,0.03127291998617652,0.029933453356751464,0.038557788218493864,0.031835675282830045,0.03794360100832953,0.032365478107310705,0.03728892827871557,0.026194425881515774,0.03869526528141541,0.044099450743682586,0.04096398512817599,0.0432682621182162,0.04769332884512259,0.044054660143447534,0.03863310301409699,0.03874885381133398,0.035900840325270314,0.03796885643389019,0.03665834125899607,0.03982594623323696,0.037432972321425055,0.03345109639643351,0.03661723105368028,0.038236779264541436,0.036485955341291273,0.03949832600809942,0.0240013295893957,0.025318162607307747,0.03302497810026649,0.03808651387077309,0.036238968989603396,0.03403500427108476,0.03627587624417735,0.03546482689562559,0.02808448528171133,0.028207041936786668,0.03653127784372133,0.03756981394359823,0.02783730437668301,0.0351730364286255,0.029534892582032006,0.03347530767366576,0.031146753197960227,0.029426666185359926,0.04410140245863575,0.040195367232557,0.04277099261278228,0.03443327735984548,0.029807264788012565,0.034997548944263
r375,0.03855215201374538,0.03716945545881915,0.0363852262360208,0.04213530609154905,0.04127576511669334,0.043678937427478075,0.038084410259107644,0.03954544483273854,0.03772235576722537,0.037585278844075504,0.03541589509634557,0.032547032122604395,0.03700891079846085,0.031915308246137725,0.03733929975828027,0.032007679769715275,0.03665132899636042,0.03757765671849731,0.029691002101521594,0.03107728755560346,0.031257522359525586,0.0341325030253667,0.03127291998617652,0.029933453356751464,0.038557788218493864,0.031835675282830045,0.03794360100832953,0.032365478107310705,0.03728892827871557,0.026194425881515774,0.03869526528141541,0.044099450743682586,0.04096398512817599,0.0432682621182162,0.04769332884512259,0.044054660143447534,0.03863310301409699,0.03874885381133398,0.035900840325270314,0.03796885643389019,0.03665834125899607,0.03982594623323696,0.037432972321425055,0.03345109639643351,0.03661723105368028,0.038236779264541436,0.036485955341291273,0.03949832600809942,0.0240013295893957,0.025318162607307747,0.03302497810026649,0.03808651387077309,0.036238968989603396,0.03403500427108476,0.03627587624417735,0.03546482689562559,0.02808448528171133,0.028207041936786668,0.03653127784372133,0.03756981394359823,0.02783730437668301,0.0351730364286255,0.029534892582032006,0.03347530767366576,0.031146753197960227,0.029426666185359926,0.04410140245863575,0.040195367232557,0.04277099261278228,0.03443327735984548,0.029807264788012565,0.034997548944263
r376,0.030997609006386248,0.029885860765489117,0.029255306320408642,0.03387862091653322,0.0331875125432822,0.035119767729403055,0.030621524267431803,0.03179625968666536,0.030330416689977477,0.030220200874629916,0.028475921873733535,0.02616923111568658,0.029756775867502742,0.025661297610036087,0.03002242297827512,0.0257355683373916,0.029469264527400216,0.0302140723537529,0.02387285861039917,0.024987492482499204,0.0251324091133355,0.027444018762231084,0.02514478947566603,0.02406779997735693,0.031002140760437523,0.025597269239849348,0.030508307498143657,0.026023253781461326,0.029981922115234764,0.02106145906803057,0.031112678305585954,0.03545787874725334,0.03293682785578069,0.034789566897539315,0.038347513239390944,0.035421865154218315,0.03106269713575139,0.0311557658172001,0.028865838955155137,0.03052861396006412,0.029474902691914412,0.03202179502734605,0.030097739798097597,0.026896138160118384,0.0294418482966605,0.030744035582842794,0.029336296907383493,0.03175837409982488,0.01929811414886093,0.020356905237913073,0.026553520494304476,0.030623215662814444,0.029137709125388732,0.027365625518119472,0.029167384165225026,0.028515265171132863,0.02258114913008516,0.022679690017602967,0.029372738172945452,0.030207766311258,0.022382404918732685,0.028280652929392507,0.02374733975880334,0.026915605081314457,0.025043345883896482,0.023660321023065443,0.03545944801106483,0.03231882559756138,0.03438974056113288,0.027685854424634698,0.02396633887309875,0.028139553350208357
r377,0.018706487446794023,0.018035567812055328,0.017655039791039644,0.020445125195277303,0.020028053991303765,0.021194134490471472,0.018479527217483024,0.019188458456943114,0.018303849143661455,0.01823733592434146,0.017184695598848863,0.015792650112367915,0.01795766744808676,0.01548612157510882,0.018117980598108003,0.015530942594325298,0.017784159637425277,0.01823363747460523,0.014406831501826966,0.01507949256197244,0.015166947085804015,0.0165619610325263,0.015174418406978342,0.014524475034691224,0.01870922227709189,0.015447481630237906,0.01841120297760314,0.01570455547353179,0.018093539071476296,0.012710203538153846,0.018775929654434854,0.02139817827687242,0.019876770388788347,0.020994864355961824,0.023142019595145023,0.021376444735234264,0.01874576693685577,0.018801932175950546,0.01742000339266616,0.018423457554235988,0.017787562166106958,0.019324564890777496,0.018163432914906096,0.016231325156589822,0.017767614445953726,0.018553460545158516,0.01770391612205735,0.019165595201441708,0.011646057281324196,0.01228501824802491,0.016024561690953572,0.018480547943516643,0.01758407204472202,0.01651465215019976,0.017601980385977194,0.017208438555886756,0.013627308565931471,0.013686776180835834,0.01772590775620693,0.018229832232461555,0.013507370086353188,0.01706685437905312,0.014331083181328131,0.016243073085822263,0.01511319906339594,0.014278568973300617,0.021399125298747053,0.01950381738189391,0.020753576508846145,0.016707904410998117,0.014463245122643735,0.016981703375754362
r378,0.018706487446794023,0.018035567812055328,0.017655039791039644,0.020445125195277303,0.020028053991303765,0.021194134490471472,0.018479527217483024,0.019188458456943114,0.018303849143661455,0.01823733592434146,0.017184695598848863,0.015792650112367915,0.01795766744808676,0.01548612157510882,0.018117980598108003,0.015530942594325298,0.017784159637425277,0.01823363747460523,0.014406831501826966,0.01507949256197244,0.015166947085804015,0.0165619610325263,0.015174418406978342,0.014524475034691224,0.01870922227709189,0.015447481630237906,0.01841120297760314,0.01570455547353179,0.018093539071476296,0.012710203538153846,0.018775929654434854,0.02139817827687242,0.019876770388788347,0.020994864355961824,0.023142019595145023,0.021376444735234264,0.01874576693685577,0.018801932175950546,0.01742000339266616,0.018423457554235988,0.017787562166106958,0.019324564890777496,0.018163432914906096,0.016231325156589822,0.017767614445953726,0.018553460545158516,0.01770391612205735,0.019165595201441708,0.011646057281324196,0.01228501824802491,0.016024561690953572,0.018480547943516643,0.01758407204472202,0.01651465215019976,0.017601980385977194,0.017208438555886756,0.013627308565931471,0.013686776180835834,0.01772590775620693,0.018229832232461555,0.013507370086353188,0.01706685437905312,0.014331083181328131,0.016243073085822263,0.01511319906339594,0.014278568973300617,0.021399125298747053,0.01950381738189391,0.020753576508846145,0.016707904410998117,0.014463245122643735,0.016981703375754362
r379,0.012291121559592225,0.011850292953433789,0.011600266529368996,0.013433495721255916,0.013159458551978436,0.01392563323893158,0.012141997049948781,0.012607801229722238,0.012026567546316022,0.011982864950288458,0.011291226274884669,0.010376581003318664,0.011799108419415979,0.010175176034927269,0.011904442380167118,0.0102046257430663,0.011685104889974941,0.011980434879147668,0.009466027108572203,0.009907999920526763,0.009965462027531484,0.010882057729704782,0.009970371068687693,0.009543324942665707,0.012292918483345633,0.010149787609611443,0.01209710452054052,0.01031869830792954,0.011888383043758463,0.008351255529876724,0.012336748651151103,0.014059700470380916,0.013060057466992344,0.01379470254157748,0.015205493644245928,0.01404542041898405,0.01231693019889562,0.012353833641249555,0.01144583556248898,0.012105156405828132,0.011687340525807456,0.012697230136568548,0.011934306883191503,0.010664813003528568,0.011674233850706773,0.012190575037684281,0.011632380785326142,0.012592778898383174,0.007652056867536731,0.008071886989888165,0.010528958803350903,0.012142667719297794,0.011553637080666711,0.010850973367919712,0.011565403779247835,0.011306826615246107,0.00895384056415369,0.008992913836767133,0.011646830416738526,0.011977934078796448,0.008875034832379497,0.01121379855033939,0.009416256577475213,0.010672531995492193,0.009930146820500538,0.009381752049764828,0.014060322712317776,0.012815008215667474,0.01363616405228673,0.010977950013636582,0.009503093750455016,0.01115784997445399
r380,0.012291121559592225,0.011850292953433789,0.011600266529368996,0.013433495721255916,0.013159458551978436,0.01392563323893158,0.012141997049948781,0.012607801229722238,0.012026567546316022,0.011982864950288458,0.011291226274884669,0.010376581003318664,0.011799108419415979,0.010175176034927269,0.011904442380167118,0.0102046257430663,0.011685104889974941,0.011980434879147668,0.009466027108572203,0.009907999920526763,0.009965462027531484,0.010882057729704782,0.009970371068687693,0.009543324942665707,0.012292918483345633,0.010149787609611443,0.01209710452054052,0.01031869830792954,0.011888383043758463,0.008351255529876724,0.012336748651151103,0.014059700470380916,0.013060057466992344,0.01379470254157748,0.015205493644245928,0.01404542041898405,0.01231693019889562,0.012353833641249555,0.01144583556248898,0.012105156405828132,0.011687340525807456,0.012697230136568548,0.011934306883191503,0.010664813003528568,0.011674233850706773,0.012190575037684281,0.011632380785326142,0.012592778898383174,0.007652056867536731,0.008071886989888165,0.010528958803350903,0.012142667719297794,0.011553637080666711,0.010850973367919712,0.011565403779247835,0.011306826615246107,0.00895384056415369,0.008992913836767133,0.011646830416738526,0.01197793463991865,0.008875034832379497,0.01121379855033939,0.009416256577475213,0.010672531995492193,0.009930146820500538,0.009381752049764828,0.014060322712317776,0.012815008215667474,0.01363616405228673,0.010977950013636582,0.009503093750455016,0.01115784997445399
r381,0.007554543007359125,0.0072835946933300375,0.007129919915612163,0.008256685175015833,0.008088252573411137,0.008559169698075018,0.007462885991675837,0.007749185146073179,0.0073919390772478975,0.00736507796944559,0.006939973222612042,0.006377801006917813,0.007252134930958115,0.006254010636101639,0.007316876780005155,0.006272111432323678,0.007182064468960208,0.00736358436474442,0.005818143491122428,0.006089795073104255,0.006125113246190083,0.0066884842631356215,0.0061281305105104844,0.005865653379394533,0.007555647458056341,0.006238406042980692,0.0074352935101858805,0.006342224325849377,0.007307006163480812,0.005132966813485207,0.0075825869758294594,0.008641571996429247,0.008027157272395294,0.00847869522067689,0.009345815605731644,0.008632794989229222,0.0075704058783456,0.007593087994133873,0.007035001370115179,0.007440242473826073,0.007183438567081656,0.0078041512058909124,0.007335232523327462,0.006554958236315119,0.007175382757019774,0.007492743681698633,0.007149658433907777,0.007739951908274537,0.004703215440534771,0.004961257369394676,0.006471457605962019,0.007463298207958646,0.007101259864214663,0.006669378752965286,0.007108492078952327,0.006949561724492728,0.00550333615162617,0.005527351919183702,0.007158539670775876,0.007362047632340244,0.005454899457950326,0.00689238349923299,0.005787552823228667,0.0065597025923513,0.006103407314063745,0.005766345162294481,0.008641954447570927,0.007876541634995618,0.008381252051649406,0.006747422935210778,0.005840925914913816,0.006857995594054648
r382,0.007554543007359125,0.0072835946933300375,0.007129919915612163,0.008256685175015833,0.008088252573411137,0.008559169698075018,0.007462885991675837,0.007749185146073179,0.0073919390772478975,0.00736507796944559,0.006939973222612042,0.006377801006917813,0.007252134930958115,0.006254010636101639,0.007316876780005155,0.006272111432323678,0.007182064468960208,0.00736358436474442,0.005818143491122428,0.006089795073104255,0.006125113246190083,0.0066884842631356215,0.0061281305105104844,0.005865653379394533,0.007555647458056341,0.006238406042980692,0.0074352935101858805,0.006342224325849377,0.007307006163480812,0.005132966813485207,0.0075825869758294594,0.008641571996429247,0.008027157272395294,0.00847869522067689,0.009345815605731644,0.008632794989229222,0.0075704058783456,0.007593087994133873,0.007035001370115179,0.007440242473826073,0.007183438567081656,0.0078041512058909124,0.007335232523327462,0.006554958236315119,0.007175382757019774,0.007492743681698633,0.007149658433907777,0.007739951908274537,0.004703215440534771,0.004961257369394676,0.006471457605962019,0.007463298207958646,0.007101259864214663,0.006669378752965286,0.007108492078952327,0.006949561724492728,0.00550333615162617,0.005527351919183702,0.007158539670775876,0.007362047632340244,0.005454899457950326,0.00689238349923299,0.005787552823228667,0.0065597025923513,0.006103407314063745,0.005766345162294481,0.008641954447570927,0.007876541634995618,0.008381252051649406,0.006747422935210778,0.005840925914913816,0.006857995594054648
r383,0.007554543007359125,0.0072835946933300375,0.007129919915612163,0.008256685175015833,0.008088252573411137,0.008559169698075018,0.007462885991675837,0.007749185146073179,0.0073919390772478975,0.00736507796944559,0.006939973222612042,0.006377801006917813,0.007252134930958115,0.006254010636101639,0.007316876780005155,0.006272111432323678,0.007182064468960208,0.00736358436474442,0.005818143491122428,0.006089795073104255,0.006125113246190083,0.0066884842631356215,0.0061281305105104844,0.005865653379394533,0.007555647458056341,0.006238406042980692,0.0074352935101858805,0.006342224325849377,0.007307006163480812,0.005132966813485207,0.0075825869758294594,0.008641571996429247,0.008027157272395294,0.00847869522067689,0.009345815605731644,0.008632794989229222,0.0075704058783456,0.007593087994133873,0.007035001370115179,0.007440242473826073,0.007183438567081656,0.0078041512058909124,0.007335232523327462,0.006554958236315119,0.007175382757019774,0.007492743681698633,0.007149658433907777,0.007739951908274537,0.004703215440534771,0.004961257369394676,0.006471457605962019,0.007463298207958646,0.007101259864214663,0.006669378752965286,0.007108492078952327,0.006949561724492728,0.00550333615162617,0.005527351919183702,0.007158539670775876,0.007362047632340244,0.005454899457950326,0.00689238349923299,0.005787552823228667,0.0065597025923513,0.006103407314063745,0.005766345162294481,0.008641954447570927,0.007876541634995618,0.008381252051649406,0.006747422935210778,0.005840925914913816,0.006857995594054648
r384,0.007554543007359125,0.0072835946933300375,0.007129919915612163,0.008256685175015833,0.008088252573411137,0.008559169698075018,0.007462885991675837,0.007749185146073179,0.0073919390772478975,0.00736507796944559,0.006939973222612042,0.006377801006917813,0.007252134930958115,0.006254010636101639,0.007316876780005155,0.006272111432323678,0.007182064468960208,0.00736358436474442,0.005818143491122428,0.006089795073104255,0.006125113246190083,0.0066884842631356215,0.0061281305105104844,0.005865653379394533,0.007555647458056341,0.006238406042980692,0.0074352935101858805,0.006342224325849377,0.007307006163480812,0.005132966813485207,0.0075825869758294594,0.008641571996429247,0.008027157272395294,0.00847869522067689,0.009345815605731644,0.008632794989229222,0.0075704058783456,0.007593087994133873,0.007035001370115179,0.007440242473826073,0.007183438567081656,0.0078041512058909124,0.007335232523327462,0.006554958236315119,0.007175382757019774,0.007492743681698633,0.007149658433907777,0.007739951908274537,0.004703215440534771,0.004961257369394676,0.006471457605962019,0.007463298207958646,0.007101259864214663,0.006669378752965286,0.007108492078952327,0.006949561724492728,0.00550333615162617,0.005527351919183702,0.007158539670775876,0.007362047632340244,0.005454899457950326,0.00689238349923299,0.005787552823228667,0.0065597025923513,0.006103407314063745,0.005766345162294481,0.008641954447570927,0.007876541634995618,0.008381252051649406,0.006747422935210778,0.005840925914913816,0.006857995594054648
r385,0.007554543007359125,0.0072835946933300375,0.007129919915612163,0.008256685175015833,0.008088252573411137,0.008559169698075018,0.007462885991675837,0.007749185146073179,0.0073919390772478975,0.00736507796944559,0.006939973222612042,0.006377801006917813,0.007252134930958115,0.006254010636101639,0.007316876780005155,0.006272111432323678,0.007182064468960208,0.00736358436474442,0.005818143491122428,0.006089795073104255,0.006125113246190083,0.0066884842631356215,0.0061281305105104844,0.005865653379394533,0.007555647458056341,0.006238406042980692,0.0074352935101858805,0.006342224325849377,0.007307006163480812,0.005132966813485207,0.0075825869758294594,0.008641571996429247,0.008027157272395294,0.00847869522067689,0.009345815605731644,0.008632794989229222,0.0075704058783456,0.007593087994133873,0.007035001370115179,0.007440242473826073,0.007183438567081656,0.0078041512058909124,0.007335232523327462,0.006554958236315119,0.007175382757019774,0.007492743681698633,0.007149658433907777,0.007739951908274537,0.004703215440534771,0.004961257369394676,0.006471457605962019,0.007463298207958646,0.007101259864214663,0.006669378752965286,0.007108492078952327,0.006949561724492728,0.00550333615162617,0.005527351919183702,0.007158539670775876,0.007362047632340244,0.005454899457950326,0.00689238349923299,0.005787552823228667,0.0065597025923513,0.006103407314063745,0.005766345162294481,0.008641954447570927,0.007876541634995618,0.008381252051649406,0.006747422935210778,0.005840925914913816,0.006857995594054648
r412,0.008813633508585644,0.008497527142218372,0.008318239901547524,0.009632799370851805,0.00943629466897966,0.009985697981087522,0.00870670032362181,0.009040716003752043,0.00862392892345588,0.00859259096435319,0.008096635426380715,0.0074407678414041166,0.0084608240861178,0.007296345742118581,0.008536356243339347,0.007317463337710958,0.00837907521378691,0.008590848425535157,0.006787834072976166,0.007104760918621631,0.007145965453888432,0.007803231640324893,0.007149485595595565,0.006843262275960289,0.008814922034399063,0.007278140383477474,0.008674509095216863,0.007399261713490939,0.008524840524060948,0.005988461282399409,0.008846351471801036,0.010081833995834122,0.00936501681779451,0.009891811090789708,0.01090345154002025,0.01007159415410076,0.008832140191403201,0.008858602659822851,0.008207501598467707,0.008680282886130418,0.008380678328261932,0.009104843073539398,0.008557771277215373,0.007647451275700973,0.008371279883189737,0.00874153429531507,0.008341268172892406,0.009029943892986959,0.0054870846806239,0.005788133597627123,0.007550033873622355,0.00870718124261842,0.008284803174917105,0.0077809418784595,0.008293240758777716,0.00810782201190818,0.006420558843563864,0.006448577239047651,0.008351629615905187,0.008589055571063618,0.006364049367608714,0.008041114082438487,0.0067521449604334444,0.0076529863577431845,0.007120641866407704,0.006727402689343562,0.010082280188832745,0.009189298574161554,0.009778127393590972,0.007871993424412575,0.0068144135673994495,0.008000994859730423
NE4,0.008813633508585644,0.008497527142218372,0.008318239901547524,0.009632799370851805,0.00943629466897966,0.00998569798108752,0.008706700323621806,0.009040716003752041,0.00862392892345588,0.00859259096435319,0.008096635426380715,0.007440767841404115,0.0084608240861178,0.00729634574211858,0.008536356243339347,0.007317463337710958,0.00837907521378691,0.008590848425535157,0.006787834072976166,0.007104760918621632,0.007145965453888432,0.007803231640324893,0.0071494855955955665,0.006843262275960289,0.008814922034399061,0.007278140383477476,0.008674509095216863,0.00739926171349094,0.008524840524060948,0.00598846128239941,0.00884635147180104,0.010081833995834124,0.00936501681779451,0.009891811090789708,0.01090345154002025,0.01007159415410076,0.008832140191403203,0.008858602659822851,0.008207501598467707,0.008680282886130418,0.008380678328261932,0.009104843073539398,0.008557771277215373,0.007647451275700973,0.008371279883189737,0.00874153429531507,0.008341268172892406,0.009029943892986959,0.0054870846806239,0.005788133597627123,0.007550033873622355,0.008707181242618423,0.008284803174917105,0.007780941878459502,0.008293240758777716,0.00810782201190818,0.006420558843563864,0.006448577239047651,0.008351629615905187,0.008589055571063618,0.006364049367608714,0.008041114082438487,0.0067521449604334444,0.0076529863577431845,0.007120641866407702,0.006727402689343563,0.010082280188832745,0.009189298574161557,0.009778127393590972,0.007871993424412574,0.0068144135673994495,0.008000994859730423
r413,0.02644090052575693,0.025492581426655128,0.02495471970464257,0.02889839811255542,0.028308884006938977,0.02995709394326257,0.026120100970865427,0.02712214801125613,0.025871786770367635,0.025777772893059565,0.024289906279142143,0.022322303524212345,0.0253824722583534,0.02188903722635574,0.02560906873001804,0.021952390013132875,0.025137225641360724,0.025772545276605472,0.0203635022189285,0.021314282755864892,0.02143789636166529,0.023409694920974677,0.021448456786786696,0.020529786827880866,0.02644476610319719,0.021834421150432423,0.026023527285650584,0.022197785140472815,0.025574521572182842,0.017965383847198226,0.02653905441540311,0.030245501987502366,0.028095050453383532,0.02967543327236912,0.03271035462006076,0.030214782462302275,0.026496420574209603,0.026575807979468558,0.024622504795403122,0.026040848658391257,0.02514203498478579,0.027314529220618198,0.025673313831646116,0.022942353827102916,0.025113839649569213,0.026224602885945213,0.025023804518677216,0.02708983167896088,0.016461254041871702,0.017364400792881367,0.02265010162086707,0.026121543727855256,0.02485440952475132,0.0233428256353785,0.024879722276333147,0.02432346603572455,0.019261676530691597,0.019345731717142958,0.025054888847715562,0.02576716671319085,0.019092148102826143,0.024123342247315466,0.02025643488130034,0.02295895907322955,0.02136192559922311,0.020182208068030685,0.03024684056649824,0.02756789572248466,0.029334382180772917,0.02361598027323772,0.020443240702198356,0.024002984579191266
NE5,0.0,0.0,0.0,0.0032188599419944275,0.003817990786743563,0.0,0.008061177437150938,0.007915664653092043,0.010071533238288116,0.0,0.0,0.0,0.0,0.0,0.0,0.015502411635166293,0.013358398329954207,0.009926555795002276,0.0004387844108908979,0.0,0.0,0.0,0.012548759980659411,0.0,0.0,0.00586833694830148,0.0,0.0,0.0,0.03079733022353053,0.0,0.0,0.0,0.0,0.0,0.0,0.0,0.0,0.0,0.0,0.0,0.0,0.0,0.0,0.0,0.0,0.0,0.0,0.0,1e-09,0.0,0.0,0.0,0.0,0.0,0.003373008495423833,0.0,0.0,0.0,0.0,0.0,0.0,0.0,0.0,0.0,0.0,0.0011286044678991667,0.007710610857800118,0.0,0.0,0.0009562144766797191,0.0
r416r,0.017627267017171287,0.016995054284436754,0.016636479803095048,0.01926559874170361,0.018872589337959315,0.019971395962175047,0.01741340064724362,0.01808143200750409,0.017247857846911758,0.017185181928706376,0.016193270852761427,0.01488153568280823,0.0169216481722356,0.01459269148423716,0.017072712486678698,0.014634926675421916,0.016758150427573816,0.017181696851070315,0.013575668145952333,0.014209521837243262,0.01429193090777686,0.015606463280649786,0.01429897119119113,0.013686524551920577,0.017629844068798133,0.014556280766954949,0.017349018190433725,0.014798523426981878,0.017049681048121896,0.011976922564798815,0.01769270294360207,0.02016366799166824,0.01873003363558902,0.01978362218157941,0.021806903080040504,0.02014318830820152,0.0176642803828064,0.017717205319645702,0.016415003196935417,0.017360565772260837,0.01676135665652386,0.018209686147078796,0.017115542554430742,0.015294902551401942,0.016742559766379474,0.01748306859063014,0.016682536345784812,0.018059887785973918,0.010974169361247801,0.011576267195254243,0.015100067747244714,0.017414362485236836,0.01656960634983421,0.015561883756919,0.016586481517555433,0.01621564402381637,0.012841117687127732,0.012897154478095307,0.016703259231810378,0.017178111142127236,0.012728098735217425,0.01608222816487698,0.013504289920866892,0.015305972715486364,0.014241283732815404,0.01345480537868712,0.02016456037766549,0.018378597148323107,0.019556254787181943,0.015743986848825147,0.013628827134798906,0.016001989719460843
PAND,0.0,0.0,0.0,2.0403967119703603,2.0992987662767515,2.162892042976352,3.3785827158422728,3.0906279721483245,2.9581566076442236,5.73720926327432,4.601273452264058,5.63376731547875,6.693995801482352,6.37158469051489,7.275316463362509,3.105170331639431,3.110678239953244,2.746423813734153,4.5862084749818255,5.970159482175854,5.187654345688584,4.2271301823841085,3.8252491299203815,5.865674427512177,4.368487327398385,4.100207376390329,4.238821582091564,4.639857732754045,5.597457893084811,3.379668088462689,3.9106640961128822,3.588145840018832,4.0646495658181125,3.836661155397688,3.134414567929638,3.013030048760787,4.286191879826884,4.607029681936677,4.40364509640517,4.914653994595837,4.765274347904403,4.218199707741621,4.869720777764033,5.455121872320107,4.154947761651799,4.724880923027126,5.8875644586977876,5.298907978680556,7.027961683204534,7.689920599876013,7.655245908189706,6.268666826895259,4.730006210333906,5.328308211890789,6.756309605003387,3.8819969185639405,6.583549273707843,6.785201925787749,7.0826274146352,6.12375528506308,7.021447043289511,7.2378774178584635,7.422561714222581,7.5288288463128925,8.476370928557829,8.722218518503253,2.30932578407414,3.0061620795082864,3.5417031802793013,5.9597782834364565,4.421721631341132,5.023040655115998
r424,0.008422483341756989,0.008120405834878792,0.00794907537465439,0.009205294539690462,0.00901751072738692,0.009542531450243585,0.008320295901288329,0.008639487888272719,0.008241197864939607,0.00821125070371226,0.007737305740433894,0.007110545632663334,0.008085331656411853,0.006972533004952735,0.008157511687037685,0.006992713431937702,0.008007210852488712,0.008209585506371407,0.006486589149027868,0.006789450733684245,0.006828826611287653,0.007456923243282329,0.00683219052547155,0.006539557439834433,0.008423714692606952,0.006955135599799576,0.008289533303607675,0.0070708815582686815,0.008146507037014108,0.005722692600495235,0.00845374928808624,0.009634400943940562,0.008949396205188918,0.009452811281801643,0.010419554999049865,0.009624615542488031,0.008440168703689868,0.008465456754437587,0.007843251652100397,0.008295050854040597,0.008008742781287916,0.008700769005226225,0.008177976316831773,0.007308056432096693,0.007999761436588449,0.00835358391340781,0.007971081648791109,0.008629193857238267,0.005243567179565703,0.005531255506918701,0.007214962425441269,0.008320755450365307,0.007917122575393842,0.007435622718573484,0.00792518569744063,0.007747995848502888,0.0061356136368865355,0.006162388573254946,0.007980983248213969,0.008207872233626559,0.006081612062190077,0.0076842484382681365,0.006452483920606291,0.0073133458716184195,0.006804626894414542,0.00642883971491532,0.009634827330698245,0.008781476342761094,0.009344172880486664,0.007522633368484628,0.006511989046945717,0.007645909712124788
r425,0.008422483341756989,0.008120405834878792,0.00794907537465439,0.009205294539690462,0.00901751072738692,0.009542531450243585,0.008320295901288329,0.008639487888272719,0.008241197864939607,0.00821125070371226,0.007737305740433894,0.007110545632663334,0.008085331656411853,0.006972533004952735,0.008157511687037685,0.006992713431937702,0.008007210852488712,0.008209585506371407,0.006486589149027868,0.006789450733684245,0.006828826611287653,0.007456923243282329,0.00683219052547155,0.006539557439834433,0.008423714692606952,0.006955135599799576,0.008289533303607675,0.0070708815582686815,0.008146507037014108,0.005722692600495235,0.00845374928808624,0.009634400943940562,0.008949396205188918,0.009452811281801643,0.010419554999049865,0.009624615542488031,0.008440168703689868,0.008465456754437587,0.007843251652100397,0.008295050854040597,0.008008742781287916,0.008700769005226225,0.008177976316831773,0.007308056432096693,0.007999761436588449,0.00835358391340781,0.007971081648791109,0.008629193857238267,0.005243567179565703,0.005531255506918701,0.007214962425441269,0.008320755450365307,0.007917122575393842,0.007435622718573484,0.00792518569744063,0.007747995848502888,0.0061356136368865355,0.006162388573254946,0.007980983248213969,0.008207872233626559,0.006081612062190077,0.0076842484382681365,0.006452483920606291,0.0073133458716184195,0.006804626894414542,0.00642883971491532,0.009634827330698245,0.008781476342761094,0.009344172880486664,0.007522633368484628,0.006511989046945717,0.007645909712124788
r426,0.008422483341756989,0.008120405834878792,0.00794907537465439,0.009205294539690462,0.00901751072738692,0.009542531450243585,0.008320295901288329,0.008639487888272719,0.008241197864939607,0.00821125070371226,0.007737305740433894,0.007110545632663334,0.008085331656411853,0.006972533004952735,0.008157511687037685,0.006992713431937702,0.008007210852488712,0.008209585506371407,0.006486589149027868,0.006789450733684245,0.006828826611287653,0.007456923243282329,0.00683219052547155,0.006539557439834433,0.008423714692606952,0.006955135599799576,0.008289533303607675,0.0070708815582686815,0.008146507037014108,0.005722692600495235,0.00845374928808624,0.009634400943940562,0.008949396205188918,0.009452811281801643,0.010419554999049865,0.009624615542488031,0.008440168703689868,0.008465456754437587,0.007843251652100397,0.008295050854040597,0.008008742781287916,0.008700769005226225,0.008177976316831773,0.007308056432096693,0.007999761436588449,0.00835358391340781,0.007971081648791109,0.008629193857238267,0.005243567179565703,0.005531255506918701,0.007214962425441269,0.008320755450365307,0.007917122575393842,0.007435622718573484,0.00792518569744063,0.007747995848502888,0.0061356136368865355,0.006162388573254946,0.007980983248213969,0.008207872233626559,0.006081612062190077,0.0076842484382681365,0.006452483920606291,0.0073133458716184195,0.006804626894414542,0.00642883971491532,0.009634827330698245,0.008781476342761094,0.009344172880486664,0.007522633368484628,0.006511989046945717,0.007645909712124788
r427,0.008422483341756989,0.008120405834878792,0.00794907537465439,0.009205294539690462,0.00901751072738692,0.009542531450243585,0.008320295901288329,0.008639487888272719,0.008241197864939607,0.00821125070371226,0.007737305740433894,0.007110545632663334,0.008085331656411853,0.006972533004952735,0.008157511687037685,0.006992713431937702,0.008007210852488712,0.008209585506371407,0.006486589149027868,0.006789450733684245,0.006828826611287653,0.007456923243282329,0.00683219052547155,0.006539557439834433,0.008423714692606952,0.006955135599799576,0.008289533303607675,0.0070708815582686815,0.008146507037014108,0.005722692600495235,0.00845374928808624,0.009634400943940562,0.008949396205188918,0.009452811281801643,0.010419554999049865,0.009624615542488031,0.008440168703689868,0.008465456754437587,0.007843251652100397,0.008295050854040597,0.008008742781287916,0.008700769005226225,0.008177976316831773,0.007308056432096693,0.007999761436588449,0.00835358391340781,0.007971081648791109,0.008629193857238267,0.005243567179565703,0.005531255506918701,0.007214962425441269,0.008320755450365307,0.007917122575393842,0.007435622718573484,0.00792518569744063,0.007747995848502888,0.0061356136368865355,0.006162388573254946,0.007980983248213969,0.008207872233626559,0.006081612062190077,0.0076842484382681365,0.006452483920606291,0.0073133458716184195,0.006804626894414542,0.00642883971491532,0.009634827330698245,0.008781476342761094,0.009344172880486664,0.007522633368484628,0.006511989046945717,0.007645909712124788
r428,0.008422483341756989,0.008120405834878792,0.00794907537465439,0.009205294539690462,0.00901751072738692,0.009542531450243585,0.008320295901288329,0.008639487888272719,0.008241197864939607,0.00821125070371226,0.007737305740433894,0.007110545632663334,0.008085331656411853,0.006972533004952735,0.008157511687037685,0.006992713431937702,0.008007210852488712,0.008209585506371407,0.006486589149027868,0.006789450733684245,0.006828826611287653,0.007456923243282329,0.00683219052547155,0.006539557439834433,0.008423714692606952,0.006955135599799576,0.008289533303607675,0.0070708815582686815,0.008146507037014108,0.005722692600495235,0.00845374928808624,0.009634400943940562,0.008949396205188918,0.009452811281801643,0.010419554999049865,0.009624615542488031,0.008440168703689868,0.008465456754437587,0.007843251652100397,0.008295050854040597,0.008008742781287916,0.008700769005226225,0.008177976316831773,0.007308056432096693,0.007999761436588449,0.00835358391340781,0.007971081648791109,0.008629193857238267,0.005243567179565703,0.005531255506918701,0.007214962425441269,0.008320755450365307,0.007917122575393842,0.007435622718573484,0.00792518569744063,0.007747995848502888,0.0061356136368865355,0.006162388573254946,0.007980983248213969,0.008207872233626559,0.006081612062190077,0.0076842484382681365,0.006452483920606291,0.0073133458716184195,0.006804626894414542,0.00642883971491532,0.009634827330698245,0.008781476342761094,0.009344172880486664,0.007522633368484628,0.006511989046945717,0.007645909712124788
r429,0.008422483341756989,0.008120405834878792,0.00794907537465439,0.009205294539690462,0.00901751072738692,0.009542531450243585,0.008320295901288329,0.008639487888272719,0.008241197864939607,0.00821125070371226,0.007737305740433894,0.007110545632663334,0.008085331656411853,0.006972533004952735,0.008157511687037685,0.006992713431937702,0.008007210852488712,0.008209585506371407,0.006486589149027868,0.006789450733684245,0.006828826611287653,0.007456923243282329,0.00683219052547155,0.006539557439834433,0.008423714692606952,0.006955135599799576,0.008289533303607675,0.0070708815582686815,0.008146507037014108,0.005722692600495235,0.00845374928808624,0.009634400943940562,0.008949396205188918,0.009452811281801643,0.010419554999049865,0.009624615542488031,0.008440168703689868,0.008465456754437587,0.007843251652100397,0.008295050854040597,0.008008742781287916,0.008700769005226225,0.008177976316831773,0.007308056432096693,0.007999761436588449,0.00835358391340781,0.007971081648791109,0.008629193857238267,0.005243567179565703,0.005531255506918701,0.007214962425441269,0.008320755450365307,0.007917122575393842,0.007435622718573484,0.00792518569744063,0.007747995848502888,0.0061356136368865355,0.006162388573254946,0.007980983248213969,0.008207872233626559,0.006081612062190077,0.0076842484382681365,0.006452483920606291,0.0073133458716184195,0.006804626894414542,0.00642883971491532,0.009634827330698245,0.008781476342761094,0.009344172880486664,0.007522633368484628,0.006511989046945717,0.007645909712124788
r430,0.008422483341756989,0.008120405834878792,0.00794907537465439,0.009205294539690462,0.00901751072738692,0.009542531450243585,0.008320295901288329,0.008639487888272719,0.008241197864939607,0.00821125070371226,0.007737305740433894,0.007110545632663334,0.008085331656411853,0.006972533004952735,0.008157511687037685,0.006992713431937702,0.008007210852488712,0.008209585506371407,0.006486589149027868,0.006789450733684245,0.006828826611287653,0.007456923243282329,0.00683219052547155,0.006539557439834433,0.008423714692606952,0.006955135599799576,0.008289533303607675,0.0070708815582686815,0.008146507037014108,0.005722692600495235,0.00845374928808624,0.009634400943940562,0.008949396205188918,0.009452811281801643,0.010419554999049865,0.009624615542488031,0.008440168703689868,0.008465456754437587,0.007843251652100397,0.008295050854040597,0.008008742781287916,0.008700769005226225,0.008177976316831773,0.007308056432096693,0.007999761436588449,0.00835358391340781,0.007971081648791109,0.008629193857238267,0.005243567179565703,0.005531255506918701,0.007214962425441269,0.008320755450365307,0.007917122575393842,0.007435622718573484,0.00792518569744063,0.007747995848502888,0.0061356136368865355,0.006162388573254946,0.007980983248213969,0.008207872233626559,0.006081612062190077,0.0076842484382681365,0.006452483920606291,0.0073133458716184195,0.006804626894414542,0.00642883971491532,0.009634827330698245,0.008781476342761094,0.009344172880486664,0.007522633368484628,0.006511989046945717,0.007645909712124788
r431,0.008422483341756989,0.008120405834878792,0.00794907537465439,0.009205294539690462,0.00901751072738692,0.009542531450243585,0.008320295901288329,0.008639487888272719,0.008241197864939607,0.00821125070371226,0.007737305740433894,0.007110545632663334,0.008085331656411853,0.006972533004952735,0.008157511687037685,0.006992713431937702,0.008007210852488712,0.008209585506371407,0.006486589149027868,0.006789450733684245,0.006828826611287653,0.007456923243282329,0.00683219052547155,0.006539557439834433,0.008423714692606952,0.006955135599799576,0.008289533303607675,0.0070708815582686815,0.008146507037014108,0.005722692600495235,0.00845374928808624,0.009634400943940562,0.008949396205188918,0.009452811281801643,0.010419554999049865,0.009624615542488031,0.008440168703689868,0.008465456754437587,0.007843251652100397,0.008295050854040597,0.008008742781287916,0.008700769005226225,0.008177976316831773,0.007308056432096693,0.007999761436588449,0.00835358391340781,0.007971081648791109,0.008629193857238267,0.005243567179565703,0.005531255506918701,0.007214962425441269,0.008320755450365307,0.007917122575393842,0.007435622718573484,0.00792518569744063,0.007747995848502888,0.0061356136368865355,0.006162388573254946,0.007980983248213969,0.008207872233626559,0.006081612062190077,0.0076842484382681365,0.006452483920606291,0.0073133458716184195,0.006804626894414542,0.00642883971491532,0.009634827330698245,0.008781476342761094,0.009344172880486664,0.007522633368484628,0.006511989046945717,0.007645909712124788
r432,0.020713604901349214,0.01997069878831258,0.01954934190402339,0.022638790260946378,0.022176969279365355,0.02346816468917516,0.020462292951237113,0.021247289117994957,0.020267765411255627,0.02019411565400072,0.01902853201531856,0.017487126635982,0.019884440075827833,0.017147709039880006,0.020061954067204804,0.017197339175004,0.019692315742463655,0.020190020385519074,0.015952616257600073,0.01669745065421101,0.016794288638819134,0.01833898097298711,0.016802561594159243,0.01608288238250014,0.020716633175952584,0.01710492320941102,0.020386637824148197,0.01738957986619822,0.02003489008077257,0.014073948130371957,0.020790497939237342,0.023694101414321475,0.02200945367218126,0.023247513823379123,0.025625048643295793,0.023670035961472085,0.020757098902585487,0.020819290395687143,0.019289087214589374,0.02040020725986873,0.019696083307095373,0.021397999141794775,0.020112283200023277,0.01797286943562526,0.01967399528729522,0.020544158951092094,0.019603462434117255,0.021221972755621443,0.012895624047102434,0.013603142496806865,0.01774392122879217,0.020463423169663104,0.019470759656060554,0.018286596086493197,0.01949058947668847,0.019054822463748997,0.015089454201040225,0.015155302410022078,0.019627813664952493,0.020185806873545212,0.014956646894569575,0.018898046988607524,0.015868740498081502,0.017985877867110617,0.01673477371491508,0.015810591764680148,0.02369515004301602,0.021596484558428566,0.022980336932773394,0.01850058338212121,0.016015082797400736,0.01880375968657878
r433,0.020713604901349214,0.01997069878831258,0.01954934190402339,0.022638790260946378,0.022176969279365355,0.02346816468917516,0.020462292951237113,0.021247289117994957,0.020267765411255627,0.02019411565400072,0.01902853201531856,0.017487126635982,0.019884440075827833,0.017147709039880006,0.020061954067204804,0.017197339175004,0.019692315742463655,0.020190020385519074,0.015952616257600073,0.01669745065421101,0.016794288638819134,0.01833898097298711,0.016802561594159243,0.01608288238250014,0.020716633175952584,0.01710492320941102,0.020386637824148197,0.01738957986619822,0.02003489008077257,0.014073948130371957,0.020790497939237342,0.023694101414321475,0.02200945367218126,0.023247513823379123,0.025625048643295793,0.023670035961472085,0.020757098902585487,0.020819290395687143,0.019289087214589374,0.02040020725986873,0.019696083307095373,0.021397999141794775,0.020112283200023277,0.01797286943562526,0.01967399528729522,0.020544158951092094,0.019603462434117255,0.021221972755621443,0.012895624047102434,0.013603142496806865,0.01774392122879217,0.020463423169663104,0.019470759656060554,0.018286596086493197,0.01949058947668847,0.019054822463748997,0.015089454201040225,0.015155302410022078,0.019627813664952493,0.020185806873545212,0.014956646894569575,0.018898046988607524,0.015868740498081502,0.017985877867110617,0.01673477371491508,0.015810591764680148,0.02369515004301602,0.021596484558428566,0.022980336932773394,0.01850058338212121,0.016015082797400736,0.01880375968657878
r434,0.016404068447379138,0.015815726499945764,0.015482034356725127,0.01792871240236235,0.01756297485507306,0.0185855326366957,0.016205042816897487,0.016826717834856224,0.016050987389356067,0.015992660719567363,0.015069580750724254,0.013848870038765726,0.01574741420627785,0.013580069436327422,0.015887995803690835,0.013619373858686848,0.015595262007566167,0.0159894174872583,0.012633619801429167,0.013223488848820016,0.013300179360013441,0.014523493163107425,0.01330673109799233,0.012736783612498005,0.016406466681154138,0.013546185343903653,0.01614512799398393,0.01377161820989718,0.015866562572381473,0.011145815008595588,0.016464963627512593,0.018764462453772966,0.01743031144565087,0.01841078894140852,0.020293669497562093,0.018745403899743867,0.016438513374341178,0.01648776571219001,0.015275926547065994,0.016155874262347134,0.015598245709303479,0.016946072124990018,0.015927853787572117,0.014233552385454836,0.015580753176893315,0.016269876310158905,0.015524894925222896,0.016806668630912444,0.010212645292184238,0.010772962104676513,0.014052237637072265,0.016205937883960745,0.015419801414891276,0.014482007134757995,0.015435505573246895,0.015090401378104853,0.011950041566715832,0.012002189830420819,0.015544179798768067,0.01598608061392549,0.011844865276028562,0.014966243580280814,0.012567194680328663,0.014243854369276146,0.013253046721268754,0.01252114399015908,0.018765292910814097,0.01710326196717994,0.018199199117910805,0.014651473636989373,0.01268308996464739,0.014891573074502533
r435,0.016404068447379138,0.015815726499945764,0.015482034356725127,0.01792871240236235,0.01756297485507306,0.0185855326366957,0.016205042816897487,0.016826717834856224,0.016050987389356067,0.015992660719567363,0.015069580750724254,0.013848870038765726,0.01574741420627785,0.013580069436327422,0.015887995803690835,0.013619373858686848,0.015595262007566167,0.0159894174872583,0.012633619801429167,0.013223488848820016,0.013300179360013441,0.014523493163107425,0.01330673109799233,0.012736783612498005,0.016406466681154138,0.013546185343903653,0.01614512799398393,0.01377161820989718,0.015866562572381473,0.011145815008595588,0.016464963627512593,0.018764462453772966,0.01743031144565087,0.01841078894140852,0.020293669497562093,0.018745403899743867,0.016438513374341178,0.01648776571219001,0.015275926547065994,0.016155874262347134,0.015598245709303479,0.016946072124990018,0.015927853787572117,0.014233552385454836,0.015580753176893315,0.016269876310158905,0.015524894925222896,0.016806668630912444,0.010212645292184238,0.010772962104676513,0.014052237637072265,0.016205937883960745,0.015419801414891276,0.014482007134757995,0.015435505573246895,0.015090401378104853,0.011950041566715832,0.012002189830420819,0.015544179798768067,0.01598608061392549,0.011844865276028562,0.014966243580280814,0.012567194680328663,0.014243854369276146,0.013253046721268754,0.01252114399015908,0.018765292910814097,0.01710326196717994,0.018199199117910805,0.014651473636989373,0.01268308996464739,0.014891573074502533
r436,0.0,0.0,0.0,0.04717183937066241,0.0444043646819766,0.05678511599420586,0.029745120317279636,0.03606319043161892,0.026680703691140086,0.01896799946818121,0.012144865940782049,0.0,0.046752438825779626,0.02160826274849922,0.044478207248910336,0.0056572896915210195,0.020537734780744527,0.027275503769133652,0.0,0.00875446666831987,0.0,0.006074042004991869,0.0,0.003534141904264333,0.029510492001851473,0.0,0.027149417562102277,0.0,0.016726217134051855,0.0,0.03253693821326001,0.05231147576147388,0.03946440918198534,0.049849684068662574,0.0710587605777275,0.05444685395083653,0.030411010423421772,0.029693250946294932,0.037087187737569166,0.02198412486595252,0.025486197360675804,0.034960753167563474,0.021064079145226667,0.0,0.021235537037137372,0.023916445743899995,0.013947754213526307,0.028006938944858614,0.05278195544644281,0.09184759103271417,0.1315878359221884,0.029743956158763206,0.012139568385729084,0.0,0.043628557323641536,0.01204618632890492,0.024100881947297963,0.031693540685910356,0.07989247398652269,0.017413858138256345,0.046790625579201474,0.092493111214858,0.06835629514784557,0.11184627101395284,0.23513730519411963,0.24887780174219087,0.05576859416476099,0.03795008307048289,0.04996632360120307,0.008089137924279862,0.0,0.006453107811135148
r437,0.0004416642356429861,0.00042582367720049125,0.0004168393278927629,0.0004827138508862537,0.0004728667090839459,0.0005003981231897707,0.00043630565528496274,0.0004530436759791278,0.00043215785776742677,0.0004305874661984763,0.00040573439925643265,0.00037286790267252986,0.00042398443267068056,0.0003656306972647073,0.00042776946099676457,0.0003666889312730581,0.00041988787553819617,0.0004305001449961147,0.0003401484239833709,0.0003560300978583275,0.00035809491817969763,0.0003910315007552788,0.00035827131769698207,0.0003429260133714706,0.000441728805580905,0.000364718399765498,0.0004346925051268549,0.0003707879690967333,0.0004271923912390966,0.0003000906688929235,0.00044330378126298994,0.0005052156413483664,0.0004692948703376107,0.00049569331199018,0.000546388114005681,0.0005047025077051459,0.000442591632943196,0.0004439177064492486,0.00041129006742731436,0.0004349818383454547,0.000419968209980123,0.00045625717847319744,0.0004288426000782694,0.00038322511584004644,0.00041949723997042153,0.00043805123722541066,0.0004179933086944164,0.0004525038695459821,0.00027496594441047876,0.00029005195175238306,0.0003783433854634129,0.0004363297548485352,0.0004151637639729289,0.0003899145277580067,0.0004155865838034607,0.00040629497563411296,0.00032174371798884897,0.0003231477613057438,0.00041851253595794405,0.00043041030240179533,0.0003189119444098812,0.0004029521424369011,0.0003383599896677618,0.0003835024870033712,0.0003568259156851511,0.0003371201177989871,0.0005052380007407208,0.000460489368760188,0.0004899964534607849,0.0003944772556509129,0.00034148036183588115,0.000400941708736125
r438r,0.0004416642356429861,0.00042582367720049125,0.0004168393278927629,0.0004827138508862537,0.0004728667090839459,0.0005003981231897707,0.00043630565528496274,0.0004530436759791278,0.00043215785776742677,0.0004305874661984763,0.00040573439925643265,0.00037286790267252986,0.00042398443267068056,0.0003656306972647073,0.00042776946099676457,0.0003666889312730581,0.00041988787553819617,0.0004305001449961147,0.0003401484239833709,0.0003560300978583275,0.00035809491817969763,0.0003910315007552788,0.00035827131769698207,0.0003429260133714706,0.000441728805580905,0.000364718399765498,0.0004346925051268549,0.0003707879690967333,0.0004271923912390966,0.0003000906688929235,0.00044330378126298994,0.0005052156413483664,0.0004692948703376107,0.00049569331199018,0.000546388114005681,0.0005047025077051459,0.000442591632943196,0.0004439177064492486,0.00041129006742731436,0.0004349818383454547,0.000419968209980123,0.00045625717847319744,0.0004288426000782694,0.00038322511584004644,0.00041949723997042153,0.00043805123722541066,0.0004179933086944164,0.0004525038695459821,0.00027496594441047876,0.00029005195175238306,0.0003783433854634129,0.0004363297548485352,0.0004151637639729289,0.0003899145277580067,0.0004155865838034607,0.00040629497563411296,0.00032174371798884897,0.0003231477613057438,0.00041851253595794405,0.00043041030240179533,0.0003189119444098812,0.0004029521424369011,0.0003383599896677618,0.0003835024870033712,0.0003568259156851511,0.0003371201177989871,0.0005052380007407208,0.000460489368760188,0.0004899964534607849,0.0003944772556509129,0.00034148036183588115,0.000400941708736125
r439,0.0001531547685311621,0.00014766177891188534,0.00014454629926107226,0.00016738943779679515,0.0001639747698166841,0.0001735217673192521,0.00015129658743323707,0.00015710078772424182,0.00014985826637957253,0.00014931370574311262,0.00014069547178222714,0.00012929844148090229,0.00014702398882702843,0.00012678881441672912,0.00014833651334312603,0.00012715577549589208,0.00014560343626967588,0.00014928342559476345,0.00011795239219555533,0.00012345963930771522,0.0001241756517281399,0.00013559698556852263,0.0001242368213340622,0.00011891556970815943,0.00015317715928178955,0.00012647245936458227,0.00015073719951084265,0.0001285771882761866,0.00014813640435054013,0.0001040616677185371,0.00015372330953945226,0.00017519232567325083,0.00016273617250165727,0.0001718902920672685,0.0001894695978878366,0.00017501438764309135,0.00015347635970246448,0.00015393619879370242,0.00014262199651375883,0.00015083753084530193,0.0001456312936371123,0.00015821512570040596,0.00014870864301601823,0.0001328899855941558,0.0001454679765808741,0.0001519018983831833,0.0001449464622089355,0.00015691360043874617,9.534923177297122e-05,0.0001005805676521692,0.00013119716053414644,0.00015130494437612933,0.000143965268278678,0.00013520965571999278,0.00014411188842208353,0.00014088986140640245,0.00011157023973773753,0.0001120571162210516,0.00014512651330867316,0.0001492522711099186,0.0001105882729145926,0.0001397306757568761,0.00011733222143810714,0.0001329861688769033,0.00012373560300417015,0.00011690227426614754,0.00017520007918218162,0.0001596827114172579,0.00016991480711935707,0.0001367918611115263,0.00011841426485107534,0.00013903352284472815
r440,0.004309536453970075,0.004154972288366816,0.004067307547298261,0.004710077858584028,0.004613994424292295,0.0048826320524794605,0.004257250134339626,0.004420571283138732,0.004216778021899559,0.004201454934433355,0.003958951264594308,0.0036382565972162715,0.004137025869549984,0.003567639603552582,0.004173958263513965,0.003577965316317155,0.004097053734897488,0.004200602898260776,0.0033189964561709064,0.003473961805390993,0.0034941092788056943,0.0038154878098796835,0.003495830496166911,0.0033460987700021376,0.004310166494798449,0.003558737865507367,0.004241509830164269,0.00361796165630104,0.004168327508391096,0.0029281331217763714,0.004325534311724751,0.004929638960548509,0.004579142226530391,0.004836724881970601,0.005331379145733699,0.004924632061728219,0.004318585528244309,0.004331524683497134,0.00401316066752338,0.004244332997521596,0.004097837597791892,0.0044519270168047525,0.00418442941245116,0.0037393170501704236,0.004093242110401905,0.00427428264093319,0.004078567508894357,0.004415304124708995,0.0026829787549181956,0.002830180392130353,0.0036916835917199047,0.00425748528570236,0.004050958241169278,0.003804588951735202,0.004055083903441571,0.003964421085644144,0.0031394126343243936,0.003153112579601259,0.004083633866184424,0.004199726259619726,0.0031117816185410136,0.003931803408326712,0.0033015458177528406,0.0037420234978344687,0.0034817269936463237,0.003289447774521069,0.004929857132201924,0.0044932225912486315,0.004781137814862588,0.003849109745131839,0.003331992832753346,0.003912186612076247
r441,0.004309536453970075,0.004154972288366816,0.004067307547298261,0.004710077858584028,0.004613994424292295,0.0048826320524794605,0.004257250134339626,0.004420571283138732,0.004216778021899559,0.004201454934433355,0.003958951264594308,0.0036382565972162715,0.004137025869549984,0.003567639603552582,0.004173958263513965,0.003577965316317155,0.004097053734897488,0.004200602898260776,0.0033189964561709064,0.003473961805390993,0.0034941092788056943,0.0038154878098796835,0.003495830496166911,0.0033460987700021376,0.004310166494798449,0.003558737865507367,0.004241509830164269,0.00361796165630104,0.004168327508391096,0.0029281331217763714,0.004325534311724751,0.004929638960548509,0.004579142226530391,0.004836724881970601,0.005331379145733699,0.004924632061728219,0.004318585528244309,0.004331524683497134,0.00401316066752338,0.004244332997521596,0.004097837597791892,0.0044519270168047525,0.00418442941245116,0.0037393170501704236,0.004093242110401905,0.00427428264093319,0.004078567508894357,0.004415304124708995,0.0026829787549181956,0.002830180392130353,0.0036916835917199047,0.00425748528570236,0.004050958241169278,0.003804588951735202,0.004055083903441571,0.003964421085644144,0.0031394126343243936,0.003153112579601259,0.004083633866184424,0.004199726259619726,0.0031117816185410136,0.003931803408326712,0.0033015458177528406,0.0037420234978344687,0.0034817269936463237,0.003289447774521069,0.004929857132201924,0.0044932225912486315,0.004781137814862588,0.003849109745131839,0.003331992832753346,0.003912186612076247
r442,0.0003063095370623242,0.0002953235578237707,0.0002890925985221445,0.0003347788755935903,0.0003279495396333682,0.0003470435346385042,0.00030259317486647415,0.00031420157544848363,0.00029971653275914507,0.00029862741148622523,0.0002813909435644543,0.00025859688296180457,0.00029404797765405686,0.00025357762883345823,0.00029667302668625207,0.00025431155099178417,0.00029120687253935177,0.0002985668511895269,0.00023590478439111065,0.00024691927861543044,0.0002483513034562798,0.00027119397113704527,0.0002484736426681244,0.00023783113941631886,0.0003063543185635791,0.00025294491872916453,0.0003014743990216853,0.0002571543765523732,0.00029627280870108026,0.0002081233354370742,0.0003074466190789045,0.00035038465134650166,0.00032547234500331454,0.000343780584134537,0.0003789391957756732,0.0003500287752861827,0.00030695271940492895,0.00030787239758740484,0.00028524399302751766,0.00030167506169060385,0.0002912625872742246,0.00031643025140081193,0.00029741728603203645,0.0002657799711883116,0.0002909359531617482,0.0003038037967663666,0.000289892924417871,0.00031382720087749235,0.00019069846354594243,0.0002011611353043384,0.0002623943210682929,0.00030260988875225865,0.000287930536557356,0.00027041931143998555,0.00028822377684416706,0.0002817797228128049,0.00022314047947547507,0.0002241142324421032,0.0002902530266173463,0.0002985045422198372,0.0002211765458291852,0.0002794613515137522,0.0002346644428762143,0.0002659723377538066,0.0002474712060083403,0.00023380454853229508,0.00035040015836436324,0.0003193654228345158,0.00033982961423871413,0.0002735837222230526,0.00023682852970215068,0.0002780670456894563
r443,0.0,0.0,0.0,0.0,0.0,0.0,0.0,0.0,0.0,0.0,0.0,0.0,0.0,0.0,0.0,0.0,0.0,0.0,0.0,0.0,0.0,0.0,0.0,0.0,0.0,0.0,0.0,0.0,0.0,0.0,0.0,0.0,0.0,0.0,0.0,0.0,0.0,0.0,0.0,0.0,0.0,0.0,0.0,0.0,0.0,0.0,0.0,0.0,0.0,1e-09,0.0,0.0,0.0,0.0,0.0,0.0,0.0,0.0,0.0,0.0,0.0,0.0,0.0,0.0,0.31681520506643096,0.3794970424813522,0.0,0.0,0.0,0.0,0.0,0.0
r444,0.5364649678886171,0.5308040655679175,0.5250768361025021,0.4313496813395802,0.4261607265281237,0.4313819591428153,0.4156628662470394,0.42125505374369454,0.4172745933732354,0.43098978697997464,0.41757013862352127,0.40740726337761596,0.3682299588570099,0.3549689200351696,0.37690045881232453,0.3880233225240211,0.4161980638464818,0.4142796823658311,0.3889661524752709,0.3702211018853559,0.3954270678476842,0.4136997824532696,0.40713577566060255,0.3663909154335888,0.42203813540987684,0.4077858849862429,0.41909749108290884,0.4114735922200942,0.4317759885868614,0.38410640615094793,0.41770045015565616,0.44557569631387994,0.43215077215353015,0.4401291084266519,0.4529194827049869,0.44074611826653604,0.4211767496868536,0.42405641203015726,0.37373582453977594,0.42974317112836496,0.40638862572975226,0.4269595522165466,0.4248974034358052,0.42066513631961894,0.41437704248054186,0.4292212190416371,0.4273147709567626,0.4367796874572475,0.19388424240902918,0.13218219503520617,0.14885436455934217,0.4156914397821641,0.42784966304161853,0.42800933275650765,0.3653321517031022,0.41837798635556134,0.30218912683129606,0.2885328648183679,0.2959907892364634,0.4339051317567951,0.2537257326980707,0.25384366677687037,0.23177403908572947,0.19395594810355168,0.0,0.0,0.4386858097008119,0.4255899051893972,0.4336917382565583,0.4134221460188813,0.4039670845613786,0.42373423641680424
r445,0.00045946430559333306,0.0004429853367350198,0.00043363889778264757,0.0005021683133904855,0.0004919243094500495,0.000520565301958124,0.0004538897622989662,0.0004713023631722412,0.0004495747991384061,0.0004479411172291454,0.00042208641534737196,0.00038789532444270737,0.00044107196648108583,0.00038036644325018665,0.00044500954002937973,0.00038146732648809315,0.0004368103088092569,0.0004478502767843713,0.00035385717658723475,0.00037037891792314676,0.0003725269551844209,0.00040679095670511365,0.00037271046400215007,0.00035674670912447693,0.00045953147784613034,0.0003794173780935785,0.0004522115985324712,0.00038573156482859156,0.00044440921305225926,0.00031218500315561057,0.0004611699286186771,0.000525576977019837,0.00048820851750486964,0.000515670876201371,0.0005684087936633405,0.0005250431629275195,0.0004604290791071535,0.00046180859638171194,0.0004278659895402539,0.0004525125925356998,0.0004368938809113118,0.0004746453771018401,0.0004461259290486781,0.0003986699567807032,0.00043640392974252914,0.0004557056951488529,0.00043483938662668495,0.00047074080131609717,0.0002860476953187096,0.0003017417029565093,0.0003935914816029963,0.0004539148331295844,0.00043189580483833656,0.0004056289671638709,0.0004323356652665724,0.0004226695842239008,0.00033471071921761873,0.00033617134866315403,0.0004353795399260223,0.00044775681332982737,0.00033176481874378064,0.00041919202727063,0.00035199666431432147,0.00039895850663071105,0.00037120680901251227,0.00035070682279844244,0.0005256002375463922,0.00047904813425178236,0.0005097444213584488,0.00041037558333457686,0.00035524279455470754,0.0004171005685340544
r447,0.00045946430559333306,0.0004429853367350198,0.00043363889778264757,0.0005021683133904855,0.0004919243094500495,0.000520565301958124,0.0004538897622989662,0.0004713023631722412,0.0004495747991384061,0.0004479411172291454,0.00042208641534737196,0.00038789532444270737,0.00044107196648108583,0.00038036644325018665,0.00044500954002937973,0.00038146732648809315,0.0004368103088092569,0.0004478502767843713,0.00035385717658723475,0.00037037891792314676,0.0003725269551844209,0.00040679095670511365,0.00037271046400215007,0.00035674670912447693,0.00045953147784613034,0.0003794173780935785,0.0004522115985324712,0.00038573156482859156,0.00044440921305225926,0.00031218500315561057,0.0004611699286186771,0.000525576977019837,0.00048820851750486964,0.000515670876201371,0.0005684087936633405,0.0005250431629275195,0.0004604290791071535,0.00046180859638171194,0.0004278659895402539,0.0004525125925356998,0.0004368938809113118,0.0004746453771018401,0.0004461259290486781,0.0003986699567807032,0.00043640392974252914,0.0004557056951488529,0.00043483938662668495,0.00047074080131609717,0.0002860476953187096,0.0003017417029565093,0.0003935914816029963,0.0004539148331295844,0.00043189580483833656,0.0004056289671638709,0.0004323356652665724,0.0004226695842239008,0.00033471071921761873,0.00033617134866315403,0.0004353795399260223,0.00044775681332982737,0.00033176481874378064,0.00041919202727063,0.00035199666431432147,0.00039895850663071105,0.00037120680901251227,0.00035070682279844244,0.0005256002375463922,0.00047904813425178236,0.0005097444213584488,0.00041037558333457686,0.00035524279455470754,0.0004171005685340544
r450,0.0001531547685311621,0.00014766177891188534,0.00014454629926107226,0.00016738943779679515,0.0001639747698166841,0.0001735217673192521,0.00015129658743323707,0.00015710078772424182,0.00014985826637957253,0.00014931370574311262,0.00014069547178222714,0.00012929844148090229,0.00014702398882702843,0.00012678881441672912,0.00014833651334312603,0.00012715577549589208,0.00014560343626967588,0.00014928342559476345,0.00011795239219555533,0.00012345963930771522,0.0001241756517281399,0.00013559698556852263,0.0001242368213340622,0.00011891556970815943,0.00015317715928178955,0.00012647245936458227,0.00015073719951084265,0.0001285771882761866,0.00014813640435054013,0.0001040616677185371,0.00015372330953945226,0.00017519232567325083,0.00016273617250165727,0.0001718902920672685,0.0001894695978878366,0.00017501438764309135,0.00015347635970246448,0.00015393619879370242,0.00014262199651375883,0.00015083753084530193,0.0001456312936371123,0.00015821512570040596,0.00014870864301601823,0.0001328899855941558,0.0001454679765808741,0.0001519018983831833,0.0001449464622089355,0.00015691360043874617,9.534923177297122e-05,0.0001005805676521692,0.00013119716053414644,0.00015130494437612933,0.000143965268278678,0.00013520965571999278,0.00014411188842208353,0.00014088986140640245,0.00011157023973773753,0.0001120571162210516,0.00014512651330867316,0.0001492522711099186,0.0001105882729145926,0.0001397306757568761,0.00011733222143810714,0.0001329861688769033,0.00012373560300417015,0.00011690227426614754,0.00017520007918218162,0.0001596827114172579,0.00016991480711935707,0.0001367918611115263,0.00011841426485107534,0.00013903352284472815
r452r,0.020525705661493938,0.019789538650753308,0.019372004029273242,0.022433427075192393,0.021975795422163224,0.0232552780172576,0.02027667340052283,0.02105454866955896,0.020083910518410634,0.02001092884474027,0.018855918554864442,0.017328495728735956,0.01970406242512357,0.01699215708950592,0.019879966134484398,0.017041336982337334,0.01951368086569199,0.020006870718333295,0.015807905346330465,0.016545983137244695,0.016641942671071587,0.018172622642153382,0.0166501405831469,0.01593698979018547,0.02052870645583803,0.01694975938456785,0.02020170458335132,0.017231833828299067,0.019853147653303104,0.013946279196661058,0.02060190116952686,0.023479165196164636,0.02180979938974539,0.023036628731029768,0.025392596230238828,0.023455318053299604,0.020568805107813518,0.02063043245337188,0.0191141101864835,0.0202151509256263,0.019517414292527124,0.021203891543653635,0.01992983871900269,0.017809832209694853,0.01949552664346165,0.020357796792969337,0.01942563361564731,0.021029461947414025,0.012778644016053735,0.013479744357258105,0.017582960860957102,0.020277793392834947,0.01929413462292327,0.018120712939887214,0.019313784562150757,0.0188819705300992,0.014952573291925099,0.015017824171513783,0.019449763950690344,0.020002695413886964,0.014820970716277856,0.018726617198893767,0.01572479045181412,0.017822722632776313,0.016582967618113446,0.015667169202497007,0.0234802043165398,0.02140057645749488,0.022771875481993657,0.018332759110225045,0.015869805228896743,0.018633185204487427
r453,0.020525705661493938,0.019789538650753308,0.019372004029273242,0.022433427075192393,0.021975795422163224,0.0232552780172576,0.02027667340052283,0.02105454866955896,0.020083910518410634,0.02001092884474027,0.018855918554864442,0.017328495728735956,0.01970406242512357,0.01699215708950592,0.019879966134484398,0.017041336982337334,0.01951368086569199,0.020006870718333295,0.015807905346330465,0.016545983137244695,0.016641942671071587,0.018172622642153382,0.0166501405831469,0.01593698979018547,0.02052870645583803,0.01694975938456785,0.02020170458335132,0.017231833828299067,0.019853147653303104,0.013946279196661058,0.02060190116952686,0.023479165196164636,0.02180979938974539,0.023036628731029768,0.025392596230238828,0.023455318053299604,0.020568805107813518,0.02063043245337188,0.0191141101864835,0.0202151509256263,0.019517414292527124,0.021203891543653635,0.01992983871900269,0.017809832209694853,0.01949552664346165,0.020357796792969337,0.01942563361564731,0.021029461947414025,0.012778644016053735,0.013479744357258105,0.017582960860957102,0.020277793392834947,0.01929413462292327,0.018120712939887214,0.019313784562150757,0.0188819705300992,0.014952573291925099,0.015017824171513783,0.019449763950690344,0.020002695413886964,0.014820970716277856,0.018726617198893767,0.01572479045181412,0.017822722632776313,0.016582967618113446,0.015667169202497007,0.0234802043165398,0.02140057645749488,0.022771875481993657,0.018332759110225045,0.015869805228896743,0.018633185204487427
r479,0.031407334335778934,0.030280891044882418,0.02964200195284049,0.034326427362234305,0.03362618394228269,0.03558397961097613,0.031026278521683964,0.03221654155327265,0.030731323094286108,0.030619650450082886,0.028852315629363565,0.026515135112237003,0.030150099907155732,0.026000487758984142,0.03041925833229895,0.02607574019425847,0.029858788252051092,0.030613440922627737,0.024188409234180062,0.02531777629845336,0.025464608432330334,0.02780677285803499,0.02547715243786418,0.02438592732941972,0.031411925990398805,0.02593561306400317,0.030911565257033785,0.02636722825463045,0.030378222130244117,0.021339848709385073,0.03152392461701632,0.03592655976862786,0.03337218571320667,0.035249414195873296,0.03885438935006624,0.03589007014915902,0.03147328279779867,0.03156758165787657,0.02924738662135302,0.030932140129069495,0.029864500941629585,0.032445058012326965,0.03049557068725446,0.027251650388973626,0.02983100963451663,0.03115040918744692,0.029724063070607404,0.032178155196048615,0.0195531959577392,0.020625982110980837,0.026904504014640302,0.03102799227387245,0.029522850362142975,0.027727343414720128,0.02955291764563471,0.028892178965113906,0.022879625982396005,0.02297946937997462,0.02976098601556399,0.03060705209561938,0.02267825477689556,0.02865446562683463,0.024061231278722263,0.02727137462326431,0.025374367968188656,0.02397306233232933,0.035928149774914195,0.03274601472240051,0.03484430296871163,0.028051805095904474,0.024283125115774483,0.028511500998266926
r480,0.0066452211449907,0.00640688621674508,0.006271708896111732,0.007262848177460188,0.007114689396101748,0.007528923378396898,0.006564596660079831,0.006816434685588336,0.006502189452195781,0.006478561550233453,0.006104625621912984,0.005610120700673063,0.006379213189015247,0.005501230673984327,0.006436162220059831,0.005517152721641974,0.0063175769371259715,0.006477247727076581,0.005117827791056551,0.0053567813366116376,0.005387848347596174,0.005883407773312672,0.0053905024311909225,0.005159619030293196,0.006646192655658577,0.005487504367566457,0.006540325418091173,0.005578826297679721,0.006427479705501452,0.00451512415407245,0.006669889529575316,0.007601407113665328,0.007060947987022097,0.007458135416987935,0.008220882642390294,0.0075936865733521285,0.006659174640999211,0.006679126565993318,0.006188215463753267,0.0065446786870840355,0.0063187856384174885,0.006864784615240084,0.006452308527458897,0.005765953947718513,0.00631169948650737,0.006590860452990297,0.0062890715372430255,0.006808312830037639,0.004137100902653003,0.004364082955742733,0.005692504083987017,0.006564959258896889,0.006246498584994915,0.005866601946667245,0.006252860275735415,0.006113059979276637,0.00484091304095467,0.004862038089316935,0.006296883761354177,0.006475895967393026,0.004798306553613937,0.0060627641571264915,0.005090919247028297,0.00577012723722394,0.005368755105424157,0.00507226430036409,0.007601743530098383,0.006928461585470434,0.0073724212438608045,0.005935252141602478,0.005137867950223642,0.006032515439976693
r481,0.0066452211449907,0.00640688621674508,0.006271708896111732,0.007262848177460188,0.007114689396101748,0.007528923378396898,0.006564596660079831,0.006816434685588336,0.006502189452195781,0.006478561550233453,0.006104625621912984,0.005610120700673063,0.006379213189015247,0.005501230673984327,0.006436162220059831,0.005517152721641974,0.0063175769371259715,0.006477247727076581,0.005117827791056551,0.0053567813366116376,0.005387848347596174,0.005883407773312672,0.0053905024311909225,0.005159619030293196,0.006646192655658577,0.005487504367566457,0.006540325418091173,0.005578826297679721,0.006427479705501452,0.00451512415407245,0.006669889529575316,0.007601407113665328,0.007060947987022097,0.007458135416987935,0.008220882642390294,0.0075936865733521285,0.006659174640999211,0.006679126565993318,0.006188215463753267,0.0065446786870840355,0.0063187856384174885,0.006864784615240084,0.006452308527458897,0.005765953947718513,0.00631169948650737,0.006590860452990297,0.0062890715372430255,0.006808312830037639,0.004137100902653003,0.004364082955742733,0.005692504083987017,0.006564959258896889,0.006246498584994915,0.005866601946667245,0.006252860275735415,0.006113059979276637,0.00484091304095467,0.004862038089316935,0.006296883761354177,0.006475895967393026,0.004798306553613937,0.0060627641571264915,0.005090919247028297,0.00577012723722394,0.005368755105424157,0.00507226430036409,0.007601743530098383,0.006928461585470434,0.0073724212438608045,0.005935252141602478,0.005137867950223642,0.006032515439976693
r482,0.0,0.0,0.0,0.0,0.0,0.0,0.0,0.0,0.0,0.006478561550233453,0.006104625621912984,0.005610120700673063,0.006379213189015247,0.005501230673984327,0.006436162220059831,0.0,0.0,0.0,0.005117827791056551,0.0053567813366116376,0.005387848347596174,0.0,0.0,0.005159619030293196,0.0,0.0,0.0,0.005578826297679721,0.006427479705501452,0.0,0.0,0.0,0.0,0.0,0.008220882642390294,0.0,0.0,0.0,0.0,0.0,0.0,0.0,0.0,0.005765953947718513,0.0,0.0,0.0062890715372430255,0.006808312830037639,0.004137100902653003,0.004364082955742733,0.005692504083987017,0.006564959258896889,0.0,0.005866601946667245,0.006252860275735415,0.0,0.00484091304095467,0.004862038089316935,0.006296883761354177,0.006475895967393026,0.004798306553613937,0.0060627641571264915,0.005090919247028297,0.00577012723722394,0.005368755105424157,0.00507226430036409,0.0,0.0,0.0,0.005935252141602478,0.005137867950223642,0.006032515439976693
r483,0.0066452211449907,0.00640688621674508,0.006271708896111732,0.007262848177460188,0.007114689396101748,0.007528923378396898,0.006564596660079831,0.006816434685588336,0.006502189452195781,0.006478561550233453,0.006104625621912984,0.005610120700673063,0.006379213189015247,0.005501230673984327,0.006436162220059831,0.005517152721641974,0.0063175769371259715,0.006477247727076581,0.005117827791056551,0.0053567813366116376,0.005387848347596174,0.005883407773312672,0.0053905024311909225,0.005159619030293196,0.006646192655658577,0.005487504367566457,0.006540325418091173,0.005578826297679721,0.006427479705501452,0.00451512415407245,0.006669889529575316,0.007601407113665328,0.007060947987022097,0.007458135416987935,0.008220882642390294,0.0075936865733521285,0.006659174640999211,0.006679126565993318,0.006188215463753267,0.0065446786870840355,0.0063187856384174885,0.006864784615240084,0.006452308527458897,0.005765953947718513,0.00631169948650737,0.006590860452990297,0.0062890715372430255,0.006808312830037639,0.004137100902653003,0.004364082955742733,0.005692504083987017,0.006564959258896889,0.006246498584994915,0.005866601946667245,0.006252860275735415,0.006113059979276637,0.00484091304095467,0.004862038089316935,0.006296883761354177,0.006475895967393026,0.004798306553613937,0.0060627641571264915,0.005090919247028297,0.00577012723722394,0.005368755105424157,0.00507226430036409,0.007601743530098383,0.006928461585470434,0.0073724212438608045,0.005935252141602478,0.005137867950223642,0.006032515439976693
r484,0.0066452211449907,0.00640688621674508,0.006271708896111732,0.007262848177460188,0.007114689396101748,0.007528923378396898,0.006564596660079831,0.006816434685588336,0.006502189452195781,0.006478561550233453,0.006104625621912984,0.005610120700673063,0.006379213189015247,0.005501230673984327,0.006436162220059831,0.005517152721641974,0.0063175769371259715,0.006477247727076581,0.005117827791056551,0.0053567813366116376,0.005387848347596174,0.005883407773312672,0.0053905024311909225,0.005159619030293196,0.006646192655658577,0.005487504367566457,0.006540325418091173,0.005578826297679721,0.006427479705501452,0.00451512415407245,0.006669889529575316,0.007601407113665328,0.007060947987022097,0.007458135416987935,0.008220882642390294,0.0075936865733521285,0.006659174640999211,0.006679126565993318,0.006188215463753267,0.0065446786870840355,0.0063187856384174885,0.006864784615240084,0.006452308527458897,0.005765953947718513,0.00631169948650737,0.006590860452990297,0.0062890715372430255,0.006808312830037639,0.004137100902653003,0.004364082955742733,0.005692504083987017,0.006564959258896889,0.006246498584994915,0.005866601946667245,0.006252860275735415,0.006113059979276637,0.00484091304095467,0.004862038089316935,0.006296883761354177,0.006475895967393026,0.004798306553613937,0.0060627641571264915,0.005090919247028297,0.00577012723722394,0.005368755105424157,0.00507226430036409,0.007601743530098383,0.006928461585470434,0.0073724212438608045,0.005935252141602478,0.005137867950223642,0.006032515439976693
r485r,0.004097804986666341,0.003950834699876342,0.003867477007710801,0.0044786674257531155,0.0043873046584617685,0.004642743874292311,0.004048087541737631,0.004203384573129626,0.004009603861196127,0.003995033611030796,0.0037644443682754566,0.003459505723198826,0.0039337700050298095,0.0033923582070173293,0.003968887876701608,0.0034021766080705902,0.0038957617379095466,0.003994223436174846,0.003155931124865475,0.003303282884753213,0.0033224404943730745,0.0036280294042952115,0.003324077146751105,0.0031817018772312858,0.004098404073012929,0.003383893819503311,0.00403312057310175,0.0034402078912919147,0.003963533765727967,0.002784271263556458,0.004113016855038756,0.004687441289977129,0.004354164781050391,0.0045990921650506875,0.0050694436124491165,0.004682680384673126,0.004106409471645462,0.004118712914367677,0.0038159904136598455,0.004035805035664931,0.003896507088902535,0.0042331997709249645,0.00397884456851549,0.003555600983672347,0.0038921373820110026,0.004064283225704881,0.0038781837570960763,0.004198376195010852,0.0025511615549482143,0.0026911310411013916,0.0035103078006010232,0.004048311139900576,0.003851930957947354,0.0036176660170234892,0.003855853922657007,0.003769645452018032,0.0029851704204299787,0.0029981972748616484,0.003883001199619294,0.003993389867592142,0.0029588969417180225,0.0037386303110141955,0.003139337852271984,0.0035581744610891225,0.003310666562207799,0.0031278341969686687,0.004687648742657229,0.004272466456028905,0.00454623614139165,0.0036599994631200815,0.0031682889775799528,0.0037199773059037487
r486r,0.40157811038363533,0.3905702009871384,0.3836976749607695,0.400158006967436,0.3928975619955171,0.41087527163075654,0.3681325499118602,0.3796667634538436,0.366023669402128,0.3685014741846627,0.35009610705258876,0.32765218152588715,0.3488128694430905,0.3101599078371494,0.353272621949735,0.3190643509994124,0.35832411333263187,0.36427106827925193,0.303227727785727,0.3081590475204901,0.31571094747583994,0.3402247753406464,0.3187449479898827,0.29926596381702064,0.37301050434743005,0.3228116823531217,0.3680143189022573,0.32740920301583,0.36664204400413614,0.27775472104325005,0.3728798526734011,0.417341085917238,0.3922320486612502,0.41021293172661183,0.44411015041869345,0.4158229492861519,0.3733176666480715,0.37484062235726523,0.34250191548408965,0.3708509525637685,0.3559204025628354,0.38303891246233274,0.36592172685542945,0.33723874372149626,0.35763229797254315,0.37257922306249125,0.3599559833385465,0.3832210273074376,0.214984215398613,0.2086944482800701,0.26632978531570173,0.36815428747212503,0.35837619809414456,0.3431257493349548,0.3430028703835874,0.3506375413676498,0.27038799783673473,0.26782418919823286,0.32743942019186,0.36912302396962554,0.2565572912895189,0.3074796173123472,0.26284666408364776,0.28072941636306337,0.19566622634052613,0.171497505775516,0.4156321546104619,0.3852594194027936,0.405153700554007,0.3422420374358241,0.30778455222990836,0.34873478655886997
r487,0.37384002659263327,0.35703708936655737,0.34813603256704817,0.44732984633799705,0.4373019266775149,0.4676603876248479,0.3978776702291075,0.4157299538854866,0.3927043730933705,0.3874694736528407,0.36224097299326496,0.32698206570416327,0.39556530826879666,0.3317681705855526,0.3977508291987518,0.32472164069092296,0.37886184811328694,0.39154657204863336,0.29396180203122757,0.3169135141889046,0.3129867642855088,0.3462988173457017,0.31026246370643396,0.3028001057212672,0.4025209963493422,0.3175146996447495,0.3951637364643949,0.3235733602239363,0.38336826113821126,0.2491064749015578,0.4054167908867213,0.46965256167864783,0.4316964578430975,0.46006261579524027,0.5151689109964995,0.47026980323710815,0.4037286770715366,0.40453387330351104,0.37958910322164185,0.39283507742982066,0.3814065999234637,0.41799966563009316,0.3869858060007042,0.3355793868536247,0.3788678350096795,0.39649566880638076,0.373903737552164,0.41122796625229296,0.2677661708451169,0.30054203931266316,0.39791762123790353,0.39789824363083426,0.3705157664799769,0.3414368036051329,0.38663142770728437,0.3626837276963175,0.29448887978393834,0.29951772988416436,0.4073318941783761,0.3865368821079266,0.30334791686884194,0.39997272852710236,0.3312029592314929,0.392575687377098,0.43080353153475154,0.4203753075174709,0.4714007487751487,0.4232095024730488,0.45512002415543623,0.3503311753601525,0.2917434254051217,0.35518789437008363
r488,0.0,0.0,0.0,0.0,0.0,0.0,0.0,0.0,0.0,0.003564446144832481,0.003358709969019141,0.0030866378205264503,0.003509785572358915,0.003026727509752605,0.0035411184157045526,0.0,0.0,0.0,0.0028157827008822066,0.00294725278689484,0.0029643455761932777,0.003236997903540335,0.0,0.0028387758638596353,0.003656675267432312,0.0030191754197377526,0.003598428067975364,0.003069419922195108,0.0035363413744887925,0.0,0.0036697130737757574,0.004182225648628567,0.0038848699107128706,0.004103398853064182,0.0,0.0,0.0036638178387020355,0.0036747952079184336,0.0034047003462321637,0.0036008231973197373,0.0034765388789227696,0.0037769425924518195,0.003550001968437077,0.003172375867832143,0.0034726401420407315,0.0036262319884794152,0.0034601904484019954,0.0037458723254649713,0.0022761956105390563,0.002401079089348971,0.003131964415137691,0.0036119813850519055,0.0034367671939743165,0.0032277514892655357,0.0034402673388535987,0.003363350476384299,0.0026634267024413056,0.0026750495135559084,0.003464488663661518,0.0035629795651903507,0.0026399849973079742,0.003335678168577129,0.002800977862604306,0.0031746719740856047,0.0029538406465226498,0.0027907140791696454,0.0,0.0,0.004056239687930942,0.003265522207469143,0.0028268086157447725,0.003319035597167796
r489,0.003656140751023089,0.0035250110226758245,0.0034506376798182302,0.003995953574867057,0.003914437949378141,0.004142345751102353,0.003611781886452407,0.003750340897150461,0.003577446003428558,0.0,0.0,0.0,0.0,0.0,0.0,0.003035487676797639,0.0034758738623714277,0.0035637232911789173,0.0,0.0,0.0,0.0,0.002965805829054064,0.0,0.0,0.0,0.0,0.0,0.0,0.0024841805946635032,0.0,0.0,0.0,0.0,0.004523055498443421,0.004177977876967891,0.0,0.0,0.0,0.0,0.0,0.0,0.0,0.0,0.0,0.0,0.0,0.0,0.0,1e-09,0.0,0.0,0.0,0.0,0.0,0.0,0.0,0.0,0.0,0.0,0.0,0.0,0.0,0.0,0.0,0.0,0.004182410741916543,0.0038119770872685104,0.0,0.0,0.0,0.0
r490,0.009544712324950754,0.012597320969656179,0.013699552019522717,0.0,0.0,0.0,0.0,0.0,0.0,0.0,0.0,0.0,0.0,0.0,0.0,0.0,0.0,0.0,0.0013025734784126196,0.0,0.0,0.0,0.0007334116941957665,0.0,0.0,0.0,0.0,0.0,0.0,0.011385938702303158,0.0,0.0,0.0,0.0,0.0,0.0,0.0,0.0,0.0,0.0,0.0,0.0,0.0,0.0,0.0,0.0,0.0,0.0,0.0,1e-09,0.0,0.0,0.0,0.0,0.0,0.0,0.0,0.0,0.0,0.0,0.0,0.0,0.0,0.0,0.0,0.0,0.0,0.0,0.0,0.0,0.004677133025081262,0.0
r491,0.0,0.0,0.0,0.018859673792963546,0.017572349703453796,0.02349316559322502,0.010600696388295524,0.01359584967282661,0.009109099114115476,0.005268122688821673,0.002099892024334251,0.0,0.01922499259465189,0.007224245324011874,0.01805081763639725,0.0,0.006157749917076561,0.009422729800223559,0.0,0.0008913466448544295,0.0,0.0,0.0,0.0,0.010430284226764482,0.0,0.009318639345728167,0.0,0.004180472662564967,0.0,0.011928086763337701,0.021209177210786394,0.015137343786573026,0.020071514384140468,0.030179700401701922,0.022281890391193066,0.010872095504627899,0.01050023219530198,0.014516657438178772,0.006733160139409056,0.008631194653365376,0.013013167673956631,0.006333246491865478,0.0,0.006510475753749043,0.007669268128425423,0.0028813093161874194,0.009573009168159397,0.023698789249904116,0.04308390011454699,0.062089562123524455,0.010599878350402497,0.002004920442890988,0.0,0.01774527508758413,0.00204506362132594,0.008900251844522387,0.01268283424155559,0.0358485854543602,0.004492786632636227,0.020272849523846705,0.042301255706720255,0.030865268715454648,0.05216826696414426,0.11407497406440673,0.12113816158424079,0.022937517491858864,0.014466395297939093,0.020185612028240395,0.00018224658271792416,0.0,0.0
r492r,0.00910812344660382,0.008781455018159887,0.00859617725288404,0.009954660097974199,0.00975158958446282,0.01031935010953762,0.008997617303111426,0.009342793449222331,0.008912080262136768,0.008879695207800903,0.008367168307348358,0.007689386218636182,0.008743525602839178,0.00754013854372107,0.008821581516043644,0.0075619617415388,0.008659045255422292,0.008877894445533031,0.00701463597408553,0.0073421522964819295,0.007384733598893059,0.008063961020535929,0.007388371359095692,0.0070719161996259956,0.009109455025930475,0.007521324889428392,0.008964350469185959,0.007646493246463529,0.00880968102203491,0.006188553740312494,0.009141934615130054,0.010418698316962351,0.009677930126423116,0.010222326176557281,0.011267768568301136,0.010408116331395299,0.00912724849321771,0.009154595152099458,0.008481738850863368,0.008970317179776354,0.00866070193476156,0.009409063196804101,0.008843712090450446,0.007902975566560624,0.008650989459442466,0.009033615182307183,0.008619974967863538,0.0093316614099183,0.005670424642051083,0.005981532506572642,0.007802303156808717,0.008998114291054557,0.008561623304900666,0.008040926490853292,0.00857034281375234,0.008378728670260082,0.006635088977366377,0.006664043551503537,0.008630682617773581,0.00887604168641471,0.006576691350280905,0.008309791828730938,0.0069777543812189575,0.007908695592300112,0.007358563874379253,0.006952185396620666,0.01041915941860772,0.009496340609083834,0.010104843965963464,0.008135020342127782,0.007042103569160793,0.008268332102427263
r493,0.00045946430559333306,0.0004429853367350198,0.00043363889778264757,0.0005021683133904855,0.0004919243094500495,0.000520565301958124,0.0004538897622989662,0.0004713023631722412,0.0004495747991384061,0.0004479411172291454,0.00042208641534737196,0.00038789532444270737,0.00044107196648108583,0.00038036644325018665,0.00044500954002937973,0.00038146732648809315,0.0004368103088092569,0.0004478502767843713,0.00035385717658723475,0.00037037891792314676,0.0003725269551844209,0.00040679095670511365,0.00037271046400215007,0.00035674670912447693,0.00045953147784613034,0.0003794173780935785,0.0004522115985324712,0.00038573156482859156,0.00044440921305225926,0.00031218500315561057,0.0004611699286186771,0.000525576977019837,0.00048820851750486964,0.000515670876201371,0.0005684087936633405,0.0005250431629275195,0.0004604290791071535,0.00046180859638171194,0.0004278659895402539,0.0004525125925356998,0.0004368938809113118,0.0004746453771018401,0.0004461259290486781,0.0003986699567807032,0.00043640392974252914,0.0004557056951488529,0.00043483938662668495,0.00047074080131609717,0.0002860476953187096,0.0003017417029565093,0.0003935914816029963,0.0004539148331295844,0.00043189580483833656,0.0004056289671638709,0.0004323356652665724,0.0004226695842239008,0.00033471071921761873,0.00033617134866315403,0.0004353795399260223,0.00044775681332982737,0.00033176481874378064,0.00041919202727063,0.00035199666431432147,0.00039895850663071105,0.00037120680901251227,0.00035070682279844244,0.0005256002375463922,0.00047904813425178236,0.0005097444213584488,0.00041037558333457686,0.00035524279455470754,0.0004171005685340544
r494,0.0004416642356429861,0.00042582367720049125,0.0004168393278927629,0.0004827138508862537,0.0004728667090839459,0.0005003981231897707,0.00043630565528496274,0.0004530436759791278,0.00043215785776742677,0.0004305874661984763,0.00040573439925643265,0.00037286790267252986,0.00042398443267068056,0.0003656306972647073,0.00042776946099676457,0.0003666889312730581,0.00041988787553819617,0.0004305001449961147,0.0003401484239833709,0.0003560300978583275,0.00035809491817969763,0.0003910315007552788,0.00035827131769698207,0.0003429260133714706,0.000441728805580905,0.000364718399765498,0.0004346925051268549,0.0003707879690967333,0.0004271923912390966,0.0003000906688929235,0.00044330378126298994,0.0005052156413483664,0.0004692948703376107,0.00049569331199018,0.000546388114005681,0.0005047025077051459,0.000442591632943196,0.0004439177064492486,0.00041129006742731436,0.0004349818383454547,0.000419968209980123,0.00045625717847319744,0.0004288426000782694,0.00038322511584004644,0.00041949723997042153,0.00043805123722541066,0.0004179933086944164,0.0004525038695459821,0.00027496594441047876,0.00029005195175238306,0.0003783433854634129,0.0004363297548485352,0.0004151637639729289,0.0003899145277580067,0.0004155865838034607,0.00040629497563411296,0.00032174371798884897,0.0003231477613057438,0.00041851253595794405,0.00043041030240179533,0.0003189119444098812,0.0004029521424369011,0.0003383599896677618,0.0003835024870033712,0.0003568259156851511,0.0003371201177989871,0.0005052380007407208,0.000460489368760188,0.0004899964534607849,0.0003944772556509129,0.00034148036183588115,0.000400941708736125
r495,0.0004416642356429861,0.00042582367720049125,0.0004168393278927629,0.0004827138508862537,0.0004728667090839459,0.0005003981231897707,0.00043630565528496274,0.0004530436759791278,0.00043215785776742677,0.0004305874661984763,0.00040573439925643265,0.00037286790267252986,0.00042398443267068056,0.0003656306972647073,0.00042776946099676457,0.0003666889312730581,0.00041988787553819617,0.0004305001449961147,0.0003401484239833709,0.0003560300978583275,0.00035809491817969763,0.0003910315007552788,0.00035827131769698207,0.0003429260133714706,0.000441728805580905,0.000364718399765498,0.0004346925051268549,0.0003707879690967333,0.0004271923912390966,0.0003000906688929235,0.00044330378126298994,0.0005052156413483664,0.0004692948703376107,0.00049569331199018,0.000546388114005681,0.0005047025077051459,0.000442591632943196,0.0004439177064492486,0.00041129006742731436,0.0004349818383454547,0.000419968209980123,0.00045625717847319744,0.0004288426000782694,0.00038322511584004644,0.00041949723997042153,0.00043805123722541066,0.0004179933086944164,0.0004525038695459821,0.00027496594441047876,0.00029005195175238306,0.0003783433854634129,0.0004363297548485352,0.0004151637639729289,0.0003899145277580067,0.0004155865838034607,0.00040629497563411296,0.00032174371798884897,0.0003231477613057438,0.00041851253595794405,0.00043041030240179533,0.0003189119444098812,0.0004029521424369011,0.0003383599896677618,0.0003835024870033712,0.0003568259156851511,0.0003371201177989871,0.0005052380007407208,0.000460489368760188,0.0004899964534607849,0.0003944772556509129,0.00034148036183588115,0.000400941708736125
r497r,0.00045946430559333306,0.0004429853367350198,0.00043363889778264757,0.0005021683133904855,0.0004919243094500495,0.000520565301958124,0.0004538897622989662,0.0004713023631722412,0.0004495747991384061,0.0004479411172291454,0.00042208641534737196,0.00038789532444270737,0.00044107196648108583,0.00038036644325018665,0.00044500954002937973,0.00038146732648809315,0.0004368103088092569,0.0004478502767843713,0.00035385717658723475,0.00037037891792314676,0.0003725269551844209,0.00040679095670511365,0.00037271046400215007,0.00035674670912447693,0.00045953147784613034,0.0003794173780935785,0.0004522115985324712,0.00038573156482859156,0.00044440921305225926,0.00031218500315561057,0.0004611699286186771,0.000525576977019837,0.00048820851750486964,0.000515670876201371,0.0005684087936633405,0.0005250431629275195,0.0004604290791071535,0.00046180859638171194,0.0004278659895402539,0.0004525125925356998,0.0004368938809113118,0.0004746453771018401,0.0004461259290486781,0.0003986699567807032,0.00043640392974252914,0.0004557056951488529,0.00043483938662668495,0.00047074080131609717,0.0002860476953187096,0.0003017417029565093,0.0003935914816029963,0.0004539148331295844,0.00043189580483833656,0.0004056289671638709,0.0004323356652665724,0.0004226695842239008,0.00033471071921761873,0.00033617134866315403,0.0004353795399260223,0.00044775681332982737,0.00033176481874378064,0.00041919202727063,0.00035199666431432147,0.00039895850663071105,0.00037120680901251227,0.00035070682279844244,0.0005256002375463922,0.00047904813425178236,0.0005097444213584488,0.00041037558333457686,0.00035524279455470754,0.0004171005685340544
r499r,0.0004416642356429861,0.00042582367720049125,0.0004168393278927629,0.0004827138508862537,0.0004728667090839459,0.0005003981231897707,0.00043630565528496274,0.0004530436759791278,0.00043215785776742677,0.0004305874661984763,0.00040573439925643265,0.00037286790267252986,0.00042398443267068056,0.0003656306972647073,0.00042776946099676457,0.0003666889312730581,0.00041988787553819617,0.0004305001449961147,0.0003401484239833709,0.0003560300978583275,0.00035809491817969763,0.0003910315007552788,0.00035827131769698207,0.0003429260133714706,0.000441728805580905,0.000364718399765498,0.0004346925051268549,0.0003707879690967333,0.0004271923912390966,0.0003000906688929235,0.00044330378126298994,0.0005052156413483664,0.0004692948703376107,0.00049569331199018,0.000546388114005681,0.0005047025077051459,0.000442591632943196,0.0004439177064492486,0.00041129006742731436,0.0004349818383454547,0.000419968209980123,0.00045625717847319744,0.0004288426000782694,0.00038322511584004644,0.00041949723997042153,0.00043805123722541066,0.0004179933086944164,0.0004525038695459821,0.00027496594441047876,0.00029005195175238306,0.0003783433854634129,0.0004363297548485352,0.0004151637639729289,0.0003899145277580067,0.0004155865838034607,0.00040629497563411296,0.00032174371798884897,0.0003231477613057438,0.00041851253595794405,0.00043041030240179533,0.0003189119444098812,0.0004029521424369011,0.0003383599896677618,0.0003835024870033712,0.0003568259156851511,0.0003371201177989871,0.0005052380007407208,0.000460489368760188,0.0004899964534607849,0.0003944772556509129,0.00034148036183588115,0.000400941708736125
r507,0.0066452211449907,0.00640688621674508,0.006271708896111732,0.007262848177460188,0.007114689396101748,0.007528923378396898,0.006564596660079831,0.006816434685588336,0.006502189452195781,0.0,0.0,0.0,0.0,0.0,0.0,0.005517152721641974,0.0063175769371259715,0.006477247727076581,0.0,0.0,0.0,0.005883407773312672,0.0053905024311909225,0.0,0.006646192655658577,0.005487504367566457,0.006540325418091173,0.0,0.0,0.00451512415407245,0.006669889529575316,0.007601407113665328,0.007060947987022097,0.007458135416987935,0.0,0.0075936865733521285,0.006659174640999211,0.006679126565993318,0.006188215463753267,0.0065446786870840355,0.0063187856384174885,0.006864784615240084,0.006452308527458897,0.0,0.00631169948650737,0.006590860452990297,0.0,0.0,0.0,1e-09,0.0,0.0,0.006246498584994915,0.0,0.0,0.006113059979276637,0.0,0.0,0.0,0.0,0.0,0.0,0.0,0.0,0.0,0.0,0.007601743530098383,0.006928461585470434,0.0073724212438608045,0.0,0.0,0.0
r508,0.58392713797389,0.5660373137893222,0.5591927141035803,0.4474123179724175,0.4331641818233994,0.4423155717123527,0.10758259527850028,0.17881640040926688,0.196920111080166,0.012512409122236104,0.011790205700323606,0.010835140623062837,0.012320532062559824,0.01062483520994012,0.012430520918885213,0.10490540403700624,0.09425451551465468,0.23379613547339761,0.009884347727859675,0.010345852106572337,0.010405853566561376,0.011362955267436296,0.010410979547000874,0.009965061491091847,0.01283616447385698,0.010598324824832814,0.012631697142828198,0.010774699988138627,0.01241375189176104,0.008720312405059593,0.027170915883803437,0.32998675040961545,0.01363720469727809,0.049132159144485835,0.9577268394592445,0.188851844284835,0.012861237309938718,0.0128997715812225,0.01529606953292009,0.012640104855286096,0.01220382494641005,0.013258343380070139,0.012461705187557489,0.011136110109384211,0.012190139063962711,0.01272929828881637,0.012146436436983717,0.01314927625539491,0.00799021490690598,0.008428598071073502,0.010994252269823387,0.012679273860594264,0.0120642129075868,0.011330497232269254,0.012076499597562514,0.011806495447546677,0.009349526746628933,0.00939032673684098,0.012161524623377145,0.01250726093265852,0.009267238449028435,0.011709356306548955,0.009832377748234603,0.011144170217368472,0.010368977717551906,0.009796348403910608,0.38981396179367733,0.1999084552479386,0.12256858992066272,0.011463085202405767,0.00992305241075056,0.011650935263318575
r541,1.1561940109671416,1.148675760469261,1.138120320645647,0.8762142689813827,0.8673658521733463,0.8688888132101925,0.8564329233297672,0.8634035307700584,0.8621993334074465,0.8971449953569546,0.8740043066440976,0.9245612618071384,1.0474093513401168,1.028044686074278,1.019598341043549,0.8164894576933778,0.8646466621622144,0.855406303820594,0.9194928136549724,0.9850924566492537,0.9175734847212175,0.8704859710399993,0.867795876216855,1.0018261820743612,0.8700998879539019,0.8667211199230852,0.8656950706303514,0.8733984602396949,0.9005323523608311,0.915040639491227,0.8585960770480356,0.9023555857789942,0.8838368476616164,0.8927270552355723,0.903472073624707,0.8904965403705776,0.867585072669608,0.874228870675441,0.7620918148196248,0.8921880983682593,0.8400894229488923,0.8763189662536801,0.8826447841644829,0.8911686595769371,0.8602577064597892,0.8895977578870886,0.8932318721186159,0.9024411852652005,1.3080957058245255,1.5923236475519396,1.5833127747604299,0.9074635564852267,0.8957541119868503,0.9067276336422098,1.0630168039211365,0.8757891573210721,1.1718762349066807,1.1972082329154474,1.2339015833080629,0.9045075532446274,1.2690652515107657,1.3185141047701574,1.346087985720858,1.4785589606876568,2.162602415244496,2.2592111797100927,0.8851215051662665,0.8711224128941163,0.8790194667761316,0.9267995881372887,0.9046503551477804,0.8914217236995392
r542r,1.1314318977763533,1.1248017556411238,1.1147500275889184,0.8491506897966086,0.8408543576271654,0.8408337569776133,0.8319712414681631,0.8380034239023739,0.8379701997653556,0.8730039064571051,0.8512566166366466,0.9036562473955746,1.0236384646219765,1.0075454289892782,0.9956152449313099,0.7959308702207614,0.8411054508472894,0.8312701106250429,0.9004222322118489,0.9651314616874118,0.8974967246364833,0.848562605955277,0.8477092262101817,0.9825998737752346,0.8453341546191617,0.8462730112266483,0.8413238307914089,0.852610058282744,0.8765816099360885,0.8982159149359145,0.8337420419605945,0.8740304331240317,0.8575256099354324,0.8649357764566871,0.8728385669170311,0.8622001567947708,0.8427709645128085,0.849340415583558,0.7390326436620255,0.8678006369262738,0.8165437076456802,0.8507386928565933,0.8586015220046872,0.8696829631356822,0.8367383963117799,0.865038209152632,0.8697968805852516,0.8770713428991895,1.2926796107694396,1.5760617483967019,1.5621007748297766,0.883000523470251,0.8724777602097022,0.8848668921741569,1.0397167465512371,0.8530100383352349,1.1538375219652393,1.1790908016247899,1.210437481053853,0.8803763971164009,1.251185303287484,1.2959224033004493,1.3271176736891641,1.4570577133016165,2.1425968023817314,2.2403103816781273,0.8567950989214507,0.845304859757187,0.8515475850512811,0.9046830351829865,0.8855050979822295,0.8689427381412489
r544,0.0004787416236159591,0.00046157128217859134,0.00045183269127282717,0.0005232373426877934,0.0005125635267073156,0.0005424061848469662,0.0004729332298890963,0.0004910763597879111,0.0004684371860465894,0.00046673497677018406,0.0004397955190237047,0.00040416989580273886,0.0004595776242111883,0.0003963251328951079,0.0004636804029056956,0.00039747223768218085,0.00045513720706382723,0.0004666403322983701,0.0003687036427682158,0.0003859185628966113,0.0003881567295198863,0.0004238583143789149,0.00038834793281207524,0.0003717144073469883,0.00047881162523956097,0.0003953362455600414,0.0004711846369003663,0.0004019153590353845,0.00046305488819552376,0.00032528306896244957,0.000480518817615015,0.0005476281344370181,0.000508691843700969,0.0005373064160019062,0.0005922570101783371,0.000547071918193479,0.0004797468833114433,0.00048118426852264466,0.000445817576805181,0.00047149826022227547,0.0004552242474326345,0.0004945596483499227,0.000464843628479728,0.00041539659036678953,0.0004547137358261397,0.0004748253289299801,0.0004530835491640796,0.0004904912489412985,0.0002980491426997665,0.000314401607674417,0.00041010504153852416,0.0004729593262194071,0.00045001646714635943,0.0004226475782576642,0.0004504747813035817,0.00044040314722716776,0.00034875387051399415,0.0003502757840437228,0.0004536463659369933,0.00046654296245818224,0.00034568437524028873,0.00043677969113522597,0.0003667650672717325,0.0004156972524546759,0.00038678120040392663,0.00036542110966924986,0.0005476523666637016,0.0004991471178059363,0.0005311313059784928,0.00042759334019493227,0.00037014740172116006,0.00043460048394379725
r1267,0.0004787416236159591,0.00046157128217859134,0.00045183269127282717,0.0005232373426877934,0.0005125635267073156,0.0005424061848469662,0.0004729332298890963,0.0004910763597879111,0.0004684371860465894,0.00046673497677018406,0.0004397955190237047,0.00040416989580273886,0.0004595776242111883,0.0003963251328951079,0.0004636804029056956,0.00039747223768218085,0.00045513720706382723,0.0004666403322983701,0.0003687036427682158,0.0003859185628966113,0.0003881567295198863,0.0004238583143789149,0.00038834793281207524,0.0003717144073469883,0.00047881162523956097,0.0003953362455600414,0.0004711846369003663,0.0004019153590353845,0.00046305488819552376,0.00032528306896244957,0.000480518817615015,0.0005476281344370181,0.000508691843700969,0.0005373064160019062,0.0005922570101783371,0.000547071918193479,0.0004797468833114433,0.00048118426852264466,0.000445817576805181,0.00047149826022227547,0.0004552242474326345,0.0004945596483499227,0.000464843628479728,0.00041539659036678953,0.0004547137358261397,0.0004748253289299801,0.0004530835491640796,0.0004904912489412985,0.0002980491426997665,0.000314401607674417,0.00041010504153852416,0.0004729593262194071,0.00045001646714635943,0.0004226475782576642,0.0004504747813035817,0.00044040314722716776,0.00034875387051399415,0.0003502757840437228,0.0004536463659369933,0.00046654296245818224,0.00034568437524028873,0.00043677969113522597,0.0003667650672717325,0.0004156972524546759,0.00038678120040392663,0.00036542110966924986,0.0005476523666637016,0.0004991471178059363,0.0005311313059784928,0.00042759334019493227,0.00037014740172116006,0.00043460048394379725
r545,0.0004787416236159591,0.00046157128217859134,0.00045183269127282717,0.0005232373426877934,0.0005125635267073156,0.0005424061848469662,0.0004729332298890963,0.0004910763597879111,0.0004684371860465894,0.00046673497677018406,0.0004397955190237047,0.00040416989580273886,0.0004595776242111883,0.0003963251328951079,0.0004636804029056956,0.00039747223768218085,0.00045513720706382723,0.0004666403322983701,0.0003687036427682158,0.0003859185628966113,0.0003881567295198863,0.0004238583143789149,0.00038834793281207524,0.0003717144073469883,0.00047881162523956097,0.0003953362455600414,0.0004711846369003663,0.0004019153590353845,0.00046305488819552376,0.00032528306896244957,0.000480518817615015,0.0005476281344370181,0.000508691843700969,0.0005373064160019062,0.0005922570101783371,0.000547071918193479,0.0004797468833114433,0.00048118426852264466,0.000445817576805181,0.00047149826022227547,0.0004552242474326345,0.0004945596483499227,0.000464843628479728,0.00041539659036678953,0.0004547137358261397,0.0004748253289299801,0.0004530835491640796,0.0004904912489412985,0.0002980491426997665,0.000314401607674417,0.00041010504153852416,0.0004729593262194071,0.00045001646714635943,0.0004226475782576642,0.0004504747813035817,0.00044040314722716776,0.00034875387051399415,0.0003502757840437228,0.0004536463659369933,0.00046654296245818224,0.00034568437524028873,0.00043677969113522597,0.0003667650672717325,0.0004156972524546759,0.00038678120040392663,0.00036542110966924986,0.0005476523666637016,0.0004991471178059363,0.0005311313059784928,0.00042759334019493227,0.00037014740172116006,0.00043460048394379725
r548,0.0004787416236159591,0.00046157128217859134,0.00045183269127282717,0.0005232373426877934,0.0005125635267073156,0.0005424061848469662,0.0004729332298890963,0.0004910763597879111,0.0004684371860465894,0.00046673497677018406,0.0004397955190237047,0.00040416989580273886,0.0004595776242111883,0.0003963251328951079,0.0004636804029056956,0.00039747223768218085,0.00045513720706382723,0.0004666403322983701,0.0003687036427682158,0.0003859185628966113,0.0003881567295198863,0.0004238583143789149,0.00038834793281207524,0.0003717144073469883,0.00047881162523956097,0.0003953362455600414,0.0004711846369003663,0.0004019153590353845,0.00046305488819552376,0.00032528306896244957,0.000480518817615015,0.0005476281344370181,0.000508691843700969,0.0005373064160019062,0.0005922570101783371,0.000547071918193479,0.0004797468833114433,0.00048118426852264466,0.000445817576805181,0.00047149826022227547,0.0004552242474326345,0.0004945596483499227,0.000464843628479728,0.00041539659036678953,0.0004547137358261397,0.0004748253289299801,0.0004530835491640796,0.0004904912489412985,0.0002980491426997665,0.000314401607674417,0.00041010504153852416,0.0004729593262194071,0.00045001646714635943,0.0004226475782576642,0.0004504747813035817,0.00044040314722716776,0.00034875387051399415,0.0003502757840437228,0.0004536463659369933,0.00046654296245818224,0.00034568437524028873,0.00043677969113522597,0.0003667650672717325,0.0004156972524546759,0.00038678120040392663,0.00036542110966924986,0.0005476523666637016,0.0004991471178059363,0.0005311313059784928,0.00042759334019493227,0.00037014740172116006,0.00043460048394379725
r549,0.0004787416236159591,0.00046157128217859134,0.00045183269127282717,0.0005232373426877934,0.0005125635267073156,0.0005424061848469662,0.0004729332298890963,0.0004910763597879111,0.0004684371860465894,0.00046673497677018406,0.0004397955190237047,0.00040416989580273886,0.0004595776242111883,0.0003963251328951079,0.0004636804029056956,0.00039747223768218085,0.00045513720706382723,0.0004666403322983701,0.0003687036427682158,0.0003859185628966113,0.0003881567295198863,0.0004238583143789149,0.00038834793281207524,0.0003717144073469883,0.00047881162523956097,0.0003953362455600414,0.0004711846369003663,0.0004019153590353845,0.00046305488819552376,0.00032528306896244957,0.000480518817615015,0.0005476281344370181,0.000508691843700969,0.0005373064160019062,0.0005922570101783371,0.000547071918193479,0.0004797468833114433,0.00048118426852264466,0.000445817576805181,0.00047149826022227547,0.0004552242474326345,0.0004945596483499227,0.000464843628479728,0.00041539659036678953,0.0004547137358261397,0.0004748253289299801,0.0004530835491640796,0.0004904912489412985,0.0002980491426997665,0.000314401607674417,0.00041010504153852416,0.0004729593262194071,0.00045001646714635943,0.0004226475782576642,0.0004504747813035817,0.00044040314722716776,0.00034875387051399415,0.0003502757840437228,0.0004536463659369933,0.00046654296245818224,0.00034568437524028873,0.00043677969113522597,0.0003667650672717325,0.0004156972524546759,0.00038678120040392663,0.00036542110966924986,0.0005476523666637016,0.0004991471178059363,0.0005311313059784928,0.00042759334019493227,0.00037014740172116006,0.00043460048394379725
r550,5.0153884038203426e-05,4.835508844713171e-05,4.733484404360573e-05,5.481534318802402e-05,5.369712868640719e-05,5.6823500601180166e-05,4.95453809855304e-05,5.144609525062682e-05,4.907437365450402e-05,4.889604360237705e-05,4.6073814722716846e-05,4.2341606116323195e-05,4.814622593698167e-05,4.1519774247354346e-05,4.8576041168794546e-05,4.163995098511417e-05,4.768103852934611e-05,4.888613078449424e-05,3.8626095570789305e-05,4.042956233980604e-05,4.066403660021955e-05,4.4404202911722097e-05,4.0684067107784396e-05,3.894150882560751e-05,5.016121653109736e-05,4.1416175977803006e-05,4.93622028895332e-05,4.210542173145731e-05,4.8510510198907774e-05,3.407727301867846e-05,5.034006607957243e-05,5.73705670922894e-05,5.3291523901935284e-05,5.628923935443973e-05,6.204596938280223e-05,5.7312293932965806e-05,5.0259196216784724e-05,5.040976942008019e-05,4.670470380403578e-05,4.9395055041302994e-05,4.769015532441285e-05,5.1811014312364406e-05,4.869790254818444e-05,4.3517736260835614e-05,4.763667621565279e-05,4.974360757117615e-05,4.746589538656208e-05,5.138479569077116e-05,3.1224196804141144e-05,3.293730918051598e-05,4.296338370098399e-05,4.954811773972559e-05,4.7144584246055054e-05,4.4277365569740024e-05,4.719259464022299e-05,4.6137470308263914e-05,3.653611634743341e-05,3.669555631137067e-05,4.752485683439352e-05,4.887594295397452e-05,3.62145518925342e-05,4.5757871753191094e-05,3.8423005802963024e-05,4.354923403844484e-05,4.051993325843668e-05,3.8282210938893946e-05,5.7373097965464646e-05,5.229160267997308e-05,5.564232637167924e-05,4.4795492405373814e-05,3.877734394272369e-05,4.552957581566453e-05
r559,0.43966781292171725,0.4238988574034346,0.41495511939643204,0.4805318745748198,0.47072924409139844,0.4981362099484542,0.4343334545647459,0.4509958156013559,0.4302044060346509,0.42864111299249114,0.40390038756133384,0.3711824550114939,0.4220679266769003,0.3639779634169009,0.42583584581473466,0.36503141396703115,0.4179898869136713,0.4285541865018099,0.3386108758021025,0.3544207609017472,0.35647624776599685,0.38926394950290505,0.3566518499173737,0.34137590985491034,0.43973209098884253,0.363069789709724,0.4327275962119702,0.36911192320816283,0.4252613845435219,0.29873419086851105,0.44129994742290196,0.5029319518301054,0.46717355086796203,0.4934526655647397,0.543918315553823,0.5024211376675716,0.4405910181753623,0.441911097527793,0.4094309428494581,0.43301562157866536,0.418069858225663,0.4541947923338263,0.42690413406370015,0.3814928512216305,0.4176010171074417,0.4360711460781082,0.4161038839425999,0.45045844921596934,0.27372303585077357,0.2887408510109253,0.37663318737576057,0.4343574451928137,0.41328712940631845,0.388152025477432,0.4137080379951229,0.4044584300063861,0.32028936326147694,0.3216870599834848,0.41662076418089306,0.4284647516998033,0.31747038994265786,0.4011307071749449,0.33683052561605326,0.381768968604259,0.35521298145112834,0.3355962582499092,0.5029542101529254,0.45840785215887825,0.4877815581306114,0.3926941288032991,0.33993679299281215,0.3991293610914035
r560,0.43966781292171725,0.4238988574034346,0.41495511939643204,0.4805318745748198,0.47072924409139844,0.4981362099484542,0.4343334545647459,0.4509958156013559,0.4302044060346509,0.42864111299249114,0.40390038756133384,0.3711824550114939,0.4220679266769003,0.3639779634169009,0.42583584581473466,0.36503141396703115,0.4179898869136713,0.4285541865018099,0.3386108758021025,0.3544207609017472,0.35647624776599685,0.38926394950290505,0.3566518499173737,0.34137590985491034,0.43973209098884253,0.363069789709724,0.4327275962119702,0.36911192320816283,0.4252613845435219,0.29873419086851105,0.44129994742290196,0.5029319518301054,0.46717355086796203,0.4934526655647397,0.543918315553823,0.5024211376675716,0.4405910181753623,0.441911097527793,0.4094309428494581,0.43301562157866536,0.418069858225663,0.4541947923338263,0.42690413406370015,0.3814928512216305,0.4176010171074417,0.4360711460781082,0.4161038839425999,0.45045844921596934,0.27372303585077357,0.2887408510109253,0.37663318737576057,0.4343574451928137,0.41328712940631845,0.388152025477432,0.4137080379951229,0.4044584300063861,0.32028936326147694,0.3216870599834848,0.41662076418089306,0.4284647516998033,0.31747038994265786,0.4011307071749449,0.33683052561605326,0.381768968604259,0.35521298145112834,0.3355962582499092,0.5029542101529254,0.45840785215887825,0.4877815581306114,0.3926941288032991,0.33993679299281215,0.3991293610914035
r561,0.43966781292171725,0.4238988574034346,0.41495511939643204,0.4805318745748198,0.47072924409139844,0.4981362099484542,0.4343334545647459,0.4509958156013559,0.4302044060346509,0.42864111299249114,0.40390038756133384,0.3711824550114939,0.4220679266769003,0.3639779634169009,0.42583584581473466,0.36503141396703115,0.4179898869136713,0.4285541865018099,0.3386108758021025,0.3544207609017472,0.35647624776599685,0.38926394950290505,0.3566518499173737,0.34137590985491034,0.43973209098884253,0.363069789709724,0.4327275962119702,0.36911192320816283,0.4252613845435219,0.29873419086851105,0.44129994742290196,0.5029319518301054,0.46717355086796203,0.4934526655647397,0.543918315553823,0.5024211376675716,0.4405910181753623,0.441911097527793,0.4094309428494581,0.43301562157866536,0.418069858225663,0.4541947923338263,0.42690413406370015,0.3814928512216305,0.4176010171074417,0.4360711460781082,0.4161038839425999,0.45045844921596934,0.27372303585077357,0.2887408510109253,0.37663318737576057,0.4343574451928137,0.41328712940631845,0.388152025477432,0.4137080379951229,0.4044584300063861,0.32028936326147694,0.3216870599834848,0.41662076418089306,0.4284647500164367,0.31747038994265786,0.4011307071749449,0.33683052561605326,0.381768968604259,0.35521298145112834,0.3355962582499092,0.5029542101529254,0.45840785215887825,0.4877815581306114,0.3926941288032991,0.33993679299281215,0.3991293610914035
r562,0.05651860292018695,0.05449152859450152,0.053341825199839044,0.061771613503176726,0.06051150083724359,0.06403462301038723,0.05583287957872119,0.057974799772703284,0.05530209691178039,0.05510113806034541,0.05192075688277227,0.04771491832964832,0.05425616534145894,0.04678879231425778,0.054740525395408454,0.04692421171861036,0.053731939770933226,0.05508996379726386,0.0435278932672819,0.045560229026005525,0.04582445861587747,0.050039265887802394,0.04584703199508305,0.04388333402755262,0.056526865764192226,0.04667204801861014,0.05562644902383598,0.04744875473662008,0.0546666793063236,0.0384018084020786,0.056728411232448483,0.06465110805466542,0.06005442208939079,0.06343256077725892,0.06991984037566329,0.06458544370087425,0.05663727949739161,0.056806973613154586,0.05263170102985551,0.05566347422980461,0.05374221995677954,0.05838602317905619,0.05487785216251106,0.04904030347776293,0.05368195117154072,0.056056257078176616,0.05348949706783899,0.05790572217260216,0.035186663928279176,0.03711718034731143,0.04841560136594559,0.05583596353606748,0.053127407721107425,0.04989632981055027,0.053181514855396475,0.05199249235768672,0.04117269176799635,0.04135236347402612,0.05355594120608788,0.05507846687832891,0.04081031720027397,0.05156471884365829,0.04329903206282963,0.04907579793118779,0.04566206772636026,0.0431403689423685,0.06465396932690808,0.058927605365272515,0.06270354887380107,0.050480210019090505,0.04369833782793508,0.05130744896563411
r563,0.011303720584037395,0.010898305719111906,0.010668365039967808,0.012354322700635346,0.012102300167448721,0.012806924602077453,0.011166575915744239,0.011594959954540655,0.01106041938235608,0.011020227612069089,0.010384151376554459,0.009542983665929667,0.01085123306829179,0.00935775846301311,0.010948105079081696,0.009384842343722074,0.010746387954233313,0.011017992759455237,0.008705578653456383,0.009112045805201106,0.009164891723175497,0.010007853177560483,0.009169406399016613,0.008776666805510525,0.01130537315283845,0.009334409603722033,0.011125289804767197,0.009489750947324014,0.010933335861264723,0.007680361680415721,0.0113456822464897,0.012930221610933091,0.01201088441787816,0.012686512155451787,0.013983968075132658,0.012917088740174856,0.01132745589955662,0.01136139472263092,0.010526340205971109,0.011132694845960928,0.01074844399135591,0.011677204635714297,0.010975570432502215,0.009808060695552586,0.010736390234308148,0.011211251415635322,0.010697899413567804,0.01158114443452044,0.007037332785655835,0.007423436069462285,0.009683120273189122,0.011167192707213502,0.010625481544055381,0.00997926596211004,0.010636302971079299,0.010398498471537326,0.008234538353599271,0.008270472694805225,0.010711188241217579,0.011015693375665783,0.008162063440054795,0.010312943768731661,0.008659806412565927,0.00981515958623756,0.009132413545272054,0.008628073788473701,0.012930793865381613,0.011785521073054505,0.012540709774760222,0.010096042003818103,0.00873966756558702,0.010261489793126827
r564,0.011303720584037391,0.010898305719111906,0.010668365039967804,0.012354322700635346,0.012102300167448723,0.012806924602077453,0.011166575915744235,0.011594959954540655,0.01106041938235608,0.011020227612069087,0.010384151376554455,0.009542983665929667,0.01085123306829179,0.00935775846301311,0.010948105079081694,0.009384842343722073,0.010746387954233313,0.011017992759455237,0.00870557865345638,0.009112045805201105,0.009164891723175498,0.010007853177560483,0.009169406399016615,0.008776666805510527,0.01130537315283845,0.009334409603722034,0.011125289804767196,0.009489750947324018,0.010933335861264722,0.007680361680415721,0.011345682246489694,0.012930221610933091,0.01201088441787816,0.012686512155451787,0.013983968075132658,0.012917088740174856,0.01132745589955662,0.01136139472263092,0.010526340205971107,0.01113269484596093,0.010748443991355905,0.011677204635714297,0.010975570432502215,0.009808060695552586,0.010736390234308148,0.011211251415635318,0.010697899413567804,0.011581144434520442,0.007037332785655835,0.007423436069462285,0.009683120273189126,0.011167192707213502,0.010625481544055381,0.00997926596211004,0.010636302971079299,0.010398498471537327,0.00823453835359927,0.008270472694805226,0.010711188241217575,0.011015693375665783,0.008162063440054794,0.01031294376873166,0.008659806412565927,0.009815159586237557,0.009132413545272054,0.008628073788473701,0.012930793865381613,0.011785521073054505,0.012540709774760222,0.010096042003818105,0.008739667565587023,0.010261489793126823
r565,0.011303720584037391,0.010898305719111906,0.010668365039967804,0.012354322700635346,0.012102300167448723,0.012806924602077453,0.011166575915744235,0.011594959954540655,0.01106041938235608,0.011020227612069087,0.010384151376554455,0.009542983665929667,0.01085123306829179,0.00935775846301311,0.010948105079081694,0.009384842343722073,0.010746387954233313,0.011017992759455237,0.00870557865345638,0.009112045805201105,0.009164891723175498,0.010007853177560483,0.009169406399016615,0.008776666805510527,0.01130537315283845,0.009334409603722034,0.011125289804767196,0.009489750947324018,0.010933335861264722,0.007680361680415721,0.011345682246489694,0.012930221610933091,0.01201088441787816,0.012686512155451787,0.013983968075132658,0.012917088740174856,0.01132745589955662,0.01136139472263092,0.010526340205971107,0.01113269484596093,0.010748443991355905,0.011677204635714297,0.010975570432502215,0.009808060695552586,0.010736390234308148,0.011211251415635318,0.010697899413567804,0.011581144434520442,0.007037332785655835,0.007423436069462285,0.009683120273189126,0.011167192707213502,0.010625481544055381,0.00997926596211004,0.010636302971079299,0.010398498471537327,0.00823453835359927,0.008270472694805226,0.010711188241217575,0.011015693375665783,0.008162063440054794,0.01031294376873166,0.008659806412565927,0.009815159586237557,0.009132413545272054,0.008628073788473701,0.012930793865381613,0.011785521073054505,0.012540709774760222,0.010096042003818105,0.008739667565587023,0.010261489793126823
r566,0.011303720584037391,0.010898305719111906,0.010668365039967804,0.012354322700635346,0.012102300167448723,0.012806924602077453,0.011166575915744235,0.011594959954540655,0.01106041938235608,0.011020227612069087,0.010384151376554455,0.009542983665929667,0.01085123306829179,0.00935775846301311,0.010948105079081694,0.009384842343722073,0.010746387954233313,0.011017992759455237,0.00870557865345638,0.009112045805201105,0.009164891723175498,0.010007853177560483,0.009169406399016615,0.008776666805510527,0.01130537315283845,0.009334409603722034,0.011125289804767196,0.009489750947324018,0.010933335861264722,0.007680361680415721,0.011345682246489694,0.012930221610933091,0.01201088441787816,0.012686512155451787,0.013983968075132658,0.012917088740174856,0.01132745589955662,0.01136139472263092,0.010526340205971107,0.01113269484596093,0.010748443991355905,0.011677204635714297,0.010975570432502215,0.009808060695552586,0.010736390234308148,0.011211251415635318,0.010697899413567804,0.011581144434520442,0.007037332785655835,0.007423436069462285,0.009683120273189126,0.011167192707213502,0.010625481544055381,0.00997926596211004,0.010636302971079299,0.010398498471537327,0.00823453835359927,0.008270472694805226,0.010711188241217575,0.011015693375665783,0.008162063440054794,0.01031294376873166,0.008659806412565927,0.009815159586237557,0.009132413545272054,0.008628073788473701,0.012930793865381613,0.011785521073054505,0.012540709774760222,0.010096042003818105,0.008739667565587023,0.010261489793126823
r567,0.04521488233614956,0.04359322287538961,0.04267346015987123,0.049417290802541376,0.048409200669794865,0.05122769840830978,0.04466630366297694,0.046379839818162634,0.04424167752942431,0.04408091044827633,0.041536605506217815,0.038171934663718654,0.04340493227316715,0.037431033851244674,0.04379242031632676,0.03753936937488829,0.04298555181669991,0.044071971037808626,0.034822314613825525,0.03644818322080442,0.03665956689270197,0.04003141271024191,0.036677625596066424,0.0351066672220421,0.045221492611353775,0.03733763841488811,0.04450115921906878,0.03795900378929606,0.04373334344505888,0.030721446721662878,0.045382728985958784,0.05172088644373233,0.048043537671512634,0.05074604862180714,0.05593587230053063,0.05166835496069941,0.045309823597834996,0.04544557889052367,0.04210536082388441,0.04453077938384368,0.042993775965423635,0.04670881854334189,0.04390228173000884,0.039232242782210346,0.04294556093723257,0.0448450056625413,0.04279159765427119,0.04632457773808172,0.02814933114262334,0.02969374427784914,0.03873248109275647,0.044668770828853975,0.042501926177052035,0.03991706384844016,0.042545211884317174,0.0415939938861493,0.032938153414397084,0.0330818907792209,0.0428447529648703,0.044062773502663126,0.03264825376021918,0.04125177507492664,0.03463922565026371,0.03926063834495023,0.0365296541810882,0.0345122951538948,0.051723175461526466,0.04714208429221801,0.05016283909904085,0.040384168015272406,0.03495867026234806,0.04104595917250729
r568,0.011303720584037391,0.010898305718900304,0.010668365039967808,0.012354322700635346,0.01210230016744872,0.012806924602077448,0.011166575915744235,0.011594959954540658,0.01106041938235608,0.011020227612069083,0.010384151376554454,0.009542983665929665,0.010851233068291789,0.009357758462851556,0.010948105079081692,0.009384842343722073,0.010746387954186644,0.011017992759452772,0.008705578653456381,0.009112045805201105,0.009164891723175495,0.010007853177560479,0.00916940639901661,0.008776666805510525,0.011305373152838446,0.009334409603722029,0.011125289804767196,0.009489750947324014,0.010933335861264722,0.007680361680415721,0.011345682246489696,0.012930221610933086,0.01201088441787816,0.012686512155451787,0.013983968075132658,0.012917088740174852,0.011327455899478324,0.011361394722630917,0.010526340205971102,0.011132694845960923,0.010748443991355909,0.011677204635811237,0.010975570432502212,0.009808060695552586,0.010736390234308144,0.011211251415635325,0.010697899413567798,0.011581144434520433,0.007037332785655835,0.007423436069462285,0.009683120273189117,0.011167192707213497,0.010625481544221485,0.00997926596211004,0.010636302971079297,0.010398498471537326,0.008234538353599271,0.008270472694805225,0.010711188241217575,0.011015693375665783,0.008162063440054795,0.01031294376873166,0.008659806412565927,0.009815159586237557,0.009132413545272052,0.008628073788473701,0.012930793865381617,0.011785521073054504,0.012540709774760215,0.010096042003818103,0.008739667565587016,0.010261489793126823
r569,0.011303720584037391,0.010898305718900304,0.010668365039967808,0.012354322700635346,0.01210230016744872,0.012806924602077448,0.011166575915744235,0.011594959954540658,0.01106041938235608,0.011020227612069083,0.010384151376554454,0.009542983665929665,0.010851233068291789,0.009357758462851556,0.010948105079081692,0.009384842343722073,0.010746387954186644,0.011017992759452772,0.008705578653456381,0.009112045805201105,0.009164891723175495,0.010007853177560479,0.00916940639901661,0.008776666805510525,0.011305373152838446,0.009334409603722029,0.011125289804767196,0.009489750947324014,0.010933335861264722,0.007680361680415721,0.011345682246489696,0.012930221610933086,0.01201088441787816,0.012686512155451787,0.013983968075132658,0.012917088740174852,0.011327455899478324,0.011361394722630917,0.010526340205971102,0.011132694845960923,0.010748443991355909,0.011677204635811237,0.010975570432502212,0.009808060695552586,0.010736390234308144,0.011211251415635325,0.010697899413567798,0.011581144434520433,0.007037332785655835,0.007423436069462285,0.009683120273189117,0.011167192707213497,0.010625481544221485,0.00997926596211004,0.010636302971079297,0.010398498471537326,0.008234538353599271,0.008270472694805225,0.010711188241217575,0.011015693375665783,0.008162063440054795,0.01031294376873166,0.008659806412565927,0.009815159586237557,0.009132413545272052,0.008628073788473701,0.012930793865381617,0.011785521073054504,0.012540709774760215,0.010096042003818103,0.008739667565587016,0.010261489793126823
r570,0.011303720584037391,0.010898305718900304,0.010668365039967808,0.012354322700635346,0.01210230016744872,0.012806924602077448,0.011166575915744235,0.011594959954540658,0.01106041938235608,0.011020227612069083,0.010384151376554454,0.009542983665929665,0.010851233068291789,0.009357758462851556,0.010948105079081692,0.009384842343722073,0.010746387954186644,0.011017992759452772,0.008705578653456381,0.009112045805201105,0.009164891723175495,0.010007853177560479,0.00916940639901661,0.008776666805510525,0.011305373152838446,0.009334409603722029,0.011125289804767196,0.009489750947324014,0.010933335861264722,0.007680361680415721,0.011345682246489696,0.012930221610933086,0.01201088441787816,0.012686512155451787,0.013983968075132658,0.012917088740174852,0.011327455899478324,0.011361394722630917,0.010526340205971102,0.011132694845960923,0.010748443991355909,0.011677204635811237,0.010975570432502212,0.009808060695552586,0.010736390234308144,0.011211251415635325,0.010697899413567798,0.011581144434520433,0.007037332785655835,0.007423436069462285,0.009683120273189117,0.011167192707213497,0.010625481544221485,0.00997926596211004,0.010636302971079297,0.010398498471537326,0.008234538353599271,0.008270472694805225,0.010711188241217575,0.011015693375665783,0.008162063440054795,0.01031294376873166,0.008659806412565927,0.009815159586237557,0.009132413545272052,0.008628073788473701,0.012930793865381617,0.011785521073054504,0.012540709774760215,0.010096042003818103,0.008739667565587016,0.010261489793126823
r571,0.011303720584037391,0.010898305718900304,0.010668365039967808,0.012354322700635346,0.01210230016744872,0.012806924602077448,0.011166575915744235,0.011594959954540658,0.01106041938235608,0.011020227612069083,0.010384151376554454,0.009542983665929665,0.010851233068291789,0.009357758462851556,0.010948105079081692,0.009384842343722073,0.010746387954186644,0.011017992759452772,0.008705578653456381,0.009112045805201105,0.009164891723175495,0.010007853177560479,0.00916940639901661,0.008776666805510525,0.011305373152838446,0.009334409603722029,0.011125289804767196,0.009489750947324014,0.010933335861264722,0.007680361680415721,0.011345682246489696,0.012930221610933086,0.01201088441787816,0.012686512155451787,0.013983968075132658,0.012917088740174852,0.011327455899478324,0.011361394722630917,0.010526340205971102,0.011132694845960923,0.010748443991355909,0.011677204635811237,0.010975570432502212,0.009808060695552586,0.010736390234308144,0.011211251415635325,0.010697899413567798,0.011581144434520433,0.007037332785655835,0.007423436069462285,0.009683120273189117,0.011167192707213497,0.010625481544221485,0.00997926596211004,0.010636302971079297,0.010398498471537326,0.008234538353599271,0.008270472694805225,0.010711188241217575,0.011015693375665783,0.008162063440054795,0.01031294376873166,0.008659806412565927,0.009815159586237557,0.009132413545272052,0.008628073788473701,0.012930793865381617,0.011785521073054504,0.012540709774760215,0.010096042003818103,0.008739667565587016,0.010261489793126823
r572,0.045214882336149564,0.04359322287560122,0.04267346015987123,0.04941729080254138,0.04840920066979488,0.05122769840830979,0.04466630366297694,0.046379839818162634,0.04424167752942432,0.044080910448276334,0.041536605506217815,0.03817193466371866,0.043404932273167156,0.037431033851406226,0.04379242031632677,0.03753936937488829,0.04298555181674658,0.04407197103781109,0.034822314613825525,0.03644818322080442,0.03665956689270198,0.040031412710241916,0.03667762559606644,0.0351066672220421,0.04522149261135378,0.037337638414888116,0.04450115921906878,0.03795900378929606,0.043733343445058886,0.030721446721662885,0.045382728985958784,0.05172088644373234,0.04804353767151264,0.05074604862180715,0.05593587230053063,0.05166835496069941,0.045309823597913294,0.04544557889052367,0.04210536082388441,0.04453077938384369,0.042993775965423635,0.04670881854324495,0.043902281730008846,0.039232242782210346,0.04294556093723258,0.0448450056625413,0.04279159765427119,0.04632457773808173,0.02814933114262334,0.02969374427784914,0.03873248109275647,0.04466877082885399,0.04250192617688594,0.03991706384844016,0.04254521188431719,0.0415939938861493,0.032938153414397084,0.0330818907792209,0.0428447529648703,0.04406277350266313,0.03264825376021918,0.04125177507492664,0.03463922565026371,0.03926063834495023,0.03652965418108821,0.034512295153894805,0.051723175461526466,0.047142084292218014,0.05016283909904086,0.04038416801527241,0.034958670262348064,0.04104595917250729
r573,0.011303720584037391,0.010898305718900304,0.010668365039967808,0.012354322700635346,0.01210230016744872,0.012806924602077448,0.011166575915744235,0.011594959954540658,0.01106041938235608,0.011020227612069083,0.010384151376554454,0.009542983665929665,0.010851233068291789,0.009357758462851556,0.010948105079081692,0.009384842343722073,0.010746387954186644,0.011017992759452772,0.008705578653456381,0.009112045805201105,0.009164891723175495,0.010007853177560479,0.00916940639901661,0.008776666805510525,0.011305373152838446,0.009334409603722029,0.011125289804767196,0.009489750947324014,0.010933335861264722,0.007680361680415721,0.011345682246489696,0.012930221610933086,0.01201088441787816,0.012686512155451787,0.013983968075132658,0.012917088740174852,0.011327455899478324,0.011361394722630917,0.010526340205971102,0.011132694845960923,0.010748443991355909,0.011677204635811237,0.010975570432502212,0.009808060695552586,0.010736390234308144,0.011211251415635325,0.010697899413567798,0.011581144434520433,0.007037332785655835,0.007423436069462285,0.009683120273189117,0.011167192707213497,0.010625481544221485,0.00997926596211004,0.010636302971079297,0.010398498471537326,0.008234538353599271,0.008270472694805225,0.010711188241217575,0.011015693375665783,0.008162063440054795,0.01031294376873166,0.008659806412565927,0.009815159586237557,0.009132413545272052,0.008628073788473701,0.012930793865381617,0.011785521073054504,0.012540709774760215,0.010096042003818103,0.008739667565587016,0.010261489793126823
r574,0.011303720584037391,0.010898305718900304,0.010668365039967808,0.012354322700635346,0.01210230016744872,0.012806924602077448,0.011166575915744235,0.011594959954540658,0.01106041938235608,0.011020227612069083,0.010384151376554454,0.009542983665929665,0.010851233068291789,0.009357758462851556,0.010948105079081692,0.009384842343722073,0.010746387954186644,0.011017992759452772,0.008705578653456381,0.009112045805201105,0.009164891723175495,0.010007853177560479,0.00916940639901661,0.008776666805510525,0.011305373152838446,0.009334409603722029,0.011125289804767196,0.009489750947324014,0.010933335861264722,0.007680361680415721,0.011345682246489696,0.012930221610933086,0.01201088441787816,0.012686512155451787,0.013983968075132658,0.012917088740174852,0.011327455899478324,0.011361394722630917,0.010526340205971102,0.011132694845960923,0.010748443991355909,0.011677204635811237,0.010975570432502212,0.009808060695552586,0.010736390234308144,0.011211251415635325,0.010697899413567798,0.011581144434520433,0.007037332785655835,0.007423436069462285,0.009683120273189117,0.011167192707213497,0.010625481544221485,0.00997926596211004,0.010636302971079297,0.010398498471537326,0.008234538353599271,0.008270472694805225,0.010711188241217575,0.011015693375665783,0.008162063440054795,0.01031294376873166,0.008659806412565927,0.009815159586237557,0.009132413545272052,0.008628073788473701,0.012930793865381617,0.011785521073054504,0.012540709774760215,0.010096042003818103,0.008739667565587016,0.010261489793126823
r575,0.011303720584037391,0.010898305718900304,0.010668365039967808,0.012354322700635346,0.01210230016744872,0.012806924602077448,0.011166575915744235,0.011594959954540658,0.01106041938235608,0.011020227612069083,0.010384151376554454,0.009542983665929665,0.010851233068291789,0.009357758462851556,0.010948105079081692,0.009384842343722073,0.010746387954186644,0.011017992759452772,0.008705578653456381,0.009112045805201105,0.009164891723175495,0.010007853177560479,0.00916940639901661,0.008776666805510525,0.011305373152838446,0.009334409603722029,0.011125289804767196,0.009489750947324014,0.010933335861264722,0.007680361680415721,0.011345682246489696,0.012930221610933086,0.01201088441787816,0.012686512155451787,0.013983968075132658,0.012917088740174852,0.011327455899478324,0.011361394722630917,0.010526340205971102,0.011132694845960923,0.010748443991355909,0.011677204635811237,0.010975570432502212,0.009808060695552586,0.010736390234308144,0.011211251415635325,0.010697899413567798,0.011581144434520433,0.007037332785655835,0.007423436069462285,0.009683120273189117,0.011167192707213497,0.010625481544221485,0.00997926596211004,0.010636302971079297,0.010398498471537326,0.008234538353599271,0.008270472694805225,0.010711188241217575,0.011015693375665783,0.008162063440054795,0.01031294376873166,0.008659806412565927,0.009815159586237557,0.009132413545272052,0.008628073788473701,0.012930793865381617,0.011785521073054504,0.012540709774760215,0.010096042003818103,0.008739667565587016,0.010261489793126823
r576,0.011303720584037391,0.010898305718900304,0.010668365039967808,0.012354322700635346,0.01210230016744872,0.012806924602077448,0.011166575915744235,0.011594959954540658,0.01106041938235608,0.011020227612069083,0.010384151376554454,0.009542983665929665,0.010851233068291789,0.009357758462851556,0.010948105079081692,0.009384842343722073,0.010746387954186644,0.011017992759452772,0.008705578653456381,0.009112045805201105,0.009164891723175495,0.010007853177560479,0.00916940639901661,0.008776666805510525,0.011305373152838446,0.009334409603722029,0.011125289804767196,0.009489750947324014,0.010933335861264722,0.007680361680415721,0.011345682246489696,0.012930221610933086,0.01201088441787816,0.012686512155451787,0.013983968075132658,0.012917088740174852,0.011327455899478324,0.011361394722630917,0.010526340205971102,0.011132694845960923,0.010748443991355909,0.011677204635811237,0.010975570432502212,0.009808060695552586,0.010736390234308144,0.011211251415635325,0.010697899413567798,0.011581144434520433,0.007037332785655835,0.007423436069462285,0.009683120273189117,0.011167192707213497,0.010625481544221485,0.00997926596211004,0.010636302971079297,0.010398498471537326,0.008234538353599271,0.008270472694805225,0.010711188241217575,0.011015693375665783,0.008162063440054795,0.01031294376873166,0.008659806412565927,0.009815159586237557,0.009132413545272052,0.008628073788473701,0.012930793865381617,0.011785521073054504,0.012540709774760215,0.010096042003818103,0.008739667565587016,0.010261489793126823
r577,0.045214882336149564,0.04359322287560122,0.04267346015987123,0.04941729080254138,0.04840920066979488,0.05122769840830979,0.04466630366297694,0.046379839818162634,0.04424167752942432,0.044080910448276334,0.041536605506217815,0.03817193466371866,0.043404932273167156,0.037431033851406226,0.04379242031632677,0.03753936937488829,0.04298555181674658,0.04407197103781109,0.034822314613825525,0.03644818322080442,0.03665956689270198,0.040031412710241916,0.03667762559606644,0.0351066672220421,0.04522149261135378,0.037337638414888116,0.04450115921906878,0.03795900378929606,0.043733343445058886,0.030721446721662885,0.045382728985958784,0.05172088644373234,0.04804353767151264,0.05074604862180715,0.05593587230053063,0.05166835496069941,0.045309823597913294,0.04544557889052367,0.04210536082388441,0.04453077938384369,0.042993775965423635,0.04670881854324495,0.043902281730008846,0.039232242782210346,0.04294556093723258,0.0448450056625413,0.04279159765427119,0.04632457773808173,0.02814933114262334,0.02969374427784914,0.03873248109275647,0.04466877082885399,0.04250192617688594,0.03991706384844016,0.04254521188431719,0.0415939938861493,0.032938153414397084,0.0330818907792209,0.0428447529648703,0.04406277350266313,0.03264825376021918,0.04125177507492664,0.03463922565026371,0.03926063834495023,0.03652965418108821,0.034512295153894805,0.051723175461526466,0.047142084292218014,0.05016283909904086,0.04038416801527241,0.034958670262348064,0.04104595917250729
r578,0.01130372058403739,0.010898305718900304,0.010668365039967808,0.012354322700635346,0.012102300167448721,0.012806924602077453,0.011166575915744239,0.011594959954540655,0.011060419382356078,0.011020227612069083,0.010384151376554454,0.00954298366592966,0.01085123306829179,0.009357758462851556,0.010948105079081696,0.009384842343722074,0.010746387954186644,0.011017992759452772,0.00870557865345638,0.009112045805201103,0.00916489172317549,0.010007853177560474,0.009169406399016606,0.008776666805510525,0.01130537315283845,0.009334409603722027,0.011125289804767197,0.009489750947324014,0.010933335861264723,0.007680361680415721,0.0113456822464897,0.012930221610933086,0.01201088441787816,0.012686512155451787,0.01398396807513265,0.012917088740174856,0.011327455899478324,0.01136139472263092,0.010526340205971102,0.011132694845960928,0.01074844399135591,0.011677204635811237,0.010975570432502215,0.009808060695552586,0.010736390234308148,0.011211251415635327,0.010697899413567804,0.011581144434520433,0.007037332785655835,0.0074234360694622826,0.009683120273189117,0.011167192707213502,0.010625481544221485,0.00997926596211004,0.010636302971079299,0.010398498471537326,0.008234538353599271,0.008270472694805221,0.010711188241217579,0.011015693375665783,0.008162063440054795,0.010312943768731656,0.008659806412565927,0.009815159586237554,0.009132413545272049,0.008628073788473701,0.012930793865381613,0.011785521073054505,0.012540709774760222,0.010096042003818103,0.008739667565587016,0.010261489793126822
r579,0.011303720584037391,0.010898305718900304,0.010668365039967804,0.012354322700635346,0.012102300167448723,0.012806924602077453,0.011166575915744235,0.011594959954540655,0.01106041938235608,0.01102022761206908,0.010384151376554455,0.009542983665929658,0.01085123306829179,0.009357758462851556,0.010948105079081694,0.009384842343722073,0.010746387954186644,0.011017992759452772,0.00870557865345638,0.009112045805201105,0.00916489172317549,0.010007853177560476,0.009169406399016606,0.00877666680551052,0.01130537315283845,0.009334409603722027,0.011125289804767196,0.009489750947324018,0.010933335861264722,0.007680361680415721,0.011345682246489694,0.012930221610933082,0.01201088441787816,0.012686512155451787,0.01398396807513265,0.012917088740174856,0.011327455899478324,0.01136139472263092,0.0105263402059711,0.01113269484596093,0.010748443991355905,0.011677204635811237,0.010975570432502215,0.009808060695552586,0.010736390234308148,0.011211251415635327,0.010697899413567804,0.011581144434520433,0.007037332785655835,0.007423436069462281,0.009683120273189117,0.011167192707213502,0.010625481544221485,0.00997926596211004,0.010636302971079299,0.010398498471537327,0.00823453835359927,0.008270472694805221,0.010711188241217575,0.011015693375665783,0.008162063440054794,0.010312943768731651,0.008659806412565927,0.009815159586237552,0.009132413545272047,0.008628073788473701,0.012930793865381613,0.011785521073054505,0.012540709774760222,0.010096042003818105,0.008739667565587014,0.010261489793126823
r580,0.011303720584037391,0.010898305718900304,0.010668365039967804,0.012354322700635346,0.012102300167448723,0.012806924602077453,0.011166575915744235,0.011594959954540655,0.01106041938235608,0.01102022761206908,0.010384151376554455,0.009542983665929658,0.01085123306829179,0.009357758462851556,0.010948105079081694,0.009384842343722073,0.010746387954186644,0.011017992759452772,0.00870557865345638,0.009112045805201105,0.00916489172317549,0.010007853177560476,0.009169406399016606,0.00877666680551052,0.01130537315283845,0.009334409603722027,0.011125289804767196,0.009489750947324018,0.010933335861264722,0.007680361680415721,0.011345682246489694,0.012930221610933082,0.01201088441787816,0.012686512155451787,0.01398396807513265,0.012917088740174856,0.011327455899478324,0.01136139472263092,0.0105263402059711,0.01113269484596093,0.010748443991355905,0.011677204635811237,0.010975570432502215,0.009808060695552586,0.010736390234308148,0.011211251415635327,0.010697899413567804,0.011581144434520433,0.007037332785655835,0.007423436069462281,0.009683120273189117,0.011167192707213502,0.010625481544221485,0.00997926596211004,0.010636302971079299,0.010398498471537327,0.00823453835359927,0.008270472694805221,0.010711188241217575,0.011015693375665783,0.008162063440054794,0.010312943768731651,0.008659806412565927,0.009815159586237552,0.009132413545272047,0.008628073788473701,0.012930793865381613,0.011785521073054505,0.012540709774760222,0.010096042003818105,0.008739667565587014,0.010261489793126823
r581,0.011303720584037391,0.010898305718900304,0.010668365039967804,0.012354322700635346,0.012102300167448723,0.012806924602077453,0.011166575915744235,0.011594959954540655,0.01106041938235608,0.01102022761206908,0.010384151376554455,0.009542983665929658,0.01085123306829179,0.009357758462851556,0.010948105079081694,0.009384842343722073,0.010746387954186644,0.011017992759452772,0.00870557865345638,0.009112045805201105,0.00916489172317549,0.010007853177560476,0.009169406399016606,0.00877666680551052,0.01130537315283845,0.009334409603722027,0.011125289804767196,0.009489750947324018,0.010933335861264722,0.007680361680415721,0.011345682246489694,0.012930221610933082,0.01201088441787816,0.012686512155451787,0.01398396807513265,0.012917088740174856,0.011327455899478324,0.01136139472263092,0.0105263402059711,0.01113269484596093,0.010748443991355905,0.011677204635811237,0.010975570432502215,0.009808060695552586,0.010736390234308148,0.011211251415635327,0.010697899413567804,0.011581144434520433,0.007037332785655835,0.007423436069462281,0.009683120273189117,0.011167192707213502,0.010625481544221485,0.00997926596211004,0.010636302971079299,0.010398498471537327,0.00823453835359927,0.008270472694805221,0.010711188241217575,0.011015693375665783,0.008162063440054794,0.010312943768731651,0.008659806412565927,0.009815159586237552,0.009132413545272047,0.008628073788473701,0.012930793865381613,0.011785521073054505,0.012540709774760222,0.010096042003818105,0.008739667565587014,0.010261489793126823
r582,0.04521488233614956,0.04359322287560122,0.04267346015987123,0.049417290802541376,0.048409200669794865,0.05122769840830978,0.04466630366297694,0.046379839818162634,0.04424167752942431,0.044080910448276334,0.041536605506217815,0.03817193466371866,0.04340493227316715,0.037431033851406226,0.04379242031632676,0.03753936937488829,0.04298555181674658,0.04407197103781109,0.034822314613825525,0.03644818322080442,0.03665956689270198,0.040031412710241916,0.03667762559606644,0.0351066672220421,0.045221492611353775,0.037337638414888116,0.04450115921906878,0.03795900378929606,0.04373334344505888,0.030721446721662878,0.045382728985958784,0.05172088644373234,0.048043537671512634,0.05074604862180714,0.05593587230053063,0.05166835496069941,0.045309823597913294,0.04544557889052367,0.04210536082388441,0.04453077938384368,0.042993775965423635,0.04670881854324495,0.04390228173000884,0.039232242782210346,0.04294556093723257,0.04484500566254129,0.04279159765427119,0.04632457773808173,0.02814933114262334,0.029693744277849148,0.03873248109275647,0.044668770828853975,0.04250192617688594,0.03991706384844016,0.042545211884317174,0.0415939938861493,0.032938153414397084,0.0330818907792209,0.0428447529648703,0.044062773502663126,0.03264825376021918,0.041251775074926646,0.03463922565026371,0.03926063834495023,0.03652965418108821,0.0345122951538948,0.051723175461526466,0.04714208429221801,0.05016283909904085,0.040384168015272406,0.034958670262348064,0.04104595917250729
r583,0.011303720584037391,0.010898305718900308,0.010668365039967813,0.012354322700635346,0.012102300167448723,0.012806924602077453,0.011166575915744239,0.011594959954540664,0.01106041938235608,0.011020227612069083,0.010384151376554454,0.00954298366592966,0.01085123306829179,0.009357758462851556,0.010948105079081696,0.009384842343722073,0.010746387954186644,0.011017992759452772,0.00870557865345638,0.009112045805201103,0.00916489172317549,0.010007853177560474,0.009169406399016606,0.008776666805510525,0.01130537315283845,0.009334409603722027,0.011125289804767197,0.009489750947324014,0.010933335861264723,0.007680361680415721,0.0113456822464897,0.012930221610933086,0.01201088441787816,0.012686512155451787,0.01398396807513265,0.012917088740174856,0.011327455899478325,0.01136139472263092,0.010526340205971102,0.011132694845960928,0.01074844399135591,0.01167720463581124,0.010975570432502215,0.009808060695552586,0.010736390234308148,0.011211251415635327,0.010697899413567804,0.011581144434520433,0.007037332785655835,0.0074234360694622826,0.009683120273189117,0.011167192707213502,0.010625481544221485,0.00997926596211004,0.010636302971079299,0.010398498471537326,0.008234538353599271,0.008270472694805221,0.010711188241217579,0.011015693375665783,0.008162063440054795,0.010312943768731656,0.008659806412565927,0.009815159586237554,0.009132413545272049,0.008628073788473701,0.012930793865381613,0.011785521073054505,0.012540709774760222,0.010096042003818098,0.008739667565587016,0.010261489793126822
r584,0.011303720584037391,0.010898305718900308,0.010668365039967813,0.012354322700635346,0.012102300167448723,0.012806924602077453,0.011166575915744235,0.011594959954540664,0.01106041938235608,0.01102022761206908,0.010384151376554455,0.009542983665929658,0.01085123306829179,0.009357758462851556,0.010948105079081694,0.009384842343722073,0.010746387954186644,0.011017992759452772,0.00870557865345638,0.009112045805201105,0.00916489172317549,0.010007853177560476,0.009169406399016606,0.00877666680551052,0.01130537315283845,0.009334409603722027,0.011125289804767196,0.009489750947324018,0.010933335861264722,0.007680361680415721,0.011345682246489694,0.012930221610933082,0.01201088441787816,0.012686512155451787,0.01398396807513265,0.012917088740174856,0.011327455899478322,0.01136139472263092,0.0105263402059711,0.01113269484596093,0.010748443991355905,0.011677204635811237,0.010975570432502215,0.009808060695552586,0.010736390234308148,0.011211251415635327,0.010697899413567804,0.011581144434520433,0.007037332785655835,0.007423436069462281,0.009683120273189117,0.011167192707213502,0.010625481544221485,0.00997926596211004,0.010636302971079299,0.010398498471537327,0.00823453835359927,0.008270472694805221,0.010711188241217575,0.011015693375665783,0.008162063440054794,0.010312943768731651,0.008659806412565927,0.009815159586237552,0.009132413545272047,0.008628073788473701,0.012930793865381613,0.011785521073054505,0.012540709774760222,0.010096042003818098,0.008739667565587014,0.010261489793126823
r585,0.011303720584037391,0.010898305718900308,0.010668365039967813,0.012354322700635346,0.012102300167448723,0.012806924602077453,0.011166575915744235,0.011594959954540664,0.01106041938235608,0.01102022761206908,0.010384151376554455,0.009542983665929658,0.01085123306829179,0.009357758462851556,0.010948105079081694,0.009384842343722073,0.010746387954186644,0.011017992759452772,0.00870557865345638,0.009112045805201105,0.00916489172317549,0.010007853177560476,0.009169406399016606,0.00877666680551052,0.01130537315283845,0.009334409603722027,0.011125289804767196,0.009489750947324018,0.010933335861264722,0.007680361680415721,0.011345682246489694,0.012930221610933082,0.01201088441787816,0.012686512155451787,0.01398396807513265,0.012917088740174856,0.011327455899478322,0.01136139472263092,0.0105263402059711,0.01113269484596093,0.010748443991355905,0.011677204635811237,0.010975570432502215,0.009808060695552586,0.010736390234308148,0.011211251415635327,0.010697899413567804,0.011581144434520433,0.007037332785655835,0.007423436069462281,0.009683120273189117,0.011167192707213502,0.010625481544221485,0.00997926596211004,0.010636302971079299,0.010398498471537327,0.00823453835359927,0.008270472694805221,0.010711188241217575,0.011015693375665783,0.008162063440054794,0.010312943768731651,0.008659806412565927,0.009815159586237552,0.009132413545272047,0.008628073788473701,0.012930793865381613,0.011785521073054505,0.012540709774760222,0.010096042003818098,0.008739667565587014,0.010261489793126823
r586,0.011303720584037391,0.010898305718900308,0.010668365039967813,0.012354322700635346,0.012102300167448723,0.012806924602077453,0.011166575915744235,0.011594959954540664,0.01106041938235608,0.01102022761206908,0.010384151376554455,0.009542983665929658,0.01085123306829179,0.009357758462851556,0.010948105079081694,0.009384842343722073,0.010746387954186644,0.011017992759452772,0.00870557865345638,0.009112045805201105,0.00916489172317549,0.010007853177560476,0.009169406399016606,0.00877666680551052,0.01130537315283845,0.009334409603722027,0.011125289804767196,0.009489750947324018,0.010933335861264722,0.007680361680415721,0.011345682246489694,0.012930221610933082,0.01201088441787816,0.012686512155451787,0.01398396807513265,0.012917088740174856,0.011327455899478322,0.01136139472263092,0.0105263402059711,0.01113269484596093,0.010748443991355905,0.011677204635811237,0.010975570432502215,0.009808060695552586,0.010736390234308148,0.011211251415635327,0.010697899413567804,0.011581144434520433,0.007037332785655835,0.007423436069462281,0.009683120273189117,0.011167192707213502,0.010625481544221485,0.00997926596211004,0.010636302971079299,0.010398498471537327,0.00823453835359927,0.008270472694805221,0.010711188241217575,0.011015693375665783,0.008162063440054794,0.010312943768731651,0.008659806412565927,0.009815159586237552,0.009132413545272047,0.008628073788473701,0.012930793865381613,0.011785521073054505,0.012540709774760222,0.010096042003818098,0.008739667565587014,0.010261489793126823
r587,0.04521488233614956,0.04359322287560121,0.04267346015987123,0.049417290802541376,0.048409200669794865,0.05122769840830978,0.04466630366297694,0.04637983981816262,0.04424167752942431,0.044080910448276334,0.041536605506217815,0.03817193466371866,0.04340493227316715,0.037431033851406226,0.04379242031632676,0.03753936937488829,0.04298555181674658,0.04407197103781109,0.034822314613825525,0.03644818322080442,0.03665956689270198,0.040031412710241916,0.03667762559606644,0.0351066672220421,0.045221492611353775,0.037337638414888116,0.04450115921906878,0.03795900378929606,0.04373334344505888,0.030721446721662878,0.045382728985958784,0.05172088644373234,0.048043537671512634,0.05074604862180714,0.05593587230053063,0.05166835496069941,0.045309823597913294,0.04544557889052367,0.04210536082388441,0.04453077938384368,0.042993775965423635,0.04670881854324495,0.04390228173000884,0.039232242782210346,0.04294556093723257,0.04484500566254129,0.04279159765427119,0.04632457773808173,0.02814933114262334,0.029693744277849148,0.03873248109275647,0.044668770828853975,0.04250192617688594,0.03991706384844016,0.042545211884317174,0.0415939938861493,0.032938153414397084,0.0330818907792209,0.0428447529648703,0.044062773502663126,0.03264825376021918,0.041251775074926646,0.03463922565026371,0.03926063834495023,0.03652965418108821,0.0345122951538948,0.051723175461526466,0.04714208429221801,0.05016283909904085,0.04038416801527241,0.034958670262348064,0.04104595917250729
r588,0.01105813255386915,0.01066152585391889,0.010436580935273887,0.01208590897317676,0.011839361957278732,0.012528677509701608,0.010923967531851205,0.011343044370291653,0.010820117387207392,0.010780798835399251,0.010158542183317831,0.009335649935144333,0.010615475917862794,0.009154448990488336,0.01071024325823631,0.009180944438824376,0.010512908700212582,0.010778612537862454,0.008516438635611618,0.008914074759874465,0.008965772531554783,0.009790419552072523,0.00897018912019192,0.008585982305112299,0.011059749218463841,0.009131607415688569,0.010883578415327696,0.009283573766579505,0.010695794920883768,0.007513495834604156,0.011099182544633572,0.01264929573069219,0.011749932333753706,0.012410881180075183,0.013680148182560551,0.01263644818863047,0.01108135218871437,0.011114553646796558,0.010297641775498943,0.010890822572371239,0.010514920067300463,0.011423502178902485,0.0107371118911351,0.009594967821566226,0.010503128193800466,0.010967672398406701,0.010465473636197988,0.011329529010410946,0.006884437578841523,0.007262152266680249,0.009472741892363528,0.010924570922723658,0.0103946291392426,0.009762453431055402,0.01040521545652867,0.01017257756900382,0.008055632298856452,0.008090785919767128,0.010478473746784957,0.010776363111178584,0.007984731997062301,0.010088881653380432,0.00847166085618127,0.009601912479618962,0.00893399998430414,0.008440617664615704,0.012649855552168604,0.011529465300681196,0.012268246545720018,0.009876692361390198,0.008549786921793612,0.010038545582311468
r589,0.01105813255386915,0.01066152585391889,0.010436580935273887,0.01208590897317676,0.011839361957278732,0.012528677509701604,0.010923967531851205,0.011343044370291653,0.010820117387207392,0.010780798835399253,0.01015854218331783,0.00933564993514433,0.010615475917862792,0.009154448990488336,0.010710243258236307,0.009180944438824376,0.010512908700212582,0.010778612537862454,0.008516438635611618,0.008914074759874468,0.00896577253155478,0.009790419552072523,0.008970189120191917,0.008585982305112299,0.011059749218463841,0.009131607415688565,0.010883578415327696,0.009283573766579505,0.010695794920883768,0.007513495834604156,0.01109918254463357,0.012649295730692187,0.011749932333753703,0.012410881180075183,0.013680148182560548,0.01263644818863047,0.011081352188714366,0.011114553646796557,0.010297641775498946,0.010890822572371239,0.01051492006730046,0.011423502178902483,0.0107371118911351,0.00959496782156622,0.010503128193800462,0.010967672398406701,0.01046547363619799,0.011329529010410946,0.006884437578841523,0.007262152266680249,0.009472741892363528,0.010924570922723658,0.0103946291392426,0.009762453431055402,0.010405215456528671,0.010172577569003822,0.00805563229885645,0.00809078591976713,0.010478473746784954,0.010776363111178584,0.0079847319970623,0.01008888165338043,0.00847166085618127,0.009601912479618963,0.008933999984304136,0.008440617664615704,0.012649855552168604,0.011529465300681196,0.012268246545720018,0.009876692361390198,0.00854978692179361,0.01003854558231147
r590,0.01105813255386915,0.01066152585391889,0.010436580935273887,0.01208590897317676,0.011839361957278732,0.012528677509701604,0.010923967531851205,0.011343044370291653,0.010820117387207392,0.010780798835399253,0.01015854218331783,0.00933564993514433,0.010615475917862792,0.009154448990488336,0.010710243258236307,0.009180944438824376,0.010512908700212582,0.010778612537862454,0.008516438635611618,0.008914074759874468,0.00896577253155478,0.009790419552072523,0.008970189120191917,0.008585982305112299,0.011059749218463841,0.009131607415688565,0.010883578415327696,0.009283573766579505,0.010695794920883768,0.007513495834604156,0.01109918254463357,0.012649295730692187,0.011749932333753703,0.012410881180075183,0.013680148182560548,0.01263644818863047,0.011081352188714366,0.011114553646796557,0.010297641775498946,0.010890822572371239,0.01051492006730046,0.011423502178902483,0.0107371118911351,0.00959496782156622,0.010503128193800462,0.010967672398406701,0.01046547363619799,0.011329529010410946,0.006884437578841523,0.007262152266680249,0.009472741892363528,0.010924570922723658,0.0103946291392426,0.009762453431055402,0.010405215456528671,0.010172577569003822,0.00805563229885645,0.00809078591976713,0.010478473746784954,0.010776363111178584,0.0079847319970623,0.01008888165338043,0.00847166085618127,0.009601912479618963,0.008933999984304136,0.008440617664615704,0.012649855552168604,0.011529465300681196,0.012268246545720018,0.009876692361390198,0.00854978692179361,0.01003854558231147
r591,0.01105813255386915,0.01066152585391889,0.010436580935273887,0.01208590897317676,0.011839361957278732,0.012528677509701604,0.010923967531851205,0.011343044370291653,0.010820117387207392,0.010780798835399253,0.01015854218331783,0.00933564993514433,0.010615475917862792,0.009154448990488336,0.010710243258236307,0.009180944438824376,0.010512908700212582,0.010778612537862454,0.008516438635611618,0.008914074759874468,0.00896577253155478,0.009790419552072523,0.008970189120191917,0.008585982305112299,0.011059749218463841,0.009131607415688565,0.010883578415327696,0.009283573766579505,0.010695794920883768,0.007513495834604156,0.01109918254463357,0.012649295730692187,0.011749932333753703,0.012410881180075183,0.013680148182560548,0.01263644818863047,0.011081352188714366,0.011114553646796557,0.010297641775498946,0.010890822572371239,0.01051492006730046,0.011423502178902483,0.0107371118911351,0.00959496782156622,0.010503128193800462,0.010967672398406701,0.01046547363619799,0.011329529010410946,0.006884437578841523,0.007262152266680249,0.009472741892363528,0.010924570922723658,0.0103946291392426,0.009762453431055402,0.010405215456528671,0.010172577569003822,0.00805563229885645,0.00809078591976713,0.010478473746784954,0.010776363111178584,0.0079847319970623,0.01008888165338043,0.00847166085618127,0.009601912479618963,0.008933999984304136,0.008440617664615704,0.012649855552168604,0.011529465300681196,0.012268246545720018,0.009876692361390198,0.00854978692179361,0.01003854558231147
r592,0.044232530215476594,0.042646103415675554,0.04174632374109551,0.048343635892707036,0.04735744782911489,0.05011471003880641,0.0436958701274048,0.04537217748116661,0.04328046954882956,0.04312319534159698,0.040634168733271345,0.037342599740577354,0.04246190367145116,0.036617795961953345,0.04284097303294523,0.0367237777552975,0.042051634800850286,0.04311445015144981,0.03406575454244647,0.03565629903949786,0.035863090126219146,0.039161678208290106,0.03588075648076768,0.03434392922044919,0.04423899687385534,0.03652642966275429,0.04353431366131077,0.03713429506631803,0.042783179683535066,0.03005398333841664,0.04439673017853428,0.05059718292276874,0.04699972933501479,0.049643524720300716,0.05472059273024219,0.05054579275452185,0.04432540875485748,0.04445821458718623,0.04119056710199576,0.04356329028948494,0.04205968026920183,0.045694008715609934,0.042948447564540373,0.03837987128626491,0.04201251277520184,0.043870689593626805,0.04186189454479192,0.045318116041643756,0.02753775031536609,0.029048609066721,0.03789096756945411,0.04369828369089461,0.0415785165569704,0.03904981372422161,0.041620861826114665,0.040690310276015274,0.03222252919542582,0.03236314367906851,0.04191389498713983,0.04310545244471431,0.031938927988249224,0.04035552661352172,0.033886643424725096,0.03840764991847585,0.035735999937216566,0.033762470658462815,0.050599422208674416,0.04611786120272478,0.04907298618288007,0.03950676944556081,0.03419914768717445,0.04015418232924586
r598,0.010645756568824575,0.010263939986262629,0.010047383634308706,0.011635205511837896,0.011397852640434466,0.012061462480020912,0.010516594781561113,0.010920043554121598,0.010416617379940218,0.010378765081719955,0.009779713405578427,0.008987508165339863,0.010219607328205314,0.008813064502501522,0.010310840638294221,0.008838571891908661,0.010120865011116352,0.010376660314820993,0.00819884660510162,0.0085816542230472,0.008631424099631545,0.00942531867386204,0.008635675986400538,0.008265796876569287,0.010647312945332511,0.008791074727665462,0.01047771184174785,0.008937374002914373,0.010296931103250204,0.007233305193840036,0.01068527573778929,0.01217758264879038,0.011311757994937024,0.011948058969636587,0.013169992914041428,0.012165214212742923,0.010668110305224014,0.010700073626223394,0.009913625744752259,0.010484685852237979,0.010122801371011108,0.010997500958467169,0.010336707295596817,0.009237155660460874,0.010111449235905127,0.010558669821623828,0.010075198878804592,0.010907032204282081,0.0066277055570265605,0.0069913346417397595,0.009119487737567775,0.010517175670993636,0.010006996289881574,0.009398395455581536,0.010017187825951412,0.00979322538860402,0.007755224495982407,0.007789067180441531,0.01008771419384559,0.010374494772964872,0.0076869681832750095,0.009712650631592289,0.008155738662853159,0.009243841340771093,0.008600836403024172,0.0081258531230555,0.012178121593601444,0.011099512540823742,0.011810743415836591,0.009508374227955871,0.008230951278739013,0.009664191675559632
r599,0.010645756568824575,0.010263939986262629,0.010047383634308706,0.011635205511837896,0.011397852640434466,0.012061462480020916,0.010516594781561108,0.010920043554121598,0.010416617379940218,0.010378765081719957,0.009779713405578424,0.008987508165339862,0.01021960732820531,0.008813064502501518,0.010310840638294218,0.008838571891908661,0.010120865011116352,0.010376660314820993,0.00819884660510162,0.0085816542230472,0.008631424099631546,0.00942531867386204,0.008635675986400537,0.008265796876569287,0.010647312945332511,0.008791074727665459,0.01047771184174785,0.008937374002914377,0.010296931103250206,0.007233305193840036,0.010685275737789286,0.012177582648790382,0.011311757994937024,0.011948058969636587,0.013169992914041424,0.012165214212742923,0.010668110305224018,0.010700073626223388,0.009913625744752255,0.010484685852237975,0.010122801371011111,0.010997500958467169,0.010336707295596817,0.00923715566046087,0.010111449235905127,0.010558669821623828,0.010075198878804592,0.01090703220428208,0.0066277055570265605,0.006991334641739761,0.009119487737567772,0.010517175670993634,0.010006996289881574,0.009398395455581536,0.01001718782595141,0.009793225388604021,0.007755224495982407,0.007789067180441531,0.01008771419384559,0.01037449477296487,0.007686968183275007,0.009712650631592289,0.008155738662853159,0.009243841340771088,0.008600836403024172,0.0081258531230555,0.012178121593601444,0.011099512540823737,0.011810743415836595,0.009508374227955871,0.008230951278739011,0.009664191675559632
r600,0.010645756568824575,0.010263939986262629,0.010047383634308706,0.011635205511837896,0.011397852640434466,0.012061462480020916,0.010516594781561108,0.010920043554121598,0.010416617379940218,0.010378765081719957,0.009779713405578424,0.008987508165339862,0.01021960732820531,0.008813064502501518,0.010310840638294218,0.008838571891908661,0.010120865011116352,0.010376660314820993,0.00819884660510162,0.0085816542230472,0.008631424099631546,0.00942531867386204,0.008635675986400537,0.008265796876569287,0.010647312945332511,0.008791074727665459,0.01047771184174785,0.008937374002914377,0.010296931103250206,0.007233305193840036,0.010685275737789286,0.012177582648790382,0.011311757994937024,0.011948058969636587,0.013169992914041424,0.012165214212742923,0.010668110305224018,0.010700073626223388,0.009913625744752255,0.010484685852237975,0.010122801371011111,0.010997500958467169,0.010336707295596817,0.00923715566046087,0.010111449235905127,0.010558669821623828,0.010075198878804592,0.01090703220428208,0.0066277055570265605,0.006991334641739761,0.009119487737567772,0.010517175670993634,0.010006996289881574,0.009398395455581536,0.01001718782595141,0.009793225388604021,0.007755224495982407,0.007789067180441531,0.01008771419384559,0.01037449477296487,0.007686968183275007,0.009712650631592289,0.008155738662853159,0.009243841340771088,0.008600836403024172,0.0081258531230555,0.012178121593601444,0.011099512540823737,0.011810743415836595,0.009508374227955871,0.008230951278739011,0.009664191675559632
r601,0.010645756568824575,0.010263939986262629,0.010047383634308706,0.011635205511837896,0.011397852640434466,0.012061462480020916,0.010516594781561108,0.010920043554121598,0.010416617379940218,0.010378765081719957,0.009779713405578424,0.008987508165339862,0.01021960732820531,0.008813064502501518,0.010310840638294218,0.008838571891908661,0.010120865011116352,0.010376660314820993,0.00819884660510162,0.0085816542230472,0.008631424099631546,0.00942531867386204,0.008635675986400537,0.008265796876569287,0.010647312945332511,0.008791074727665459,0.01047771184174785,0.008937374002914377,0.010296931103250206,0.007233305193840036,0.010685275737789286,0.012177582648790382,0.011311757994937024,0.011948058969636587,0.013169992914041424,0.012165214212742923,0.010668110305224018,0.010700073626223388,0.009913625744752255,0.010484685852237975,0.010122801371011111,0.010997500958467169,0.010336707295596817,0.00923715566046087,0.010111449235905127,0.010558669821623828,0.010075198878804592,0.01090703220428208,0.0066277055570265605,0.006991334641739761,0.009119487737567772,0.010517175670993634,0.010006996289881574,0.009398395455581536,0.01001718782595141,0.009793225388604021,0.007755224495982407,0.007789067180441531,0.01008771419384559,0.01037449477296487,0.007686968183275007,0.009712650631592289,0.008155738662853159,0.009243841340771088,0.008600836403024172,0.0081258531230555,0.012178121593601444,0.011099512540823737,0.011810743415836595,0.009508374227955871,0.008230951278739011,0.009664191675559632
r602,0.042583026275298294,0.041055759945050514,0.040189534537234825,0.04654082204735157,0.045591410561737836,0.04824584992008363,0.04206637912624443,0.04368017421648638,0.041666469519760864,0.04151506032687983,0.03911885362231373,0.03595003266135945,0.04087842931282125,0.035252258010006095,0.04124336255317688,0.03535428756763465,0.04048346004446543,0.041506641259283966,0.03279538642040648,0.03432661689218881,0.03452569639852617,0.03770127469544816,0.03454270394560215,0.03306318750627716,0.04258925178133003,0.03516429891066185,0.04191084736699138,0.03574949601165749,0.04118772441300082,0.028933220775360143,0.04274110295115713,0.048710330595161506,0.04524703197974809,0.04779223587854635,0.05267997165616571,0.048660856850971684,0.04267244122089603,0.04280029450489357,0.03965450297900903,0.04193874340895189,0.04049120548404443,0.04399000383386867,0.04134682918238726,0.036948622641843495,0.040445796943620514,0.04223467928649527,0.04030079551521839,0.04362812881712832,0.026510822228106242,0.027965338566959035,0.036477950950271114,0.042068702683974515,0.0400279851595263,0.037593581822326146,0.040068751303805654,0.03917290155441606,0.03102089798392962,0.03115626872176612,0.04035085677538236,0.04149797909185949,0.030747872733100045,0.038850602526369155,0.032622954651412656,0.03697536536308437,0.034403345612096695,0.03250341249222202,0.04871248637440576,0.04439805016329494,0.04724297366334634,0.03803349691182348,0.03292380511495605,0.038656766702238526
r608,0.008052468458461026,0.007763661743022772,0.007599858148387236,0.008800889329571744,0.00862135521209076,0.009123310828626547,0.0079547702618835,0.00825993960279835,0.007879147184471722,0.007850515641421842,0.007397391930022675,0.0067981665327099365,0.0077301284447195105,0.006666217048076993,0.007799137476355958,0.006685510881007587,0.007655439587358013,0.007848923592143167,0.006201621581004329,0.006491177917300092,0.00652882393698746,0.007129327149418161,0.006532040071404486,0.006252262880736615,0.008053645704310919,0.006649583944818313,0.007925359139771666,0.006760244966589888,0.0077886162802822305,0.005471284407760067,0.008082360825390099,0.00921114432269174,0.008556233075131448,0.009037532219605685,0.009961805143002917,0.009201788816532197,0.008069376862868122,0.008093553973485974,0.0074986834521821935,0.007930634293222497,0.007656904253290947,0.008318528515792427,0.007818703060136533,0.006987000324578019,0.0076483174789000385,0.007986595894078173,0.007620897646850256,0.008250097795547981,0.005013207807720508,0.0052882574687100215,0.006897996106649159,0.00795520964764279,0.007569309092054978,0.007108962381108606,0.007577017987351909,0.007407612417070384,0.005866065059674546,0.0058916637240245115,0.007630364252531476,0.007847285572583058,0.005814435868116972,0.007346665533193187,0.006169014659831492,0.006992057384588113,0.006505687351010178,0.006146409186464812,0.009211551981467694,0.008395690250988356,0.008933666500088042,0.007192150512447063,0.006225905610999091,0.007310011096051007
r609,0.008052468458461026,0.007763661743022772,0.007599858148387236,0.008800889329571746,0.00862135521209076,0.009123310828626547,0.0079547702618835,0.00825993960279835,0.007879147184471722,0.007850515641421842,0.007397391930022676,0.0067981665327099365,0.0077301284447195105,0.006666217048076993,0.007799137476355958,0.006685510881007587,0.007655439587358013,0.007848923592143167,0.006201621581004327,0.006491177917300092,0.00652882393698746,0.007129327149418161,0.006532040071404488,0.006252262880736615,0.008053645704310919,0.006649583944818313,0.007925359139771666,0.006760244966589888,0.0077886162802822305,0.005471284407760067,0.008082360825390097,0.009211144322691737,0.008556233075131448,0.009037532219605683,0.009961805143002917,0.009201788816532197,0.008069376862868122,0.008093553973485974,0.0074986834521821935,0.007930634293222496,0.007656904253290949,0.008318528515792427,0.007818703060136533,0.006987000324578017,0.0076483174789000385,0.007986595894078173,0.007620897646850258,0.008250097795547981,0.005013207807720506,0.0052882574687100215,0.006897996106649159,0.00795520964764279,0.007569309092054976,0.007108962381108605,0.007577017987351908,0.007407612417070384,0.005866065059674546,0.005891663724024509,0.007630364252531476,0.007847285572583058,0.005814435868116972,0.007346665533193186,0.006169014659831491,0.006992057384588113,0.006505687351010175,0.006146409186464812,0.009211551981467694,0.008395690250988356,0.008933666500088039,0.007192150512447063,0.006225905610999091,0.007310011096051006
r610,0.008052468458461026,0.007763661743022772,0.007599858148387236,0.008800889329571746,0.00862135521209076,0.009123310828626547,0.0079547702618835,0.00825993960279835,0.007879147184471722,0.007850515641421842,0.007397391930022676,0.0067981665327099365,0.0077301284447195105,0.006666217048076993,0.007799137476355958,0.006685510881007587,0.007655439587358013,0.007848923592143167,0.006201621581004327,0.006491177917300092,0.00652882393698746,0.007129327149418161,0.006532040071404488,0.006252262880736615,0.008053645704310919,0.006649583944818313,0.007925359139771666,0.006760244966589888,0.0077886162802822305,0.005471284407760067,0.008082360825390097,0.009211144322691737,0.008556233075131448,0.009037532219605683,0.009961805143002917,0.009201788816532197,0.008069376862868122,0.008093553973485974,0.0074986834521821935,0.007930634293222496,0.007656904253290949,0.008318528515792427,0.007818703060136533,0.006987000324578017,0.0076483174789000385,0.007986595894078173,0.007620897646850258,0.008250097795547981,0.005013207807720506,0.0052882574687100215,0.006897996106649159,0.00795520964764279,0.007569309092054976,0.007108962381108605,0.007577017987351908,0.007407612417070384,0.005866065059674546,0.005891663724024509,0.007630364252531476,0.007847285572583058,0.005814435868116972,0.007346665533193186,0.006169014659831491,0.006992057384588113,0.006505687351010175,0.006146409186464812,0.009211551981467694,0.008395690250988356,0.008933666500088039,0.007192150512447063,0.006225905610999091,0.007310011096051006
r611,0.008052468458461026,0.007763661743022772,0.007599858148387236,0.008800889329571746,0.00862135521209076,0.009123310828626547,0.0079547702618835,0.00825993960279835,0.007879147184471722,0.007850515641421842,0.007397391930022676,0.0067981665327099365,0.0077301284447195105,0.006666217048076993,0.007799137476355958,0.006685510881007587,0.007655439587358013,0.007848923592143167,0.006201621581004327,0.006491177917300092,0.00652882393698746,0.007129327149418161,0.006532040071404488,0.006252262880736615,0.008053645704310919,0.006649583944818313,0.007925359139771666,0.006760244966589888,0.0077886162802822305,0.005471284407760067,0.008082360825390097,0.009211144322691737,0.008556233075131448,0.009037532219605683,0.009961805143002917,0.009201788816532197,0.008069376862868122,0.008093553973485974,0.0074986834521821935,0.007930634293222496,0.007656904253290949,0.008318528515792427,0.007818703060136533,0.006987000324578017,0.0076483174789000385,0.007986595894078173,0.007620897646850258,0.008250097795547981,0.005013207807720506,0.0052882574687100215,0.006897996106649159,0.00795520964764279,0.007569309092054976,0.007108962381108605,0.007577017987351908,0.007407612417070384,0.005866065059674546,0.005891663724024509,0.007630364252531476,0.007847285572583058,0.005814435868116972,0.007346665533193186,0.006169014659831491,0.006992057384588113,0.006505687351010175,0.006146409186464812,0.009211551981467694,0.008395690250988356,0.008933666500088039,0.007192150512447063,0.006225905610999091,0.007310011096051006
r612,0.032209873833844105,0.031054646972091086,0.030399432593548943,0.03520355731828698,0.03448542084836305,0.03649324331450621,0.031819081047534,0.0330397584111934,0.0315165887378869,0.03140206256568736,0.029589567720090693,0.027192666130839743,0.030920513778878042,0.026664868192307973,0.031196549905423834,0.026742043524030354,0.030621758349432045,0.031395694368572674,0.02480648632401731,0.025964711669200367,0.026115295747949838,0.028517308597672646,0.02612816028561794,0.02500905152294646,0.03221458281724368,0.026598335779273244,0.03170143655908667,0.02704097986635955,0.031154465121128922,0.021885137631040268,0.0323294433015604,0.03684457729076696,0.03422493230052579,0.03615012887842274,0.03984722057201169,0.03680715526612879,0.03227750745147249,0.032374215893943896,0.029994733808728784,0.03172253717288999,0.030627617013163806,0.033274114063169706,0.031274812240546145,0.027948001298312087,0.030593269915600154,0.031946383576312694,0.030483590587401042,0.03300039118219193,0.02005283123088203,0.021153029874840086,0.027591984426596636,0.03182083859057117,0.030277236368219922,0.02843584952443443,0.030308071949407635,0.029630449668281555,0.02346426023869818,0.023566654896098035,0.030521457010125912,0.03138914229033224,0.02325774347246789,0.02938666213277275,0.024676058639325964,0.027968229538352454,0.0260227494040407,0.02458563674585924,0.036846207925870775,0.033582761003953424,0.03573466600035218,0.02876860204978825,0.024903622443996357,0.02924004438420404
r618,5.711704592255065e-05,5.5068508071887596e-05,5.3906631128768843e-05,6.242567761544599e-05,6.11522223407406e-05,6.471264882966797e-05,5.6424061850740276e-05,5.858866160659196e-05,5.588765903120553e-05,5.5684572341993444e-05,5.247051593604892e-05,4.822014417578357e-05,5.483065269263313e-05,4.7284211944305175e-05,5.532014135680891e-05,4.7421065226898426e-05,5.4300876398838767e-05,5.5673279761062515e-05,4.398878511151635e-05,4.604264010550804e-05,4.630966747064166e-05,5.056910291431666e-05,4.6332479866385644e-05,4.434798942970867e-05,5.7125396257062034e-05,4.71662315104095e-05,5.621544552135496e-05,4.7951162329445766e-05,5.524551335392963e-05,3.8808423079882805e-05,5.7329075774443794e-05,6.533566147975645e-05,6.069030384873195e-05,6.41042117055872e-05,7.06601813791076e-05,6.526930184386345e-05,5.723697909782219e-05,5.7408470007045616e-05,5.318898786209187e-05,5.625286276594944e-05,5.4311265435664485e-05,5.900423922124487e-05,5.545892219812008e-05,4.9559563065469e-05,5.425035849889815e-05,5.664980456615165e-05,5.405586660930492e-05,5.851885258348555e-05,3.555923528914841e-05,3.7510192836981204e-05,4.8928246342035966e-05,5.6427178462338407e-05,5.3689943306590975e-05,5.0424653369094685e-05,5.3744623350227046e-05,5.254301097667734e-05,4.1608645737202376e-05,4.179021988366134e-05,5.4123014286345093e-05,5.566166110786079e-05,4.124243419345648e-05,5.211070801477097e-05,4.375750062730766e-05,4.9595433349260815e-05,4.614555711732922e-05,4.359715751425529e-05,6.533855304836638e-05,5.955155590995772e-05,6.336748071408183e-05,5.101471594957919e-05,4.41610344116596e-05,5.1850714053873755e-05
r619,5.711704592255065e-05,5.5068508071887596e-05,5.3906631128768843e-05,6.242567761544599e-05,6.11522223407406e-05,6.471264882966797e-05,5.6424061850740276e-05,5.858866160659196e-05,5.588765903120553e-05,5.5684572341993444e-05,5.247051593604892e-05,4.822014417578357e-05,5.483065269263313e-05,4.7284211944305175e-05,5.532014135680891e-05,4.7421065226898426e-05,5.4300876398838767e-05,5.5673279761062515e-05,4.398878511151635e-05,4.604264010550804e-05,4.630966747064166e-05,5.056910291431666e-05,4.6332479866385644e-05,4.434798942970867e-05,5.7125396257062034e-05,4.71662315104095e-05,5.621544552135496e-05,4.7951162329445766e-05,5.524551335392963e-05,3.8808423079882805e-05,5.7329075774443794e-05,6.533566147975645e-05,6.069030384873195e-05,6.41042117055872e-05,7.06601813791076e-05,6.526930184386345e-05,5.723697909782219e-05,5.7408470007045616e-05,5.318898786209187e-05,5.625286276594944e-05,5.4311265435664485e-05,5.900423922124487e-05,5.545892219812008e-05,4.9559563065469e-05,5.425035849889815e-05,5.664980456615165e-05,5.405586660930492e-05,5.851885258348555e-05,3.555923528914841e-05,3.7510192836981204e-05,4.8928246342035966e-05,5.6427178462338407e-05,5.3689943306590975e-05,5.0424653369094685e-05,5.3744623350227046e-05,5.254301097667734e-05,4.1608645737202376e-05,4.179021988366134e-05,5.4123014286345093e-05,5.566166110786079e-05,4.124243419345648e-05,5.211070801477097e-05,4.375750062730766e-05,4.9595433349260815e-05,4.614555711732922e-05,4.359715751425529e-05,6.533855304836638e-05,5.955155590995772e-05,6.336748071408183e-05,5.101471594957919e-05,4.41610344116596e-05,5.1850714053873755e-05
r620,5.711704592255065e-05,5.5068508071887596e-05,5.3906631128768843e-05,6.242567761544599e-05,6.11522223407406e-05,6.471264882966797e-05,5.6424061850740276e-05,5.858866160659196e-05,5.588765903120553e-05,5.5684572341993444e-05,5.247051593604892e-05,4.822014417578357e-05,5.483065269263313e-05,4.7284211944305175e-05,5.532014135680891e-05,4.7421065226898426e-05,5.4300876398838767e-05,5.5673279761062515e-05,4.398878511151635e-05,4.604264010550804e-05,4.630966747064166e-05,5.056910291431666e-05,4.6332479866385644e-05,4.434798942970867e-05,5.7125396257062034e-05,4.71662315104095e-05,5.621544552135496e-05,4.7951162329445766e-05,5.524551335392963e-05,3.8808423079882805e-05,5.7329075774443794e-05,6.533566147975645e-05,6.069030384873195e-05,6.41042117055872e-05,7.06601813791076e-05,6.526930184386345e-05,5.723697909782219e-05,5.7408470007045616e-05,5.318898786209187e-05,5.625286276594944e-05,5.4311265435664485e-05,5.900423922124487e-05,5.545892219812008e-05,4.9559563065469e-05,5.425035849889815e-05,5.664980456615165e-05,5.405586660930492e-05,5.851885258348555e-05,3.555923528914841e-05,3.7510192836981204e-05,4.8928246342035966e-05,5.6427178462338407e-05,5.3689943306590975e-05,5.0424653369094685e-05,5.3744623350227046e-05,5.254301097667734e-05,4.1608645737202376e-05,4.179021988366134e-05,5.4123014286345093e-05,5.566166110786079e-05,4.124243419345648e-05,5.211070801477097e-05,4.375750062730766e-05,4.9595433349260815e-05,4.614555711732922e-05,4.359715751425529e-05,6.533855304836638e-05,5.955155590995772e-05,6.336748071408183e-05,5.101471594957919e-05,4.41610344116596e-05,5.1850714053873755e-05
r621,5.711704592255065e-05,5.5068508071887596e-05,5.3906631128768843e-05,6.242567761544599e-05,6.11522223407406e-05,6.471264882966797e-05,5.6424061850740276e-05,5.858866160659196e-05,5.588765903120553e-05,5.5684572341993444e-05,5.247051593604892e-05,4.822014417578357e-05,5.483065269263313e-05,4.7284211944305175e-05,5.532014135680891e-05,4.7421065226898426e-05,5.4300876398838767e-05,5.5673279761062515e-05,4.398878511151635e-05,4.604264010550804e-05,4.630966747064166e-05,5.056910291431666e-05,4.6332479866385644e-05,4.434798942970867e-05,5.7125396257062034e-05,4.71662315104095e-05,5.621544552135496e-05,4.7951162329445766e-05,5.524551335392963e-05,3.8808423079882805e-05,5.7329075774443794e-05,6.533566147975645e-05,6.069030384873195e-05,6.41042117055872e-05,7.06601813791076e-05,6.526930184386345e-05,5.723697909782219e-05,5.7408470007045616e-05,5.318898786209187e-05,5.625286276594944e-05,5.4311265435664485e-05,5.900423922124487e-05,5.545892219812008e-05,4.9559563065469e-05,5.425035849889815e-05,5.664980456615165e-05,5.405586660930492e-05,5.851885258348555e-05,3.555923528914841e-05,3.7510192836981204e-05,4.8928246342035966e-05,5.6427178462338407e-05,5.3689943306590975e-05,5.0424653369094685e-05,5.3744623350227046e-05,5.254301097667734e-05,4.1608645737202376e-05,4.179021988366134e-05,5.4123014286345093e-05,5.566166110786079e-05,4.124243419345648e-05,5.211070801477097e-05,4.375750062730766e-05,4.9595433349260815e-05,4.614555711732922e-05,4.359715751425529e-05,6.533855304836638e-05,5.955155590995772e-05,6.336748071408183e-05,5.101471594957919e-05,4.41610344116596e-05,5.1850714053873755e-05
r622,0.0002284681836902026,0.00022027403228755039,0.00021562652451507537,0.00024970271046178394,0.0002446088893629624,0.0002588505953186719,0.0002256962474029611,0.00023435464642636785,0.00022355063612482213,0.00022273828936797378,0.00020988206374419568,0.00019288057670313429,0.00021932261077053252,0.0001891368477772207,0.00022128056542723563,0.0001896842609075937,0.00021720350559535507,0.00022269311904425006,0.0001759551404460654,0.00018417056042203215,0.00018523866988256663,0.00020227641165726664,0.00018532991946554258,0.00017739195771883468,0.00022850158502824814,0.000188664926041638,0.00022486178208541984,0.00019180464931778306,0.0002209820534157185,0.00015523369231953122,0.00022931630309777517,0.0002613426459190258,0.0002427612153949278,0.0002564168468223488,0.0002826407255164304,0.0002610772073754538,0.00022894791639128877,0.00022963388002818246,0.00021275595144836749,0.00022501145106379775,0.00021724506174265794,0.00023601695688497948,0.0002218356887924803,0.000198238252261876,0.0002170014339955926,0.00022659921826460665,0.0002162234664372197,0.0002340754103339422,0.00014223694115659364,0.00015004077134792482,0.00019571298536814386,0.00022570871384935363,0.0002147597732263639,0.00020169861347637874,0.00021497849340090818,0.00021017204390670936,0.0001664345829488095,0.00016716087953464536,0.00021649205714538037,0.00022264664443144317,0.00016496973677382592,0.00020844283205908389,0.00017503000250923065,0.00019838173339704326,0.00018458222846931687,0.00017438863005702116,0.00026135421219346554,0.00023820622363983089,0.0002534699228563273,0.00020405886379831677,0.0001766441376466384,0.00020740285621549502
r1224,0.0011538060967033654,0.0011124241340467495,0.0010889533701278183,0.0012610443390438846,0.0012353196112309035,0.0013072428300079787,0.0011398073116811736,0.001183533809697329,0.0011289715824610645,0.001124869082823823,0.001059942793019689,0.0009740821752121422,0.0011076192814448024,0.0009551756596993945,0.001117507310418815,0.0009579401960871008,0.0010969174128905655,0.0011246409644309076,0.0008886056277676731,0.0009300950006078583,0.0009354891486576987,0.0010215328594983997,0.0009359499757342594,0.0008958618176772842,0.0011539747795670937,0.0009527923686569161,0.0011355931092687478,0.0009686485452126997,0.001115999770186186,0.0007839585263868701,0.0011580892547666782,0.001319828141142083,0.0012259885198965018,0.0012949519551582738,0.0014273873368719928,0.0013184876279690235,0.0011562288345496525,0.0011596930763253539,0.00107445645133648,0.0011363489649723363,0.0010971272790318194,0.0011919287814206923,0.0011203107849021494,0.0010011394162861668,0.0010958969143685477,0.0011443674796156613,0.001091968035969022,0.0011821236163800687,0.0007183225569186848,0.0007577333260987297,0.0009883863567979473,0.0011398702695145512,0.0010845761176584985,0.0010186148730504353,0.0010856806945268686,0.0010614072458552375,0.0008405250718367383,0.0008441930023783522,0.0010933244681496554,0.0011244062591398351,0.0008331273308466236,0.0010526744098863549,0.0008839335120507688,0.0010018640222503288,0.0009321739995087341,0.0008806944639100508,0.0013198865529426668,0.0012029849787793972,0.001280069450366585,0.0010305345686823903,0.0008920851895945548,0.0010474223417454595
r1225,0.00023076121905253025,0.00022248482680934991,0.00021779067402556365,0.00025220886780877695,0.0002470639222461807,0.0002614485660015958,0.00022796146233623472,0.00023670676193946578,0.00022579431649221294,0.00022497381656476462,0.00021198855860393782,0.00019481643504242843,0.0002215238563327073,0.00019103513193987888,0.00022350146208376302,0.0001915880392174202,0.0002193834825781131,0.00022492819288618153,0.00017772112555353463,0.0001860190001215717,0.00018709782973153974,0.00020430657189967995,0.0001871899951468519,0.00017917236353545685,0.00023079495591341877,0.0001905584737313832,0.00022711862185374954,0.00019372970904253997,0.0002231999540372372,0.00015679170527737403,0.0002316178509533356,0.00026396562822841657,0.0002451977039793004,0.00025899039103165477,0.0002854774685013822,0.0002636975255938047,0.00023124576690993048,0.0002319386152650708,0.00021489129026729603,0.0002272697929944673,0.00021942545580636385,0.00023838575628413845,0.00022406215698042993,0.00020022788325723336,0.00021917938287370955,0.00022887349592313227,0.0002183936071938044,0.00023642472327601376,0.00014366451138373695,0.00015154666521974595,0.00019767727135958947,0.00022797405390291025,0.0002169152235316997,0.00020372297461008704,0.0002171361389053737,0.0002122814491710475,0.00016810501436734763,0.00016883860047567045,0.00021866489362993107,0.00022488125182796705,0.00016662546616932468,0.00021053488197727102,0.0001767867024101538,0.00020037280420303336,0.0001864347999017222,0.00017613889278201016,0.00026397731049846487,0.00024059699575587946,0.000256013890073317,0.0002061069137364781,0.00017841703791891098,0.00020948446834909195
r1226,0.00023076121905253025,0.00022248482680934991,0.00021779067402556365,0.00025220886780877695,0.0002470639222461807,0.0002614485660015958,0.00022796146233623472,0.00023670676193946578,0.00022579431649221294,0.00022497381656476462,0.00021198855860393782,0.00019481643504242843,0.0002215238563327073,0.00019103513193987888,0.00022350146208376302,0.0001915880392174202,0.0002193834825781131,0.00022492819288618153,0.00017772112555353463,0.0001860190001215717,0.00018709782973153974,0.00020430657189967995,0.0001871899951468519,0.00017917236353545685,0.00023079495591341877,0.0001905584737313832,0.00022711862185374954,0.00019372970904253997,0.0002231999540372372,0.00015679170527737403,0.0002316178509533356,0.00026396562822841657,0.0002451977039793004,0.00025899039103165477,0.0002854774685013822,0.0002636975255938047,0.00023124576690993048,0.0002319386152650708,0.00021489129026729603,0.0002272697929944673,0.00021942545580636385,0.00023838575628413845,0.00022406215698042993,0.00020022788325723336,0.00021917938287370955,0.00022887349592313227,0.0002183936071938044,0.00023642472327601376,0.00014366451138373695,0.00015154666521974595,0.00019767727135958947,0.00022797405390291025,0.0002169152235316997,0.00020372297461008704,0.0002171361389053737,0.0002122814491710475,0.00016810501436734763,0.00016883860047567045,0.00021866489362993107,0.00022488125182796705,0.00016662546616932468,0.00021053488197727102,0.0001767867024101538,0.00020037280420303336,0.0001864347999017222,0.00017613889278201016,0.00026397731049846487,0.00024059699575587946,0.000256013890073317,0.0002061069137364781,0.00017841703791891098,0.00020948446834909195
r1227,0.00023076121905253025,0.00022248482680934991,0.00021779067402556365,0.00025220886780877695,0.0002470639222461807,0.0002614485660015958,0.00022796146233623472,0.00023670676193946578,0.00022579431649221294,0.00022497381656476462,0.00021198855860393782,0.00019481643504242843,0.0002215238563327073,0.00019103513193987888,0.00022350146208376302,0.0001915880392174202,0.0002193834825781131,0.00022492819288618153,0.00017772112555353463,0.0001860190001215717,0.00018709782973153974,0.00020430657189967995,0.0001871899951468519,0.00017917236353545685,0.00023079495591341877,0.0001905584737313832,0.00022711862185374954,0.00019372970904253997,0.0002231999540372372,0.00015679170527737403,0.0002316178509533356,0.00026396562822841657,0.0002451977039793004,0.00025899039103165477,0.0002854774685013822,0.0002636975255938047,0.00023124576690993048,0.0002319386152650708,0.00021489129026729603,0.0002272697929944673,0.00021942545580636385,0.00023838575628413845,0.00022406215698042993,0.00020022788325723336,0.00021917938287370955,0.00022887349592313227,0.0002183936071938044,0.00023642472327601376,0.00014366451138373695,0.00015154666521974595,0.00019767727135958947,0.00022797405390291025,0.0002169152235316997,0.00020372297461008704,0.0002171361389053737,0.0002122814491710475,0.00016810501436734763,0.00016883860047567045,0.00021866489362993107,0.00022488125182796705,0.00016662546616932468,0.00021053488197727102,0.0001767867024101538,0.00020037280420303336,0.0001864347999017222,0.00017613889278201016,0.00026397731049846487,0.00024059699575587946,0.000256013890073317,0.0002061069137364781,0.00017841703791891098,0.00020948446834909195
r1228,0.00023076121905253025,0.00022248482680934991,0.00021779067402556365,0.00025220886780877695,0.0002470639222461807,0.0002614485660015958,0.00022796146233623472,0.00023670676193946578,0.00022579431649221294,0.00022497381656476462,0.00021198855860393782,0.00019481643504242843,0.0002215238563327073,0.00019103513193987888,0.00022350146208376302,0.0001915880392174202,0.0002193834825781131,0.00022492819288618153,0.00017772112555353463,0.0001860190001215717,0.00018709782973153974,0.00020430657189967995,0.0001871899951468519,0.00017917236353545685,0.00023079495591341877,0.0001905584737313832,0.00022711862185374954,0.00019372970904253997,0.0002231999540372372,0.00015679170527737403,0.0002316178509533356,0.00026396562822841657,0.0002451977039793004,0.00025899039103165477,0.0002854774685013822,0.0002636975255938047,0.00023124576690993048,0.0002319386152650708,0.00021489129026729603,0.0002272697929944673,0.00021942545580636385,0.00023838575628413845,0.00022406215698042993,0.00020022788325723336,0.00021917938287370955,0.00022887349592313227,0.0002183936071938044,0.00023642472327601376,0.00014366451138373695,0.00015154666521974595,0.00019767727135958947,0.00022797405390291025,0.0002169152235316997,0.00020372297461008704,0.0002171361389053737,0.0002122814491710475,0.00016810501436734763,0.00016883860047567045,0.00021866489362993107,0.00022488125182796705,0.00016662546616932468,0.00021053488197727102,0.0001767867024101538,0.00020037280420303336,0.0001864347999017222,0.00017613889278201016,0.00026397731049846487,0.00024059699575587946,0.000256013890073317,0.0002061069137364781,0.00017841703791891098,0.00020948446834909195
r1229,0.0009230448776508353,0.0008899393072373997,0.0008711626961022546,0.0010088354712351078,0.0009882556889847227,0.0010457942640063832,0.0009118458493449389,0.0009468270477578631,0.0009031772659688518,0.0008998952662590585,0.0008479542344157513,0.0007792657401697137,0.000886095425112095,0.0007641405277595155,0.0008940058483350521,0.0007663521568696807,0.0008775339303124524,0.0008997127715447261,0.0007108845022141385,0.0007440760004862868,0.000748391318926159,0.0008172262875987198,0.0007487599805874076,0.0007166894541418274,0.0009231798236536751,0.0007622338949255328,0.0009084744874149982,0.0007749188361701599,0.0008927998161489488,0.0006271668211094961,0.0009264714038133424,0.0010558625129136663,0.0009807908159172017,0.001035961564126619,0.0011419098683706106,0.0010547901023752189,0.0009249830676397219,0.0009277544610602832,0.0008595651610691841,0.0009090791719778691,0.0008777018232254554,0.0009535430251365538,0.0008962486279217197,0.0008009115330289335,0.0008767175314948382,0.0009154939836925291,0.0008735744287752176,0.000945698893104055,0.0005746580455349478,0.0006061866608789838,0.0007907090854383579,0.000911896215611641,0.0008676608941267988,0.0008148918984403481,0.0008685445556214948,0.00084912579668419,0.0006724200574693905,0.0006753544019026818,0.0008746595745197243,0.0008995250073118682,0.0006665018646772987,0.0008421395279090841,0.0007071468096406152,0.0008014912180472955,0.0007457391996068888,0.0007045555711280406,0.0010559092424442021,0.0009623879830235178,0.001024055560293268,0.0008244276549459124,0.0007136681516756439,0.0008379378733963678
r1230,0.00023076121904248978,0.00022248482680934991,0.00021779067402556365,0.00025220886780877695,0.0002470639222461807,0.0002614485660015958,0.0002279614623362303,0.00023670676193946578,0.00022579431649221294,0.00022497381656476462,0.00021198855860393782,0.00019481643504242843,0.0002215238563032019,0.00019103513193987888,0.00022350146208376302,0.0001915880392174202,0.0002193834825781131,0.00022492819288618153,0.00017772112555353463,0.0001860190001215717,0.00018709782973153974,0.00020430657189967995,0.0001871899951468519,0.00017917236353545913,0.00023079495591341877,0.0001905584737313832,0.00022711862185374954,0.00019372970904253997,0.0002231999540372372,0.00015679170527737403,0.0002316178509533356,0.00026396562822841657,0.0002451977039793004,0.00025899039103165477,0.0002854774674290852,0.0002636975255938047,0.00023124576690993048,0.0002319386152650708,0.00021489129026729603,0.0002272697929944673,0.00021942545580636385,0.00023838575628413845,0.00022406215698042993,0.00020022788325723336,0.00021917938287370955,0.00022887349592313227,0.0002183936071938044,0.00023642472327601376,0.00014366451138373695,0.00015154666521974324,0.00019767727135956787,0.00022797405390291025,0.0002169152235316997,0.00020372297461008704,0.0002171361389053737,0.0002122814491710475,0.00016810501436734763,0.00016883860047567045,0.00021866489362993107,0.00022488125182796705,0.00016662546616932468,0.00021053488197727102,0.0001767867024101538,0.00020037280407688077,0.0001864347999017222,0.00017613889278201016,0.00026397731044419713,0.00024059699575587946,0.000256013890073317,0.0002061069137364781,0.00017841703791891098,0.00020948446834909195
r1231,0.00023076121904248978,0.00022248482680934991,0.00021779067402556365,0.00025220886780877695,0.0002470639222461807,0.0002614485660015958,0.0002279614623362303,0.00023670676193946578,0.00022579431649221294,0.00022497381656476462,0.00021198855860393782,0.00019481643504242843,0.0002215238563032019,0.00019103513193987888,0.00022350146208376302,0.0001915880392174202,0.0002193834825781131,0.00022492819288618153,0.00017772112555353463,0.0001860190001215717,0.00018709782973153974,0.00020430657189967995,0.0001871899951468519,0.00017917236353545913,0.00023079495591341877,0.0001905584737313832,0.00022711862185374954,0.00019372970904253997,0.0002231999540372372,0.00015679170527737403,0.0002316178509533356,0.00026396562822841657,0.0002451977039793004,0.00025899039103165477,0.0002854774674290852,0.0002636975255938047,0.00023124576690993048,0.0002319386152650708,0.00021489129026729603,0.0002272697929944673,0.00021942545580636385,0.00023838575628413845,0.00022406215698042993,0.00020022788325723336,0.00021917938287370955,0.00022887349592313227,0.0002183936071938044,0.00023642472327601376,0.00014366451138373695,0.00015154666521974324,0.00019767727135956787,0.00022797405390291025,0.0002169152235316997,0.00020372297461008704,0.0002171361389053737,0.0002122814491710475,0.00016810501436734763,0.00016883860047567045,0.00021866489362993107,0.00022488125182796705,0.00016662546616932468,0.00021053488197727102,0.0001767867024101538,0.00020037280407688077,0.0001864347999017222,0.00017613889278201016,0.00026397731044419713,0.00024059699575587946,0.000256013890073317,0.0002061069137364781,0.00017841703791891098,0.00020948446834909195
r1232,0.00023076121904248978,0.00022248482680934991,0.00021779067402556365,0.00025220886780877695,0.0002470639222461807,0.0002614485660015958,0.0002279614623362303,0.00023670676193946578,0.00022579431649221294,0.00022497381656476462,0.00021198855860393782,0.00019481643504242843,0.0002215238563032019,0.00019103513193987888,0.00022350146208376302,0.0001915880392174202,0.0002193834825781131,0.00022492819288618153,0.00017772112555353463,0.0001860190001215717,0.00018709782973153974,0.00020430657189967995,0.0001871899951468519,0.00017917236353545913,0.00023079495591341877,0.0001905584737313832,0.00022711862185374954,0.00019372970904253997,0.0002231999540372372,0.00015679170527737403,0.0002316178509533356,0.00026396562822841657,0.0002451977039793004,0.00025899039103165477,0.0002854774674290852,0.0002636975255938047,0.00023124576690993048,0.0002319386152650708,0.00021489129026729603,0.0002272697929944673,0.00021942545580636385,0.00023838575628413845,0.00022406215698042993,0.00020022788325723336,0.00021917938287370955,0.00022887349592313227,0.0002183936071938044,0.00023642472327601376,0.00014366451138373695,0.00015154666521974324,0.00019767727135956787,0.00022797405390291025,0.0002169152235316997,0.00020372297461008704,0.0002171361389053737,0.0002122814491710475,0.00016810501436734763,0.00016883860047567045,0.00021866489362993107,0.00022488125182796705,0.00016662546616932468,0.00021053488197727102,0.0001767867024101538,0.00020037280407688077,0.0001864347999017222,0.00017613889278201016,0.00026397731044419713,0.00024059699575587946,0.000256013890073317,0.0002061069137364781,0.00017841703791891098,0.00020948446834909195
r1233,0.00023076121904248978,0.00022248482680934991,0.00021779067402556365,0.00025220886780877695,0.0002470639222461807,0.0002614485660015958,0.0002279614623362303,0.00023670676193946578,0.00022579431649221294,0.00022497381656476462,0.00021198855860393782,0.00019481643504242843,0.0002215238563032019,0.00019103513193987888,0.00022350146208376302,0.0001915880392174202,0.0002193834825781131,0.00022492819288618153,0.00017772112555353463,0.0001860190001215717,0.00018709782973153974,0.00020430657189967995,0.0001871899951468519,0.00017917236353545913,0.00023079495591341877,0.0001905584737313832,0.00022711862185374954,0.00019372970904253997,0.0002231999540372372,0.00015679170527737403,0.0002316178509533356,0.00026396562822841657,0.0002451977039793004,0.00025899039103165477,0.0002854774674290852,0.0002636975255938047,0.00023124576690993048,0.0002319386152650708,0.00021489129026729603,0.0002272697929944673,0.00021942545580636385,0.00023838575628413845,0.00022406215698042993,0.00020022788325723336,0.00021917938287370955,0.00022887349592313227,0.0002183936071938044,0.00023642472327601376,0.00014366451138373695,0.00015154666521974324,0.00019767727135956787,0.00022797405390291025,0.0002169152235316997,0.00020372297461008704,0.0002171361389053737,0.0002122814491710475,0.00016810501436734763,0.00016883860047567045,0.00021866489362993107,0.00022488125182796705,0.00016662546616932468,0.00021053488197727102,0.0001767867024101538,0.00020037280407688077,0.0001864347999017222,0.00017613889278201016,0.00026397731044419713,0.00024059699575587946,0.000256013890073317,0.0002061069137364781,0.00017841703791891098,0.00020948446834909195
r1234,0.0009230448776608757,0.0008899393072373997,0.0008711626961022546,0.0010088354712351078,0.0009882556889847227,0.0010457942640063832,0.0009118458493449212,0.0009468270477578631,0.0009031772659688518,0.0008998952662590585,0.0008479542344157513,0.0007792657401697137,0.0008860954251416004,0.0007641405277595155,0.0008940058483350521,0.0007663521568696807,0.0008775339303124524,0.0008997127715447261,0.0007108845022141385,0.0007440760004862868,0.000748391318926159,0.0008172262875987198,0.0007487599805874076,0.0007166894541418365,0.0009231798236536751,0.0007622338949255328,0.0009084744874149982,0.0007749188361701599,0.0008927998161489488,0.0006271668211094961,0.0009264714038133424,0.0010558625129136663,0.0009807908159172017,0.001035961564126619,0.0011419098694429133,0.0010547901023752189,0.0009249830676397219,0.0009277544610602832,0.0008595651610691841,0.0009090791719778691,0.0008777018232254554,0.0009535430251365538,0.0008962486279217197,0.0008009115330289335,0.0008767175314948382,0.0009154939836925291,0.0008735744287752176,0.000945698893104055,0.0005746580455349478,0.000606186660878973,0.0007907090854382715,0.000911896215611641,0.0008676608941267988,0.0008148918984403481,0.0008685445556214948,0.00084912579668419,0.0006724200574693905,0.0006753544019026818,0.0008746595745197243,0.0008995250073118682,0.0006665018646772987,0.0008421395279090841,0.0007071468096406152,0.000801491218173448,0.0007457391996068888,0.0007045555711280406,0.00105590924249847,0.0009623879830235178,0.001024055560293268,0.0008244276549459124,0.0007136681516756439,0.0008379378733963678
r1235,0.0002307612204932445,0.00022248482680934991,0.00021779067402556365,0.00025220886780877695,0.0002470639222461807,0.0002614485660015958,0.0002279614623362303,0.00023670676193946578,0.00022579431649221294,0.00022497381656476462,0.00021198855860393782,0.00019481643504242843,0.00022152385624012557,0.00019103513193987888,0.00022350146208376302,0.0001915880392174202,0.0002193834825781131,0.00022492819288618153,0.00017772112555353463,0.0001860190001215717,0.00018709782973153974,0.00020430657189967995,0.0001871899951468519,0.00017917236353545913,0.00023079495591341877,0.0001905584737313832,0.00022711862185374954,0.00019372970904253997,0.0002231999540372372,0.00015679170527737403,0.0002316178509533356,0.00026396562822841657,0.0002451977039793004,0.00025899039103165477,0.00028547746764985224,0.0002636975255938047,0.00023124576690993048,0.0002319386152650708,0.00021489129026729603,0.0002272697929944673,0.00021942545580636385,0.00023838575628413845,0.00022406215698042993,0.00020022788325723336,0.00021917938287370955,0.00022887349592313227,0.0002183936071938044,0.00023642472327601376,0.00014366451138373695,0.00015154666521974324,0.00019767727135956787,0.00022797405390291025,0.0002169152235316997,0.00020372297461008704,0.0002171361389053737,0.0002122814491710475,0.00016810501436734763,0.00016883860047567045,0.00021866489362993107,0.00022488125182796705,0.00016662546616932468,0.00021053488197727102,0.0001767867024101538,0.0002003728044868767,0.0001864347999017222,0.00017613889278201016,0.00026397731082265487,0.00024059699575587946,0.000256013890073317,0.0002061069137364781,0.00017841703791891098,0.00020948446834909195
r1236,0.0002307612204932445,0.00022248482680934991,0.00021779067402556365,0.00025220886780877695,0.0002470639222461807,0.0002614485660015958,0.0002279614623362303,0.00023670676193946578,0.00022579431649221294,0.00022497381656476462,0.00021198855860393782,0.00019481643504242843,0.00022152385624012557,0.00019103513193987888,0.00022350146208376302,0.0001915880392174202,0.0002193834825781131,0.00022492819288618153,0.00017772112555353463,0.0001860190001215717,0.00018709782973153974,0.00020430657189967995,0.0001871899951468519,0.00017917236353545913,0.00023079495591341877,0.0001905584737313832,0.00022711862185374954,0.00019372970904253997,0.0002231999540372372,0.00015679170527737403,0.0002316178509533356,0.00026396562822841657,0.0002451977039793004,0.00025899039103165477,0.00028547746764985224,0.0002636975255938047,0.00023124576690993048,0.0002319386152650708,0.00021489129026729603,0.0002272697929944673,0.00021942545580636385,0.00023838575628413845,0.00022406215698042993,0.00020022788325723336,0.00021917938287370955,0.00022887349592313227,0.0002183936071938044,0.00023642472327601376,0.00014366451138373695,0.00015154666521974324,0.00019767727135956787,0.00022797405390291025,0.0002169152235316997,0.00020372297461008704,0.0002171361389053737,0.0002122814491710475,0.00016810501436734763,0.00016883860047567045,0.00021866489362993107,0.00022488125182796705,0.00016662546616932468,0.00021053488197727102,0.0001767867024101538,0.0002003728044868767,0.0001864347999017222,0.00017613889278201016,0.00026397731082265487,0.00024059699575587946,0.000256013890073317,0.0002061069137364781,0.00017841703791891098,0.00020948446834909195
r1237,0.0002307612204932445,0.00022248482680934991,0.00021779067402556365,0.00025220886780877695,0.0002470639222461807,0.0002614485660015958,0.0002279614623362303,0.00023670676193946578,0.00022579431649221294,0.00022497381656476462,0.00021198855860393782,0.00019481643504242843,0.00022152385624012557,0.00019103513193987888,0.00022350146208376302,0.0001915880392174202,0.0002193834825781131,0.00022492819288618153,0.00017772112555353463,0.0001860190001215717,0.00018709782973153974,0.00020430657189967995,0.0001871899951468519,0.00017917236353545913,0.00023079495591341877,0.0001905584737313832,0.00022711862185374954,0.00019372970904253997,0.0002231999540372372,0.00015679170527737403,0.0002316178509533356,0.00026396562822841657,0.0002451977039793004,0.00025899039103165477,0.00028547746764985224,0.0002636975255938047,0.00023124576690993048,0.0002319386152650708,0.00021489129026729603,0.0002272697929944673,0.00021942545580636385,0.00023838575628413845,0.00022406215698042993,0.00020022788325723336,0.00021917938287370955,0.00022887349592313227,0.0002183936071938044,0.00023642472327601376,0.00014366451138373695,0.00015154666521974324,0.00019767727135956787,0.00022797405390291025,0.0002169152235316997,0.00020372297461008704,0.0002171361389053737,0.0002122814491710475,0.00016810501436734763,0.00016883860047567045,0.00021866489362993107,0.00022488125182796705,0.00016662546616932468,0.00021053488197727102,0.0001767867024101538,0.0002003728044868767,0.0001864347999017222,0.00017613889278201016,0.00026397731082265487,0.00024059699575587946,0.000256013890073317,0.0002061069137364781,0.00017841703791891098,0.00020948446834909195
r1238,0.0002307612204932445,0.00022248482680934991,0.00021779067402556365,0.00025220886780877695,0.0002470639222461807,0.0002614485660015958,0.0002279614623362303,0.00023670676193946578,0.00022579431649221294,0.00022497381656476462,0.00021198855860393782,0.00019481643504242843,0.00022152385624012557,0.00019103513193987888,0.00022350146208376302,0.0001915880392174202,0.0002193834825781131,0.00022492819288618153,0.00017772112555353463,0.0001860190001215717,0.00018709782973153974,0.00020430657189967995,0.0001871899951468519,0.00017917236353545913,0.00023079495591341877,0.0001905584737313832,0.00022711862185374954,0.00019372970904253997,0.0002231999540372372,0.00015679170527737403,0.0002316178509533356,0.00026396562822841657,0.0002451977039793004,0.00025899039103165477,0.00028547746764985224,0.0002636975255938047,0.00023124576690993048,0.0002319386152650708,0.00021489129026729603,0.0002272697929944673,0.00021942545580636385,0.00023838575628413845,0.00022406215698042993,0.00020022788325723336,0.00021917938287370955,0.00022887349592313227,0.0002183936071938044,0.00023642472327601376,0.00014366451138373695,0.00015154666521974324,0.00019767727135956787,0.00022797405390291025,0.0002169152235316997,0.00020372297461008704,0.0002171361389053737,0.0002122814491710475,0.00016810501436734763,0.00016883860047567045,0.00021866489362993107,0.00022488125182796705,0.00016662546616932468,0.00021053488197727102,0.0001767867024101538,0.0002003728044868767,0.0001864347999017222,0.00017613889278201016,0.00026397731082265487,0.00024059699575587946,0.000256013890073317,0.0002061069137364781,0.00017841703791891098,0.00020948446834909195
r1239,0.000923044876210121,0.0008899393072373997,0.0008711626961022546,0.0010088354712351078,0.0009882556889847227,0.0010457942640063832,0.0009118458493449212,0.0009468270477578631,0.0009031772659688518,0.0008998952662590585,0.0008479542344157513,0.0007792657401697137,0.0008860954252046766,0.0007641405277595155,0.0008940058483350521,0.0007663521568696807,0.0008775339303124524,0.0008997127715447261,0.0007108845022141385,0.0007440760004862868,0.000748391318926159,0.0008172262875987198,0.0007487599805874076,0.0007166894541418365,0.0009231798236536751,0.0007622338949255328,0.0009084744874149982,0.0007749188361701599,0.0008927998161489488,0.0006271668211094961,0.0009264714038133424,0.0010558625129136663,0.0009807908159172017,0.001035961564126619,0.0011419098692221463,0.0010547901023752189,0.0009249830676397219,0.0009277544610602832,0.0008595651610691841,0.0009090791719778691,0.0008777018232254554,0.0009535430251365538,0.0008962486279217197,0.0008009115330289335,0.0008767175314948382,0.0009154939836925291,0.0008735744287752176,0.000945698893104055,0.0005746580455349478,0.000606186660878973,0.0007907090854382715,0.000911896215611641,0.0008676608941267988,0.0008148918984403481,0.0008685445556214948,0.00084912579668419,0.0006724200574693905,0.0006753544019026818,0.0008746595745197243,0.0008995250073118682,0.0006665018646772987,0.0008421395279090841,0.0007071468096406152,0.000801491217763452,0.0007457391996068888,0.0007045555711280406,0.001055909242120012,0.0009623879830235178,0.001024055560293268,0.0008244276549459124,0.0007136681516756439,0.0008379378733963678
r1240,0.0002307612189794135,0.00022248482680934991,0.00021779067402556365,0.00025220886780877695,0.0002470639222461807,0.0002614485660015958,0.0002279614623362303,0.00023670676193946578,0.00022579431649221294,0.00022497381656476462,0.00021198855860393782,0.00019481643504242843,0.00022152385627166376,0.00019103513193987888,0.00022350146208376302,0.0001915880392174202,0.0002193834825781131,0.00022492819288618153,0.00017772112555353463,0.0001860190001215717,0.00018709782973153974,0.00020430657189967995,0.0001871899951468519,0.00017917236353545913,0.00023079495591341877,0.0001905584737313832,0.00022711862185374954,0.00019372970904253997,0.0002231999540372372,0.00015679170527737403,0.0002316178509533356,0.00026396562822841657,0.0002451977039793004,0.00025899039103165477,0.0002854774674290852,0.0002636975255938047,0.00023124576690993048,0.0002319386152650708,0.00021489129026729603,0.0002272697929944673,0.00021942545580636385,0.00023838575628413845,0.00022406215698042993,0.00020022788325723342,0.00021917938287370955,0.00022887349592313227,0.0002183936071938044,0.00023642472327601376,0.00014366451138373695,0.00015154666521974324,0.00019767727135956787,0.00022797405390291025,0.00021691522353169959,0.0002037229746100871,0.0002171361389053737,0.00021228144917104756,0.00016810501436734766,0.00016883860047567045,0.00021866489362993107,0.00022488125182796705,0.00016662546616932468,0.00021053488197727102,0.0001767867024101538,0.00020037280420303336,0.0001864347999017222,0.00017613889278201016,0.0002639773105072734,0.00024059699575587946,0.000256013890073317,0.0002061069137364781,0.000178417037918911,0.00020948446834909195
r1241,0.0002307612189794135,0.00022248482680934991,0.00021779067402556365,0.00025220886780877695,0.0002470639222461807,0.0002614485660015958,0.0002279614623362303,0.00023670676193946578,0.00022579431649221294,0.00022497381656476462,0.00021198855860393782,0.00019481643504242843,0.00022152385627166376,0.00019103513193987888,0.00022350146208376302,0.0001915880392174202,0.0002193834825781131,0.00022492819288618153,0.00017772112555353463,0.0001860190001215717,0.00018709782973153974,0.00020430657189967995,0.0001871899951468519,0.00017917236353545913,0.00023079495591341877,0.0001905584737313832,0.00022711862185374954,0.00019372970904253997,0.0002231999540372372,0.00015679170527737403,0.0002316178509533356,0.00026396562822841657,0.0002451977039793004,0.00025899039103165477,0.0002854774674290852,0.0002636975255938047,0.00023124576690993048,0.0002319386152650708,0.00021489129026729603,0.0002272697929944673,0.00021942545580636385,0.00023838575628413845,0.00022406215698042993,0.00020022788325723336,0.00021917938287370955,0.00022887349592313227,0.0002183936071938044,0.00023642472327601376,0.00014366451138373695,0.00015154666521974324,0.00019767727135956787,0.00022797405390291025,0.00021691522353169959,0.0002037229746100871,0.0002171361389053737,0.00021228144917104756,0.0001681050143673477,0.00016883860047567045,0.00021866489362993107,0.00022488125182796705,0.00016662546616932468,0.00021053488197727102,0.0001767867024101538,0.00020037280420303336,0.0001864347999017222,0.00017613889278201016,0.0002639773105072734,0.00024059699575587946,0.000256013890073317,0.0002061069137364781,0.00017841703791891098,0.00020948446834909195
r1242,0.0002307612189794135,0.00022248482680934991,0.00021779067402556365,0.00025220886780877695,0.0002470639222461807,0.0002614485660015958,0.0002279614623362303,0.00023670676193946578,0.00022579431649221294,0.00022497381656476462,0.00021198855860393782,0.00019481643504242843,0.00022152385627166376,0.00019103513193987888,0.00022350146208376302,0.0001915880392174202,0.0002193834825781131,0.00022492819288618153,0.00017772112555353463,0.0001860190001215717,0.00018709782973153974,0.00020430657189967995,0.0001871899951468519,0.00017917236353545913,0.00023079495591341877,0.0001905584737313832,0.00022711862185374954,0.00019372970904253997,0.0002231999540372372,0.00015679170527737403,0.0002316178509533356,0.00026396562822841657,0.0002451977039793004,0.00025899039103165477,0.0002854774674290852,0.0002636975255938047,0.00023124576690993048,0.0002319386152650708,0.00021489129026729603,0.0002272697929944673,0.00021942545580636385,0.00023838575628413845,0.00022406215698042993,0.00020022788325723336,0.00021917938287370955,0.00022887349592313227,0.0002183936071938044,0.00023642472327601376,0.00014366451138373695,0.00015154666521974324,0.00019767727135956787,0.00022797405390291025,0.00021691522353169959,0.0002037229746100871,0.0002171361389053737,0.00021228144917104756,0.0001681050143673477,0.00016883860047567045,0.00021866489362993107,0.00022488125182796705,0.00016662546616932468,0.00021053488197727102,0.0001767867024101538,0.00020037280420303336,0.0001864347999017222,0.00017613889278201016,0.0002639773105072734,0.00024059699575587946,0.000256013890073317,0.0002061069137364781,0.00017841703791891098,0.00020948446834909195
r1243,0.0002307612189794135,0.00022248482680934991,0.00021779067402556365,0.00025220886780877695,0.0002470639222461807,0.0002614485660015958,0.0002279614623362303,0.00023670676193946578,0.00022579431649221294,0.00022497381656476462,0.00021198855860393782,0.00019481643504242843,0.00022152385627166376,0.00019103513193987888,0.00022350146208376302,0.0001915880392174202,0.0002193834825781131,0.00022492819288618153,0.00017772112555353463,0.0001860190001215717,0.00018709782973153974,0.00020430657189967995,0.0001871899951468519,0.00017917236353545913,0.00023079495591341877,0.0001905584737313832,0.00022711862185374954,0.00019372970904253997,0.0002231999540372372,0.00015679170527737403,0.0002316178509533356,0.00026396562822841657,0.0002451977039793004,0.00025899039103165477,0.0002854774674290852,0.0002636975255938047,0.00023124576690993048,0.0002319386152650708,0.00021489129026729603,0.0002272697929944673,0.00021942545580636385,0.00023838575628413845,0.00022406215698042993,0.00020022788325723336,0.00021917938287370955,0.00022887349592313227,0.0002183936071938044,0.00023642472327601376,0.00014366451138373695,0.00015154666521974324,0.00019767727135956787,0.00022797405390291025,0.00021691522353169959,0.0002037229746100871,0.0002171361389053737,0.00021228144917104756,0.0001681050143673477,0.00016883860047567045,0.00021866489362993107,0.00022488125182796705,0.00016662546616932468,0.00021053488197727102,0.0001767867024101538,0.00020037280420303336,0.0001864347999017222,0.00017613889278201016,0.0002639773105072734,0.00024059699575587946,0.000256013890073317,0.0002061069137364781,0.00017841703791891098,0.00020948446834909195
r1244,0.000923044877723952,0.0008899393072373997,0.0008711626961022546,0.0010088354712351078,0.0009882556889847227,0.0010457942640063832,0.0009118458493449212,0.0009468270477578631,0.0009031772659688518,0.0008998952662590585,0.0008479542344157513,0.0007792657401697137,0.0008860954251731385,0.0007641405277595155,0.0008940058483350521,0.0007663521568696807,0.0008775339303124524,0.0008997127715447261,0.0007108845022141385,0.0007440760004862868,0.000748391318926159,0.0008172262875987198,0.0007487599805874076,0.0007166894541418365,0.0009231798236536751,0.0007622338949255328,0.0009084744874149982,0.0007749188361701599,0.0008927998161489488,0.0006271668211094961,0.0009264714038133424,0.0010558625129136663,0.0009807908159172017,0.001035961564126619,0.0011419098694429133,0.0010547901023752189,0.0009249830676397219,0.0009277544610602832,0.0008595651610691841,0.0009090791719778691,0.0008777018232254554,0.0009535430251365538,0.0008962486279217197,0.0008009115330289335,0.0008767175314948382,0.0009154939836925291,0.0008735744287752176,0.000945698893104055,0.0005746580455349477,0.000606186660878973,0.0007907090854382715,0.000911896215611641,0.0008676608941267988,0.0008148918984403481,0.0008685445556214948,0.00084912579668419,0.0006724200574693904,0.0006753544019026818,0.0008746595745197243,0.0008995250073118682,0.0006665018646772987,0.0008421395279090841,0.0007071468096406152,0.0008014912180472955,0.0007457391996068888,0.0007045555711280406,0.0010559092424353936,0.0009623879830235178,0.001024055560293268,0.0008244276549459124,0.0007136681516756438,0.0008379378733963678
r1245,0.0002307612203670919,0.00022248482680934991,0.00021779067402556365,0.00025220886780877695,0.0002470639222461807,0.0002614485660015958,0.0002279614623362303,0.00023670676193946578,0.00022579431649221294,0.00022497381656476462,0.00021198855860393782,0.00019481643504242843,0.00022152385624012557,0.00019103513193987888,0.00022350146208376302,0.0001915880392174202,0.0002193834825781131,0.00022492819288618153,0.00017772112555353463,0.0001860190001215717,0.00018709782973153974,0.00020430657189967995,0.0001871899951468519,0.00017917236353545913,0.00023079495591341877,0.0001905584737313832,0.00022711862185374954,0.00019372970904253997,0.0002231999540372372,0.00015679170527737403,0.0002316178509533356,0.00026396562822841657,0.0002451977039793004,0.00025899039103165477,0.00028547746737439967,0.0002636975255938047,0.00023124576690993048,0.0002319386152650708,0.00021489129026729603,0.0002272697929944673,0.00021942545580636385,0.00023838575628413845,0.00022406215698042993,0.00020022788325723342,0.00021917938287370955,0.00022887349592313227,0.0002183936071938044,0.00023642472327601376,0.00014366451138373695,0.00015154666521974324,0.00019767727135956787,0.00022797405390291025,0.00021691522353169959,0.0002037229746100871,0.0002171361389053737,0.00021228144917104756,0.00016810501436734766,0.00016883860047567045,0.00021866489362993107,0.00022488125182796705,0.00016662546616932468,0.00021053488197727102,0.0001767867024101538,0.00020037280413995708,0.0001864347999017222,0.00017613889278201016,0.00026397731082265487,0.00024059699575587946,0.000256013890073317,0.0002061069137364781,0.000178417037918911,0.00020948446834909195
r1246,0.0002307612203670919,0.00022248482680934991,0.00021779067402556365,0.00025220886780877695,0.0002470639222461807,0.0002614485660015958,0.0002279614623362303,0.00023670676193946578,0.00022579431649221294,0.00022497381656476462,0.00021198855860393782,0.00019481643504242843,0.00022152385624012557,0.00019103513193987888,0.00022350146208376302,0.0001915880392174202,0.0002193834825781131,0.00022492819288618153,0.00017772112555353463,0.0001860190001215717,0.00018709782973153974,0.00020430657189967995,0.0001871899951468519,0.00017917236353545913,0.00023079495591341877,0.0001905584737313832,0.00022711862185374954,0.00019372970904253997,0.0002231999540372372,0.00015679170527737403,0.0002316178509533356,0.00026396562822841657,0.0002451977039793004,0.00025899039103165477,0.00028547746737439967,0.0002636975255938047,0.00023124576690993048,0.0002319386152650708,0.00021489129026729603,0.0002272697929944673,0.00021942545580636385,0.00023838575628413845,0.00022406215698042993,0.00020022788325723336,0.00021917938287370955,0.00022887349592313227,0.0002183936071938044,0.00023642472327601376,0.00014366451138373695,0.00015154666521974324,0.00019767727135956787,0.00022797405390291025,0.00021691522353169959,0.0002037229746100871,0.0002171361389053737,0.00021228144917104756,0.0001681050143673477,0.00016883860047567045,0.00021866489362993107,0.00022488125182796705,0.00016662546616932468,0.00021053488197727102,0.0001767867024101538,0.00020037280413995708,0.0001864347999017222,0.00017613889278201016,0.00026397731082265487,0.00024059699575587946,0.000256013890073317,0.0002061069137364781,0.00017841703791891098,0.00020948446834909195
r1247,0.0002307612203670919,0.00022248482680934991,0.00021779067402556365,0.00025220886780877695,0.0002470639222461807,0.0002614485660015958,0.0002279614623362303,0.00023670676193946578,0.00022579431649221294,0.00022497381656476462,0.00021198855860393782,0.00019481643504242843,0.00022152385624012557,0.00019103513193987888,0.00022350146208376302,0.0001915880392174202,0.0002193834825781131,0.00022492819288618153,0.00017772112555353463,0.0001860190001215717,0.00018709782973153974,0.00020430657189967995,0.0001871899951468519,0.00017917236353545913,0.00023079495591341877,0.0001905584737313832,0.00022711862185374954,0.00019372970904253997,0.0002231999540372372,0.00015679170527737403,0.0002316178509533356,0.00026396562822841657,0.0002451977039793004,0.00025899039103165477,0.00028547746737439967,0.0002636975255938047,0.00023124576690993048,0.0002319386152650708,0.00021489129026729603,0.0002272697929944673,0.00021942545580636385,0.00023838575628413845,0.00022406215698042993,0.00020022788325723336,0.00021917938287370955,0.00022887349592313227,0.0002183936071938044,0.00023642472327601376,0.00014366451138373695,0.00015154666521974324,0.00019767727135956787,0.00022797405390291025,0.00021691522353169959,0.0002037229746100871,0.0002171361389053737,0.00021228144917104756,0.0001681050143673477,0.00016883860047567045,0.00021866489362993107,0.00022488125182796705,0.00016662546616932468,0.00021053488197727102,0.0001767867024101538,0.00020037280413995708,0.0001864347999017222,0.00017613889278201016,0.00026397731082265487,0.00024059699575587946,0.000256013890073317,0.0002061069137364781,0.00017841703791891098,0.00020948446834909195
r1248,0.0002307612203670919,0.00022248482680934991,0.00021779067402556365,0.00025220886780877695,0.0002470639222461807,0.0002614485660015958,0.0002279614623362303,0.00023670676193946578,0.00022579431649221294,0.00022497381656476462,0.00021198855860393782,0.00019481643504242843,0.00022152385624012557,0.00019103513193987888,0.00022350146208376302,0.0001915880392174202,0.0002193834825781131,0.00022492819288618153,0.00017772112555353463,0.0001860190001215717,0.00018709782973153974,0.00020430657189967995,0.0001871899951468519,0.00017917236353545913,0.00023079495591341877,0.0001905584737313832,0.00022711862185374954,0.00019372970904253997,0.0002231999540372372,0.00015679170527737403,0.0002316178509533356,0.00026396562822841657,0.0002451977039793004,0.00025899039103165477,0.00028547746737439967,0.0002636975255938047,0.00023124576690993048,0.0002319386152650708,0.00021489129026729603,0.0002272697929944673,0.00021942545580636385,0.00023838575628413845,0.00022406215698042993,0.00020022788325723336,0.00021917938287370955,0.00022887349592313227,0.0002183936071938044,0.00023642472327601376,0.00014366451138373695,0.00015154666521974324,0.00019767727135956787,0.00022797405390291025,0.00021691522353169959,0.0002037229746100871,0.0002171361389053737,0.00021228144917104756,0.0001681050143673477,0.00016883860047567045,0.00021866489362993107,0.00022488125182796705,0.00016662546616932468,0.00021053488197727102,0.0001767867024101538,0.00020037280413995708,0.0001864347999017222,0.00017613889278201016,0.00026397731082265487,0.00024059699575587946,0.000256013890073317,0.0002061069137364781,0.00017841703791891098,0.00020948446834909195
r1249,0.0009230448763362734,0.0008899393072373997,0.0008711626961022546,0.0010088354712351078,0.0009882556889847227,0.0010457942640063832,0.0009118458493449212,0.0009468270477578631,0.0009031772659688518,0.0008998952662590585,0.0008479542344157513,0.0007792657401697137,0.0008860954252046766,0.0007641405277595155,0.0008940058483350521,0.0007663521568696807,0.0008775339303124524,0.0008997127715447261,0.0007108845022141385,0.0007440760004862868,0.000748391318926159,0.0008172262875987198,0.0007487599805874076,0.0007166894541418365,0.0009231798236536751,0.0007622338949255328,0.0009084744874149982,0.0007749188361701599,0.0008927998161489488,0.0006271668211094961,0.0009264714038133424,0.0010558625129136663,0.0009807908159172017,0.001035961564126619,0.0011419098694975987,0.0010547901023752189,0.0009249830676397219,0.0009277544610602832,0.0008595651610691841,0.0009090791719778691,0.0008777018232254554,0.0009535430251365538,0.0008962486279217197,0.0008009115330289335,0.0008767175314948382,0.0009154939836925291,0.0008735744287752176,0.000945698893104055,0.0005746580455349477,0.000606186660878973,0.0007907090854382715,0.000911896215611641,0.0008676608941267988,0.0008148918984403481,0.0008685445556214948,0.00084912579668419,0.0006724200574693904,0.0006753544019026818,0.0008746595745197243,0.0008995250073118682,0.0006665018646772987,0.0008421395279090841,0.0007071468096406152,0.0008014912181103717,0.0007457391996068888,0.0007045555711280406,0.001055909242120012,0.0009623879830235178,0.001024055560293268,0.0008244276549459124,0.0007136681516756438,0.0008379378733963678
r1250,0.00023076121898945397,0.00022248482680934991,0.00021779067402556365,0.00025220886780877695,0.0002470639222461807,0.0002614485660015958,0.0002279614623362303,0.00023670676193946578,0.00022579431649221294,0.00022497381656476462,0.00021198855860393782,0.00019481643504242843,0.00022152385630116916,0.00019103513193987888,0.00022350146208376302,0.0001915880392174202,0.0002193834825781131,0.00022492819288618153,0.00017772112555353463,0.0001860190001215717,0.00018709782973153974,0.00020430657189967995,0.0001871899951468519,0.00017917236353545913,0.00023079495591341877,0.0001905584737313832,0.00022711862185374954,0.00019372970904253997,0.0002231999540372372,0.00015679170527737403,0.0002316178509533356,0.00026396562822841657,0.0002451977039793004,0.00025899039103165477,0.00028547746735023985,0.0002636975255938047,0.00023124576690993048,0.0002319386152650708,0.00021489129026729603,0.0002272697929944673,0.00021942545580636385,0.00023838575628413845,0.00022406215698042993,0.00020022788325723342,0.00021917938287370955,0.00022887349592313227,0.0002183936071938044,0.00023642472327601376,0.00014366451138373695,0.00015154666521974324,0.00019767727135956787,0.00022797405390291025,0.00021691522353169959,0.0002037229746100871,0.0002171361389053737,0.00021228144917104756,0.00016810501436734766,0.00016883860047567045,0.00021866489362993107,0.00022488125182796705,0.00016662546616932468,0.00021053488197727102,0.0001767867024101538,0.00020037280435413314,0.0001864347999017222,0.00017613889278201016,0.00026397731049846487,0.00024059699575587946,0.000256013890073317,0.0002061069137364781,0.000178417037918911,0.00020948446834909195
r1251,0.00023076121898945397,0.00022248482680934991,0.00021779067402556365,0.00025220886780877695,0.0002470639222461807,0.0002614485660015958,0.0002279614623362303,0.00023670676193946578,0.00022579431649221294,0.00022497381656476462,0.00021198855860393782,0.00019481643504242843,0.00022152385630116916,0.00019103513193987888,0.00022350146208376302,0.0001915880392174202,0.0002193834825781131,0.00022492819288618153,0.00017772112555353463,0.0001860190001215717,0.00018709782973153974,0.00020430657189967995,0.0001871899951468519,0.00017917236353545913,0.00023079495591341877,0.0001905584737313832,0.00022711862185374954,0.00019372970904253997,0.0002231999540372372,0.00015679170527737403,0.0002316178509533356,0.00026396562822841657,0.0002451977039793004,0.00025899039103165477,0.00028547746735023985,0.0002636975255938047,0.00023124576690993048,0.0002319386152650708,0.00021489129026729603,0.0002272697929944673,0.00021942545580636385,0.00023838575628413845,0.00022406215698042993,0.00020022788325723336,0.00021917938287370955,0.00022887349592313227,0.0002183936071938044,0.00023642472327601376,0.00014366451138373695,0.00015154666521974324,0.00019767727135956787,0.00022797405390291025,0.00021691522353169959,0.0002037229746100871,0.0002171361389053737,0.00021228144917104756,0.0001681050143673477,0.00016883860047567045,0.00021866489362993107,0.00022488125182796705,0.00016662546616932468,0.00021053488197727102,0.0001767867024101538,0.00020037280435413314,0.0001864347999017222,0.00017613889278201016,0.00026397731049846487,0.00024059699575587946,0.000256013890073317,0.0002061069137364781,0.00017841703791891098,0.00020948446834909195
r1252,0.00023076121898945397,0.00022248482680934991,0.00021779067402556365,0.00025220886780877695,0.0002470639222461807,0.0002614485660015958,0.0002279614623362303,0.00023670676193946578,0.00022579431649221294,0.00022497381656476462,0.00021198855860393782,0.00019481643504242843,0.00022152385630116916,0.00019103513193987888,0.00022350146208376302,0.0001915880392174202,0.0002193834825781131,0.00022492819288618153,0.00017772112555353463,0.0001860190001215717,0.00018709782973153974,0.00020430657189967995,0.0001871899951468519,0.00017917236353545913,0.00023079495591341877,0.0001905584737313832,0.00022711862185374954,0.00019372970904253997,0.0002231999540372372,0.00015679170527737403,0.0002316178509533356,0.00026396562822841657,0.0002451977039793004,0.00025899039103165477,0.00028547746735023985,0.0002636975255938047,0.00023124576690993048,0.0002319386152650708,0.00021489129026729603,0.0002272697929944673,0.00021942545580636385,0.00023838575628413845,0.00022406215698042993,0.00020022788325723336,0.00021917938287370955,0.00022887349592313227,0.0002183936071938044,0.00023642472327601376,0.00014366451138373695,0.00015154666521974324,0.00019767727135956787,0.00022797405390291025,0.00021691522353169959,0.0002037229746100871,0.0002171361389053737,0.00021228144917104756,0.0001681050143673477,0.00016883860047567045,0.00021866489362993107,0.00022488125182796705,0.00016662546616932468,0.00021053488197727102,0.0001767867024101538,0.00020037280435413314,0.0001864347999017222,0.00017613889278201016,0.00026397731049846487,0.00024059699575587946,0.000256013890073317,0.0002061069137364781,0.00017841703791891098,0.00020948446834909195
r1253,0.00023076121898945397,0.00022248482680934991,0.00021779067402556365,0.00025220886780877695,0.0002470639222461807,0.0002614485660015958,0.0002279614623362303,0.00023670676193946578,0.00022579431649221294,0.00022497381656476462,0.00021198855860393782,0.00019481643504242843,0.00022152385630116916,0.00019103513193987888,0.00022350146208376302,0.0001915880392174202,0.0002193834825781131,0.00022492819288618153,0.00017772112555353463,0.0001860190001215717,0.00018709782973153974,0.00020430657189967995,0.0001871899951468519,0.00017917236353545913,0.00023079495591341877,0.0001905584737313832,0.00022711862185374954,0.00019372970904253997,0.0002231999540372372,0.00015679170527737403,0.0002316178509533356,0.00026396562822841657,0.0002451977039793004,0.00025899039103165477,0.00028547746735023985,0.0002636975255938047,0.00023124576690993048,0.0002319386152650708,0.00021489129026729603,0.0002272697929944673,0.00021942545580636385,0.00023838575628413845,0.00022406215698042993,0.00020022788325723336,0.00021917938287370955,0.00022887349592313227,0.0002183936071938044,0.00023642472327601376,0.00014366451138373695,0.00015154666521974324,0.00019767727135956787,0.00022797405390291025,0.00021691522353169959,0.0002037229746100871,0.0002171361389053737,0.00021228144917104756,0.0001681050143673477,0.00016883860047567045,0.00021866489362993107,0.00022488125182796705,0.00016662546616932468,0.00021053488197727102,0.0001767867024101538,0.00020037280435413314,0.0001864347999017222,0.00017613889278201016,0.00026397731049846487,0.00024059699575587946,0.000256013890073317,0.0002061069137364781,0.00017841703791891098,0.00020948446834909195
r1254,0.0009230448777139115,0.0008899393072373997,0.0008711626961022546,0.0010088354712351078,0.0009882556889847227,0.0010457942640063832,0.0009118458493449212,0.0009468270477578631,0.0009031772659688518,0.0008998952662590585,0.0008479542344157513,0.0007792657401697137,0.000886095425143633,0.0007641405277595155,0.0008940058483350521,0.0007663521568696807,0.0008775339303124524,0.0008997127715447261,0.0007108845022141385,0.0007440760004862868,0.000748391318926159,0.0008172262875987198,0.0007487599805874076,0.0007166894541418365,0.0009231798236536751,0.0007622338949255328,0.0009084744874149982,0.0007749188361701599,0.0008927998161489488,0.0006271668211094961,0.0009264714038133424,0.0010558625129136663,0.0009807908159172017,0.001035961564126619,0.0011419098695217588,0.0010547901023752189,0.0009249830676397219,0.0009277544610602832,0.0008595651610691841,0.0009090791719778691,0.0008777018232254554,0.0009535430251365538,0.0008962486279217197,0.0008009115330289335,0.0008767175314948382,0.0009154939836925291,0.0008735744287752176,0.000945698893104055,0.0005746580455349477,0.000606186660878973,0.0007907090854382715,0.000911896215611641,0.0008676608941267988,0.0008148918984403481,0.0008685445556214948,0.00084912579668419,0.0006724200574693904,0.0006753544019026818,0.0008746595745197243,0.0008995250073118682,0.0006665018646772987,0.0008421395279090841,0.0007071468096406152,0.0008014912178961958,0.0007457391996068888,0.0007045555711280406,0.0010559092424442021,0.0009623879830235178,0.001024055560293268,0.0008244276549459124,0.0007136681516756438,0.0008379378733963678
r1255,0.00021691772109975351,0.00020913783405314496,0.00020472528619541129,0.00023707871273272383,0.00023224241541432289,0.0002457641161153396,0.00021428592306404971,0.0002225065871129005,0.0002122487855459778,0.000211477507881211,0.00019927124301589674,0.00018312928502599472,0.00020823451272939988,0.00017957482447195826,0.00021009348079257395,0.00018009456252383155,0.00020622254124654887,0.00021143462119335387,0.00016705953298830242,0.0001748596132872208,0.00017587372328823389,0.0001920501031134895,0.00017596035964725945,0.0001684237103687912,0.00021694943373143,0.00017912676126361266,0.00021349364506700072,0.00018210775234403552,0.00020981006038721937,0.00014738568067524106,0.00021772296282448786,0.0002481301783311033,0.00023048815265491244,0.00024345340847603905,0.0002683515116566317,0.00024787815932778235,0.00021737320031690752,0.00021802448430062568,0.00020199983813682466,0.00021363574736401732,0.00020626199647668945,0.00022408485762090823,0.00021062053927982036,0.00018821609734917866,0.00020603068560083105,0.00021514324323137934,0.00020529204905602206,0.000222241468111127,0.00013504599469538057,0.00014245529358814787,0.00018581849812662562,0.00021429775925540032,0.00020390235448032357,0.00019150151616104244,0.00020411001701363794,0.0001995465629093854,0.0001580202978443401,0.00015870987569999086,0.00020554706086277466,0.00021139049615622932,0.00015662950859390357,0.0001979047732863671,0.00016618116642686727,0.00018835232456973426,0.000175250468999354,0.0001655722192710031,0.0002481411593109858,0.00022616344356460986,0.00024065546952257812,0.0001937424414077556,0.00016771369717051988,0.00019691737457604673
r1256,0.00021691772109975351,0.00020913783405314496,0.00020472528619541129,0.00023707871273272383,0.00023224241541432289,0.0002457641161153396,0.00021428592306404971,0.0002225065871129005,0.0002122487855459778,0.000211477507881211,0.00019927124301589674,0.00018312928502599472,0.00020823451272939988,0.00017957482447195826,0.00021009348079257395,0.00018009456252383155,0.00020622254124654887,0.00021143462119335387,0.00016705953298830242,0.0001748596132872208,0.00017587372328823389,0.0001920501031134895,0.00017596035964725945,0.0001684237103687912,0.00021694943373143,0.00017912676126361266,0.00021349364506700072,0.00018210775234403552,0.00020981006038721937,0.00014738568067524106,0.00021772296282448786,0.0002481301783311033,0.00023048815265491244,0.00024345340847603905,0.0002683515116566317,0.00024787815932778235,0.00021737320031690752,0.00021802448430062568,0.00020199983813682466,0.00021363574736401732,0.00020626199647668945,0.00022408485762090823,0.00021062053927982036,0.00018821609734917866,0.00020603068560083105,0.00021514324323137934,0.00020529204905602206,0.000222241468111127,0.00013504599469538057,0.00014245529358814787,0.00018581849812662562,0.00021429775925540032,0.00020390235448032357,0.00019150151616104244,0.00020411001701363794,0.0001995465629093854,0.0001580202978443401,0.00015870987569999086,0.00020554706086277466,0.00021139049615622932,0.00015662950859390357,0.0001979047732863671,0.00016618116642686727,0.00018835232456973426,0.000175250468999354,0.0001655722192710031,0.0002481411593109858,0.00022616344356460986,0.00024065546952257812,0.0001937424414077556,0.00016771369717051988,0.00019691737457604673
r1257,0.00021691772109975351,0.00020913783405314496,0.00020472528619541129,0.00023707871273272383,0.00023224241541432289,0.0002457641161153396,0.00021428592306404971,0.0002225065871129005,0.0002122487855459778,0.000211477507881211,0.00019927124301589674,0.00018312928502599472,0.00020823451272939988,0.00017957482447195826,0.00021009348079257395,0.00018009456252383155,0.00020622254124654887,0.00021143462119335387,0.00016705953298830242,0.0001748596132872208,0.00017587372328823389,0.0001920501031134895,0.00017596035964725945,0.0001684237103687912,0.00021694943373143,0.00017912676126361266,0.00021349364506700072,0.00018210775234403552,0.00020981006038721937,0.00014738568067524106,0.00021772296282448786,0.0002481301783311033,0.00023048815265491244,0.00024345340847603905,0.0002683515116566317,0.00024787815932778235,0.00021737320031690752,0.00021802448430062568,0.00020199983813682466,0.00021363574736401732,0.00020626199647668945,0.00022408485762090823,0.00021062053927982036,0.00018821609734917866,0.00020603068560083105,0.00021514324323137934,0.00020529204905602206,0.000222241468111127,0.00013504599469538057,0.00014245529358814787,0.00018581849812662562,0.00021429775925540032,0.00020390235448032357,0.00019150151616104244,0.00020411001701363794,0.0001995465629093854,0.0001580202978443401,0.00015870987569999086,0.00020554706086277466,0.00021139049615622932,0.00015662950859390357,0.0001979047732863671,0.00016618116642686727,0.00018835232456973426,0.000175250468999354,0.0001655722192710031,0.0002481411593109858,0.00022616344356460986,0.00024065546952257812,0.0001937424414077556,0.00016771369717051988,0.00019691737457604673
r1258,0.00021691772109975351,0.00020913783405314496,0.00020472528619541129,0.00023707871273272383,0.00023224241541432289,0.0002457641161153396,0.00021428592306404971,0.0002225065871129005,0.0002122487855459778,0.000211477507881211,0.00019927124301589674,0.00018312928502599472,0.00020823451272939988,0.00017957482447195826,0.00021009348079257395,0.00018009456252383155,0.00020622254124654887,0.00021143462119335387,0.00016705953298830242,0.0001748596132872208,0.00017587372328823389,0.0001920501031134895,0.00017596035964725945,0.0001684237103687912,0.00021694943373143,0.00017912676126361266,0.00021349364506700072,0.00018210775234403552,0.00020981006038721937,0.00014738568067524106,0.00021772296282448786,0.0002481301783311033,0.00023048815265491244,0.00024345340847603905,0.0002683515116566317,0.00024787815932778235,0.00021737320031690752,0.00021802448430062568,0.00020199983813682466,0.00021363574736401732,0.00020626199647668945,0.00022408485762090823,0.00021062053927982036,0.00018821609734917866,0.00020603068560083105,0.00021514324323137934,0.00020529204905602206,0.000222241468111127,0.00013504599469538057,0.00014245529358814787,0.00018581849812662562,0.00021429775925540032,0.00020390235448032357,0.00019150151616104244,0.00020411001701363794,0.0001995465629093854,0.0001580202978443401,0.00015870987569999086,0.00020554706086277466,0.00021139049615622932,0.00015662950859390357,0.0001979047732863671,0.00016618116642686727,0.00018835232456973426,0.000175250468999354,0.0001655722192710031,0.0002481411593109858,0.00022616344356460986,0.00024065546952257812,0.0001937424414077556,0.00016771369717051988,0.00019691737457604673
r1259,0.0008676708840757015,0.0008365513362125799,0.0008189011447816451,0.0009483148509308953,0.0009289696616572915,0.0009830564644613584,0.0008571436922561989,0.000890026348451602,0.0008489951421839112,0.000845910031524844,0.0007970849720635869,0.0007325171401039789,0.0008329380508062096,0.000718299297887833,0.0008403739231702958,0.0007203782500953262,0.0008248901649861955,0.0008457384847734155,0.0006682381319532097,0.0006994384531488833,0.0007034948931529355,0.000768200412453958,0.0007038414385890378,0.0006736948414751648,0.00086779773492572,0.0007165070450544506,0.0008539745802680029,0.0007284310093761421,0.0008392402415488775,0.0005895427227009643,0.0008708918512979515,0.0009925207133244132,0.0009219526106196498,0.0009738136339041562,0.0010734060376979774,0.0009915126373111294,0.0008694928012676301,0.0008720979372025027,0.0008079993525472986,0.0008545429894560693,0.0008250479859067578,0.0008963394304836329,0.0008424821571192814,0.0007528643893967146,0.0008241227424033242,0.0008605729729255174,0.0008211681962240882,0.000888965872444508,0.0005401839787815223,0.0005698211743525915,0.0007432739925065025,0.0008571910370216013,0.0008156094179212943,0.0007660060646441697,0.0008164400680545518,0.0007981862516375416,0.0006320811913773604,0.0006348395027999634,0.0008221882434510986,0.0008455619846249173,0.0006265180343756143,0.0007916190931454684,0.0006647246657074691,0.0007534092986116651,0.000701001875997416,0.0006622888770840124,0.0009925646399875988,0.0009046537742584394,0.0009626218780903125,0.0007749697656310224,0.0006708547886820795,0.0007876694983041869
r625,0.03711113250992432,0.035780119002491916,0.03502520304877167,0.04056035385916153,0.03973294118958585,0.04204628665569409,0.03666087421485958,0.0380672975876525,0.036312352756984426,0.036180399556103346,0.03409210400004263,0.03133047466393281,0.0356255752519331,0.030722363643804054,0.035943614786102376,0.030811282463443668,0.035281359301649565,0.03617306233372887,0.028581198604662864,0.029915666863780273,0.03008916477094949,0.03285668312933995,0.030103986858255466,0.02881458740892015,0.03711655804210214,0.03064570723685649,0.03652532819495424,0.03115570685546207,0.035895126114129414,0.025215318967504827,0.03724889642615234,0.04245108183792643,0.03943281505230342,0.041650961751000366,0.045910626363469466,0.04240796544069058,0.03718905768774031,0.03730048190013861,0.0345589227302724,0.03654963961197299,0.03528810945681011,0.038337314281906176,0.03603378601447299,0.032200746420788254,0.03524853588705348,0.03680754790376398,0.03512216705669439,0.03802193999142103,0.0231041972050965,0.02437180905212788,0.03179055576403013,0.03666289919679155,0.0348844126708338,0.03276282872690815,0.034919940389612866,0.034139206804741626,0.02703473088586614,0.027152706563718116,0.03516579547444816,0.0361655132497104,0.026796789218766517,0.03385832301174059,0.02843092421630257,0.03222405271811973,0.029982535988426533,0.028326743154074508,0.04245296060080905,0.03869292689862409,0.041172279406556336,0.033146214986820854,0.028693115572690685,0.03368939497670671
r626,0.020120413365659645,0.01939878241145325,0.01898949226001095,0.02199046568264975,0.021541870239452365,0.022796088687871446,0.01987629839515593,0.02063881405323107,0.01968734173107743,0.01961580112406579,0.01848359720098758,0.0169863342492196,0.019314993964860007,0.016656636816948265,0.019487424350604673,0.016704845623474372,0.019128371602826027,0.019611823127784197,0.015495768830499756,0.016219272835386003,0.016313337591005842,0.017813793373458103,0.016321373630419578,0.015622304425049935,0.020123354907530325,0.016615076279971962,0.01980280988197633,0.016891580995637236,0.019461135416323643,0.01367090159906818,0.020195104347958247,0.023015555080948085,0.021379151897662433,0.022581756762160187,0.024891204278455495,0.022992178814136736,0.020162661787715502,0.020223072264593227,0.01873669068490493,0.019815990718206302,0.019132031310922414,0.020785208063237644,0.019536312171207312,0.017458166454386283,0.01911057584653729,0.019955819957852332,0.019042062898227782,0.02061422268337175,0.012526322071253003,0.013213578768220095,0.017235774815691406,0.019877396272552104,0.018913160431515554,0.01776290865921205,0.018932422370977583,0.018509134764438984,0.014657325817462692,0.014721288279530934,0.019065716765418732,0.0196077302672135,0.014528321813133847,0.01835684897738078,0.015414295089129235,0.017470802348378656,0.01625552703562963,0.015357811605734016,0.023016573683271913,0.02097800931619037,0.022322231223873768,0.01797076785149337,0.015556446462979684,0.01826526185340871
r627,0.002232574457438902,0.0021525018065057834,0.002107086698914068,0.0024400767070751933,0.0023903002581521665,0.0025294691718867218,0.0022054872978502604,0.0022900965427339283,0.0021845205406510987,0.002176582347285924,0.0020509522464853746,0.0018848149529100858,0.002143204584709545,0.0018482315064075171,0.0021623375750663403,0.0018535807876632147,0.0021224968432187524,0.0021761409461711115,0.0017194208220591097,0.0017997013079422033,0.001810138795827042,0.0019766303680199293,0.0018110304801084753,0.0017334612958414132,0.0022329008528825037,0.0018436199215655725,0.002197332963520332,0.0018743010688331183,0.0021594205374229018,0.0015169323395876288,0.00224086221854253,0.0025538213089201203,0.002372244922656072,0.002505686758769238,0.002761944592143408,0.0025512274627975365,0.002237262370467069,0.002243965557185344,0.0020790356678977054,0.0021987955178804195,0.0021229029268647085,0.0023063405195113008,0.0021677622001758613,0.0019371697684055814,0.002120522214257655,0.0022143110633696386,0.0021129199719170134,0.002287367867968477,0.001389929033449345,0.0014661874939226969,0.001912493044171595,0.00220560911905679,0.002098616868424431,0.0019709841662627755,0.0021007541860461982,0.0020537859115215096,0.0016263866273382652,0.0016334839446971723,0.002115544620762465,0.0021756867996383378,0.001612072257164172,0.002036888179241446,0.001710380441494849,0.0019385718556123224,0.0018037240981288545,0.0017041129965868547,0.0025539343337118627,0.0023277338748505594,0.0024768896323235042,0.001994048360571187,0.0017261536525408018,0.0020267256110131342
r988,1.0942665953082201e-05,1.0550200533521689e-05,1.0327604440502862e-05,1.1959710555880258e-05,1.1715737929981728e-05,1.23978558002173e-05,1.0809901852871026e-05,1.122460278265172e-05,1.0707136088716853e-05,1.0668228092624429e-05,1.0052468908364356e-05,9.238169121010773e-06,1.0504631440822908e-05,9.058860236975034e-06,1.0598409241361802e-05,9.085079025636324e-06,1.0403135207619347e-05,1.0666064623928185e-05,8.427511846637593e-06,8.820995941487242e-06,8.872153896346309e-06,9.688190133095235e-06,8.876524367931173e-06,8.496329356356376e-06,1.094426573681889e-05,9.036257168901962e-06,1.0769934470665771e-05,9.186636720404672e-06,1.0584111770386834e-05,7.435041554930591e-06,1.098328730882413e-05,1.2517214552133618e-05,1.1627242111019798e-05,1.2281289474092906e-05,1.3537303068233415e-05,1.250450116129527e-05,1.0965643133580443e-05,1.0998497909301282e-05,1.0190116053036653e-05,1.077710298580637e-05,1.0405125572452154e-05,1.1304220468427903e-05,1.0624997317874286e-05,9.494779266797205e-06,1.039345682711537e-05,1.0853150362771871e-05,1.0356195450165167e-05,1.1211228547201934e-05,6.812551787846854e-06,7.186322461553035e-06,9.373829594006184e-06,1.0810498943268001e-05,1.0286090695947366e-05,9.660516028195237e-06,1.0296566473224447e-05,1.0066357739623725e-05,7.971517148833853e-06,8.006303703326022e-06,1.0369059816441607e-05,1.0663838685265607e-05,7.901357172479197e-06,9.983535758439963e-06,8.383201626983405e-06,9.501651410249935e-06,8.840713111082739e-06,8.352482581632418e-06,1.251776852807666e-05,1.1409077146472015e-05,1.214014419938353e-05,9.773562100613111e-06,8.460511917311338e-06,9.93372528561238e-06
r628,0.0025611905810511127,0.0024693319114840744,0.002417232083228052,0.0027992354111102398,0.0027421322888761543,0.0029017856925261046,0.002530116420108933,0.0026271794319802106,0.0025060635331493287,0.0024969569046963767,0.002352835113015584,0.0021622438115480947,0.0024586662170813047,0.0021202755903796727,0.002480615422191076,0.002126412240703623,0.0024349104707569913,0.002496450533061624,0.001972505060087776,0.0020646021561558947,0.002076575954194935,0.002267573681103436,0.0020775988868793373,0.001988612173149516,0.002561565019150173,0.0021149852191575383,0.0025207618365648246,0.0021501823724420135,0.002477269021217954,0.0017402119814183088,0.0025706982306642726,0.0029297222586686517,0.0027214193603302683,0.002874502708853059,0.003168479533219038,0.002926746620281443,0.0025665685153244914,0.0025742583545720335,0.002385052177116309,0.0025224396665869554,0.0024353763264894513,0.002645814385086644,0.0024868385063484483,0.002222304814160099,0.0024326451930730244,0.0025402389694655033,0.0024239239648009532,0.002624049119311469,0.0015945148601599843,0.0016819979226123981,0.002193995884319623,0.002530256172369243,0.002407515565151418,0.0022610964060853734,0.0024099674778942804,0.0023560858696370346,0.0018657770168456968,0.0018739189994388392,0.002426934939811949,0.002495929539990919,0.001849355692154185,0.002336700933733724,0.0019621340117793296,0.002223913276774076,0.0020692170671172184,0.0019549440518601318,0.002929851919756136,0.002670356661833313,0.0028414668883596345,0.0022875554552003598,0.001980228906410601,0.002325042521205123
r629,0.0009749803657814635,0.0009400120975404043,0.0009201790128859384,0.0010655980016577382,0.0010438602897455687,0.001104636295654899,0.0009631512199826672,0.0010001006494855939,0.0009539948953032476,0.0009505282325699918,0.0008956647178399201,0.0008231114380510821,0.0009359519378993919,0.0008071351995279835,0.0009443074441959028,0.000809471266832691,0.0009269087271316925,0.0009503354697176975,0.0007508827024503993,0.0007859417336198227,0.0007904998551740202,0.0008632078508313578,0.0007908892597307085,0.0007570142723151349,0.0009751229048792898,0.000805121289236638,0.0009595901670282146,0.0008185199537630709,0.0009430335541273678,0.0006624546126060614,0.0009785996871104355,0.0011152710386052498,0.0010359754026155424,0.0010942503549920064,0.0012061598840493817,0.0011141382884598066,0.0009770276091079853,0.0009799549360854619,0.0009079289379154281,0.0009602288744093827,0.0009270860666064651,0.0010071945040118642,0.0009466764146711703,0.0008459751400844625,0.0009260463933088018,0.0009670046180653116,0.0009227264426601942,0.0009989090187598837,0.0006069914098172047,0.0006402939952868626,0.0008351986477082402,0.0009632044201275076,0.000916480180624658,0.0008607421163354167,0.0009174135616860235,0.0008969021985269479,0.0007102540403706734,0.0007133534868646514,0.0009238726445630511,0.0009501371408551743,0.0007040028580991161,0.000889522844550914,0.0007469347071125606,0.000846587441050788,0.0007876985133028379,0.000744197671530813,0.0011153203972962581,0.001016537126984403,0.001081674455101202,0.0008708144059866506,0.0007538229750598579,0.0008850847822701674
r630,0.0010629613378080071,0.0010248375780945967,0.001003214781434201,0.0011617561923924263,0.001138056897364547,0.001204317251742277,0.0010500647451332033,0.00109034844354819,0.0010400821655118801,0.001036302675600084,0.0009764883479878719,0.0008973879537097904,0.001020411034878759,0.0008799700400064299,0.001029520531298088,0.0008825169110148846,0.001010551776422812,0.0010360925180763572,0.0008186413900692552,0.0008568641030407449,0.00086183354361123,0.0009411026151184461,0.0008622580875333988,0.0008253262648985638,0.0010631167394503714,0.0008777743970451503,0.0010461823473482633,0.0008923821397953774,0.001028131687031071,0.0007222336633296454,0.001066907262030509,0.0012159116601944808,0.001129460488178932,0.001192994097175391,0.0013150021979487301,0.0012146766921353677,0.0010651933217346104,0.0010683848069269154,0.0009898592754815606,0.0010468786908605864,0.0010107451187833004,0.001098082438367066,0.0010321032746168212,0.000922314846756674,0.001009611626706789,0.0010542658688940411,0.0010059920879891334,0.0010890492816011093,0.0006617655325808722,0.0006980733004556849,0.0009105658975930408,0.00105012274599057,0.0009991821713153024,0.0009384143759184866,0.001000199779481061,0.0009778374973377056,0.0007743464498701262,0.00077772558642234,0.0010072417216749176,0.0010358762922728106,0.0007675311689645149,0.0009697922399665621,0.0008143371327187952,0.0009229824009733011,0.0008587794122588897,0.0008113531105725948,0.001215965472950171,0.0011082681275994492,0.0011792833642814476,0.0009493955760105351,0.0008218469890906932,0.000964953692663677
r941,5.083780224036106e-05,4.9014473311986184e-05,4.798032896316955e-05,5.556282195752703e-05,5.4429365799706786e-05,5.7598371738509536e-05,5.022100235812997e-05,5.2147633761069436e-05,4.974356974549704e-05,4.956280968031766e-05,4.670209513677606e-05,4.291899404136255e-05,4.880276690215642e-05,4.2085954850946515e-05,4.923844293382671e-05,4.220776297326876e-05,4.833123231873155e-05,4.955275856533302e-05,3.915281545417048e-05,4.098087697815948e-05,4.121854831010889e-05,4.500971666000494e-05,4.1238852792680244e-05,3.9472530134738995e-05,5.0845234568971084e-05,4.1980944763857026e-05,5.003532056163473e-05,4.267958309688004e-05,4.9172019266588836e-05,3.4541963890615036e-05,5.102652228891211e-05,5.815289260678743e-05,5.401822897411282e-05,5.7056824015056625e-05,6.28920538378344e-05,5.8093828311850934e-05,5.0944550391425814e-05,5.109718820362888e-05,4.734158082973277e-05,5.006862428822542e-05,4.834047922201729e-05,5.251752425957129e-05,4.936196670595762e-05,4.411116201032867e-05,4.828626817597349e-05,5.0421927727044326e-05,4.811315802889233e-05,5.2085499292208984e-05,3.164998018103851e-05,3.338645643596514e-05,4.3549249988820395e-05,5.0223776340599246e-05,4.778746302492213e-05,4.488114738099037e-05,4.7836131740188576e-05,4.6766620332001884e-05,3.70343400872906e-05,3.7195952621702135e-05,4.8172923730551636e-05,4.954241722529646e-05,3.6708388530476274e-05,4.638184321108567e-05,3.894695755869373e-05,4.414308884345283e-05,4.1072479661905216e-05,3.880424199383394e-05,5.8155466286689485e-05,5.3004670909651236e-05,5.6401086592969324e-05,4.540634059243175e-05,3.930612828250893e-05,4.615043205607418e-05
r944,0.00016805837559626585,0.0001620308589772039,0.0001586122096309463,0.00018367823135975538,0.00017993127944015356,0.00019040730253438732,0.00016601937348154763,0.00017238838491953032,0.00016444108831185415,0.00016384353606553367,0.0001543866552004021,0.0001418805712079102,0.0001613310050541116,0.0001391267304244823,0.00016277125232960467,0.0001395294007656415,0.00015977221744655184,0.0001638103093330077,0.00012943042923331405,0.00013547359075235618,0.00013625927888624465,0.00014879203141325434,0.00013632640095305096,0.0001304873342823676,0.00016808294520820924,0.00013877959062142704,0.00016540555109502414,0.00014108913230503496,0.0001625516705789152,0.00011418798778742024,0.0001686822417628634,0.00019224042419288076,0.00017857215327788466,0.00018861706718390837,0.00020790702863051784,0.00019204517087693625,0.0001684112610491229,0.0001689158474325415,0.0001565006515188746,0.00016551564574792971,0.00015980278563551786,0.00017361115997248806,0.00016317959422435644,0.00014582161121107703,0.00015962357607224008,0.00016668358770064733,0.0001590513127399241,0.0001721829822969729,0.00010462773807040095,0.00011036813922473665,0.00014396405605721313,0.0001660285436456219,0.0001579746380825843,0.00014836701020402482,0.00015813552594298716,0.00015459996102828614,0.00012242722466488602,0.00012296147946765632,0.00015924888474922822,0.00016377612318153295,0.00012134970190136656,0.00015332797413943416,0.0001287499091873467,0.00014592715416290267,0.00013577640868610126,0.0001282781235289258,0.00019224893220157869,0.00017522155757194606,0.00018644934629281554,0.0001501031812047246,0.00012993724706872735,0.0001525629807468754
r948,4.815912880392947e-05,4.643187213971785e-05,4.545221745950477e-05,5.263518447770218e-05,5.156145078559665e-05,5.456347995408134e-05,4.7574828467062594e-05,4.939994453823282e-05,4.712255205711322e-05,4.695131634514397e-05,4.424133451858271e-05,4.065756722528178e-05,4.623132066403831e-05,3.986842135543699e-05,4.664404067161834e-05,3.998381133678485e-05,4.578463151269972e-05,4.694179482926727e-05,3.7089830783378984e-05,3.8821570679982904e-05,3.904671897089911e-05,4.2638128450341e-05,3.906595359844709e-05,3.739269951104759e-05,4.8166169518812296e-05,3.976894431105289e-05,4.739893035266966e-05,4.043077098303098e-05,4.658111690612956e-05,3.272192767664765e-05,4.83379050831062e-05,5.508878279454638e-05,5.117197699901941e-05,5.405046669587762e-05,5.957823485758976e-05,5.50328306317422e-05,4.826025233268476e-05,4.840484756958116e-05,4.4847125337583166e-05,4.743047928649157e-05,4.579339119126077e-05,4.975034529073738e-05,4.6761055904186304e-05,4.178691916897727e-05,4.574203655683586e-05,4.776516696115745e-05,4.557804768432065e-05,4.93410839707585e-05,2.998232427463849e-05,3.1627304583397465e-05,4.125461461945429e-05,4.757745628677843e-05,4.5269513739976676e-05,4.251633356158841e-05,4.531561807226384e-05,4.430245984365649e-05,3.508297911856565e-05,3.523607619432546e-05,4.5634664296318525e-05,4.6931998380465826e-05,3.477420213929646e-05,4.393795685355088e-05,3.6894819660421746e-05,4.181716375865206e-05,3.890834676492142e-05,3.675962386187183e-05,5.5091220865754036e-05,5.021182389983777e-05,5.342928046082856e-05,4.301385403655249e-05,3.7235065469417084e-05,4.3718738887200316e-05
r951,1.071469374572632e-05,1.033040468907332e-05,1.011244601465905e-05,1.1710549919299418e-05,1.1471660056440442e-05,1.2139567137712773e-05,1.0584695564269546e-05,1.0990756891346473e-05,1.0484070753535251e-05,1.0445973340694752e-05,9.84304247277343e-06,9.045707264323048e-06,1.028578495247243e-05,8.870133982038053e-06,1.037760904883343e-05,8.895806545935567e-06,1.0186403224127275e-05,1.0443854944263013e-05,8.251938683165976e-06,8.637225192706258e-06,8.687317356839094e-06,9.48635283865575e-06,8.691596776932608e-06,8.319322494765618e-06,1.0716260200635163e-05,8.848001811216503e-06,1.0545560835860232e-05,8.99524845539624e-06,1.036360944183711e-05,7.280144855869537e-06,1.0754468823223626e-05,1.2256439248964168e-05,1.1385007900373552e-05,1.2025429276715972e-05,1.3255275920978552e-05,1.2243990720434952e-05,1.0737192234964183e-05,1.076936253619084e-05,9.977821968598388e-06,1.0552580006935402e-05,1.0188352123026066e-05,1.1068715875335654e-05,1.0403643207085238e-05,9.296971365405594e-06,1.0176926476550465e-05,1.0627043063547457e-05,1.0140441378286726e-05,1.0977661285801893e-05,6.670623625600045e-06,7.036607410270679e-06,9.178541477464389e-06,1.058528021528325e-05,1.0071797139781796e-05,9.459255277607836e-06,1.0082054671698937e-05,9.856641953381561e-06,7.805443874899812e-06,7.839505709506728e-06,1.0153037736932407e-05,1.0441675379322574e-05,7.736745564719214e-06,9.77554543013913e-06,8.208551593087917e-06,9.303700339203062e-06,8.656531587935182e-06,8.178472527848408e-06,1.2256981683741728e-05,1.1171388039253848e-05,1.188722452856304e-05,9.569946223517006e-06,8.284251252367352e-06,9.726772675495457e-06
r639,1.3222388026640992e-05,1.2748158978005376e-05,1.2479188698940957e-05,1.4451316921688644e-05,1.4156516665394588e-05,1.498074242526257e-05,1.3061964738885823e-05,1.3563061695704159e-05,1.2937789440532862e-05,1.2890775611921186e-05,1.2146733264273597e-05,1.1162787687888017e-05,1.269309632432768e-05,1.0946122786344833e-05,1.2806411166645513e-05,1.0977803822643892e-05,1.2570455042540044e-05,1.288816142057989e-05,1.0183243481353757e-05,1.0658703429297084e-05,1.0720519291418455e-05,1.1706563077490075e-05,1.0725800277916836e-05,1.0266397972263955e-05,1.3224321098656157e-05,1.0918810745756537e-05,1.3013670818721142e-05,1.1100519370488979e-05,1.2789135055884093e-05,8.98400854554113e-06,1.3271472164829157e-05,1.5124967583828123e-05,1.4049584217482256e-05,1.4839891447862264e-05,1.6357574540782045e-05,1.5109605569898452e-05,1.3250152119743038e-05,1.3289851640405715e-05,1.2313056897419287e-05,1.3022332774516029e-05,1.257286006671302e-05,1.3659266399350382e-05,1.2838538425764765e-05,1.1472858280713287e-05,1.2558760332764404e-05,1.3114223355016013e-05,1.2513736168949578e-05,1.3546901161202337e-05,8.231833410314948e-06,8.683472974376584e-06,1.132671075942414e-05,1.3062686223115501e-05,1.2429026257603067e-05,1.1673123534069245e-05,1.244168448847954e-05,1.2163515602045333e-05,9.632249888174237e-06,9.674283641518942e-06,1.252928061153361e-05,1.2885471744695942e-05,9.547473250079031e-06,1.2063439041448292e-05,1.012970196593828e-05,1.1481162120718674e-05,1.068252834255831e-05,1.0092583119472504e-05,1.5125636971425964e-05,1.3785968218653685e-05,1.4669340907588432e-05,1.1809720871574178e-05,1.02231185667512e-05,1.2003251386781627e-05
r985,1.0942665953082201e-05,1.0550200533521689e-05,1.0327604440502862e-05,1.1959710555880258e-05,1.1715737929981728e-05,1.23978558002173e-05,1.0809901852871026e-05,1.122460278265172e-05,1.0707136088716853e-05,1.0668228092624429e-05,1.0052468908364356e-05,9.238169121010773e-06,1.0504631440822908e-05,9.058860236975034e-06,1.0598409241361802e-05,9.085079025636324e-06,1.0403135207619347e-05,1.0666064623928185e-05,8.427511846637593e-06,8.820995941487242e-06,8.872153896346309e-06,9.688190133095235e-06,8.876524367931173e-06,8.496329356356376e-06,1.094426573681889e-05,9.036257168901962e-06,1.0769934470665771e-05,9.186636720404672e-06,1.0584111770386834e-05,7.435041554930591e-06,1.098328730882413e-05,1.2517214552133618e-05,1.1627242111019798e-05,1.2281289474092906e-05,1.3537303068233415e-05,1.250450116129527e-05,1.0965643133580443e-05,1.0998497909301282e-05,1.0190116053036653e-05,1.077710298580637e-05,1.0405125572452154e-05,1.1304220468427903e-05,1.0624997317874286e-05,9.494779266797205e-06,1.039345682711537e-05,1.0853150362771871e-05,1.0356195450165167e-05,1.1211228547201934e-05,6.812551787846854e-06,7.186322461553035e-06,9.373829594006184e-06,1.0810498943268001e-05,1.0286090695947366e-05,9.660516028195237e-06,1.0296566473224447e-05,1.0066357739623725e-05,7.971517148833853e-06,8.006303703326022e-06,1.0369059816441607e-05,1.0663838685265607e-05,7.901357172479197e-06,9.983535758439963e-06,8.383201626983405e-06,9.501651410249935e-06,8.840713111082739e-06,8.352482581632418e-06,1.251776852807666e-05,1.1409077146472015e-05,1.214014419938353e-05,9.773562100613111e-06,8.460511917311338e-06,9.93372528561238e-06
r643,3.106121325223854e-05,2.9947183806090214e-05,2.9315335521219054e-05,3.394813673413928e-05,3.3255610270000224e-05,3.519183026624181e-05,3.068435682195162e-05,3.1861502690339515e-05,3.0392651918493143e-05,3.02822099504183e-05,2.85343518492634e-05,2.622292797370245e-05,2.9817834037752523e-05,2.5713952235163506e-05,3.0084026231990533e-05,2.5788375359228103e-05,2.9529732750794497e-05,3.027606885437948e-05,2.392184352300775e-05,2.5038764521409094e-05,2.518397850785801e-05,2.7500331367379704e-05,2.519638427355463e-05,2.4117184891740752e-05,3.106575430503278e-05,2.5649792484643583e-05,3.0570907742254404e-05,2.6076651107398685e-05,3.0043442264900134e-05,2.1104675247068604e-05,3.1176518663068495e-05,3.5530635056837616e-05,3.300441120055099e-05,3.486095189260746e-05,3.8426198813475056e-05,3.549454756721835e-05,3.112643493646532e-05,3.121969458629791e-05,2.8925069004713414e-05,3.059125587116912e-05,2.953538248430429e-05,3.2087500808818785e-05,3.0159497595007743e-05,2.6951326564606645e-05,2.9502260264468102e-05,3.080711951932641e-05,2.9396492293437584e-05,3.1823539365755485e-05,1.9337712106127786e-05,2.0398675737220855e-05,2.660800587881964e-05,3.068605168792219e-05,2.9197497027558923e-05,2.7421777267533353e-05,2.9227232957850645e-05,2.8573775875494426e-05,2.2627483573512754e-05,2.272622665787855e-05,2.9433008333128523e-05,3.0269750434738314e-05,2.242833155729772e-05,2.8338682230988444e-05,2.3796067118260183e-05,2.6970833430136537e-05,2.5094732528854646e-05,2.370886982807118e-05,3.553220754063427e-05,3.238514085847525e-05,3.44603051492918e-05,2.7742663254344512e-05,2.401551559861812e-05,2.8197293128430977e-05
r644,0.0027112880523047418,0.002614046044958491,0.002558892928699682,0.0029632833971366557,0.002902833771010421,0.0030718435936407406,0.0026783928035398687,0.0027811441514303116,0.0026529303074962333,0.0026432899890037552,0.002490722001774738,0.0022889611791459354,0.0026027552921274798,0.0022445334284458165,0.0026259908209522362,0.002251029714519801,0.002577607350518129,0.0026427539416773714,0.002088102869850397,0.002185597276580167,0.0021982727938978344,0.0024004638603556277,0.0021993556751117712,0.0021051539333380247,0.002711684434187379,0.0022389330172960385,0.0026684899986548784,0.002276192884594227,0.002622448305590915,0.0018421963553218548,0.0027213528936298565,0.0031014173702136765,0.002880906970205283,0.0030429617024565255,0.003354166912039507,0.003098267345819978,0.002716981158100682,0.0027251216570663827,0.0025248271330456725,0.0026702661571830467,0.0025781005075252105,0.0028008711979400623,0.002632578606277234,0.0023525420309560867,0.0025752093172108333,0.002689108580543106,0.002565976985110899,0.0027778303881354086,0.0016879607170036883,0.0017805706866643285,0.0023225740684710327,0.0026785407459212224,0.00254860697826472,0.002393606987423995,0.00255120258429818,0.0024941632675883384,0.0019751200755870526,0.0019837392155644456,0.0025691644170160056,0.002642202416032077,0.0019577363862323775,0.002473642285862813,0.0020771240307212026,0.002354244756829016,0.0021904826424113772,0.0020695127062966574,0.0031015546300333647,0.0028268517642485213,0.003007989831927023,0.0024216166577201294,0.0020962793688613845,0.002461300637087631
r645r,0.0012316772992363907,0.0011875024381851117,0.001162447615544494,0.0013461531276083992,0.0013186922194309298,0.0013954695879236586,0.0012167337261542218,0.00126341135694119,0.0012051666857830659,0.0012007873054975587,0.001131479093741736,0.0010398236811433165,0.0011823733026285175,0.0010196411513132778,0.0011929286817830406,0.0010225922682482228,0.0011709491572757468,0.0012005437912303593,0.0009485782600926032,0.00099286778051796,0.0009986259834956835,0.0010904768462075111,0.0009991179121226852,0.00095632417547319,0.0012318573666277026,0.001017097010245821,0.001212235104192884,0.001034023331550829,0.0011913193965766879,0.0008368684506455075,0.0012362495307150871,0.0014089042907493546,0.0013087313660374257,0.001382349193098633,0.0015237227338855042,0.0014074733053789652,0.0012342635494007918,0.0012379615953431941,0.0011469722892869976,0.0012130419731410695,0.0011711731874336879,0.0012723729113383287,0.0011959213647737487,0.001068707034859315,0.0011698597845752336,0.0012216016630993013,0.0011656657433493905,0.0012619059886635902,0.0007668026624352743,0.0008088732927458454,0.0010550932622224185,0.001216800933057064,0.001157774939160646,0.0010873619227575804,0.0011589540647155483,0.0011330423835514076,0.0008972527128936748,0.0009011681947031682,0.00116711372211249,0.001200293245510336,0.0008893556930484652,0.0011237201622079798,0.0009435908199289132,0.0010694805450006386,0.0009950870925485103,0.0009401331661016605,0.001408966644804234,0.0012841752994011662,0.0013664622573647451,0.0011000860872127437,0.0009522926600474514,0.0011181136282144345
r664,0.00012548410992814068,0.00012098354543478224,0.00011843094328776321,0.00013714698415701054,0.0001343492484005713,0.0001421713782343419,0.00012396164867264407,0.00012871719702649333,0.00012278319083601984,0.000122337016633163,0.00011527584950092591,0.0001059379345477643,0.0001204609856616833,0.00010388172486249146,0.00012153637477454642,0.00010418238663656573,0.00011929708606544098,0.0001223122072361778,9.664178980866275e-05,0.00010115403587600979,0.00010174068546019323,0.00011109851300209186,0.00010179080347888672,9.743094886657038e-05,0.0001255024553148259,0.00010362252606295251,0.00012350332604782054,0.00010534699103818059,0.00012137241971759686,8.526071944437031e-05,0.0001259499319399983,0.00014354011477537966,0.00013333442997127693,0.00014083466360337088,0.00015523789482637756,0.00014339432502539001,0.00012574759883073928,0.00012612435823341998,0.00011685430666186007,0.0001235855303978191,0.00011931991040829733,0.00012963020620332464,0.00012184127132628025,0.00010888059001039132,0.00011918610004354325,0.00012445759735588957,0.00011875880830848153,0.00012856382909599254,7.812236991448486e-05,8.24085539676543e-05,0.00010749360971679978,0.00012396849575701388,0.00011795488788155176,0.00011078116251032653,0.00011807501798449524,0.00011543511851599008,9.141270861115647e-05,9.181162052591587e-05,0.00011890632935672614,0.0001222866814700596,9.060815492897419e-05,0.00011448536434859711,9.613366605729663e-05,0.00010895939574275696,0.00010138014087524872,9.578139796465466e-05,0.00014354646744834182,0.00013083264142073903,0.00013921609192774743,0.00011207750892527243,9.702021536910801e-05,0.00011391416690231953
r665,0.0012316772992363907,0.0011875024381851117,0.001162447615544494,0.0013461531276083992,0.0013186922194309298,0.0013954695879236586,0.0012167337261542218,0.00126341135694119,0.0012051666857830659,0.0012007873054975587,0.001131479093741736,0.0010398236811433165,0.0011823733026285175,0.0010196411513132778,0.0011929286817830406,0.0010225922682482228,0.0011709491572757468,0.0012005437912303593,0.0009485782600926032,0.00099286778051796,0.0009986259834956835,0.0010904768462075111,0.0009991179121226852,0.00095632417547319,0.0012318573666277026,0.001017097010245821,0.001212235104192884,0.001034023331550829,0.0011913193965766879,0.0008368684506455075,0.0012362495307150871,0.0014089042907493546,0.0013087313660374257,0.001382349193098633,0.0015237227338855042,0.0014074733053789652,0.0012342635494007918,0.0012379615953431941,0.0011469722892869976,0.0012130419731410695,0.0011711731874336879,0.0012723729113383287,0.0011959213647737487,0.001068707034859315,0.0011698597845752336,0.0012216016630993013,0.0011656657433493905,0.0012619059886635902,0.0007668026624352743,0.0008088732927458454,0.0010550932622224185,0.001216800933057064,0.001157774939160646,0.0010873619227575804,0.0011589540647155483,0.0011330423835514076,0.0008972527128936748,0.0009011681947031682,0.00116711372211249,0.001200293245510336,0.0008893556930484652,0.0011237201622079798,0.0009435908199289132,0.0010694805450006386,0.0009950870925485103,0.0009401331661016605,0.001408966644804234,0.0012841752994011662,0.0013664622573647451,0.0011000860872127437,0.0009522926600474514,0.0011181136282144345
r671,0.06032144606636562,0.05815798044103831,0.05693091947827202,0.06592790443928992,0.06458300533902428,0.06834318009869786,0.05958958396395154,0.061875622839367594,0.059023087689051644,0.05880860736059217,0.05541423485735851,0.05092540727957188,0.05790678081753627,0.04993696705632487,0.05842373094300694,0.05008149812882025,0.05734728283200166,0.05879668123940411,0.04645665905458973,0.04862574012744842,0.04890774835360903,0.053406148108687476,0.048931840578220594,0.04683601557691452,0.06033026487421412,0.04981236764357206,0.05936926376954506,0.05064133492123076,0.05834491613425743,0.040985666571554884,0.06054537128989302,0.06900114521863657,0.06409517213699664,0.06770060822593715,0.0746243831636367,0.06893106265164017,0.06044810777386219,0.060629219725023324,0.05617301474236454,0.059408780209257606,0.05735825471814249,0.06231451533220881,0.058570297714782005,0.05233997070821959,0.05729393075947347,0.05982799137477994,0.05708852741903549,0.06180189736645066,0.03755419173050578,0.0396146025693111,0.051673235636959094,0.05959287542476485,0.056702074961409846,0.053253594605426245,0.05675982268364978,0.055490797039675764,0.04394298828294661,0.04413474916458469,0.057159442238134364,0.05878441075252666,0.04355623141329158,0.05503424086840031,0.046212398968746016,0.05237785339900277,0.04873443102484358,0.0460430602312487,0.0690041990110226,0.06289253776992698,0.06692254489910171,0.05387676107962978,0.046638571944178746,0.05475966063693825
r794,8.212698769995547e-05,7.918145296252475e-05,7.751082291023241e-05,8.976011932824715e-05,8.792905394324828e-05,9.304849066725587e-05,8.113056546868307e-05,8.424298234271418e-05,8.035928699917179e-05,8.006727438266561e-05,7.544587342163041e-05,6.933438387175274e-05,7.883944742825942e-05,6.7988633341047e-05,7.95432693583456e-05,6.818541081219763e-05,7.807769705301812e-05,8.005103709937767e-05,6.325023214064983e-05,6.620341224834956e-05,6.658736335747412e-05,7.271188532182411e-05,6.662016465723344e-05,6.37667218880705e-05,8.213899441018758e-05,6.781899260618607e-05,8.083060193869466e-05,6.894762246928715e-05,7.943596386003869e-05,5.5801535836744695e-05,8.24318594375811e-05,9.39443029667945e-05,8.726487438531006e-05,9.217363610504104e-05,0.00010160027979856431,9.384888631992961e-05,8.22994362265074e-05,8.254601816303724e-05,7.647894391888446e-05,8.088440313826552e-05,7.809263515574768e-05,8.484052966148231e-05,7.97428184117544e-05,7.126029647632693e-05,7.800505879100648e-05,8.145515454559514e-05,7.772540439420835e-05,8.414260591936452e-05,5.1129620449413104e-05,5.3934847224468345e-05,7.035254398418183e-05,8.113504675650618e-05,7.719925360864662e-05,7.250418539911113e-05,7.727787649956474e-05,7.555011199373847e-05,5.9827896934737394e-05,6.0088977273399986e-05,7.782195414318936e-05,8.003433096597782e-05,5.9301331695533975e-05,7.492851577037495e-05,6.291767471084941e-05,7.131187334463624e-05,6.635139371390741e-05,6.268712187568914e-05,9.39484606716587e-05,8.562750087534464e-05,9.111431141308161e-05,7.335261972387237e-05,6.349790454607104e-05,7.455467779462208e-05
r797,8.212698769995547e-05,7.918145296252475e-05,7.751082291023241e-05,8.976011932824715e-05,8.792905394324828e-05,9.304849066725587e-05,8.113056546868307e-05,8.424298234271418e-05,8.035928699917179e-05,8.006727438266561e-05,7.544587342163041e-05,6.933438387175274e-05,7.883944742825942e-05,6.7988633341047e-05,7.95432693583456e-05,6.818541081219763e-05,7.807769705301812e-05,8.005103709937767e-05,6.325023214064983e-05,6.620341224834956e-05,6.658736335747412e-05,7.271188532182411e-05,6.662016465723344e-05,6.37667218880705e-05,8.213899441018758e-05,6.781899260618607e-05,8.083060193869466e-05,6.894762246928715e-05,7.943596386003869e-05,5.5801535836744695e-05,8.24318594375811e-05,9.39443029667945e-05,8.726487438531006e-05,9.217363610504104e-05,0.00010160027979856431,9.384888631992961e-05,8.22994362265074e-05,8.254601816303724e-05,7.647894391888446e-05,8.088440313826552e-05,7.809263515574768e-05,8.484052966148231e-05,7.97428184117544e-05,7.126029647632693e-05,7.800505879100648e-05,8.145515454559514e-05,7.772540439420835e-05,8.414260591936452e-05,5.1129620449413104e-05,5.3934847224468345e-05,7.035254398418183e-05,8.113504675650618e-05,7.719925360864662e-05,7.250418539911113e-05,7.727787649956474e-05,7.555011199373847e-05,5.9827896934737394e-05,6.0088977273399986e-05,7.782195414318936e-05,8.003433096597782e-05,5.9301331695533975e-05,7.492851577037495e-05,6.291767471084941e-05,7.131187334463624e-05,6.635139371390741e-05,6.268712187568914e-05,9.39484606716587e-05,8.562750087534464e-05,9.111431141308161e-05,7.335261972387237e-05,6.349790454607104e-05,7.455467779462208e-05
r798,8.212698769995547e-05,7.918145296252475e-05,7.751082291023241e-05,8.976011932824715e-05,8.792905394324828e-05,9.304849066725587e-05,8.113056546868307e-05,8.424298234271418e-05,8.035928699917179e-05,8.006727438266561e-05,7.544587342163041e-05,6.933438387175274e-05,7.883944742825942e-05,6.7988633341047e-05,7.95432693583456e-05,6.818541081219763e-05,7.807769705301812e-05,8.005103709937767e-05,6.325023214064983e-05,6.620341224834956e-05,6.658736335747412e-05,7.271188532182411e-05,6.662016465723344e-05,6.37667218880705e-05,8.213899441018758e-05,6.781899260618607e-05,8.083060193869466e-05,6.894762246928715e-05,7.943596386003869e-05,5.5801535836744695e-05,8.24318594375811e-05,9.39443029667945e-05,8.726487438531006e-05,9.217363610504104e-05,0.00010160027979856431,9.384888631992961e-05,8.22994362265074e-05,8.254601816303724e-05,7.647894391888446e-05,8.088440313826552e-05,7.809263515574768e-05,8.484052966148231e-05,7.97428184117544e-05,7.126029647632693e-05,7.800505879100648e-05,8.145515454559514e-05,7.772540439420835e-05,8.414260591936452e-05,5.1129620449413104e-05,5.3934847224468345e-05,7.035254398418183e-05,8.113504675650618e-05,7.719925360864662e-05,7.250418539911113e-05,7.727787649956474e-05,7.555011199373847e-05,5.9827896934737394e-05,6.0088977273399986e-05,7.782195414318936e-05,8.003433096597782e-05,5.9301331695533975e-05,7.492851577037495e-05,6.291767471084941e-05,7.131187334463624e-05,6.635139371390741e-05,6.268712187568914e-05,9.39484606716587e-05,8.562750087534464e-05,9.111431141308161e-05,7.335261972387237e-05,6.349790454607104e-05,7.455467779462208e-05
r799,8.184202244076061e-05,7.89067081569643e-05,7.724187487792765e-05,8.94486685325211e-05,8.762395660132169e-05,9.272562983912521e-05,8.084905760793123e-05,8.395067497858264e-05,8.008045533019479e-05,7.978945594275353e-05,7.518409037714174e-05,6.909380655089307e-05,7.856588931782132e-05,6.775272552237578e-05,7.926726911768515e-05,6.794882021257168e-05,7.780678207365302e-05,7.97732749997962e-05,6.303076568631032e-05,6.597369881237332e-05,6.635631768309009e-05,7.245958870377477e-05,6.638900516848523e-05,6.354546331108206e-05,8.185398748995793e-05,6.758367340907925e-05,8.055013489518775e-05,6.870838713802663e-05,7.916033594935153e-05,5.5607914962918376e-05,8.214583633058048e-05,9.361833383783269e-05,8.696208162200225e-05,9.185381085831986e-05,0.00010124774586449575,9.352324826885421e-05,8.201387260323707e-05,8.225959894664918e-05,7.621357631333662e-05,8.060374941467681e-05,7.782166834396506e-05,8.454614892011701e-05,7.94661257732681e-05,7.101303659958742e-05,7.773439585280037e-05,8.117252042156462e-05,7.745571180436031e-05,8.385064684261447e-05,5.0952210246604593e-05,5.3747703410365415e-05,7.010843383850459e-05,8.085352334652525e-05,7.693138666343966e-05,7.225260946087688e-05,7.700973674765784e-05,7.528796726093576e-05,5.9620305342319844e-05,5.988047978112587e-05,7.755192654380287e-05,7.975662683354903e-05,5.9095567185833994e-05,7.46685278599989e-05,6.269936216848005e-05,7.106443450582764e-05,6.612116680997297e-05,6.246960930845913e-05,9.362247711624002e-05,8.533038949132195e-05,9.079816182455599e-05,7.309809987750223e-05,6.327757871489104e-05,7.429598703197593e-05
r800,0.00793531358669528,0.007650708702519923,0.007489288276377785,0.00867284572826498,0.008495923641693468,0.008990576336623205,0.007839036795212457,0.008139766246025764,0.007764513953334965,0.00773629896885613,0.0072897677266577825,0.006699260423050483,0.0076176632781254985,0.0065692306634101295,0.007685668301575666,0.006588243791543866,0.007544061064387836,0.007734730082205171,0.006111394567410895,0.006396738166255692,0.006433836476302008,0.00702560300417317,0.006437005819375838,0.0061612990899664955,0.00793647370486721,0.006552839554154827,0.0078100535737198285,0.0066618905754797075,0.00767530017774099,0.005391683025091931,0.007964771051403698,0.009077131946548021,0.008431748962727185,0.008906045715345715,0.009816871448434078,0.009067912553076167,0.007951975991759406,0.00797580135107159,0.007389585564648189,0.007815251979285303,0.007545504420985576,0.00819750275250324,0.007704949226872868,0.006885346883614452,0.007537042575050804,0.00787039939822821,0.007510021672462742,0.008130067626627952,0.004940270953527504,0.005211318933799029,0.006797637582615953,0.007839469788375174,0.007459183676400204,0.007005534521633892,0.007466780415450309,0.007299839516463698,0.005780720037414497,0.005805946268360375,0.0075193505490761155,0.0077331158940915955,0.005729841995811437,0.007239779345077455,0.006079262042342605,0.00689033036876734,0.006411036503100952,0.00605698545462722,0.009077533674321342,0.008273541866326761,0.008803691131837328,0.00708751235393055,0.0061353252905365085,0.007203658191102441
r803,0.00793531358669528,0.007650708702519923,0.007489288276377785,0.00867284572826498,0.008495923641693468,0.008990576336623205,0.007839036795212457,0.008139766246025764,0.007764513953334965,0.00773629896885613,0.0072897677266577825,0.006699260423050483,0.0076176632781254985,0.0065692306634101295,0.007685668301575666,0.006588243791543866,0.007544061064387836,0.007734730082205171,0.006111394567410895,0.006396738166255692,0.006433836476302008,0.00702560300417317,0.006437005819375838,0.0061612990899664955,0.00793647370486721,0.006552839554154827,0.0078100535737198285,0.0066618905754797075,0.00767530017774099,0.005391683025091931,0.007964771051403698,0.009077131946548021,0.008431748962727185,0.008906045715345715,0.009816871448434078,0.009067912553076167,0.007951975991759406,0.00797580135107159,0.007389585564648189,0.007815251979285303,0.007545504420985576,0.00819750275250324,0.007704949226872868,0.006885346883614452,0.007537042575050804,0.00787039939822821,0.007510021672462742,0.008130067626627952,0.004940270953527504,0.005211318933799029,0.006797637582615953,0.007839469788375174,0.007459183676400204,0.007005534521633892,0.007466780415450309,0.007299839516463698,0.005780720037414497,0.005805946268360375,0.0075193505490761155,0.0077331158940915955,0.005729841995811437,0.007239779345077455,0.006079262042342605,0.00689033036876734,0.006411036503100952,0.00605698545462722,0.009077533674321342,0.008273541866326761,0.008803691131837328,0.00708751235393055,0.0061353252905365085,0.007203658191102441
r804,0.00793531358669528,0.007650708702519923,0.007489288276377785,0.00867284572826498,0.008495923641693468,0.008990576336623205,0.007839036795212457,0.008139766246025764,0.007764513953334965,0.00773629896885613,0.0072897677266577825,0.006699260423050483,0.0076176632781254985,0.0065692306634101295,0.007685668301575666,0.006588243791543866,0.007544061064387836,0.007734730082205171,0.006111394567410895,0.006396738166255692,0.006433836476302008,0.00702560300417317,0.006437005819375838,0.0061612990899664955,0.00793647370486721,0.006552839554154827,0.0078100535737198285,0.0066618905754797075,0.00767530017774099,0.005391683025091931,0.007964771051403698,0.009077131946548021,0.008431748962727185,0.008906045715345715,0.009816871448434078,0.009067912553076167,0.007951975991759406,0.00797580135107159,0.007389585564648189,0.007815251979285303,0.007545504420985576,0.00819750275250324,0.007704949226872868,0.006885346883614452,0.007537042575050804,0.00787039939822821,0.007510021672462742,0.008130067626627952,0.004940270953527504,0.005211318933799029,0.006797637582615953,0.007839469788375174,0.007459183676400204,0.007005534521633892,0.007466780415450309,0.007299839516463698,0.005780720037414497,0.005805946268360375,0.0075193505490761155,0.0077331158940915955,0.005729841995811437,0.007239779345077455,0.006079262042342605,0.00689033036876734,0.006411036503100952,0.00605698545462722,0.009077533674321342,0.008273541866326761,0.008803691131837328,0.00708751235393055,0.0061353252905365085,0.007203658191102441
r805,0.007935028621436085,0.007650433957714363,0.00748901932834548,0.008672534277469252,0.008495618544351541,0.008990253475795074,0.007838755287351704,0.008139473938661632,0.007764235121665988,0.007736021150416218,0.007289505943613293,0.006699019845729624,0.00761738972001506,0.006568994755591457,0.007685392301335005,0.00658800720094424,0.007543790149408471,0.00773445232010559,0.0061111751009565556,0.006396508452819717,0.006433605430627624,0.00702535070755512,0.00643677465988709,0.006161077831389508,0.00793618869794698,0.006552604234957719,0.007809773106676321,0.006661651340148447,0.007675024549830304,0.0053914894042181045,0.007964485028296699,0.009076805977419057,0.008431446169963878,0.008905725890098994,0.00981651891450001,0.009067586915025093,0.007951690428136135,0.007975514931855202,0.0073893201970426405,0.007814971325561713,0.007545233454173793,0.008197208371761872,0.007704672534234381,0.006885099623737714,0.007536771912112597,0.007870116764104177,0.007509751979872894,0.008129775667551202,0.004940093543324696,0.005211131789984926,0.006797393472470276,0.007839188264965193,0.007458915809454999,0.007005282945695658,0.007466512275698403,0.007299577371730895,0.0057805124458220804,0.0058057377708681,0.007519080521476729,0.007732838189959166,0.005729636231301737,0.007239519357167079,0.006079043729800236,0.006890082929928531,0.006410806276197017,0.00605676794205999,0.009077207690765922,0.008273244754942738,0.008803374982248802,0.007087257834084178,0.0061351049647053275,0.007203399500339795
r806,0.007935028621436085,0.007650433957714363,0.00748901932834548,0.008672534277469252,0.008495618544351541,0.008990253475795074,0.007838755287351704,0.008139473938661632,0.007764235121665988,0.007736021150416218,0.007289505943613293,0.006699019845729624,0.00761738972001506,0.006568994755591457,0.007685392301335005,0.00658800720094424,0.007543790149408471,0.00773445232010559,0.0061111751009565556,0.006396508452819717,0.006433605430627624,0.00702535070755512,0.00643677465988709,0.006161077831389508,0.00793618869794698,0.006552604234957719,0.007809773106676321,0.006661651340148447,0.007675024549830304,0.0053914894042181045,0.007964485028296699,0.009076805977419057,0.008431446169963878,0.008905725890098994,0.00981651891450001,0.009067586915025093,0.007951690428136135,0.007975514931855202,0.0073893201970426405,0.007814971325561713,0.007545233454173793,0.008197208371761872,0.007704672534234381,0.006885099623737714,0.007536771912112597,0.007870116764104177,0.007509751979872894,0.008129775667551202,0.004940093543324696,0.005211131789984926,0.006797393472470276,0.007839188264965193,0.007458915809454999,0.007005282945695658,0.007466512275698403,0.007299577371730895,0.0057805124458220804,0.0058057377708681,0.007519080521476729,0.007732838189959166,0.005729636231301737,0.007239519357167079,0.006079043729800236,0.006890082929928531,0.006410806276197017,0.00605676794205999,0.009077207690765922,0.008273244754942738,0.008803374982248802,0.007087257834084178,0.0061351049647053275,0.007203399500339795
r807,0.003490995404292416,0.0033657887149989786,0.0032947747645527166,0.003815459118121528,0.003737625497006098,0.003955238861097449,0.0034486401989266093,0.00358094059503003,0.003415855243969653,0.003403442579987105,0.003206999364812718,0.0029472165269232957,0.0033512509877329454,0.002890012323413707,0.0033811685482350753,0.0028983767997776137,0.0033188710462099366,0.0034027523771326725,0.0026885957455317316,0.0028141274187704064,0.0028304481386088563,0.0030907849490754286,0.002831842432858793,0.0027105503232546725,0.0034915057769654544,0.0028828013560768325,0.0034358895631858882,0.0029307763491403516,0.0033766072826640877,0.0023719718768966847,0.003503954674621898,0.003993317411259586,0.0037093930261786236,0.0039180511674823575,0.004318752212700527,0.0039892615085042665,0.0034983257232354317,0.003508807252283497,0.00325091238852424,0.0034381765061958203,0.0033195060244240195,0.0036063407101698656,0.0033896508370403837,0.003029081845985047,0.003315783390788009,0.0034624375998482575,0.003303896041192536,0.0035766738656341666,0.0021733814305259546,0.0022926240090495207,0.0029904957506336496,0.0034488306863124725,0.0032815307989524168,0.0030819561889325144,0.003284872844710506,0.003211430263672771,0.002543121562070416,0.002554219378853275,0.003308000109044259,0.003402042244732158,0.002520738702530564,0.0031850078948527246,0.0026744596315500754,0.0030312742387085378,0.002820417709339328,0.0026646594561079706,0.003993494144011873,0.003639792721108595,0.003873022149191872,0.0031180208299419524,0.002699123627453497,0.0031691170568729954
r810,0.003490995404292416,0.0033657887149989786,0.0032947747645527166,0.003815459118121528,0.003737625497006098,0.003955238861097449,0.0034486401989266093,0.00358094059503003,0.003415855243969653,0.003403442579987105,0.003206999364812718,0.0029472165269232957,0.0033512509877329454,0.002890012323413707,0.0033811685482350753,0.0028983767997776137,0.0033188710462099366,0.0034027523771326725,0.0026885957455317316,0.0028141274187704064,0.0028304481386088563,0.0030907849490754286,0.002831842432858793,0.0027105503232546725,0.0034915057769654544,0.0028828013560768325,0.0034358895631858882,0.0029307763491403516,0.0033766072826640877,0.0023719718768966847,0.003503954674621898,0.003993317411259586,0.0037093930261786236,0.0039180511674823575,0.004318752212700527,0.0039892615085042665,0.0034983257232354317,0.003508807252283497,0.00325091238852424,0.0034381765061958203,0.0033195060244240195,0.0036063407101698656,0.0033896508370403837,0.003029081845985047,0.003315783390788009,0.0034624375998482575,0.003303896041192536,0.0035766738656341666,0.0021733814305259546,0.0022926240090495207,0.0029904957506336496,0.0034488306863124725,0.0032815307989524168,0.0030819561889325144,0.003284872844710506,0.003211430263672771,0.002543121562070416,0.002554219378853275,0.003308000109044259,0.003402042244732158,0.002520738702530564,0.0031850078948527246,0.0026744596315500754,0.0030312742387085378,0.002820417709339328,0.0026646594561079706,0.003993494144011873,0.003639792721108595,0.003873022149191872,0.0031180208299419524,0.002699123627453497,0.0031691170568729954
r811,0.003490995404292416,0.0033657887149989786,0.0032947747645527166,0.003815459118121528,0.003737625497006098,0.003955238861097449,0.0034486401989266093,0.00358094059503003,0.003415855243969653,0.003403442579987105,0.003206999364812718,0.0029472165269232957,0.0033512509877329454,0.002890012323413707,0.0033811685482350753,0.0028983767997776137,0.0033188710462099366,0.0034027523771326725,0.0026885957455317316,0.0028141274187704064,0.0028304481386088563,0.0030907849490754286,0.002831842432858793,0.0027105503232546725,0.0034915057769654544,0.0028828013560768325,0.0034358895631858882,0.0029307763491403516,0.0033766072826640877,0.0023719718768966847,0.003503954674621898,0.003993317411259586,0.0037093930261786236,0.0039180511674823575,0.004318752212700527,0.0039892615085042665,0.0034983257232354317,0.003508807252283497,0.00325091238852424,0.0034381765061958203,0.0033195060244240195,0.0036063407101698656,0.0033896508370403837,0.003029081845985047,0.003315783390788009,0.0034624375998482575,0.003303896041192536,0.0035766738656341666,0.0021733814305259546,0.0022926240090495207,0.0029904957506336496,0.0034488306863124725,0.0032815307989524168,0.0030819561889325144,0.003284872844710506,0.003211430263672771,0.002543121562070416,0.002554219378853275,0.003308000109044259,0.003402042244732158,0.002520738702530564,0.0031850078948527246,0.0026744596315500754,0.0030312742387085378,0.002820417709339328,0.0026646594561079706,0.003993494144011873,0.003639792721108595,0.003873022149191872,0.0031180208299419524,0.002699123627453497,0.0031691170568729954
r812,0.003490710439033222,0.0033655139701934188,0.0032945058165204126,0.0038151476673258023,0.003737320399664171,0.003954916000269319,0.003448358691065857,0.0035806482876658977,0.0034155764123006754,0.0034031647615471927,0.0032067375817682294,0.0029469759496024363,0.0033509774296225075,0.0028897764155950355,0.0033808925479944145,0.0028981402091779874,0.0033186001312305717,0.003402474615033091,0.002688376279077392,0.00281389770533443,0.0028302170929344725,0.0030905326524573794,0.0028316112733700444,0.002710329064677684,0.0034912207700452252,0.0028825660368797254,0.003435609096142381,0.0029305371138090906,0.0033763316547534,0.0023717782560228585,0.003503668651514897,0.003992991442130624,0.0037090902334153157,0.003917731342235637,0.0043183996787664585,0.00398893587045319,0.003498040159612161,0.003508520833067109,0.003250647020918692,0.0034378958524722315,0.0033192350576122373,0.0036060463294285004,0.0033893741444018972,0.003028834586108308,0.0033155127278498026,0.003462154965724227,0.0033036263486026876,0.003576381906557417,0.002173204020323146,0.002292436865235418,0.0029902516404879723,0.003448549162902492,0.0032812629320072098,0.00308170461299428,0.003284604704958598,0.003211168118939968,0.0025429139704779983,0.002554010881361001,0.0033077300814448726,0.003401764540599728,0.002520532938020864,0.0031847479069423484,0.002674241319007706,0.003031026799869729,0.0028201874824353933,0.002664441943540741,0.003993168160456455,0.003639495609724572,0.003872705999603346,0.0031177663100955826,0.002698903301622317,0.003168858366110349
r813,0.003490710439033222,0.0033655139701934188,0.0032945058165204126,0.0038151476673258023,0.003737320399664171,0.003954916000269319,0.003448358691065857,0.0035806482876658977,0.0034155764123006754,0.0034031647615471927,0.0032067375817682294,0.0029469759496024363,0.0033509774296225075,0.0028897764155950355,0.0033808925479944145,0.0028981402091779874,0.0033186001312305717,0.003402474615033091,0.002688376279077392,0.00281389770533443,0.0028302170929344725,0.0030905326524573794,0.0028316112733700444,0.002710329064677684,0.0034912207700452252,0.0028825660368797254,0.003435609096142381,0.0029305371138090906,0.0033763316547534,0.0023717782560228585,0.003503668651514897,0.003992991442130624,0.0037090902334153157,0.003917731342235637,0.0043183996787664585,0.00398893587045319,0.003498040159612161,0.003508520833067109,0.003250647020918692,0.0034378958524722315,0.0033192350576122373,0.0036060463294285004,0.0033893741444018972,0.003028834586108308,0.0033155127278498026,0.003462154965724227,0.0033036263486026876,0.003576381906557417,0.002173204020323146,0.002292436865235418,0.0029902516404879723,0.003448549162902492,0.0032812629320072098,0.00308170461299428,0.003284604704958598,0.003211168118939968,0.0025429139704779983,0.002554010881361001,0.0033077300814448726,0.003401764540599728,0.002520532938020864,0.0031847479069423484,0.002674241319007706,0.003031026799869729,0.0028201874824353933,0.002664441943540741,0.003993168160456455,0.003639495609724572,0.003872705999603346,0.0031177663100955826,0.002698903301622317,0.003168858366110349
r814,0.003490710439033222,0.0033655139701934188,0.0032945058165204126,0.0038151476673258023,0.003737320399664171,0.003954916000269319,0.003448358691065857,0.0035806482876658977,0.0034155764123006754,0.0034031647615471927,0.0032067375817682294,0.0029469759496024363,0.0033509774296225075,0.0028897764155950355,0.0033808925479944145,0.0028981402091779874,0.0033186001312305717,0.003402474615033091,0.002688376279077392,0.00281389770533443,0.0028302170929344725,0.0030905326524573794,0.0028316112733700444,0.002710329064677684,0.0034912207700452252,0.0028825660368797254,0.003435609096142381,0.0029305371138090906,0.0033763316547534,0.0023717782560228585,0.003503668651514897,0.003992991442130624,0.0037090902334153157,0.003917731342235637,0.0043183996787664585,0.00398893587045319,0.003498040159612161,0.003508520833067109,0.003250647020918692,0.0034378958524722315,0.0033192350576122373,0.0036060463294285004,0.0033893741444018972,0.003028834586108308,0.0033155127278498026,0.003462154965724227,0.0033036263486026876,0.003576381906557417,0.002173204020323146,0.002292436865235418,0.0029902516404879723,0.003448549162902492,0.0032812629320072098,0.00308170461299428,0.003284604704958598,0.003211168118939968,0.0025429139704779983,0.002554010881361001,0.0033077300814448726,0.003401764540599728,0.002520532938020864,0.0031847479069423484,0.002674241319007706,0.003031026799869729,0.0028201874824353933,0.002664441943540741,0.003993168160456455,0.003639495609724572,0.003872705999603346,0.0031177663100955826,0.002698903301622317,0.003168858366110349
r815,0.003490710439033222,0.0033655139701934188,0.0032945058165204126,0.0038151476673258023,0.003737320399664171,0.003954916000269319,0.003448358691065857,0.0035806482876658977,0.0034155764123006754,0.0034031647615471927,0.0032067375817682294,0.0029469759496024363,0.0033509774296225075,0.0028897764155950355,0.0033808925479944145,0.0028981402091779874,0.0033186001312305717,0.003402474615033091,0.002688376279077392,0.00281389770533443,0.0028302170929344725,0.0030905326524573794,0.0028316112733700444,0.002710329064677684,0.0034912207700452252,0.0028825660368797254,0.003435609096142381,0.0029305371138090906,0.0033763316547534,0.0023717782560228585,0.003503668651514897,0.003992991442130624,0.0037090902334153157,0.003917731342235637,0.0043183996787664585,0.00398893587045319,0.003498040159612161,0.003508520833067109,0.003250647020918692,0.0034378958524722315,0.0033192350576122373,0.0036060463294285004,0.0033893741444018972,0.003028834586108308,0.0033155127278498026,0.003462154965724227,0.0033036263486026876,0.003576381906557417,0.002173204020323146,0.002292436865235418,0.0029902516404879723,0.003448549162902492,0.0032812629320072098,0.00308170461299428,0.003284604704958598,0.003211168118939968,0.0025429139704779983,0.002554010881361001,0.0033077300814448726,0.003401764540599728,0.002520532938020864,0.0031847479069423484,0.002674241319007706,0.003031026799869729,0.0028201874824353933,0.002664441943540741,0.003993168160456455,0.003639495609724572,0.003872705999603346,0.0031177663100955826,0.002698903301622317,0.003168858366110349
r816,0.003490710439033222,0.0033655139701934188,0.0032945058165204126,0.0038151476673258023,0.003737320399664171,0.003954916000269319,0.003448358691065857,0.0035806482876658977,0.0034155764123006754,0.0034031647615471927,0.0032067375817682294,0.0029469759496024363,0.0033509774296225075,0.0028897764155950355,0.0033808925479944145,0.0028981402091779874,0.0033186001312305717,0.003402474615033091,0.002688376279077392,0.00281389770533443,0.0028302170929344725,0.0030905326524573794,0.0028316112733700444,0.002710329064677684,0.0034912207700452252,0.0028825660368797254,0.003435609096142381,0.0029305371138090906,0.0033763316547534,0.0023717782560228585,0.003503668651514897,0.003992991442130624,0.0037090902334153157,0.003917731342235637,0.0043183996787664585,0.00398893587045319,0.003498040159612161,0.003508520833067109,0.003250647020918692,0.0034378958524722315,0.0033192350576122373,0.0036060463294285004,0.0033893741444018972,0.003028834586108308,0.0033155127278498026,0.003462154965724227,0.0033036263486026876,0.003576381906557417,0.002173204020323146,0.002292436865235418,0.0029902516404879723,0.003448549162902492,0.0032812629320072098,0.00308170461299428,0.003284604704958598,0.003211168118939968,0.0025429139704779983,0.002554010881361001,0.0033077300814448726,0.003401764540599728,0.002520532938020864,0.0031847479069423484,0.002674241319007706,0.003031026799869729,0.0028201874824353933,0.002664441943540741,0.003993168160456455,0.003639495609724572,0.003872705999603346,0.0031177663100955826,0.002698903301622317,0.003168858366110349
r817,0.0007963639133459247,0.0007678018336192634,0.0007516021710788879,0.0008703803937360147,0.0008526250317480974,0.0009022668702939392,0.0007867018676571191,0.000816882159802044,0.000779222982123128,0.0007763914121783393,0.0007315788961279954,0.0006723173808743933,0.0007644854954303045,0.0006592679900586049,0.0007713102725497316,0.0006611760897146686,0.0007570990013336724,0.0007762339634903568,0.0006133209532972244,0.000641957168179173,0.000645680241633578,0.0007050681288007276,0.0006459983072557411,0.0006183292192519148,0.0007964803392738037,0.0006576230282347244,0.0007837931997844418,0.0006685670567407006,0.0007702697592063293,0.0005410928939950268,0.000799320174823956,0.0009109533277966824,0.0008461846563399981,0.0008937836344869801,0.0009851913321480496,0.0009100280975353062,0.0007980361015912477,0.0008004271421180563,0.0007415963104639641,0.0007843148959410022,0.0007572438522076768,0.000822676419819495,0.0007732452475138406,0.000690992451536236,0.0007563946471108492,0.0007898493230156843,0.0007536829115893638,0.0008159088358856908,0.0004957905527686671,0.0005229921028920862,0.0006821902131096271,0.0007867453215327279,0.0007485809650753777,0.0007030541169894376,0.0007493433506789854,0.0007325896702904286,0.0005801354641700803,0.0005826670919092421,0.0007546191292455135,0.0007760719684855017,0.0005750294988075616,0.0007265622143368835,0.000610096230905412,0.0006914925789344914,0.0006433921057352036,0.0006078606203809883,0.0009109936439729956,0.0008303074737898618,0.0008835116400936773,0.0007112811626659739,0.0006157225678155798,0.0007229372052909469
r818,0.0007963639133459247,0.0007678018336192634,0.0007516021710788879,0.0008703803937360147,0.0008526250317480974,0.0009022668702939392,0.0007867018676571191,0.000816882159802044,0.000779222982123128,0.0007763914121783393,0.0007315788961279954,0.0006723173808743933,0.0007644854954303045,0.0006592679900586049,0.0007713102725497316,0.0006611760897146686,0.0007570990013336724,0.0007762339634903568,0.0006133209532972244,0.000641957168179173,0.000645680241633578,0.0007050681288007276,0.0006459983072557411,0.0006183292192519148,0.0007964803392738037,0.0006576230282347244,0.0007837931997844418,0.0006685670567407006,0.0007702697592063293,0.0005410928939950268,0.000799320174823956,0.0009109533277966824,0.0008461846563399981,0.0008937836344869801,0.0009851913321480496,0.0009100280975353062,0.0007980361015912477,0.0008004271421180563,0.0007415963104639641,0.0007843148959410022,0.0007572438522076768,0.000822676419819495,0.0007732452475138406,0.000690992451536236,0.0007563946471108492,0.0007898493230156843,0.0007536829115893638,0.0008159088358856908,0.0004957905527686671,0.0005229921028920862,0.0006821902131096271,0.0007867453215327279,0.0007485809650753777,0.0007030541169894376,0.0007493433506789854,0.0007325896702904286,0.0005801354641700803,0.0005826670919092421,0.0007546191292455135,0.0007760719684855017,0.0005750294988075616,0.0007265622143368835,0.000610096230905412,0.0006914925789344914,0.0006433921057352036,0.0006078606203809883,0.0009109936439729956,0.0008303074737898618,0.0008835116400936773,0.0007112811626659739,0.0006157225678155798,0.0007229372052909469
r819,0.0007963639133459247,0.0007678018336192634,0.0007516021710788879,0.0008703803937360147,0.0008526250317480974,0.0009022668702939392,0.0007867018676571191,0.000816882159802044,0.000779222982123128,0.0007763914121783393,0.0007315788961279954,0.0006723173808743933,0.0007644854954303045,0.0006592679900586049,0.0007713102725497316,0.0006611760897146686,0.0007570990013336724,0.0007762339634903568,0.0006133209532972244,0.000641957168179173,0.000645680241633578,0.0007050681288007276,0.0006459983072557411,0.0006183292192519148,0.0007964803392738037,0.0006576230282347244,0.0007837931997844418,0.0006685670567407006,0.0007702697592063293,0.0005410928939950268,0.000799320174823956,0.0009109533277966824,0.0008461846563399981,0.0008937836344869801,0.0009851913321480496,0.0009100280975353062,0.0007980361015912477,0.0008004271421180563,0.0007415963104639641,0.0007843148959410022,0.0007572438522076768,0.000822676419819495,0.0007732452475138406,0.000690992451536236,0.0007563946471108492,0.0007898493230156843,0.0007536829115893638,0.0008159088358856908,0.0004957905527686671,0.0005229921028920862,0.0006821902131096271,0.0007867453215327279,0.0007485809650753777,0.0007030541169894376,0.0007493433506789854,0.0007325896702904286,0.0005801354641700803,0.0005826670919092421,0.0007546191292455135,0.0007760719684855017,0.0005750294988075616,0.0007265622143368835,0.000610096230905412,0.0006914925789344914,0.0006433921057352036,0.0006078606203809883,0.0009109936439729956,0.0008303074737898618,0.0008835116400936773,0.0007112811626659739,0.0006157225678155798,0.0007229372052909469
r820,0.000398039474043365,0.00038376354440685143,0.00037566661152329156,0.0004350344714701444,0.00042615996720308543,0.0004509720047329043,0.00039321017989818366,0.00040829492621895626,0.0003894720752270755,0.0003880567968692136,0.00036565855654175337,0.00033603840177676684,0.00038210596865993323,0.0003295160411199669,0.00038551713615453555,0.00033046974955752137,0.0003784140431771537,0.00038797810069538766,0.00030655074342144246,0.0003208637273715984,0.000322724597979597,0.00035240791609133913,0.00032288357388349643,0.0003090539803374632,0.00039809766617678705,0.0003286938545188088,0.00039175636637046743,0.00033416391070472003,0.00038499706564782115,0.0002704496365606002,0.00039951707585847776,0.0004553136793338604,0.00042294093178834517,0.00044673190462012947,0.0004924193991069904,0.00045485122974211545,0.00039887526898398865,0.00040007036145083414,0.0003706654714292082,0.00039201712110870665,0.00037848644269794713,0.0004111910195390649,0.00038648427743767714,0.0003453725958297482,0.0003780619920863215,0.00039478334444582685,0.0003767066094997579,0.00040780843840447034,0.0002478065712829293,0.0002614024795389916,0.00034097305148197494,0.0003932318990613735,0.0003741565490650854,0.0003514012705256017,0.0003745376054635392,0.00036616376277881296,0.00028996393628883137,0.000291229297208484,0.0003771745508230635,0.0003878971321765365,0.0002874118671489308,0.00036315111321325375,0.0003049389591815213,0.0003456225700478414,0.0003215809394156346,0.00030382155390687915,0.0004553338302087885,0.0004150051812029195,0.0004415977452525759,0.00035551332140980194,0.0003077511209921999,0.0003613392572641504
r821,0.000398039474043365,0.00038376354440685143,0.00037566661152329156,0.0004350344714701444,0.00042615996720308543,0.0004509720047329043,0.00039321017989818366,0.00040829492621895626,0.0003894720752270755,0.0003880567968692136,0.00036565855654175337,0.00033603840177676684,0.00038210596865993323,0.0003295160411199669,0.00038551713615453555,0.00033046974955752137,0.0003784140431771537,0.00038797810069538766,0.00030655074342144246,0.0003208637273715984,0.000322724597979597,0.00035240791609133913,0.00032288357388349643,0.0003090539803374632,0.00039809766617678705,0.0003286938545188088,0.00039175636637046743,0.00033416391070472003,0.00038499706564782115,0.0002704496365606002,0.00039951707585847776,0.0004553136793338604,0.00042294093178834517,0.00044673190462012947,0.0004924193991069904,0.00045485122974211545,0.00039887526898398865,0.00040007036145083414,0.0003706654714292082,0.00039201712110870665,0.00037848644269794713,0.0004111910195390649,0.00038648427743767714,0.0003453725958297482,0.0003780619920863215,0.00039478334444582685,0.0003767066094997579,0.00040780843840447034,0.0002478065712829293,0.0002614024795389916,0.00034097305148197494,0.0003932318990613735,0.0003741565490650854,0.0003514012705256017,0.0003745376054635392,0.00036616376277881296,0.00028996393628883137,0.000291229297208484,0.0003771745508230635,0.0003878971321765365,0.0002874118671489308,0.00036315111321325375,0.0003049389591815213,0.0003456225700478414,0.0003215809394156346,0.00030382155390687915,0.0004553338302087885,0.0004150051812029195,0.0004415977452525759,0.00035551332140980194,0.0003077511209921999,0.0003613392572641504
r822,0.000398039474043365,0.00038376354440685143,0.00037566661152329156,0.0004350344714701444,0.00042615996720308543,0.0004509720047329043,0.00039321017989818366,0.00040829492621895626,0.0003894720752270755,0.0003880567968692136,0.00036565855654175337,0.00033603840177676684,0.00038210596865993323,0.0003295160411199669,0.00038551713615453555,0.00033046974955752137,0.0003784140431771537,0.00038797810069538766,0.00030655074342144246,0.0003208637273715984,0.000322724597979597,0.00035240791609133913,0.00032288357388349643,0.0003090539803374632,0.00039809766617678705,0.0003286938545188088,0.00039175636637046743,0.00033416391070472003,0.00038499706564782115,0.0002704496365606002,0.00039951707585847776,0.0004553136793338604,0.00042294093178834517,0.00044673190462012947,0.0004924193991069904,0.00045485122974211545,0.00039887526898398865,0.00040007036145083414,0.0003706654714292082,0.00039201712110870665,0.00037848644269794713,0.0004111910195390649,0.00038648427743767714,0.0003453725958297482,0.0003780619920863215,0.00039478334444582685,0.0003767066094997579,0.00040780843840447034,0.0002478065712829293,0.0002614024795389916,0.00034097305148197494,0.0003932318990613735,0.0003741565490650854,0.0003514012705256017,0.0003745376054635392,0.00036616376277881296,0.00028996393628883137,0.000291229297208484,0.0003771745508230635,0.0003878971321765365,0.0002874118671489308,0.00036315111321325375,0.0003049389591815213,0.0003456225700478414,0.0003215809394156346,0.00030382155390687915,0.0004553338302087885,0.0004150051812029195,0.0004415977452525759,0.00035551332140980194,0.0003077511209921999,0.0003613392572641504
r825,1.1398610367793959e-06,1.098979222241843e-06,1.075792129219048e-06,1.2458031829041936e-06,1.2203893677064302e-06,1.2914433125226357e-06,1.1260314430073988e-06,1.1692294565262208e-06,1.1153266759080056e-06,1.1112737596483782e-06,1.0471321779546204e-06,9.623092834386222e-07,1.0942324417523862e-06,9.436312746848995e-07,1.1040009626418543e-06,9.46362398503784e-07,1.0836599174603487e-06,1.1110483983258528e-06,8.778658173580826e-07,9.188537439049211e-07,9.241826975360738e-07,1.0091864721974202e-06,9.246379549928308e-07,8.850343079537893e-07,1.1400276809186345e-06,9.412767884272876e-07,1.1218681740276846e-06,9.569413250421536e-07,1.1025116427486288e-06,7.744834953052699e-07,1.1440924280025136e-06,1.3038765158472519e-06,1.211171053231229e-06,1.279300986884678e-06,1.410135736274314e-06,1.3025522043015906e-06,1.1422544930812964e-06,1.145676865552217e-06,1.0614704221913178e-06,1.1226148943548304e-06,1.0838672471304327e-06,1.1775229654612399e-06,1.1067705539452383e-06,9.89039506958042e-07,1.0826517528245179e-06,1.1305364961220702e-06,1.078770359392205e-06,1.1678363070002015e-06,7.096408112340474e-07,7.485752564117744e-07,9.764405827089775e-07,1.12609363992375e-06,1.0714677808278507e-06,1.0063037529370038e-06,1.0725590076275466e-06,1.0485789312108046e-06,8.303663696701929e-07,8.339899690964605e-07,1.080110397546001e-06,1.1108165297151677e-06,8.230580387999164e-07,1.039951641504163e-06,8.73250169477438e-07,9.897553552343683e-07,9.209076157377852e-07,8.700502689200434e-07,1.303934221674652e-06,1.188445536090835e-06,1.264598354102451e-06,1.0180793854805325e-06,8.813033247199312e-07,1.0347630505846232e-06
r826,1.1398610367793959e-06,1.098979222241843e-06,1.075792129219048e-06,1.2458031829041936e-06,1.2203893677064302e-06,1.2914433125226357e-06,1.1260314430073988e-06,1.1692294565262208e-06,1.1153266759080056e-06,1.1112737596483782e-06,1.0471321779546204e-06,9.623092834386222e-07,1.0942324417523862e-06,9.436312746848995e-07,1.1040009626418543e-06,9.46362398503784e-07,1.0836599174603487e-06,1.1110483983258528e-06,8.778658173580826e-07,9.188537439049211e-07,9.241826975360738e-07,1.0091864721974202e-06,9.246379549928308e-07,8.850343079537893e-07,1.1400276809186345e-06,9.412767884272876e-07,1.1218681740276846e-06,9.569413250421536e-07,1.1025116427486288e-06,7.744834953052699e-07,1.1440924280025136e-06,1.3038765158472519e-06,1.211171053231229e-06,1.279300986884678e-06,1.410135736274314e-06,1.3025522043015906e-06,1.1422544930812964e-06,1.145676865552217e-06,1.0614704221913178e-06,1.1226148943548304e-06,1.0838672471304327e-06,1.1775229654612399e-06,1.1067705539452383e-06,9.89039506958042e-07,1.0826517528245179e-06,1.1305364961220702e-06,1.078770359392205e-06,1.1678363070002015e-06,7.096408112340474e-07,7.485752564117744e-07,9.764405827089775e-07,1.12609363992375e-06,1.0714677808278507e-06,1.0063037529370038e-06,1.0725590076275466e-06,1.0485789312108046e-06,8.303663696701929e-07,8.339899690964605e-07,1.080110397546001e-06,1.1108165297151677e-06,8.230580387999164e-07,1.039951641504163e-06,8.73250169477438e-07,9.897553552343683e-07,9.209076157377852e-07,8.700502689200434e-07,1.303934221674652e-06,1.188445536090835e-06,1.264598354102451e-06,1.0180793854805325e-06,8.813033247199312e-07,1.0347630505846232e-06
r827,1.1398610367793959e-06,1.098979222241843e-06,1.075792129219048e-06,1.2458031829041936e-06,1.2203893677064302e-06,1.2914433125226357e-06,1.1260314430073988e-06,1.1692294565262208e-06,1.1153266759080056e-06,1.1112737596483782e-06,1.0471321779546204e-06,9.623092834386222e-07,1.0942324417523862e-06,9.436312746848995e-07,1.1040009626418543e-06,9.46362398503784e-07,1.0836599174603487e-06,1.1110483983258528e-06,8.778658173580826e-07,9.188537439049211e-07,9.241826975360738e-07,1.0091864721974202e-06,9.246379549928308e-07,8.850343079537893e-07,1.1400276809186345e-06,9.412767884272876e-07,1.1218681740276846e-06,9.569413250421536e-07,1.1025116427486288e-06,7.744834953052699e-07,1.1440924280025136e-06,1.3038765158472519e-06,1.211171053231229e-06,1.279300986884678e-06,1.410135736274314e-06,1.3025522043015906e-06,1.1422544930812964e-06,1.145676865552217e-06,1.0614704221913178e-06,1.1226148943548304e-06,1.0838672471304327e-06,1.1775229654612399e-06,1.1067705539452383e-06,9.89039506958042e-07,1.0826517528245179e-06,1.1305364961220702e-06,1.078770359392205e-06,1.1678363070002015e-06,7.096408112340474e-07,7.485752564117744e-07,9.764405827089775e-07,1.12609363992375e-06,1.0714677808278507e-06,1.0063037529370038e-06,1.0725590076275466e-06,1.0485789312108046e-06,8.303663696701929e-07,8.339899690964605e-07,1.080110397546001e-06,1.1108165297151677e-06,8.230580387999164e-07,1.039951641504163e-06,8.73250169477438e-07,9.897553552343683e-07,9.209076157377852e-07,8.700502689200434e-07,1.303934221674652e-06,1.188445536090835e-06,1.264598354102451e-06,1.0180793854805325e-06,8.813033247199312e-07,1.0347630505846232e-06
r828,1.1398610367793959e-06,1.098979222241843e-06,1.075792129219048e-06,1.2458031829041936e-06,1.2203893677064302e-06,1.2914433125226357e-06,1.1260314430073988e-06,1.1692294565262208e-06,1.1153266759080056e-06,1.1112737596483782e-06,1.0471321779546204e-06,9.623092834386222e-07,1.0942324417523862e-06,9.436312746848995e-07,1.1040009626418543e-06,9.46362398503784e-07,1.0836599174603487e-06,1.1110483983258528e-06,8.778658173580826e-07,9.188537439049211e-07,9.241826975360738e-07,1.0091864721974202e-06,9.246379549928308e-07,8.850343079537893e-07,1.1400276809186345e-06,9.412767884272876e-07,1.1218681740276846e-06,9.569413250421536e-07,1.1025116427486288e-06,7.744834953052699e-07,1.1440924280025136e-06,1.3038765158472519e-06,1.211171053231229e-06,1.279300986884678e-06,1.410135736274314e-06,1.3025522043015906e-06,1.1422544930812964e-06,1.145676865552217e-06,1.0614704221913178e-06,1.1226148943548304e-06,1.0838672471304327e-06,1.1775229654612399e-06,1.1067705539452383e-06,9.89039506958042e-07,1.0826517528245179e-06,1.1305364961220702e-06,1.078770359392205e-06,1.1678363070002015e-06,7.096408112340474e-07,7.485752564117744e-07,9.764405827089775e-07,1.12609363992375e-06,1.0714677808278507e-06,1.0063037529370038e-06,1.0725590076275466e-06,1.0485789312108046e-06,8.303663696701929e-07,8.339899690964605e-07,1.080110397546001e-06,1.1108165297151677e-06,8.230580387999164e-07,1.039951641504163e-06,8.73250169477438e-07,9.897553552343683e-07,9.209076157377852e-07,8.700502689200434e-07,1.303934221674652e-06,1.188445536090835e-06,1.264598354102451e-06,1.0180793854805325e-06,8.813033247199312e-07,1.0347630505846232e-06
r830,1.3222388026640992e-05,1.2748158978005376e-05,1.2479188698940957e-05,1.4451316921688644e-05,1.4156516665394588e-05,1.498074242526257e-05,1.3061964738885823e-05,1.3563061695704159e-05,1.2937789440532862e-05,1.2890775611921186e-05,1.2146733264273597e-05,1.1162787687888017e-05,1.269309632432768e-05,1.0946122786344833e-05,1.2806411166645513e-05,1.0977803822643892e-05,1.2570455042540044e-05,1.288816142057989e-05,1.0183243481353757e-05,1.0658703429297084e-05,1.0720519291418455e-05,1.1706563077490075e-05,1.0725800277916836e-05,1.0266397972263955e-05,1.3224321098656157e-05,1.0918810745756537e-05,1.3013670818721142e-05,1.1100519370488979e-05,1.2789135055884093e-05,8.98400854554113e-06,1.3271472164829157e-05,1.5124967583828123e-05,1.4049584217482256e-05,1.4839891447862264e-05,1.6357574540782045e-05,1.5109605569898452e-05,1.3250152119743038e-05,1.3289851640405715e-05,1.2313056897419287e-05,1.3022332774516029e-05,1.257286006671302e-05,1.3659266399350382e-05,1.2838538425764765e-05,1.1472858280713287e-05,1.2558760332764404e-05,1.3114223355016013e-05,1.2513736168949578e-05,1.3546901161202337e-05,8.231833410314948e-06,8.683472974376584e-06,1.132671075942414e-05,1.3062686223115501e-05,1.2429026257603067e-05,1.1673123534069245e-05,1.244168448847954e-05,1.2163515602045333e-05,9.632249888174237e-06,9.674283641518942e-06,1.252928061153361e-05,1.2885471744695942e-05,9.547473250079031e-06,1.2063439041448292e-05,1.012970196593828e-05,1.1481162120718674e-05,1.068252834255831e-05,1.0092583119472504e-05,1.5125636971425964e-05,1.3785968218653685e-05,1.4669340907588432e-05,1.1809720871574178e-05,1.02231185667512e-05,1.2003251386781627e-05
r831,1.3222388026640992e-05,1.2748158978005376e-05,1.2479188698940957e-05,1.4451316921688644e-05,1.4156516665394588e-05,1.498074242526257e-05,1.3061964738885823e-05,1.3563061695704159e-05,1.2937789440532862e-05,1.2890775611921186e-05,1.2146733264273597e-05,1.1162787687888017e-05,1.269309632432768e-05,1.0946122786344833e-05,1.2806411166645513e-05,1.0977803822643892e-05,1.2570455042540044e-05,1.288816142057989e-05,1.0183243481353757e-05,1.0658703429297084e-05,1.0720519291418455e-05,1.1706563077490075e-05,1.0725800277916836e-05,1.0266397972263955e-05,1.3224321098656157e-05,1.0918810745756537e-05,1.3013670818721142e-05,1.1100519370488979e-05,1.2789135055884093e-05,8.98400854554113e-06,1.3271472164829157e-05,1.5124967583828123e-05,1.4049584217482256e-05,1.4839891447862264e-05,1.6357574540782045e-05,1.5109605569898452e-05,1.3250152119743038e-05,1.3289851640405715e-05,1.2313056897419287e-05,1.3022332774516029e-05,1.257286006671302e-05,1.3659266399350382e-05,1.2838538425764765e-05,1.1472858280713287e-05,1.2558760332764404e-05,1.3114223355016013e-05,1.2513736168949578e-05,1.3546901161202337e-05,8.231833410314948e-06,8.683472974376584e-06,1.132671075942414e-05,1.3062686223115501e-05,1.2429026257603067e-05,1.1673123534069245e-05,1.244168448847954e-05,1.2163515602045333e-05,9.632249888174237e-06,9.674283641518942e-06,1.252928061153361e-05,1.2885471744695942e-05,9.547473250079031e-06,1.2063439041448292e-05,1.012970196593828e-05,1.1481162120718674e-05,1.068252834255831e-05,1.0092583119472504e-05,1.5125636971425964e-05,1.3785968218653685e-05,1.4669340907588432e-05,1.1809720871574178e-05,1.02231185667512e-05,1.2003251386781627e-05
r832,3.4195831103381874e-06,3.296937666725528e-06,3.2273763876571445e-06,3.7374095487125808e-06,3.6611681031192904e-06,3.874329937567906e-06,3.378094329022196e-06,3.507688369578662e-06,3.3459800277240165e-06,3.333821278945134e-06,3.141396533863861e-06,2.886927850315867e-06,3.282697325257159e-06,2.830893824054698e-06,3.3120028879255633e-06,2.839087195511352e-06,3.2509797523810464e-06,3.333145194977558e-06,2.6335974520742477e-06,2.756561231714763e-06,2.772548092608222e-06,3.0275594165922605e-06,2.7739138649784917e-06,2.6551029238613676e-06,3.420083042755902e-06,2.823830365281863e-06,3.3656045220830534e-06,2.8708239751264607e-06,3.307534928245886e-06,2.3234504859158096e-06,3.4322772840075406e-06,3.911629547541756e-06,3.633513159693687e-06,3.837902960654034e-06,4.230407208822942e-06,3.907656612904772e-06,3.4267634792438885e-06,3.4370305966566503e-06,3.1844112665739537e-06,3.3678446830644903e-06,3.251601741391298e-06,3.5325688963837196e-06,3.3203116618357145e-06,2.967118520874126e-06,3.247955258473553e-06,3.39160948836621e-06,3.2363110781766144e-06,3.503508921000605e-06,2.128922433702142e-06,2.2457257692353237e-06,2.9293217481269323e-06,3.37828091977125e-06,3.214403342483552e-06,3.018911258811012e-06,3.2176770228826397e-06,3.145736793632414e-06,2.4910991090105784e-06,2.5019699072893817e-06,3.2403311926380024e-06,3.3324495891455023e-06,2.469174116399749e-06,3.1198549245124888e-06,2.6197505084323137e-06,2.9692660657031052e-06,2.7627228472133555e-06,2.6101508067601304e-06,3.911802665023956e-06,3.5653366082725047e-06,3.7937950623073536e-06,3.054238156441598e-06,2.6439099741597934e-06,3.1042891517538693e-06
r833,7.523082842744013e-06,7.253262866796163e-06,7.100228052845717e-06,8.222301007167678e-06,8.054569826862437e-06,8.523525862649395e-06,7.431807523848831e-06,7.716914413073056e-06,7.361156060992836e-06,7.334406813679295e-06,6.911072374500494e-06,6.351241270694906e-06,7.221934115565748e-06,6.227966412920335e-06,7.28640635343624e-06,6.245991830124973e-06,7.152155455238301e-06,7.332919428950626e-06,5.7939143945633456e-06,6.064434709772478e-06,6.099605803738088e-06,6.660630716502973e-06,6.102610502952682e-06,5.841226432495008e-06,7.524182694062985e-06,6.212426803620097e-06,7.4043299485827165e-06,6.315812745278214e-06,7.276576842140948e-06,5.111591069014781e-06,7.55101002481659e-06,8.605585004591862e-06,7.993728951326111e-06,8.443386513438873e-06,9.306895859410474e-06,8.5968445483905e-06,7.538879654336557e-06,7.561467312644633e-06,7.005704786462699e-06,7.409258302741879e-06,7.153523831060855e-06,7.771651572044184e-06,7.3046856560385715e-06,6.527660745923078e-06,7.145501568641816e-06,7.461540874405662e-06,7.119884371988553e-06,7.70771962620133e-06,4.683629354144711e-06,4.940596692317711e-06,6.444507845879251e-06,7.4322180234967505e-06,7.071687353463814e-06,6.641604769384226e-06,7.078889450341807e-06,6.92062094599131e-06,5.480418039823274e-06,5.50433379603664e-06,7.128728623803606e-06,7.331389096120105e-06,5.432183056079448e-06,6.863680833927476e-06,5.7634511185510905e-06,6.532385344546831e-06,6.077990263869383e-06,5.742331774872287e-06,8.605965863052706e-06,7.84374053819951e-06,8.346349137076178e-06,6.719323944171514e-06,5.816601943151545e-06,6.829436133858511e-06
r834,7.523082842744013e-06,7.253262866796163e-06,7.100228052845717e-06,8.222301007167678e-06,8.054569826862437e-06,8.523525862649395e-06,7.431807523848831e-06,7.716914413073056e-06,7.361156060992836e-06,7.334406813679295e-06,6.911072374500494e-06,6.351241270694906e-06,7.221934115565748e-06,6.227966412920335e-06,7.28640635343624e-06,6.245991830124973e-06,7.152155455238301e-06,7.332919428950626e-06,5.7939143945633456e-06,6.064434709772478e-06,6.099605803738088e-06,6.660630716502973e-06,6.102610502952682e-06,5.841226432495008e-06,7.524182694062985e-06,6.212426803620097e-06,7.4043299485827165e-06,6.315812745278214e-06,7.276576842140948e-06,5.111591069014781e-06,7.55101002481659e-06,8.605585004591862e-06,7.993728951326111e-06,8.443386513438873e-06,9.306895859410474e-06,8.5968445483905e-06,7.538879654336557e-06,7.561467312644633e-06,7.005704786462699e-06,7.409258302741879e-06,7.153523831060855e-06,7.771651572044184e-06,7.3046856560385715e-06,6.527660745923078e-06,7.145501568641816e-06,7.461540874405662e-06,7.119884371988553e-06,7.70771962620133e-06,4.683629354144711e-06,4.940596692317711e-06,6.444507845879251e-06,7.4322180234967505e-06,7.071687353463814e-06,6.641604769384226e-06,7.078889450341807e-06,6.92062094599131e-06,5.480418039823274e-06,5.50433379603664e-06,7.128728623803606e-06,7.331389096120105e-06,5.432183056079448e-06,6.863680833927476e-06,5.7634511185510905e-06,6.532385344546831e-06,6.077990263869383e-06,5.742331774872287e-06,8.605965863052706e-06,7.84374053819951e-06,8.346349137076178e-06,6.719323944171514e-06,5.816601943151545e-06,6.829436133858511e-06
r835,3.4195831103381874e-06,3.296937666725528e-06,3.2273763876571445e-06,3.7374095487125808e-06,3.6611681031192904e-06,3.874329937567906e-06,3.378094329022196e-06,3.507688369578662e-06,3.3459800277240165e-06,3.333821278945134e-06,3.141396533863861e-06,2.886927850315867e-06,3.282697325257159e-06,2.830893824054698e-06,3.3120028879255633e-06,2.839087195511352e-06,3.2509797523810464e-06,3.333145194977558e-06,2.6335974520742477e-06,2.756561231714763e-06,2.772548092608222e-06,3.0275594165922605e-06,2.7739138649784917e-06,2.6551029238613676e-06,3.420083042755902e-06,2.823830365281863e-06,3.3656045220830534e-06,2.8708239751264607e-06,3.307534928245886e-06,2.3234504859158096e-06,3.4322772840075406e-06,3.911629547541756e-06,3.633513159693687e-06,3.837902960654034e-06,4.230407208822942e-06,3.907656612904772e-06,3.4267634792438885e-06,3.4370305966566503e-06,3.1844112665739537e-06,3.3678446830644903e-06,3.251601741391298e-06,3.5325688963837196e-06,3.3203116618357145e-06,2.967118520874126e-06,3.247955258473553e-06,3.39160948836621e-06,3.2363110781766144e-06,3.503508921000605e-06,2.128922433702142e-06,2.2457257692353237e-06,2.9293217481269323e-06,3.37828091977125e-06,3.214403342483552e-06,3.018911258811012e-06,3.2176770228826397e-06,3.145736793632414e-06,2.4910991090105784e-06,2.5019699072893817e-06,3.2403311926380024e-06,3.3324495891455023e-06,2.469174116399749e-06,3.1198549245124888e-06,2.6197505084323137e-06,2.9692660657031052e-06,2.7627228472133555e-06,2.6101508067601304e-06,3.911802665023956e-06,3.5653366082725047e-06,3.7937950623073536e-06,3.054238156441598e-06,2.6439099741597934e-06,3.1042891517538693e-06
r836,1.0942665953082201e-05,1.0550200533521689e-05,1.0327604440502862e-05,1.1959710555880258e-05,1.1715737929981728e-05,1.23978558002173e-05,1.0809901852871026e-05,1.122460278265172e-05,1.0707136088716853e-05,1.0668228092624429e-05,1.0052468908364356e-05,9.238169121010773e-06,1.0504631440822908e-05,9.058860236975034e-06,1.0598409241361802e-05,9.085079025636324e-06,1.0403135207619347e-05,1.0666064623928185e-05,8.427511846637593e-06,8.820995941487242e-06,8.872153896346309e-06,9.688190133095235e-06,8.876524367931173e-06,8.496329356356376e-06,1.094426573681889e-05,9.036257168901962e-06,1.0769934470665771e-05,9.186636720404672e-06,1.0584111770386834e-05,7.435041554930591e-06,1.098328730882413e-05,1.2517214552133618e-05,1.1627242111019798e-05,1.2281289474092906e-05,1.3537303068233415e-05,1.250450116129527e-05,1.0965643133580443e-05,1.0998497909301282e-05,1.0190116053036653e-05,1.077710298580637e-05,1.0405125572452154e-05,1.1304220468427903e-05,1.0624997317874286e-05,9.494779266797205e-06,1.039345682711537e-05,1.0853150362771871e-05,1.0356195450165167e-05,1.1211228547201934e-05,6.812551787846854e-06,7.186322461553035e-06,9.373829594006184e-06,1.0810498943268001e-05,1.0286090695947366e-05,9.660516028195237e-06,1.0296566473224447e-05,1.0066357739623725e-05,7.971517148833853e-06,8.006303703326022e-06,1.0369059816441607e-05,1.0663838685265607e-05,7.901357172479197e-06,9.983535758439963e-06,8.383201626983405e-06,9.501651410249935e-06,8.840713111082739e-06,8.352482581632418e-06,1.251776852807666e-05,1.1409077146472015e-05,1.214014419938353e-05,9.773562100613111e-06,8.460511917311338e-06,9.93372528561238e-06
r837,1.0942665953082201e-05,1.0550200533521689e-05,1.0327604440502862e-05,1.1959710555880258e-05,1.1715737929981728e-05,1.23978558002173e-05,1.0809901852871026e-05,1.122460278265172e-05,1.0707136088716853e-05,1.0668228092624429e-05,1.0052468908364356e-05,9.238169121010773e-06,1.0504631440822908e-05,9.058860236975034e-06,1.0598409241361802e-05,9.085079025636324e-06,1.0403135207619347e-05,1.0666064623928185e-05,8.427511846637593e-06,8.820995941487242e-06,8.872153896346309e-06,9.688190133095235e-06,8.876524367931173e-06,8.496329356356376e-06,1.094426573681889e-05,9.036257168901962e-06,1.0769934470665771e-05,9.186636720404672e-06,1.0584111770386834e-05,7.435041554930591e-06,1.098328730882413e-05,1.2517214552133618e-05,1.1627242111019798e-05,1.2281289474092906e-05,1.3537303068233415e-05,1.250450116129527e-05,1.0965643133580443e-05,1.0998497909301282e-05,1.0190116053036653e-05,1.077710298580637e-05,1.0405125572452154e-05,1.1304220468427903e-05,1.0624997317874286e-05,9.494779266797205e-06,1.039345682711537e-05,1.0853150362771871e-05,1.0356195450165167e-05,1.1211228547201934e-05,6.812551787846854e-06,7.186322461553035e-06,9.373829594006184e-06,1.0810498943268001e-05,1.0286090695947366e-05,9.660516028195237e-06,1.0296566473224447e-05,1.0066357739623725e-05,7.971517148833853e-06,8.006303703326022e-06,1.0369059816441607e-05,1.0663838685265607e-05,7.901357172479197e-06,9.983535758439963e-06,8.383201626983405e-06,9.501651410249935e-06,8.840713111082739e-06,8.352482581632418e-06,1.251776852807666e-05,1.1409077146472015e-05,1.214014419938353e-05,9.773562100613111e-06,8.460511917311338e-06,9.93372528561238e-06
r838,9.403853553430014e-06,9.0665785834952e-06,8.875285066057144e-06,1.0277876258959596e-05,1.0068212283578048e-05,1.0654407328311742e-05,9.28975940481104e-06,9.646143016341319e-06,9.201445076241044e-06,9.16800851709912e-06,8.638840468125615e-06,7.939051588368632e-06,9.027417644457184e-06,7.784958016150415e-06,9.108007941795298e-06,7.807489787656213e-06,8.940194319047875e-06,9.166149286188282e-06,7.2423929932041805e-06,7.580543387215594e-06,7.624507254672607e-06,8.325788395628716e-06,7.628263128690854e-06,7.301533040618759e-06,9.405228367578732e-06,7.76553350452512e-06,9.255412435728396e-06,7.894765931597766e-06,9.095721052676184e-06,6.3894888362684766e-06,9.438762531020738e-06,1.0756981255739826e-05,9.992161189157638e-06,1.0554233141798592e-05,1.1633619824263092e-05,1.0746055685488122e-05,9.423599567920693e-06,9.45183414080579e-06,8.75713098307837e-06,9.261572878427349e-06,8.941904788826067e-06,9.714564465055225e-06,9.130857070048212e-06,8.159575932403845e-06,8.931876960802268e-06,9.326926093007077e-06,8.899855464985685e-06,9.63464953275166e-06,5.854536692680891e-06,6.175745865397138e-06,8.055634807349062e-06,9.290272529370935e-06,8.839609191829765e-06,8.302005961730282e-06,8.848611812927257e-06,8.650776182489137e-06,6.85052254977909e-06,6.8804172450458e-06,8.910910779754503e-06,9.164236370150131e-06,6.79022882009931e-06,8.579601042409343e-06,7.204313898188861e-06,8.16548168068354e-06,7.5974878298367266e-06,7.177914718590358e-06,1.075745732881588e-05,9.804675672749387e-06,1.0432936421345221e-05,8.399154930214391e-06,7.270752428939429e-06,8.53679516732314e-06
r839,1.7097915551690937e-06,1.648468833362764e-06,1.6136881938285722e-06,1.8687047743562904e-06,1.8305840515596452e-06,1.937164968783953e-06,1.689047164511098e-06,1.753844184789331e-06,1.6729900138620083e-06,1.666910639472567e-06,1.5706982669319305e-06,1.4434639251579335e-06,1.6413486626285795e-06,1.415446912027349e-06,1.6560014439627816e-06,1.419543597755676e-06,1.6254898761905232e-06,1.666572597488779e-06,1.3167987260371238e-06,1.3782806158573815e-06,1.386274046304111e-06,1.5137797082961302e-06,1.3869569324892459e-06,1.3275514619306838e-06,1.710041521377951e-06,1.4119151826409314e-06,1.6828022610415267e-06,1.4354119875632303e-06,1.653767464122943e-06,1.1617252429579048e-06,1.7161386420037703e-06,1.955814773770878e-06,1.8167565798468435e-06,1.918951480327017e-06,2.115203604411471e-06,1.953828306452386e-06,1.7133817396219442e-06,1.7185152983283252e-06,1.5922056332869769e-06,1.6839223415322451e-06,1.625800870695649e-06,1.7662844481918598e-06,1.6601558309178573e-06,1.483559260437063e-06,1.6239776292367765e-06,1.695804744183105e-06,1.6181555390883072e-06,1.7517544605003024e-06,1.064461216851071e-06,1.1228628846176618e-06,1.4646608740634661e-06,1.689140459885625e-06,1.607201671241776e-06,1.509455629405506e-06,1.6088385114413198e-06,1.572868396816207e-06,1.2455495545052892e-06,1.2509849536446909e-06,1.6201655963190012e-06,1.6662247945727512e-06,1.2345870581998744e-06,1.5599274622562444e-06,1.3098752542161568e-06,1.4846330328515526e-06,1.3813614236066778e-06,1.3050754033800652e-06,1.955901332511978e-06,1.7826683041362523e-06,1.8968975311536768e-06,1.527119078220799e-06,1.3219549870798967e-06,1.5521445758769346e-06
r840,1.7097915551690937e-06,1.648468833362764e-06,1.6136881938285722e-06,1.8687047743562904e-06,1.8305840515596452e-06,1.937164968783953e-06,1.689047164511098e-06,1.753844184789331e-06,1.6729900138620083e-06,1.666910639472567e-06,1.5706982669319305e-06,1.4434639251579335e-06,1.6413486626285795e-06,1.415446912027349e-06,1.6560014439627816e-06,1.419543597755676e-06,1.6254898761905232e-06,1.666572597488779e-06,1.3167987260371238e-06,1.3782806158573815e-06,1.386274046304111e-06,1.5137797082961302e-06,1.3869569324892459e-06,1.3275514619306838e-06,1.710041521377951e-06,1.4119151826409314e-06,1.6828022610415267e-06,1.4354119875632303e-06,1.653767464122943e-06,1.1617252429579048e-06,1.7161386420037703e-06,1.955814773770878e-06,1.8167565798468435e-06,1.918951480327017e-06,2.115203604411471e-06,1.953828306452386e-06,1.7133817396219442e-06,1.7185152983283252e-06,1.5922056332869769e-06,1.6839223415322451e-06,1.625800870695649e-06,1.7662844481918598e-06,1.6601558309178573e-06,1.483559260437063e-06,1.6239776292367765e-06,1.695804744183105e-06,1.6181555390883072e-06,1.7517544605003024e-06,1.064461216851071e-06,1.1228628846176618e-06,1.4646608740634661e-06,1.689140459885625e-06,1.607201671241776e-06,1.509455629405506e-06,1.6088385114413198e-06,1.572868396816207e-06,1.2455495545052892e-06,1.2509849536446909e-06,1.6201655963190012e-06,1.6662247945727512e-06,1.2345870581998744e-06,1.5599274622562444e-06,1.3098752542161568e-06,1.4846330328515526e-06,1.3813614236066778e-06,1.3050754033800652e-06,1.955901332511978e-06,1.7826683041362523e-06,1.8968975311536768e-06,1.527119078220799e-06,1.3219549870798967e-06,1.5521445758769346e-06
r841,1.7097915551690937e-06,1.648468833362764e-06,1.6136881938285722e-06,1.8687047743562904e-06,1.8305840515596452e-06,1.937164968783953e-06,1.689047164511098e-06,1.753844184789331e-06,1.6729900138620083e-06,1.666910639472567e-06,1.5706982669319305e-06,1.4434639251579335e-06,1.6413486626285795e-06,1.415446912027349e-06,1.6560014439627816e-06,1.419543597755676e-06,1.6254898761905232e-06,1.666572597488779e-06,1.3167987260371238e-06,1.3782806158573815e-06,1.386274046304111e-06,1.5137797082961302e-06,1.3869569324892459e-06,1.3275514619306838e-06,1.710041521377951e-06,1.4119151826409314e-06,1.6828022610415267e-06,1.4354119875632303e-06,1.653767464122943e-06,1.1617252429579048e-06,1.7161386420037703e-06,1.955814773770878e-06,1.8167565798468435e-06,1.918951480327017e-06,2.115203604411471e-06,1.953828306452386e-06,1.7133817396219442e-06,1.7185152983283252e-06,1.5922056332869769e-06,1.6839223415322451e-06,1.625800870695649e-06,1.7662844481918598e-06,1.6601558309178573e-06,1.483559260437063e-06,1.6239776292367765e-06,1.695804744183105e-06,1.6181555390883072e-06,1.7517544605003024e-06,1.064461216851071e-06,1.1228628846176618e-06,1.4646608740634661e-06,1.689140459885625e-06,1.607201671241776e-06,1.509455629405506e-06,1.6088385114413198e-06,1.572868396816207e-06,1.2455495545052892e-06,1.2509849536446909e-06,1.6201655963190012e-06,1.6662247945727512e-06,1.2345870581998744e-06,1.5599274622562444e-06,1.3098752542161568e-06,1.4846330328515526e-06,1.3813614236066778e-06,1.3050754033800652e-06,1.955901332511978e-06,1.7826683041362523e-06,1.8968975311536768e-06,1.527119078220799e-06,1.3219549870798967e-06,1.5521445758769346e-06
r842,6.839166220676375e-06,6.593875333451056e-06,6.454752775314289e-06,7.4748190974251615e-06,7.322336206238581e-06,7.748659875135812e-06,6.756188658044392e-06,7.015376739157324e-06,6.691960055448033e-06,6.667642557890268e-06,6.282793067727722e-06,5.773855700631734e-06,6.565394650514318e-06,5.661787648109396e-06,6.6240057758511266e-06,5.678174391022704e-06,6.501959504762093e-06,6.666290389955116e-06,5.267194904148495e-06,5.513122463429526e-06,5.545096185216444e-06,6.055118833184521e-06,5.5478277299569835e-06,5.310205847722735e-06,6.840166085511804e-06,5.647660730563726e-06,6.731209044166107e-06,5.741647950252921e-06,6.615069856491772e-06,4.646900971831619e-06,6.864554568015081e-06,7.823259095083512e-06,7.267026319387374e-06,7.675805921308068e-06,8.460814417645883e-06,7.815313225809544e-06,6.853526958487777e-06,6.874061193313301e-06,6.3688225331479074e-06,6.735689366128981e-06,6.503203482782596e-06,7.065137792767439e-06,6.640623323671429e-06,5.934237041748252e-06,6.495910516947106e-06,6.78321897673242e-06,6.472622156353229e-06,7.00701784200121e-06,4.257844867404284e-06,4.491451538470647e-06,5.858643496253865e-06,6.7565618395425e-06,6.428806684967104e-06,6.037822517622024e-06,6.435354045765279e-06,6.291473587264828e-06,4.982198218021157e-06,5.0039398145787635e-06,6.480662385276005e-06,6.664899178291005e-06,4.938348232799498e-06,6.2397098490249775e-06,5.239501016864627e-06,5.9385321314062105e-06,5.525445694426711e-06,5.220301613520261e-06,7.823605330047912e-06,7.130673216545009e-06,7.587590124614707e-06,6.108476312883196e-06,5.287819948319587e-06,6.2085783035077386e-06
r843,4.901402458151402e-06,4.7256106556399236e-06,4.625906155641907e-06,5.356953686488033e-06,5.2476742811376496e-06,5.553206243847332e-06,4.8419352049318146e-06,5.02768666306275e-06,4.795904706404423e-06,4.778477166488026e-06,4.502668365204868e-06,4.1379299187860755e-06,4.70519949953526e-06,4.057614481145067e-06,4.7472041393599745e-06,4.0693583135662706e-06,4.6597376450795e-06,4.777508112801167e-06,3.774823014639755e-06,3.95107109879116e-06,3.973985599405117e-06,4.339501830448908e-06,3.975943206469171e-06,3.8056475242012936e-06,4.902119027950128e-06,4.047490190237337e-06,4.824033148319043e-06,4.11484769768126e-06,4.740800063819103e-06,3.3302790298126605e-06,4.919597440410809e-06,5.606669018143183e-06,5.208035528894286e-06,5.500994243604114e-06,6.063583665979551e-06,5.600974478496839e-06,4.9116943202495745e-06,4.926410521874532e-06,4.564322815422667e-06,4.82724404572577e-06,4.660629162660861e-06,5.063348751483332e-06,4.759113381964524e-06,4.252869879919581e-06,4.655402537145426e-06,4.8613069333249015e-06,4.638712545386481e-06,5.021696120100866e-06,3.0514554883064034e-06,3.2188736025706304e-06,4.198694505648604e-06,4.842202651672126e-06,4.607311457559758e-06,4.327106137629116e-06,4.61200373279845e-06,4.50888940420646e-06,3.570575389581829e-06,3.58615686711478e-06,4.644474709447804e-06,4.77651107777522e-06,3.539149566839641e-06,4.471792058467901e-06,3.7549757287529836e-06,4.255948027507784e-06,3.959902747672476e-06,3.7412161563561867e-06,5.606917153201005e-06,5.11031580519059e-06,5.43777292264054e-06,4.377741357566289e-06,3.7896042962957035e-06,4.449481117513879e-06
r844,4.901402458151402e-06,4.7256106556399236e-06,4.625906155641907e-06,5.356953686488033e-06,5.2476742811376496e-06,5.553206243847332e-06,4.8419352049318146e-06,5.02768666306275e-06,4.795904706404423e-06,4.778477166488026e-06,4.502668365204868e-06,4.1379299187860755e-06,4.70519949953526e-06,4.057614481145067e-06,4.7472041393599745e-06,4.0693583135662706e-06,4.6597376450795e-06,4.777508112801167e-06,3.774823014639755e-06,3.95107109879116e-06,3.973985599405117e-06,4.339501830448908e-06,3.975943206469171e-06,3.8056475242012936e-06,4.902119027950128e-06,4.047490190237337e-06,4.824033148319043e-06,4.11484769768126e-06,4.740800063819103e-06,3.3302790298126605e-06,4.919597440410809e-06,5.606669018143183e-06,5.208035528894286e-06,5.500994243604114e-06,6.063583665979551e-06,5.600974478496839e-06,4.9116943202495745e-06,4.926410521874532e-06,4.564322815422667e-06,4.82724404572577e-06,4.660629162660861e-06,5.063348751483332e-06,4.759113381964524e-06,4.252869879919581e-06,4.655402537145426e-06,4.8613069333249015e-06,4.638712545386481e-06,5.021696120100866e-06,3.0514554883064034e-06,3.2188736025706304e-06,4.198694505648604e-06,4.842202651672126e-06,4.607311457559758e-06,4.327106137629116e-06,4.61200373279845e-06,4.50888940420646e-06,3.570575389581829e-06,3.58615686711478e-06,4.644474709447804e-06,4.77651107777522e-06,3.539149566839641e-06,4.471792058467901e-06,3.7549757287529836e-06,4.255948027507784e-06,3.959902747672476e-06,3.7412161563561867e-06,5.606917153201005e-06,5.11031580519059e-06,5.43777292264054e-06,4.377741357566289e-06,3.7896042962957035e-06,4.449481117513879e-06
r845,2.0517498662029127e-06,1.978162600035317e-06,1.9364258325942867e-06,2.2424457292275483e-06,2.196700861871574e-06,2.3245979625407443e-06,2.026856597413318e-06,2.1046130217471977e-06,2.0075880166344097e-06,2.00029276736708e-06,1.8848379203183167e-06,1.73215671018952e-06,1.969618395154295e-06,1.6985362944328189e-06,1.987201732755338e-06,1.7034523173068108e-06,1.950587851428628e-06,1.9998871169865346e-06,1.5801584712445485e-06,1.6539367390288577e-06,1.663528855564933e-06,1.8165356499553565e-06,1.6643483189870952e-06,1.5930617543168206e-06,2.0520498256535416e-06,1.694298219169118e-06,2.0193627132498318e-06,1.7224943850758762e-06,1.9845209569475317e-06,1.3940702915494858e-06,2.0593663704045246e-06,2.346977728525054e-06,2.1801078958162124e-06,2.3027417763924197e-06,2.5382443252937653e-06,2.344593967742863e-06,2.0560580875463335e-06,2.062218357993991e-06,1.910646759944372e-06,2.0207068098386943e-06,1.9509610448347787e-06,2.1195413378302317e-06,1.9921869971014287e-06,1.7802711125244758e-06,1.948773155084132e-06,2.034965693019726e-06,1.941786646905969e-06,2.1021053526003627e-06,1.277353460221285e-06,1.3474354615411941e-06,1.7575930488761593e-06,2.0269685518627503e-06,1.9286420054901312e-06,1.8113467552866072e-06,1.930606213729584e-06,1.8874420761794485e-06,1.4946594654063472e-06,1.5011819443736288e-06,1.9441987155828015e-06,1.9994697534873014e-06,1.4815044698398496e-06,1.8719129547074934e-06,1.5718503050593882e-06,1.7815596394218629e-06,1.6576337083280134e-06,1.5660904840560782e-06,2.347081599014374e-06,2.139201964963503e-06,2.276277037384412e-06,1.8325428938649586e-06,1.5863459844958759e-06,1.8625734910523215e-06
r846,2.0517498662029127e-06,1.978162600035317e-06,1.9364258325942867e-06,2.2424457292275483e-06,2.196700861871574e-06,2.3245979625407443e-06,2.026856597413318e-06,2.1046130217471977e-06,2.0075880166344097e-06,2.00029276736708e-06,1.8848379203183167e-06,1.73215671018952e-06,1.969618395154295e-06,1.6985362944328189e-06,1.987201732755338e-06,1.7034523173068108e-06,1.950587851428628e-06,1.9998871169865346e-06,1.5801584712445485e-06,1.6539367390288577e-06,1.663528855564933e-06,1.8165356499553565e-06,1.6643483189870952e-06,1.5930617543168206e-06,2.0520498256535416e-06,1.694298219169118e-06,2.0193627132498318e-06,1.7224943850758762e-06,1.9845209569475317e-06,1.3940702915494858e-06,2.0593663704045246e-06,2.346977728525054e-06,2.1801078958162124e-06,2.3027417763924197e-06,2.5382443252937653e-06,2.344593967742863e-06,2.0560580875463335e-06,2.062218357993991e-06,1.910646759944372e-06,2.0207068098386943e-06,1.9509610448347787e-06,2.1195413378302317e-06,1.9921869971014287e-06,1.7802711125244758e-06,1.948773155084132e-06,2.034965693019726e-06,1.941786646905969e-06,2.1021053526003627e-06,1.277353460221285e-06,1.3474354615411941e-06,1.7575930488761593e-06,2.0269685518627503e-06,1.9286420054901312e-06,1.8113467552866072e-06,1.930606213729584e-06,1.8874420761794485e-06,1.4946594654063472e-06,1.5011819443736288e-06,1.9441987155828015e-06,1.9994697534873014e-06,1.4815044698398496e-06,1.8719129547074934e-06,1.5718503050593882e-06,1.7815596394218629e-06,1.6576337083280134e-06,1.5660904840560782e-06,2.347081599014374e-06,2.139201964963503e-06,2.276277037384412e-06,1.8325428938649586e-06,1.5863459844958759e-06,1.8625734910523215e-06
r847,8.20699946481165e-06,7.912650400141267e-06,7.745703330377147e-06,8.969782916910193e-06,8.786803447486297e-06,9.298391850162977e-06,8.107426389653271e-06,8.41845208698879e-06,8.030352066537639e-06,8.00117106946832e-06,7.539351681273267e-06,6.92862684075808e-06,7.87847358061718e-06,6.7941451777312755e-06,7.948806931021352e-06,6.813809269227243e-06,7.802351405714512e-06,7.999548467946138e-06,6.320633884978194e-06,6.615746956115431e-06,6.654115422259732e-06,7.266142599821426e-06,6.657393275948381e-06,6.3722470172672825e-06,8.208199302614166e-06,6.777192876676472e-06,8.077450852999327e-06,6.889977540303505e-06,7.938083827790127e-06,5.576281166197943e-06,8.237465481618099e-06,9.387910914100216e-06,8.72043158326485e-06,9.210967105569679e-06,1.0152977301175061e-05,9.378375870971452e-06,8.224232350185334e-06,8.248873431975964e-06,7.642587039777489e-06,8.082827239354777e-06,7.803844179339115e-06,8.478165351320927e-06,7.968747988405715e-06,7.121084450097903e-06,7.795092620336528e-06,8.139862772078904e-06,7.767146587623876e-06,8.40842141040145e-06,5.10941384088514e-06,5.3897418461647765e-06,7.030372195504637e-06,8.107874207451001e-06,7.714568021960525e-06,7.245387021146429e-06,7.722424854918336e-06,7.549768304717794e-06,5.978637861625389e-06,6.004727777494515e-06,7.776794862331206e-06,7.997879013949206e-06,5.9260178793593985e-06,7.4876518188299735e-06,6.287401220237553e-06,7.1262385576874516e-06,6.630534833312054e-06,6.264361936224313e-06,9.388326396057496e-06,8.556807859854012e-06,9.105108149537648e-06,7.330171575459834e-06,6.345383937983503e-06,7.450293964209286e-06
r848,2.8496525919484894e-06,2.7474480556046067e-06,2.68948032304762e-06,3.114507957260484e-06,3.0509734192660754e-06,3.228608281306588e-06,2.8150786075184968e-06,2.923073641315552e-06,2.7883166897700134e-06,2.778184399120945e-06,2.617830444886551e-06,2.4057732085965553e-06,2.735581104380965e-06,2.3590781867122483e-06,2.7600024066046357e-06,2.3659059962594596e-06,2.7091497936508717e-06,2.7776209958146317e-06,2.1946645433952063e-06,2.2971343597623028e-06,2.3104567438401843e-06,2.522966180493551e-06,2.3115948874820767e-06,2.2125857698844732e-06,2.850069202296586e-06,2.353191971068219e-06,2.804670435069211e-06,2.3923533126053836e-06,2.756279106871572e-06,1.9362087382631748e-06,2.8602310700062837e-06,3.25969128961813e-06,3.0279276330780727e-06,3.198252467211695e-06,3.525339340685785e-06,3.256380510753977e-06,2.8556362327032406e-06,2.8641921638805425e-06,2.6536760554782947e-06,2.8065372358870754e-06,2.709668117826082e-06,2.9438074136531e-06,2.766926384863096e-06,2.4725987673951046e-06,2.706629382061294e-06,2.8263412403051754e-06,2.6969258984805126e-06,2.9195907675005038e-06,1.7741020280851182e-06,1.8714381410294365e-06,2.4411014567724437e-06,2.8152340998093754e-06,2.6786694520696265e-06,2.5157593823425096e-06,2.681397519068866e-06,2.6214473280270116e-06,2.0759159241754824e-06,2.0849749227411515e-06,2.7002759938650018e-06,2.777041324287919e-06,2.0576450969997912e-06,2.5998791037604073e-06,2.183125423693595e-06,2.4743883880859207e-06,2.302269039344463e-06,2.1751256723001085e-06,3.2598355541866307e-06,2.971113840227087e-06,3.161495885256128e-06,2.5451984637013312e-06,2.203258311799828e-06,2.586907626461558e-06
r849,2.8496525919484894e-06,2.7474480556046067e-06,2.68948032304762e-06,3.114507957260484e-06,3.0509734192660754e-06,3.228608281306588e-06,2.8150786075184968e-06,2.923073641315552e-06,2.7883166897700134e-06,2.778184399120945e-06,2.617830444886551e-06,2.4057732085965553e-06,2.735581104380965e-06,2.3590781867122483e-06,2.7600024066046357e-06,2.3659059962594596e-06,2.7091497936508717e-06,2.7776209958146317e-06,2.1946645433952063e-06,2.2971343597623028e-06,2.3104567438401843e-06,2.522966180493551e-06,2.3115948874820767e-06,2.2125857698844732e-06,2.850069202296586e-06,2.353191971068219e-06,2.804670435069211e-06,2.3923533126053836e-06,2.756279106871572e-06,1.9362087382631748e-06,2.8602310700062837e-06,3.25969128961813e-06,3.0279276330780727e-06,3.198252467211695e-06,3.525339340685785e-06,3.256380510753977e-06,2.8556362327032406e-06,2.8641921638805425e-06,2.6536760554782947e-06,2.8065372358870754e-06,2.709668117826082e-06,2.9438074136531e-06,2.766926384863096e-06,2.4725987673951046e-06,2.706629382061294e-06,2.8263412403051754e-06,2.6969258984805126e-06,2.9195907675005038e-06,1.7741020280851182e-06,1.8714381410294365e-06,2.4411014567724437e-06,2.8152340998093754e-06,2.6786694520696265e-06,2.5157593823425096e-06,2.681397519068866e-06,2.6214473280270116e-06,2.0759159241754824e-06,2.0849749227411515e-06,2.7002759938650018e-06,2.777041324287919e-06,2.0576450969997912e-06,2.5998791037604073e-06,2.183125423693595e-06,2.4743883880859207e-06,2.302269039344463e-06,2.1751256723001085e-06,3.2598355541866307e-06,2.971113840227087e-06,3.161495885256128e-06,2.5451984637013312e-06,2.203258311799828e-06,2.586907626461558e-06
r850,5.699305183896979e-06,5.494896111209213e-06,5.37896064609524e-06,6.229015914520968e-06,6.101946838532151e-06,6.457216562613176e-06,5.6301572150369935e-06,5.846147282631104e-06,5.576633379540027e-06,5.55636879824189e-06,5.235660889773102e-06,4.8115464171931105e-06,5.47116220876193e-06,4.7181563734244965e-06,5.5200048132092714e-06,4.731811992518919e-06,5.418299587301743e-06,5.5552419916292635e-06,4.3893290867904125e-06,4.5942687195246055e-06,4.620913487680369e-06,5.045932360987102e-06,4.6231897749641535e-06,4.4251715397689465e-06,5.700138404593172e-06,4.706383942136438e-06,5.609340870138422e-06,4.784706625210767e-06,5.512558213743144e-06,3.8724174765263495e-06,5.7204621400125674e-06,6.51938257923626e-06,6.0558552661561455e-06,6.39650493442339e-06,7.05067868137157e-06,6.512761021507954e-06,5.711272465406481e-06,5.728384327761085e-06,5.307352110956589e-06,5.613074471774151e-06,5.419336235652164e-06,5.8876148273062e-06,5.533852769726192e-06,4.945197534790209e-06,5.413258764122588e-06,5.652682480610351e-06,5.393851796961025e-06,5.8391815350010075e-06,3.5482040561702363e-06,3.742876282058873e-06,4.882202913544887e-06,5.630468199618751e-06,5.357338904139253e-06,5.031518764685019e-06,5.362795038137732e-06,5.242894656054023e-06,4.151831848350965e-06,4.169949845482303e-06,5.4005519877300035e-06,5.554082648575838e-06,4.1152901939995824e-06,5.199758207520815e-06,4.36625084738719e-06,4.948776776171841e-06,4.604538078688926e-06,4.350251344600217e-06,6.519671108373261e-06,5.942227680454174e-06,6.322991770512256e-06,5.0903969274026625e-06,4.406516623599656e-06,5.173815252923116e-06
r851,5.4713329765411005e-06,5.275100266760844e-06,5.163802220251431e-06,5.979855277940129e-06,5.857868964990864e-06,6.19892790010865e-06,5.404950926435513e-06,5.61230139132586e-06,5.353568044358427e-06,5.3341140463122145e-06,5.026234454182178e-06,4.619084560505387e-06,5.252315720411454e-06,4.529430118487517e-06,5.299204620680901e-06,4.542539512818162e-06,5.2015676038096735e-06,5.3330323119640925e-06,4.213755923318797e-06,4.410497970743621e-06,4.436076948173154e-06,4.844095066547617e-06,4.438262183965586e-06,4.248164678178188e-06,5.472132868409445e-06,4.518128584450981e-06,5.384967235332886e-06,4.593318360202336e-06,5.292055885193417e-06,3.7175207774652954e-06,5.491643654412065e-06,6.258607276066809e-06,5.813621055509899e-06,6.140644737046453e-06,6.768651534116707e-06,6.252250580647635e-06,5.4828215667902215e-06,5.499248954650641e-06,5.095058026518326e-06,5.388551492903185e-06,5.202562786226077e-06,5.652110234213951e-06,5.312498658937143e-06,4.747389633398602e-06,5.196728413557685e-06,5.426575181385936e-06,5.178097725082584e-06,5.605614273600967e-06,3.406275893923427e-06,3.5931612307765174e-06,4.686914797003092e-06,5.405249471634001e-06,5.143045347973683e-06,4.8302580140976185e-06,5.148283236612224e-06,5.033178869811862e-06,3.9857585744169264e-06,4.003151851663011e-06,5.1845299082208034e-06,5.331919342632804e-06,3.950678586239599e-06,4.9917678792199815e-06,4.191600813491703e-06,4.750825705124968e-06,4.420356555541369e-06,4.176241290816209e-06,6.25888426403833e-06,5.704538573236007e-06,6.070072099691765e-06,4.886781050306556e-06,4.230255958655669e-06,4.96686264280619e-06
r852,5.4713329765411005e-06,5.275100266760844e-06,5.163802220251431e-06,5.979855277940129e-06,5.857868964990864e-06,6.19892790010865e-06,5.404950926435513e-06,5.61230139132586e-06,5.353568044358427e-06,5.3341140463122145e-06,5.026234454182178e-06,4.619084560505387e-06,5.252315720411454e-06,4.529430118487517e-06,5.299204620680901e-06,4.542539512818162e-06,5.2015676038096735e-06,5.3330323119640925e-06,4.213755923318797e-06,4.410497970743621e-06,4.436076948173154e-06,4.844095066547617e-06,4.438262183965586e-06,4.248164678178188e-06,5.472132868409445e-06,4.518128584450981e-06,5.384967235332886e-06,4.593318360202336e-06,5.292055885193417e-06,3.7175207774652954e-06,5.491643654412065e-06,6.258607276066809e-06,5.813621055509899e-06,6.140644737046453e-06,6.768651534116707e-06,6.252250580647635e-06,5.4828215667902215e-06,5.499248954650641e-06,5.095058026518326e-06,5.388551492903185e-06,5.202562786226077e-06,5.652110234213951e-06,5.312498658937143e-06,4.747389633398602e-06,5.196728413557685e-06,5.426575181385936e-06,5.178097725082584e-06,5.605614273600967e-06,3.406275893923427e-06,3.5931612307765174e-06,4.686914797003092e-06,5.405249471634001e-06,5.143045347973683e-06,4.8302580140976185e-06,5.148283236612224e-06,5.033178869811862e-06,3.9857585744169264e-06,4.003151851663011e-06,5.1845299082208034e-06,5.331919342632804e-06,3.950678586239599e-06,4.9917678792199815e-06,4.191600813491703e-06,4.750825705124968e-06,4.420356555541369e-06,4.176241290816209e-06,6.25888426403833e-06,5.704538573236007e-06,6.070072099691765e-06,4.886781050306556e-06,4.230255958655669e-06,4.96686264280619e-06
r853,5.4713329765411005e-06,5.275100266760844e-06,5.163802220251431e-06,5.979855277940129e-06,5.857868964990864e-06,6.19892790010865e-06,5.404950926435513e-06,5.61230139132586e-06,5.353568044358427e-06,5.3341140463122145e-06,5.026234454182178e-06,4.619084560505387e-06,5.252315720411454e-06,4.529430118487517e-06,5.299204620680901e-06,4.542539512818162e-06,5.2015676038096735e-06,5.3330323119640925e-06,4.213755923318797e-06,4.410497970743621e-06,4.436076948173154e-06,4.844095066547617e-06,4.438262183965586e-06,4.248164678178188e-06,5.472132868409445e-06,4.518128584450981e-06,5.384967235332886e-06,4.593318360202336e-06,5.292055885193417e-06,3.7175207774652954e-06,5.491643654412065e-06,6.258607276066809e-06,5.813621055509899e-06,6.140644737046453e-06,6.768651534116707e-06,6.252250580647635e-06,5.4828215667902215e-06,5.499248954650641e-06,5.095058026518326e-06,5.388551492903185e-06,5.202562786226077e-06,5.652110234213951e-06,5.312498658937143e-06,4.747389633398602e-06,5.196728413557685e-06,5.426575181385936e-06,5.178097725082584e-06,5.605614273600967e-06,3.406275893923427e-06,3.5931612307765174e-06,4.686914797003092e-06,5.405249471634001e-06,5.143045347973683e-06,4.8302580140976185e-06,5.148283236612224e-06,5.033178869811862e-06,3.9857585744169264e-06,4.003151851663011e-06,5.1845299082208034e-06,5.331919342632804e-06,3.950678586239599e-06,4.9917678792199815e-06,4.191600813491703e-06,4.750825705124968e-06,4.420356555541369e-06,4.176241290816209e-06,6.25888426403833e-06,5.704538573236007e-06,6.070072099691765e-06,4.886781050306556e-06,4.230255958655669e-06,4.96686264280619e-06
r854,5.4713329765411005e-06,5.275100266760844e-06,5.163802220251431e-06,5.979855277940129e-06,5.857868964990864e-06,6.19892790010865e-06,5.404950926435513e-06,5.61230139132586e-06,5.353568044358427e-06,5.3341140463122145e-06,5.026234454182178e-06,4.619084560505387e-06,5.252315720411454e-06,4.529430118487517e-06,5.299204620680901e-06,4.542539512818162e-06,5.2015676038096735e-06,5.3330323119640925e-06,4.213755923318797e-06,4.410497970743621e-06,4.436076948173154e-06,4.844095066547617e-06,4.438262183965586e-06,4.248164678178188e-06,5.472132868409445e-06,4.518128584450981e-06,5.384967235332886e-06,4.593318360202336e-06,5.292055885193417e-06,3.7175207774652954e-06,5.491643654412065e-06,6.258607276066809e-06,5.813621055509899e-06,6.140644737046453e-06,6.768651534116707e-06,6.252250580647635e-06,5.4828215667902215e-06,5.499248954650641e-06,5.095058026518326e-06,5.388551492903185e-06,5.202562786226077e-06,5.652110234213951e-06,5.312498658937143e-06,4.747389633398602e-06,5.196728413557685e-06,5.426575181385936e-06,5.178097725082584e-06,5.605614273600967e-06,3.406275893923427e-06,3.5931612307765174e-06,4.686914797003092e-06,5.405249471634001e-06,5.143045347973683e-06,4.8302580140976185e-06,5.148283236612224e-06,5.033178869811862e-06,3.9857585744169264e-06,4.003151851663011e-06,5.1845299082208034e-06,5.331919342632804e-06,3.950678586239599e-06,4.9917678792199815e-06,4.191600813491703e-06,4.750825705124968e-06,4.420356555541369e-06,4.176241290816209e-06,6.25888426403833e-06,5.704538573236007e-06,6.070072099691765e-06,4.886781050306556e-06,4.230255958655669e-06,4.96686264280619e-06
r855,1.1398610367793959e-06,1.098979222241843e-06,1.075792129219048e-06,1.2458031829041936e-06,1.2203893677064302e-06,1.2914433125226357e-06,1.1260314430073988e-06,1.1692294565262208e-06,1.1153266759080056e-06,1.1112737596483782e-06,1.0471321779546204e-06,9.623092834386222e-07,1.0942324417523862e-06,9.436312746848995e-07,1.1040009626418543e-06,9.46362398503784e-07,1.0836599174603487e-06,1.1110483983258528e-06,8.778658173580826e-07,9.188537439049211e-07,9.241826975360738e-07,1.0091864721974202e-06,9.246379549928308e-07,8.850343079537893e-07,1.1400276809186345e-06,9.412767884272876e-07,1.1218681740276846e-06,9.569413250421536e-07,1.1025116427486288e-06,7.744834953052699e-07,1.1440924280025136e-06,1.3038765158472519e-06,1.211171053231229e-06,1.279300986884678e-06,1.410135736274314e-06,1.3025522043015906e-06,1.1422544930812964e-06,1.145676865552217e-06,1.0614704221913178e-06,1.1226148943548304e-06,1.0838672471304327e-06,1.1775229654612399e-06,1.1067705539452383e-06,9.89039506958042e-07,1.0826517528245179e-06,1.1305364961220702e-06,1.078770359392205e-06,1.1678363070002015e-06,7.096408112340474e-07,7.485752564117744e-07,9.764405827089775e-07,1.12609363992375e-06,1.0714677808278507e-06,1.0063037529370038e-06,1.0725590076275466e-06,1.0485789312108046e-06,8.303663696701929e-07,8.339899690964605e-07,1.080110397546001e-06,1.1108165297151677e-06,8.230580387999164e-07,1.039951641504163e-06,8.73250169477438e-07,9.897553552343683e-07,9.209076157377852e-07,8.700502689200434e-07,1.303934221674652e-06,1.188445536090835e-06,1.264598354102451e-06,1.0180793854805325e-06,8.813033247199312e-07,1.0347630505846232e-06
r856,1.1398610367793959e-06,1.098979222241843e-06,1.075792129219048e-06,1.2458031829041936e-06,1.2203893677064302e-06,1.2914433125226357e-06,1.1260314430073988e-06,1.1692294565262208e-06,1.1153266759080056e-06,1.1112737596483782e-06,1.0471321779546204e-06,9.623092834386222e-07,1.0942324417523862e-06,9.436312746848995e-07,1.1040009626418543e-06,9.46362398503784e-07,1.0836599174603487e-06,1.1110483983258528e-06,8.778658173580826e-07,9.188537439049211e-07,9.241826975360738e-07,1.0091864721974202e-06,9.246379549928308e-07,8.850343079537893e-07,1.1400276809186345e-06,9.412767884272876e-07,1.1218681740276846e-06,9.569413250421536e-07,1.1025116427486288e-06,7.744834953052699e-07,1.1440924280025136e-06,1.3038765158472519e-06,1.211171053231229e-06,1.279300986884678e-06,1.410135736274314e-06,1.3025522043015906e-06,1.1422544930812964e-06,1.145676865552217e-06,1.0614704221913178e-06,1.1226148943548304e-06,1.0838672471304327e-06,1.1775229654612399e-06,1.1067705539452383e-06,9.89039506958042e-07,1.0826517528245179e-06,1.1305364961220702e-06,1.078770359392205e-06,1.1678363070002015e-06,7.096408112340474e-07,7.485752564117744e-07,9.764405827089775e-07,1.12609363992375e-06,1.0714677808278507e-06,1.0063037529370038e-06,1.0725590076275466e-06,1.0485789312108046e-06,8.303663696701929e-07,8.339899690964605e-07,1.080110397546001e-06,1.1108165297151677e-06,8.230580387999164e-07,1.039951641504163e-06,8.73250169477438e-07,9.897553552343683e-07,9.209076157377852e-07,8.700502689200434e-07,1.303934221674652e-06,1.188445536090835e-06,1.264598354102451e-06,1.0180793854805325e-06,8.813033247199312e-07,1.0347630505846232e-06
r857,1.1398610367793959e-06,1.098979222241843e-06,1.075792129219048e-06,1.2458031829041936e-06,1.2203893677064302e-06,1.2914433125226357e-06,1.1260314430073988e-06,1.1692294565262208e-06,1.1153266759080056e-06,1.1112737596483782e-06,1.0471321779546204e-06,9.623092834386222e-07,1.0942324417523862e-06,9.436312746848995e-07,1.1040009626418543e-06,9.46362398503784e-07,1.0836599174603487e-06,1.1110483983258528e-06,8.778658173580826e-07,9.188537439049211e-07,9.241826975360738e-07,1.0091864721974202e-06,9.246379549928308e-07,8.850343079537893e-07,1.1400276809186345e-06,9.412767884272876e-07,1.1218681740276846e-06,9.569413250421536e-07,1.1025116427486288e-06,7.744834953052699e-07,1.1440924280025136e-06,1.3038765158472519e-06,1.211171053231229e-06,1.279300986884678e-06,1.410135736274314e-06,1.3025522043015906e-06,1.1422544930812964e-06,1.145676865552217e-06,1.0614704221913178e-06,1.1226148943548304e-06,1.0838672471304327e-06,1.1775229654612399e-06,1.1067705539452383e-06,9.89039506958042e-07,1.0826517528245179e-06,1.1305364961220702e-06,1.078770359392205e-06,1.1678363070002015e-06,7.096408112340474e-07,7.485752564117744e-07,9.764405827089775e-07,1.12609363992375e-06,1.0714677808278507e-06,1.0063037529370038e-06,1.0725590076275466e-06,1.0485789312108046e-06,8.303663696701929e-07,8.339899690964605e-07,1.080110397546001e-06,1.1108165297151677e-06,8.230580387999164e-07,1.039951641504163e-06,8.73250169477438e-07,9.897553552343683e-07,9.209076157377852e-07,8.700502689200434e-07,1.303934221674652e-06,1.188445536090835e-06,1.264598354102451e-06,1.0180793854805325e-06,8.813033247199312e-07,1.0347630505846232e-06
r858,1.1398610367793959e-06,1.098979222241843e-06,1.075792129219048e-06,1.2458031829041936e-06,1.2203893677064302e-06,1.2914433125226357e-06,1.1260314430073988e-06,1.1692294565262208e-06,1.1153266759080056e-06,1.1112737596483782e-06,1.0471321779546204e-06,9.623092834386222e-07,1.0942324417523862e-06,9.436312746848995e-07,1.1040009626418543e-06,9.46362398503784e-07,1.0836599174603487e-06,1.1110483983258528e-06,8.778658173580826e-07,9.188537439049211e-07,9.241826975360738e-07,1.0091864721974202e-06,9.246379549928308e-07,8.850343079537893e-07,1.1400276809186345e-06,9.412767884272876e-07,1.1218681740276846e-06,9.569413250421536e-07,1.1025116427486288e-06,7.744834953052699e-07,1.1440924280025136e-06,1.3038765158472519e-06,1.211171053231229e-06,1.279300986884678e-06,1.410135736274314e-06,1.3025522043015906e-06,1.1422544930812964e-06,1.145676865552217e-06,1.0614704221913178e-06,1.1226148943548304e-06,1.0838672471304327e-06,1.1775229654612399e-06,1.1067705539452383e-06,9.89039506958042e-07,1.0826517528245179e-06,1.1305364961220702e-06,1.078770359392205e-06,1.1678363070002015e-06,7.096408112340474e-07,7.485752564117744e-07,9.764405827089775e-07,1.12609363992375e-06,1.0714677808278507e-06,1.0063037529370038e-06,1.0725590076275466e-06,1.0485789312108046e-06,8.303663696701929e-07,8.339899690964605e-07,1.080110397546001e-06,1.1108165297151677e-06,8.230580387999164e-07,1.039951641504163e-06,8.73250169477438e-07,9.897553552343683e-07,9.209076157377852e-07,8.700502689200434e-07,1.303934221674652e-06,1.188445536090835e-06,1.264598354102451e-06,1.0180793854805325e-06,8.813033247199312e-07,1.0347630505846232e-06
r859,1.1398610367793959e-06,1.098979222241843e-06,1.075792129219048e-06,1.2458031829041936e-06,1.2203893677064302e-06,1.2914433125226357e-06,1.1260314430073988e-06,1.1692294565262208e-06,1.1153266759080056e-06,1.1112737596483782e-06,1.0471321779546204e-06,9.623092834386222e-07,1.0942324417523862e-06,9.436312746848995e-07,1.1040009626418543e-06,9.46362398503784e-07,1.0836599174603487e-06,1.1110483983258528e-06,8.778658173580826e-07,9.188537439049211e-07,9.241826975360738e-07,1.0091864721974202e-06,9.246379549928308e-07,8.850343079537893e-07,1.1400276809186345e-06,9.412767884272876e-07,1.1218681740276846e-06,9.569413250421536e-07,1.1025116427486288e-06,7.744834953052699e-07,1.1440924280025136e-06,1.3038765158472519e-06,1.211171053231229e-06,1.279300986884678e-06,1.410135736274314e-06,1.3025522043015906e-06,1.1422544930812964e-06,1.145676865552217e-06,1.0614704221913178e-06,1.1226148943548304e-06,1.0838672471304327e-06,1.1775229654612399e-06,1.1067705539452383e-06,9.89039506958042e-07,1.0826517528245179e-06,1.1305364961220702e-06,1.078770359392205e-06,1.1678363070002015e-06,7.096408112340474e-07,7.485752564117744e-07,9.764405827089775e-07,1.12609363992375e-06,1.0714677808278507e-06,1.0063037529370038e-06,1.0725590076275466e-06,1.0485789312108046e-06,8.303663696701929e-07,8.339899690964605e-07,1.080110397546001e-06,1.1108165297151677e-06,8.230580387999164e-07,1.039951641504163e-06,8.73250169477438e-07,9.897553552343683e-07,9.209076157377852e-07,8.700502689200434e-07,1.303934221674652e-06,1.188445536090835e-06,1.264598354102451e-06,1.0180793854805325e-06,8.813033247199312e-07,1.0347630505846232e-06
r860,1.1398610367793959e-06,1.098979222241843e-06,1.075792129219048e-06,1.2458031829041936e-06,1.2203893677064302e-06,1.2914433125226357e-06,1.1260314430073988e-06,1.1692294565262208e-06,1.1153266759080056e-06,1.1112737596483782e-06,1.0471321779546204e-06,9.623092834386222e-07,1.0942324417523862e-06,9.436312746848995e-07,1.1040009626418543e-06,9.46362398503784e-07,1.0836599174603487e-06,1.1110483983258528e-06,8.778658173580826e-07,9.188537439049211e-07,9.241826975360738e-07,1.0091864721974202e-06,9.246379549928308e-07,8.850343079537893e-07,1.1400276809186345e-06,9.412767884272876e-07,1.1218681740276846e-06,9.569413250421536e-07,1.1025116427486288e-06,7.744834953052699e-07,1.1440924280025136e-06,1.3038765158472519e-06,1.211171053231229e-06,1.279300986884678e-06,1.410135736274314e-06,1.3025522043015906e-06,1.1422544930812964e-06,1.145676865552217e-06,1.0614704221913178e-06,1.1226148943548304e-06,1.0838672471304327e-06,1.1775229654612399e-06,1.1067705539452383e-06,9.89039506958042e-07,1.0826517528245179e-06,1.1305364961220702e-06,1.078770359392205e-06,1.1678363070002015e-06,7.096408112340474e-07,7.485752564117744e-07,9.764405827089775e-07,1.12609363992375e-06,1.0714677808278507e-06,1.0063037529370038e-06,1.0725590076275466e-06,1.0485789312108046e-06,8.303663696701929e-07,8.339899690964605e-07,1.080110397546001e-06,1.1108165297151677e-06,8.230580387999164e-07,1.039951641504163e-06,8.73250169477438e-07,9.897553552343683e-07,9.209076157377852e-07,8.700502689200434e-07,1.303934221674652e-06,1.188445536090835e-06,1.264598354102451e-06,1.0180793854805325e-06,8.813033247199312e-07,1.0347630505846232e-06
r861,0.06032144606636562,0.05815798044103831,0.05693091947827202,0.06592790443928992,0.06458300533902428,0.06834318009869786,0.05958958396395154,0.061875622839367594,0.059023087689051644,0.05880860736059217,0.05541423485735851,0.05092540727957188,0.05790678081753627,0.04993696705632487,0.05842373094300694,0.05008149812882025,0.05734728283200166,0.05879668123940411,0.04645665905458973,0.04862574012744842,0.04890774835360903,0.053406148108687476,0.048931840578220594,0.04683601557691452,0.06033026487421412,0.04981236764357206,0.05936926376954506,0.05064133492123076,0.05834491613425743,0.040985666571554884,0.06054537128989302,0.06900114521863657,0.06409517213699664,0.06770060822593715,0.0746243831636367,0.06893106265164017,0.06044810777386219,0.060629219725023324,0.05617301474236454,0.059408780209257606,0.05735825471814249,0.06231451533220881,0.058570297714782005,0.05233997070821959,0.05729393075947347,0.05982799137477994,0.05708852741903549,0.06180189736645066,0.03755419173050578,0.0396146025693111,0.051673235636959094,0.05959287542476485,0.056702074961409846,0.053253594605426245,0.05675982268364978,0.055490797039675764,0.04394298828294661,0.04413474916458469,0.057159442238134364,0.05878441075252666,0.04355623141329158,0.05503424086840031,0.046212398968746016,0.05237785339900277,0.04873443102484358,0.0460430602312487,0.0690041990110226,0.06289253776992698,0.06692254489910171,0.05387676107962978,0.046638571944178746,0.05475966063693825
r862,0.06032144606636562,0.05815798044103831,0.05693091947827202,0.06592790443928992,0.06458300533902428,0.06834318009869786,0.05958958396395154,0.061875622839367594,0.059023087689051644,0.05880860736059217,0.05541423485735851,0.05092540727957188,0.05790678081753627,0.04993696705632487,0.05842373094300694,0.05008149812882025,0.05734728283200166,0.05879668123940411,0.04645665905458973,0.04862574012744842,0.04890774835360903,0.053406148108687476,0.048931840578220594,0.04683601557691452,0.06033026487421412,0.04981236764357206,0.05936926376954506,0.05064133492123076,0.05834491613425743,0.040985666571554884,0.06054537128989302,0.06900114521863657,0.06409517213699664,0.06770060822593715,0.0746243831636367,0.06893106265164017,0.06044810777386219,0.060629219725023324,0.05617301474236454,0.059408780209257606,0.05735825471814249,0.06231451533220881,0.058570297714782005,0.05233997070821959,0.05729393075947347,0.05982799137477994,0.05708852741903549,0.06180189736645066,0.03755419173050578,0.0396146025693111,0.051673235636959094,0.05959287542476485,0.056702074961409846,0.053253594605426245,0.05675982268364978,0.055490797039675764,0.04394298828294661,0.04413474916458469,0.057159442238134364,0.05878441075252666,0.04355623141329158,0.05503424086840031,0.046212398968746016,0.05237785339900277,0.04873443102484358,0.0460430602312487,0.0690041990110226,0.06289253776992698,0.06692254489910171,0.05387676107962978,0.046638571944178746,0.05475966063693825
r863,0.06032144606636562,0.05815798044103831,0.05693091947827202,0.06592790443928992,0.06458300533902428,0.06834318009869786,0.05958958396395154,0.061875622839367594,0.059023087689051644,0.05880860736059217,0.05541423485735851,0.05092540727957188,0.05790678081753627,0.04993696705632487,0.05842373094300694,0.05008149812882025,0.05734728283200166,0.05879668123940411,0.04645665905458973,0.04862574012744842,0.04890774835360903,0.053406148108687476,0.048931840578220594,0.04683601557691452,0.06033026487421412,0.04981236764357206,0.05936926376954506,0.05064133492123076,0.05834491613425743,0.040985666571554884,0.06054537128989302,0.06900114521863657,0.06409517213699664,0.06770060822593715,0.0746243831636367,0.06893106265164017,0.06044810777386219,0.060629219725023324,0.05617301474236454,0.059408780209257606,0.05735825471814249,0.06231451533220881,0.058570297714782005,0.05233997070821959,0.05729393075947347,0.05982799137477994,0.05708852741903549,0.06180189736645066,0.03755419173050578,0.0396146025693111,0.051673235636959094,0.05959287542476485,0.056702074961409846,0.053253594605426245,0.05675982268364978,0.055490797039675764,0.04394298828294661,0.04413474916458469,0.057159442238134364,0.05878441075252666,0.04355623141329158,0.05503424086840031,0.046212398968746016,0.05237785339900277,0.04873443102484358,0.0460430602312487,0.0690041990110226,0.06289253776992698,0.06692254489910171,0.05387676107962978,0.046638571944178746,0.05475966063693825
r864,0.06032144606636562,0.05815798044103831,0.05693091947827202,0.06592790443928992,0.06458300533902428,0.06834318009869786,0.05958958396395154,0.061875622839367594,0.059023087689051644,0.05880860736059217,0.05541423485735851,0.05092540727957188,0.05790678081753627,0.04993696705632487,0.05842373094300694,0.05008149812882025,0.05734728283200166,0.05879668123940411,0.04645665905458973,0.04862574012744842,0.04890774835360903,0.053406148108687476,0.048931840578220594,0.04683601557691452,0.06033026487421412,0.04981236764357206,0.05936926376954506,0.05064133492123076,0.05834491613425743,0.040985666571554884,0.06054537128989302,0.06900114521863657,0.06409517213699664,0.06770060822593715,0.0746243831636367,0.06893106265164017,0.06044810777386219,0.060629219725023324,0.05617301474236454,0.059408780209257606,0.05735825471814249,0.06231451533220881,0.058570297714782005,0.05233997070821959,0.05729393075947347,0.05982799137477994,0.05708852741903549,0.06180189736645066,0.03755419173050578,0.0396146025693111,0.051673235636959094,0.05959287542476485,0.056702074961409846,0.053253594605426245,0.05675982268364978,0.055490797039675764,0.04394298828294661,0.04413474916458469,0.057159442238134364,0.05878441075252666,0.04355623141329158,0.05503424086840031,0.046212398968746016,0.05237785339900277,0.04873443102484358,0.0460430602312487,0.0690041990110226,0.06289253776992698,0.06692254489910171,0.05387676107962978,0.046638571944178746,0.05475966063693825
r865,0.06032144606636562,0.05815798044103831,0.05693091947827202,0.06592790443928992,0.06458300533902428,0.06834318009869786,0.05958958396395154,0.061875622839367594,0.059023087689051644,0.05880860736059217,0.05541423485735851,0.05092540727957188,0.05790678081753627,0.04993696705632487,0.05842373094300694,0.05008149812882025,0.05734728283200166,0.05879668123940411,0.04645665905458973,0.04862574012744842,0.04890774835360903,0.053406148108687476,0.048931840578220594,0.04683601557691452,0.06033026487421412,0.04981236764357206,0.05936926376954506,0.05064133492123076,0.05834491613425743,0.040985666571554884,0.06054537128989302,0.06900114521863657,0.06409517213699664,0.06770060822593715,0.0746243831636367,0.06893106265164017,0.06044810777386219,0.060629219725023324,0.05617301474236454,0.059408780209257606,0.05735825471814249,0.06231451533220881,0.058570297714782005,0.05233997070821959,0.05729393075947347,0.05982799137477994,0.05708852741903549,0.06180189736645066,0.03755419173050578,0.0396146025693111,0.051673235636959094,0.05959287542476485,0.056702074961409846,0.053253594605426245,0.05675982268364978,0.055490797039675764,0.04394298828294661,0.04413474916458469,0.057159442238134364,0.05878441075252666,0.04355623141329158,0.05503424086840031,0.046212398968746016,0.05237785339900277,0.04873443102484358,0.0460430602312487,0.0690041990110226,0.06289253776992698,0.06692254489910171,0.05387676107962978,0.046638571944178746,0.05475966063693825
r866,0.020107148688788542,0.019385993480346104,0.01897697315942401,0.021975968146429978,0.02152766844634143,0.022781060032899286,0.019863194654650515,0.020625207613122535,0.019674362563017217,0.01960286912019739,0.018471411619119506,0.016975135759857297,0.019302260272512094,0.016645655685441626,0.01947457698100231,0.016693832709606747,0.01911576094400055,0.01959889374646804,0.015485553018196577,0.016208580042482806,0.016302582784536345,0.017802049369562492,0.016310613526073534,0.015612005192304842,0.020110088291404708,0.016604122547857356,0.019789754589848354,0.016880444973743587,0.01944830537808581,0.01366188885718496,0.020181790429964343,0.023000381739545526,0.02136505737899888,0.022566869408645718,0.024874794387878898,0.02297702088388006,0.020149369257954065,0.020209739908341108,0.018724338247454845,0.019802926736419205,0.01911941823938083,0.02077150511073627,0.019523432571594,0.017446656902739863,0.019097976919824493,0.019942663791593318,0.019029509139678494,0.020600632455483554,0.012518063910168594,0.0132048675231037,0.017224411878986365,0.019864291808254952,0.018900691653803283,0.017751198201808746,0.018919940894549923,0.01849693234655859,0.014647662760982203,0.014711583054861564,0.019053147412711455,0.019594803584175556,0.014518743804430526,0.018344746956133435,0.015404132989582008,0.017459284466334258,0.016244810341614534,0.015347686743749566,0.023001399670340865,0.02096417925664233,0.02230751496636724,0.017958920359876597,0.015546190648059587,0.01825322021231275
r867,0.020107148688788542,0.019385993480346104,0.01897697315942401,0.021975968146429978,0.02152766844634143,0.022781060032899286,0.019863194654650515,0.020625207613122535,0.019674362563017217,0.01960286912019739,0.018471411619119506,0.016975135759857297,0.019302260272512094,0.016645655685441626,0.01947457698100231,0.016693832709606747,0.01911576094400055,0.01959889374646804,0.015485553018196577,0.016208580042482806,0.016302582784536345,0.017802049369562492,0.016310613526073534,0.015612005192304842,0.020110088291404708,0.016604122547857356,0.019789754589848354,0.016880444973743587,0.01944830537808581,0.01366188885718496,0.020181790429964343,0.023000381739545526,0.02136505737899888,0.022566869408645718,0.024874794387878898,0.02297702088388006,0.020149369257954065,0.020209739908341108,0.018724338247454845,0.019802926736419205,0.01911941823938083,0.02077150511073627,0.019523432571594,0.017446656902739863,0.019097976919824493,0.019942663791593318,0.019029509139678494,0.020600632455483554,0.012518063910168594,0.0132048675231037,0.017224411878986365,0.019864291808254952,0.018900691653803283,0.017751198201808746,0.018919940894549923,0.01849693234655859,0.014647662760982203,0.014711583054861564,0.019053147412711455,0.019594803584175556,0.014518743804430526,0.018344746956133435,0.015404132989582008,0.017459284466334258,0.016244810341614534,0.015347686743749566,0.023001399670340865,0.02096417925664233,0.02230751496636724,0.017958920359876597,0.015546190648059587,0.01825322021231275
r868,0.020107148688788542,0.019385993480346104,0.01897697315942401,0.021975968146429978,0.02152766844634143,0.022781060032899286,0.019863194654650515,0.020625207613122535,0.019674362563017217,0.01960286912019739,0.018471411619119506,0.016975135759857297,0.019302260272512094,0.016645655685441626,0.01947457698100231,0.016693832709606747,0.01911576094400055,0.01959889374646804,0.015485553018196577,0.016208580042482806,0.016302582784536345,0.017802049369562492,0.016310613526073534,0.015612005192304842,0.020110088291404708,0.016604122547857356,0.019789754589848354,0.016880444973743587,0.01944830537808581,0.01366188885718496,0.020181790429964343,0.023000381739545526,0.02136505737899888,0.022566869408645718,0.024874794387878898,0.02297702088388006,0.020149369257954065,0.020209739908341108,0.018724338247454845,0.019802926736419205,0.01911941823938083,0.02077150511073627,0.019523432571594,0.017446656902739863,0.019097976919824493,0.019942663791593318,0.019029509139678494,0.020600632455483554,0.012518063910168594,0.0132048675231037,0.017224411878986365,0.019864291808254952,0.018900691653803283,0.017751198201808746,0.018919940894549923,0.01849693234655859,0.014647662760982203,0.014711583054861564,0.019053147412711455,0.019594803584175556,0.014518743804430526,0.018344746956133435,0.015404132989582008,0.017459284466334258,0.016244810341614534,0.015347686743749566,0.023001399670340865,0.02096417925664233,0.02230751496636724,0.017958920359876597,0.015546190648059587,0.01825322021231275
r869,0.010053574344394271,0.009692996740173052,0.009488486579712005,0.010987984073214989,0.010763834223170714,0.011390530016449643,0.009931597327325258,0.010312603806561267,0.009837181281508608,0.009801434560098694,0.009235705809559753,0.008487567879928649,0.009651130136256047,0.008322827842720813,0.009737288490501156,0.008346916354803374,0.009557880472000275,0.00979944687323402,0.0077427765090982885,0.008104290021241403,0.008151291392268173,0.008901024684781246,0.008155306763036767,0.007806002596152421,0.010055044145702354,0.008302061273928678,0.009894877294924177,0.008440222486871794,0.009724152689042906,0.00683094442859248,0.010090895214982172,0.011500190869772763,0.01068252868949944,0.011283434704322859,0.012437397193939449,0.01148851044194003,0.010074684628977032,0.010104869954170554,0.009362169123727422,0.009901463368209603,0.009559709119690415,0.010385752555368135,0.009761716285797,0.008723328451369932,0.009548988459912247,0.009971331895796659,0.009514754569839247,0.010300316227741777,0.006259031955084297,0.00660243376155185,0.008612205939493182,0.009932145904127476,0.009450345826901642,0.008875599100904373,0.009459970447274962,0.009248466173279296,0.0073238313804911016,0.007355791527430782,0.009526573706355727,0.009797401792087778,0.007259371902215263,0.009172373478066717,0.007702066494791004,0.008729642233167129,0.008122405170807267,0.007673843371874783,0.011500699835170432,0.010482089628321164,0.01115375748318362,0.008979460179938299,0.007773095324029793,0.009126610106156376
r870,0.010053574344394271,0.009692996740173052,0.009488486579712005,0.010987984073214989,0.010763834223170714,0.011390530016449643,0.009931597327325258,0.010312603806561267,0.009837181281508608,0.009801434560098694,0.009235705809559753,0.008487567879928649,0.009651130136256047,0.008322827842720813,0.009737288490501156,0.008346916354803374,0.009557880472000275,0.00979944687323402,0.0077427765090982885,0.008104290021241403,0.008151291392268173,0.008901024684781246,0.008155306763036767,0.007806002596152421,0.010055044145702354,0.008302061273928678,0.009894877294924177,0.008440222486871794,0.009724152689042906,0.00683094442859248,0.010090895214982172,0.011500190869772763,0.01068252868949944,0.011283434704322859,0.012437397193939449,0.01148851044194003,0.010074684628977032,0.010104869954170554,0.009362169123727422,0.009901463368209603,0.009559709119690415,0.010385752555368135,0.009761716285797,0.008723328451369932,0.009548988459912247,0.009971331895796659,0.009514754569839247,0.010300316227741777,0.006259031955084297,0.00660243376155185,0.008612205939493182,0.009932145904127476,0.009450345826901642,0.008875599100904373,0.009459970447274962,0.009248466173279296,0.0073238313804911016,0.007355791527430782,0.009526573706355727,0.009797401792087778,0.007259371902215263,0.009172373478066717,0.007702066494791004,0.008729642233167129,0.008122405170807267,0.007673843371874783,0.011500699835170432,0.010482089628321164,0.01115375748318362,0.008979460179938299,0.007773095324029793,0.009126610106156376
r871,0.010053574344394271,0.009692996740173052,0.009488486579712005,0.010987984073214989,0.010763834223170714,0.011390530016449643,0.009931597327325258,0.010312603806561267,0.009837181281508608,0.009801434560098694,0.009235705809559753,0.008487567879928649,0.009651130136256047,0.008322827842720813,0.009737288490501156,0.008346916354803374,0.009557880472000275,0.00979944687323402,0.0077427765090982885,0.008104290021241403,0.008151291392268173,0.008901024684781246,0.008155306763036767,0.007806002596152421,0.010055044145702354,0.008302061273928678,0.009894877294924177,0.008440222486871794,0.009724152689042906,0.00683094442859248,0.010090895214982172,0.011500190869772763,0.01068252868949944,0.011283434704322859,0.012437397193939449,0.01148851044194003,0.010074684628977032,0.010104869954170554,0.009362169123727422,0.009901463368209603,0.009559709119690415,0.010385752555368135,0.009761716285797,0.008723328451369932,0.009548988459912247,0.009971331895796659,0.009514754569839247,0.010300316227741777,0.006259031955084297,0.00660243376155185,0.008612205939493182,0.009932145904127476,0.009450345826901642,0.008875599100904373,0.009459970447274962,0.009248466173279296,0.0073238313804911016,0.007355791527430782,0.009526573706355727,0.009797401792087778,0.007259371902215263,0.009172373478066717,0.007702066494791004,0.008729642233167129,0.008122405170807267,0.007673843371874783,0.011500699835170432,0.010482089628321164,0.01115375748318362,0.008979460179938299,0.007773095324029793,0.009126610106156376
r872,0.010053574344394271,0.009692996740173052,0.009488486579712005,0.010987984073214989,0.010763834223170714,0.011390530016449643,0.009931597327325258,0.010312603806561267,0.009837181281508608,0.009801434560098694,0.009235705809559753,0.008487567879928649,0.009651130136256047,0.008322827842720813,0.009737288490501156,0.008346916354803374,0.009557880472000275,0.00979944687323402,0.0077427765090982885,0.008104290021241403,0.008151291392268173,0.008901024684781246,0.008155306763036767,0.007806002596152421,0.010055044145702354,0.008302061273928678,0.009894877294924177,0.008440222486871794,0.009724152689042906,0.00683094442859248,0.010090895214982172,0.011500190869772763,0.01068252868949944,0.011283434704322859,0.012437397193939449,0.01148851044194003,0.010074684628977032,0.010104869954170554,0.009362169123727422,0.009901463368209603,0.009559709119690415,0.010385752555368135,0.009761716285797,0.008723328451369932,0.009548988459912247,0.009971331895796659,0.009514754569839247,0.010300316227741777,0.006259031955084297,0.00660243376155185,0.008612205939493182,0.009932145904127476,0.009450345826901642,0.008875599100904373,0.009459970447274962,0.009248466173279296,0.0073238313804911016,0.007355791527430782,0.009526573706355727,0.009797401792087778,0.007259371902215263,0.009172373478066717,0.007702066494791004,0.008729642233167129,0.008122405170807267,0.007673843371874783,0.011500699835170432,0.010482089628321164,0.01115375748318362,0.008979460179938299,0.007773095324029793,0.009126610106156376
r873,0.010053574344394271,0.009692996740173052,0.009488486579712005,0.010987984073214989,0.010763834223170714,0.011390530016449643,0.009931597327325258,0.010312603806561267,0.009837181281508608,0.009801434560098694,0.009235705809559753,0.008487567879928649,0.009651130136256047,0.008322827842720813,0.009737288490501156,0.008346916354803374,0.009557880472000275,0.00979944687323402,0.0077427765090982885,0.008104290021241403,0.008151291392268173,0.008901024684781246,0.008155306763036767,0.007806002596152421,0.010055044145702354,0.008302061273928678,0.009894877294924177,0.008440222486871794,0.009724152689042906,0.00683094442859248,0.010090895214982172,0.011500190869772763,0.01068252868949944,0.011283434704322859,0.012437397193939449,0.01148851044194003,0.010074684628977032,0.010104869954170554,0.009362169123727422,0.009901463368209603,0.009559709119690415,0.010385752555368135,0.009761716285797,0.008723328451369932,0.009548988459912247,0.009971331895796659,0.009514754569839247,0.010300316227741777,0.006259031955084297,0.00660243376155185,0.008612205939493182,0.009932145904127476,0.009450345826901642,0.008875599100904373,0.009459970447274962,0.009248466173279296,0.0073238313804911016,0.007355791527430782,0.009526573706355727,0.009797401792087778,0.007259371902215263,0.009172373478066717,0.007702066494791004,0.008729642233167129,0.008122405170807267,0.007673843371874783,0.011500699835170432,0.010482089628321164,0.01115375748318362,0.008979460179938299,0.007773095324029793,0.009126610106156376
r874,0.010053574344394271,0.009692996740173052,0.009488486579712005,0.010987984073214989,0.010763834223170714,0.011390530016449643,0.009931597327325258,0.010312603806561267,0.009837181281508608,0.009801434560098694,0.009235705809559753,0.008487567879928649,0.009651130136256047,0.008322827842720813,0.009737288490501156,0.008346916354803374,0.009557880472000275,0.00979944687323402,0.0077427765090982885,0.008104290021241403,0.008151291392268173,0.008901024684781246,0.008155306763036767,0.007806002596152421,0.010055044145702354,0.008302061273928678,0.009894877294924177,0.008440222486871794,0.009724152689042906,0.00683094442859248,0.010090895214982172,0.011500190869772763,0.01068252868949944,0.011283434704322859,0.012437397193939449,0.01148851044194003,0.010074684628977032,0.010104869954170554,0.009362169123727422,0.009901463368209603,0.009559709119690415,0.010385752555368135,0.009761716285797,0.008723328451369932,0.009548988459912247,0.009971331895796659,0.009514754569839247,0.010300316227741777,0.006259031955084297,0.00660243376155185,0.008612205939493182,0.009932145904127476,0.009450345826901642,0.008875599100904373,0.009459970447274962,0.009248466173279296,0.0073238313804911016,0.007355791527430782,0.009526573706355727,0.009797401792087778,0.007259371902215263,0.009172373478066717,0.007702066494791004,0.008729642233167129,0.008122405170807267,0.007673843371874783,0.011500699835170432,0.010482089628321164,0.01115375748318362,0.008979460179938299,0.007773095324029793,0.009126610106156376
r875,0.010053574344394271,0.009692996740173052,0.009488486579712005,0.010987984073214989,0.010763834223170714,0.011390530016449643,0.009931597327325258,0.010312603806561267,0.009837181281508608,0.009801434560098694,0.009235705809559753,0.008487567879928649,0.009651130136256047,0.008322827842720813,0.009737288490501156,0.008346916354803374,0.009557880472000275,0.00979944687323402,0.0077427765090982885,0.008104290021241403,0.008151291392268173,0.008901024684781246,0.008155306763036767,0.007806002596152421,0.010055044145702354,0.008302061273928678,0.009894877294924177,0.008440222486871794,0.009724152689042906,0.00683094442859248,0.010090895214982172,0.011500190869772763,0.01068252868949944,0.011283434704322859,0.012437397193939449,0.01148851044194003,0.010074684628977032,0.010104869954170554,0.009362169123727422,0.009901463368209603,0.009559709119690415,0.010385752555368135,0.009761716285797,0.008723328451369932,0.009548988459912247,0.009971331895796659,0.009514754569839247,0.010300316227741777,0.006259031955084297,0.00660243376155185,0.008612205939493182,0.009932145904127476,0.009450345826901642,0.008875599100904373,0.009459970447274962,0.009248466173279296,0.0073238313804911016,0.007355791527430782,0.009526573706355727,0.009797401792087778,0.007259371902215263,0.009172373478066717,0.007702066494791004,0.008729642233167129,0.008122405170807267,0.007673843371874783,0.011500699835170432,0.010482089628321164,0.01115375748318362,0.008979460179938299,0.007773095324029793,0.009126610106156376
r876,0.010053574344394271,0.009692996740173052,0.009488486579712005,0.010987984073214989,0.010763834223170714,0.011390530016449643,0.009931597327325258,0.010312603806561267,0.009837181281508608,0.009801434560098694,0.009235705809559753,0.008487567879928649,0.009651130136256047,0.008322827842720813,0.009737288490501156,0.008346916354803374,0.009557880472000275,0.00979944687323402,0.0077427765090982885,0.008104290021241403,0.008151291392268173,0.008901024684781246,0.008155306763036767,0.007806002596152421,0.010055044145702354,0.008302061273928678,0.009894877294924177,0.008440222486871794,0.009724152689042906,0.00683094442859248,0.010090895214982172,0.011500190869772763,0.01068252868949944,0.011283434704322859,0.012437397193939449,0.01148851044194003,0.010074684628977032,0.010104869954170554,0.009362169123727422,0.009901463368209603,0.009559709119690415,0.010385752555368135,0.009761716285797,0.008723328451369932,0.009548988459912247,0.009971331895796659,0.009514754569839247,0.010300316227741777,0.006259031955084297,0.00660243376155185,0.008612205939493182,0.009932145904127476,0.009450345826901642,0.008875599100904373,0.009459970447274962,0.009248466173279296,0.0073238313804911016,0.007355791527430782,0.009526573706355727,0.009797401792087778,0.007259371902215263,0.009172373478066717,0.007702066494791004,0.008729642233167129,0.008122405170807267,0.007673843371874783,0.011500699835170432,0.010482089628321164,0.01115375748318362,0.008979460179938299,0.007773095324029793,0.009126610106156376
r877,0.010053574344394271,0.009692996740173052,0.009488486579712005,0.010987984073214989,0.010763834223170714,0.011390530016449643,0.009931597327325258,0.010312603806561267,0.009837181281508608,0.009801434560098694,0.009235705809559753,0.008487567879928649,0.009651130136256047,0.008322827842720813,0.009737288490501156,0.008346916354803374,0.009557880472000275,0.00979944687323402,0.0077427765090982885,0.008104290021241403,0.008151291392268173,0.008901024684781246,0.008155306763036767,0.007806002596152421,0.010055044145702354,0.008302061273928678,0.009894877294924177,0.008440222486871794,0.009724152689042906,0.00683094442859248,0.010090895214982172,0.011500190869772763,0.01068252868949944,0.011283434704322859,0.012437397193939449,0.01148851044194003,0.010074684628977032,0.010104869954170554,0.009362169123727422,0.009901463368209603,0.009559709119690415,0.010385752555368135,0.009761716285797,0.008723328451369932,0.009548988459912247,0.009971331895796659,0.009514754569839247,0.010300316227741777,0.006259031955084297,0.00660243376155185,0.008612205939493182,0.009932145904127476,0.009450345826901642,0.008875599100904373,0.009459970447274962,0.009248466173279296,0.0073238313804911016,0.007355791527430782,0.009526573706355727,0.009797401792087778,0.007259371902215263,0.009172373478066717,0.007702066494791004,0.008729642233167129,0.008122405170807267,0.007673843371874783,0.011500699835170432,0.010482089628321164,0.01115375748318362,0.008979460179938299,0.007773095324029793,0.009126610106156376
r879,0.010053574344394271,0.009692996740173052,0.009488486579712005,0.010987984073214989,0.010763834223170714,0.011390530016449643,0.009931597327325258,0.010312603806561267,0.009837181281508608,0.009801434560098694,0.009235705809559753,0.008487567879928649,0.009651130136256047,0.008322827842720813,0.009737288490501156,0.008346916354803374,0.009557880472000275,0.00979944687323402,0.0077427765090982885,0.008104290021241403,0.008151291392268173,0.008901024684781246,0.008155306763036767,0.007806002596152421,0.010055044145702354,0.008302061273928678,0.009894877294924177,0.008440222486871794,0.009724152689042906,0.00683094442859248,0.010090895214982172,0.011500190869772763,0.01068252868949944,0.011283434704322859,0.012437397193939449,0.01148851044194003,0.010074684628977032,0.010104869954170554,0.009362169123727422,0.009901463368209603,0.009559709119690415,0.010385752555368135,0.009761716285797,0.008723328451369932,0.009548988459912247,0.009971331895796659,0.009514754569839247,0.010300316227741777,0.006259031955084297,0.00660243376155185,0.008612205939493182,0.009932145904127476,0.009450345826901642,0.008875599100904373,0.009459970447274962,0.009248466173279296,0.0073238313804911016,0.007355791527430782,0.009526573706355727,0.009797401792087778,0.007259371902215263,0.009172373478066717,0.007702066494791004,0.008729642233167129,0.008122405170807267,0.007673843371874783,0.011500699835170432,0.010482089628321164,0.01115375748318362,0.008979460179938299,0.007773095324029793,0.009126610106156376
r880,0.010053574344394271,0.009692996740173052,0.009488486579712005,0.010987984073214989,0.010763834223170714,0.011390530016449643,0.009931597327325258,0.010312603806561267,0.009837181281508608,0.009801434560098694,0.009235705809559753,0.008487567879928649,0.009651130136256047,0.008322827842720813,0.009737288490501156,0.008346916354803374,0.009557880472000275,0.00979944687323402,0.0077427765090982885,0.008104290021241403,0.008151291392268173,0.008901024684781246,0.008155306763036767,0.007806002596152421,0.010055044145702354,0.008302061273928678,0.009894877294924177,0.008440222486871794,0.009724152689042906,0.00683094442859248,0.010090895214982172,0.011500190869772763,0.01068252868949944,0.011283434704322859,0.012437397193939449,0.01148851044194003,0.010074684628977032,0.010104869954170554,0.009362169123727422,0.009901463368209603,0.009559709119690415,0.010385752555368135,0.009761716285797,0.008723328451369932,0.009548988459912247,0.009971331895796659,0.009514754569839247,0.010300316227741777,0.006259031955084297,0.00660243376155185,0.008612205939493182,0.009932145904127476,0.009450345826901642,0.008875599100904373,0.009459970447274962,0.009248466173279296,0.0073238313804911016,0.007355791527430782,0.009526573706355727,0.009797401792087778,0.007259371902215263,0.009172373478066717,0.007702066494791004,0.008729642233167129,0.008122405170807267,0.007673843371874783,0.011500699835170432,0.010482089628321164,0.01115375748318362,0.008979460179938299,0.007773095324029793,0.009126610106156376
r881,0.010053574344394271,0.009692996740173052,0.009488486579712005,0.010987984073214989,0.010763834223170714,0.011390530016449643,0.009931597327325258,0.010312603806561267,0.009837181281508608,0.009801434560098694,0.009235705809559753,0.008487567879928649,0.009651130136256047,0.008322827842720813,0.009737288490501156,0.008346916354803374,0.009557880472000275,0.00979944687323402,0.0077427765090982885,0.008104290021241403,0.008151291392268173,0.008901024684781246,0.008155306763036767,0.007806002596152421,0.010055044145702354,0.008302061273928678,0.009894877294924177,0.008440222486871794,0.009724152689042906,0.00683094442859248,0.010090895214982172,0.011500190869772763,0.01068252868949944,0.011283434704322859,0.012437397193939449,0.01148851044194003,0.010074684628977032,0.010104869954170554,0.009362169123727422,0.009901463368209603,0.009559709119690415,0.010385752555368135,0.009761716285797,0.008723328451369932,0.009548988459912247,0.009971331895796659,0.009514754569839247,0.010300316227741777,0.006259031955084297,0.00660243376155185,0.008612205939493182,0.009932145904127476,0.009450345826901642,0.008875599100904373,0.009459970447274962,0.009248466173279296,0.0073238313804911016,0.007355791527430782,0.009526573706355727,0.009797401792087778,0.007259371902215263,0.009172373478066717,0.007702066494791004,0.008729642233167129,0.008122405170807267,0.007673843371874783,0.011500699835170432,0.010482089628321164,0.01115375748318362,0.008979460179938299,0.007773095324029793,0.009126610106156376
r882,0.010053574344394271,0.009692996740173052,0.009488486579712005,0.010987984073214989,0.010763834223170714,0.011390530016449643,0.009931597327325258,0.010312603806561267,0.009837181281508608,0.009801434560098694,0.009235705809559753,0.008487567879928649,0.009651130136256047,0.008322827842720813,0.009737288490501156,0.008346916354803374,0.009557880472000275,0.00979944687323402,0.0077427765090982885,0.008104290021241403,0.008151291392268173,0.008901024684781246,0.008155306763036767,0.007806002596152421,0.010055044145702354,0.008302061273928678,0.009894877294924177,0.008440222486871794,0.009724152689042906,0.00683094442859248,0.010090895214982172,0.011500190869772763,0.01068252868949944,0.011283434704322859,0.012437397193939449,0.01148851044194003,0.010074684628977032,0.010104869954170554,0.009362169123727422,0.009901463368209603,0.009559709119690415,0.010385752555368135,0.009761716285797,0.008723328451369932,0.009548988459912247,0.009971331895796659,0.009514754569839247,0.010300316227741777,0.006259031955084297,0.00660243376155185,0.008612205939493182,0.009932145904127476,0.009450345826901642,0.008875599100904373,0.009459970447274962,0.009248466173279296,0.0073238313804911016,0.007355791527430782,0.009526573706355727,0.009797401792087778,0.007259371902215263,0.009172373478066717,0.007702066494791004,0.008729642233167129,0.008122405170807267,0.007673843371874783,0.011500699835170432,0.010482089628321164,0.01115375748318362,0.008979460179938299,0.007773095324029793,0.009126610106156376
r883,0.010053574344394271,0.009692996740173052,0.009488486579712005,0.010987984073214989,0.010763834223170714,0.011390530016449643,0.009931597327325258,0.010312603806561267,0.009837181281508608,0.009801434560098694,0.009235705809559753,0.008487567879928649,0.009651130136256047,0.008322827842720813,0.009737288490501156,0.008346916354803374,0.009557880472000275,0.00979944687323402,0.0077427765090982885,0.008104290021241403,0.008151291392268173,0.008901024684781246,0.008155306763036767,0.007806002596152421,0.010055044145702354,0.008302061273928678,0.009894877294924177,0.008440222486871794,0.009724152689042906,0.00683094442859248,0.010090895214982172,0.011500190869772763,0.01068252868949944,0.011283434704322859,0.012437397193939449,0.01148851044194003,0.010074684628977032,0.010104869954170554,0.009362169123727422,0.009901463368209603,0.009559709119690415,0.010385752555368135,0.009761716285797,0.008723328451369932,0.009548988459912247,0.009971331895796659,0.009514754569839247,0.010300316227741777,0.006259031955084297,0.00660243376155185,0.008612205939493182,0.009932145904127476,0.009450345826901642,0.008875599100904373,0.009459970447274962,0.009248466173279296,0.0073238313804911016,0.007355791527430782,0.009526573706355727,0.009797401792087778,0.007259371902215263,0.009172373478066717,0.007702066494791004,0.008729642233167129,0.008122405170807267,0.007673843371874783,0.011500699835170432,0.010482089628321164,0.01115375748318362,0.008979460179938299,0.007773095324029793,0.009126610106156376
r884,0.002288385017438315,0.0022063106865727235,0.002159760278620161,0.002501074469998459,0.0024500536946074286,0.0025927015942204426,0.0022606207249816533,0.0023473450569220402,0.002239129834552912,0.0022309931998700837,0.0021022225604616957,0.001931932117431378,0.0021967810500620904,0.001894434147057404,0.002216392332599787,0.0018999171512361964,0.002175555650293396,0.0022305407644789815,0.0017624034149280867,0.0018446907762635196,0.0018553891835734217,0.002026042761583541,0.0018563031584436067,0.0017767948766480273,0.00228871957221225,0.0018897072804466228,0.0022522625461779792,0.0019211554041546274,0.002213402373982147,0.0015548530651748598,0.002296879958457846,0.002617662493214943,0.0024315470064670153,0.002568324661269679,0.0028309885041443127,0.002615003805355873,0.0022931901203100103,0.002300060875282631,0.00213100801959129,0.0022537616619067572,0.0021759718853390565,0.0023639951054599847,0.00222195256410046,0.001985595714168965,0.0021735316589705017,0.002269665069614668,0.0021657393735157906,0.0023445481699336046,0.0014246748926334733,0.0015028396847722783,0.001960302113846543,0.0022607455915109203,0.0021510787167899927,0.002020255414396329,0.0021532694637130625,0.0021051270622988115,0.0016670435237498794,0.0016743182619580542,0.002168429634113351,0.0022300752650561704,0.0016523713186947125,0.0020878069154837576,0.0017531370402429046,0.0019870328511685177,0.0018488141293551777,0.0017467129198838792,0.002617778343434032,0.0023859232582559603,0.002538807655696081,0.002043896174290717,0.0017693045547077337,0.0020773903003536895
r885,0.002288385017438315,0.0022063106865727235,0.002159760278620161,0.002501074469998459,0.0024500536946074286,0.0025927015942204426,0.0022606207249816533,0.0023473450569220402,0.002239129834552912,0.0022309931998700837,0.0021022225604616957,0.001931932117431378,0.0021967810500620904,0.001894434147057404,0.002216392332599787,0.0018999171512361964,0.002175555650293396,0.0022305407644789815,0.0017624034149280867,0.0018446907762635196,0.0018553891835734217,0.002026042761583541,0.0018563031584436067,0.0017767948766480273,0.00228871957221225,0.0018897072804466228,0.0022522625461779792,0.0019211554041546274,0.002213402373982147,0.0015548530651748598,0.002296879958457846,0.002617662493214943,0.0024315470064670153,0.002568324661269679,0.0028309885041443127,0.002615003805355873,0.0022931901203100103,0.002300060875282631,0.00213100801959129,0.0022537616619067572,0.0021759718853390565,0.0023639951054599847,0.00222195256410046,0.001985595714168965,0.0021735316589705017,0.002269665069614668,0.0021657393735157906,0.0023445481699336046,0.0014246748926334733,0.0015028396847722783,0.001960302113846543,0.0022607455915109203,0.0021510787167899927,0.002020255414396329,0.0021532694637130625,0.0021051270622988115,0.0016670435237498794,0.0016743182619580542,0.002168429634113351,0.0022300752650561704,0.0016523713186947125,0.0020878069154837576,0.0017531370402429046,0.0019870328511685177,0.0018488141293551777,0.0017467129198838792,0.002617778343434032,0.0023859232582559603,0.002538807655696081,0.002043896174290717,0.0017693045547077337,0.0020773903003536895
r886,0.002288385017438315,0.0022063106865727235,0.002159760278620161,0.002501074469998459,0.0024500536946074286,0.0025927015942204426,0.0022606207249816533,0.0023473450569220402,0.002239129834552912,0.0022309931998700837,0.0021022225604616957,0.001931932117431378,0.0021967810500620904,0.001894434147057404,0.002216392332599787,0.0018999171512361964,0.002175555650293396,0.0022305407644789815,0.0017624034149280867,0.0018446907762635196,0.0018553891835734217,0.002026042761583541,0.0018563031584436067,0.0017767948766480273,0.00228871957221225,0.0018897072804466228,0.0022522625461779792,0.0019211554041546274,0.002213402373982147,0.0015548530651748598,0.002296879958457846,0.002617662493214943,0.0024315470064670153,0.002568324661269679,0.0028309885041443127,0.002615003805355873,0.0022931901203100103,0.002300060875282631,0.00213100801959129,0.0022537616619067572,0.0021759718853390565,0.0023639951054599847,0.00222195256410046,0.001985595714168965,0.0021735316589705017,0.002269665069614668,0.0021657393735157906,0.0023445481699336046,0.0014246748926334733,0.0015028396847722783,0.001960302113846543,0.0022607455915109203,0.0021510787167899927,0.002020255414396329,0.0021532694637130625,0.0021051270622988115,0.0016670435237498794,0.0016743182619580542,0.002168429634113351,0.0022300752650561704,0.0016523713186947125,0.0020878069154837576,0.0017531370402429046,0.0019870328511685177,0.0018488141293551777,0.0017467129198838792,0.002617778343434032,0.0023859232582559603,0.002538807655696081,0.002043896174290717,0.0017693045547077337,0.0020773903003536895
r887,0.002288385017438315,0.0022063106865727235,0.002159760278620161,0.002501074469998459,0.0024500536946074286,0.0025927015942204426,0.0022606207249816533,0.0023473450569220402,0.002239129834552912,0.0022309931998700837,0.0021022225604616957,0.001931932117431378,0.0021967810500620904,0.001894434147057404,0.002216392332599787,0.0018999171512361964,0.002175555650293396,0.0022305407644789815,0.0017624034149280867,0.0018446907762635196,0.0018553891835734217,0.002026042761583541,0.0018563031584436067,0.0017767948766480273,0.00228871957221225,0.0018897072804466228,0.0022522625461779792,0.0019211554041546274,0.002213402373982147,0.0015548530651748598,0.002296879958457846,0.002617662493214943,0.0024315470064670153,0.002568324661269679,0.0028309885041443127,0.002615003805355873,0.0022931901203100103,0.002300060875282631,0.00213100801959129,0.0022537616619067572,0.0021759718853390565,0.0023639951054599847,0.00222195256410046,0.001985595714168965,0.0021735316589705017,0.002269665069614668,0.0021657393735157906,0.0023445481699336046,0.0014246748926334733,0.0015028396847722783,0.001960302113846543,0.0022607455915109203,0.0021510787167899927,0.002020255414396329,0.0021532694637130625,0.0021051270622988115,0.0016670435237498794,0.0016743182619580542,0.002168429634113351,0.0022300752650561704,0.0016523713186947125,0.0020878069154837576,0.0017531370402429046,0.0019870328511685177,0.0018488141293551777,0.0017467129198838792,0.002617778343434032,0.0023859232582559603,0.002538807655696081,0.002043896174290717,0.0017693045547077337,0.0020773903003536895
r889,0.002288385017438315,0.0022063106865727235,0.002159760278620161,0.002501074469998459,0.0024500536946074286,0.0025927015942204426,0.0022606207249816533,0.0023473450569220402,0.002239129834552912,0.0022309931998700837,0.0021022225604616957,0.001931932117431378,0.0021967810500620904,0.001894434147057404,0.002216392332599787,0.0018999171512361964,0.002175555650293396,0.0022305407644789815,0.0017624034149280867,0.0018446907762635196,0.0018553891835734217,0.002026042761583541,0.0018563031584436067,0.0017767948766480273,0.00228871957221225,0.0018897072804466228,0.0022522625461779792,0.0019211554041546274,0.002213402373982147,0.0015548530651748598,0.002296879958457846,0.002617662493214943,0.0024315470064670153,0.002568324661269679,0.0028309885041443127,0.002615003805355873,0.0022931901203100103,0.002300060875282631,0.00213100801959129,0.0022537616619067572,0.0021759718853390565,0.0023639951054599847,0.00222195256410046,0.001985595714168965,0.0021735316589705017,0.002269665069614668,0.0021657393735157906,0.0023445481699336046,0.0014246748926334733,0.0015028396847722783,0.001960302113846543,0.0022607455915109203,0.0021510787167899927,0.002020255414396329,0.0021532694637130625,0.0021051270622988115,0.0016670435237498794,0.0016743182619580542,0.002168429634113351,0.0022300752650561704,0.0016523713186947125,0.0020878069154837576,0.0017531370402429046,0.0019870328511685177,0.0018488141293551777,0.0017467129198838792,0.002617778343434032,0.0023859232582559603,0.002538807655696081,0.002043896174290717,0.0017693045547077337,0.0020773903003536895
r890,0.013203238361223097,0.012729696127071711,0.012461115391170077,0.014430387428215856,0.01413601412401712,0.01495904617761219,0.013043047410643301,0.013543418640834519,0.01291905195237761,0.012872106212759093,0.012129141443683959,0.01114662089192625,0.012674713219306239,0.010930269780930124,0.012787863950473129,0.010961904934349028,0.012552249555926709,0.012869495807488017,0.01016849533562214,0.01064326668639948,0.01070499302209985,0.011689608744757156,0.010710266360272957,0.01025152939589033,0.013205168633616725,0.010902997295710957,0.012994823433397475,0.011084442756228271,0.012770612860285914,0.00897099722282,0.013252251412038715,0.015103062458361889,0.014029236543787972,0.0148183991912826,0.016333884260412632,0.015087722692866182,0.01323096224425927,0.013270604269064437,0.012295224194326474,0.013003472844290868,0.012554651096961227,0.013639484013530632,0.012819944680458483,0.011456242416996392,0.012540571783316953,0.01309523034188116,0.012495612826911785,0.013527281511244733,0.008219911444686215,0.008670896910068865,0.011310306557634629,0.01304376784996478,0.012411025598885158,0.011656217631019903,0.012423665497151397,0.012145899476000992,0.009618299733163778,0.009660272610038123,0.012511134756854836,0.01286681002699673,0.009533645875027192,0.01204596785387102,0.01011503136309106,0.011464534230750735,0.010667057094613913,0.010077966274954647,0.01510373087650183,0.01376600233364736,0.01464809565523951,0.011792617137898103,0.010208312670895905,0.011985867367531806
r956,0.0020316883119555953,0.00195882056572386,0.0019174918911200312,0.002220519593208435,0.0021752220089999406,0.0023018685602403453,0.0020070384440163875,0.0020840345833123357,0.001987958267138429,0.001980734349197269,0.001866408393986315,0.0017152200668010002,0.001950359904179453,0.0016819283839983646,0.0019677713158128413,0.0016867963390931444,0.0019315154368813251,0.0019803326651759994,0.0015647080328590466,0.001637764913136131,0.0016472632400882977,0.0017987739680446816,0.0016480746909792211,0.001577485150496834,0.0020319853384693737,0.0016777317476927972,0.001999617833386945,0.001705652217755134,0.0019651167520351558,0.001380439382032113,0.00203923034367168,0.002324029501846142,0.0021587912852793424,0.0022802260790232495,0.002513425936335337,0.0023216690489471555,0.002035954408468102,0.0020420544451602712,0.0018919648805138048,0.002000948787698049,0.0019318849812852833,0.0020988169336381137,0.0019727078353519926,0.001762864017202014,0.0019297184842344203,0.002015068250687978,0.0019228002885806658,0.002081551433597159,0.0012648637819435659,0.0013342605370283468,0.0017404076946204812,0.002007149303800092,0.0019097841725475607,0.0017936358092349156,0.0019117291751953392,0.0018689870869901379,0.0014800450173001517,0.001486503720917531,0.0019251887725859917,0.0019799193825643146,0.001467018648356971,0.0018536098058170199,0.0015564811020765854,0.0017641399451697381,0.0016414257342910281,0.0015507775993230852,0.0023241323567129,0.002118285323528304,0.0022540201063522085,0.001814624696680501,0.0015708350459808051,0.001844361661362032
r891,0.011171550049267504,0.010770875561347853,0.010543623500050047,0.012209867835007422,0.01196079211501718,0.012657177617371845,0.011036008966626914,0.011459384057522181,0.010931093685239179,0.010891371863561823,0.010262733049697645,0.009431400825125249,0.010724353315126786,0.00924834139693176,0.010820092634660288,0.009275108595255883,0.010620734119045384,0.010889163142312017,0.008603787302763096,0.00900550177326335,0.009057729782011551,0.009890834776712475,0.009062191669293736,0.008674044245393496,0.011173183295147349,0.00922526554801816,0.010995205600010528,0.009378790538473137,0.010805496108250759,0.0075905578407878885,0.011213021068367034,0.012779032956515746,0.01187044525850863,0.012538173112259349,0.013820458324077295,0.012766053643919029,0.011195007835791167,0.011228549823904168,0.010403259313812667,0.01100252405659282,0.010622766115675943,0.011540667079892517,0.010847236845106491,0.009693378399794379,0.010610853299082535,0.011080162091193184,0.01057281253833112,0.011445730077647574,0.00695504766274265,0.007336636373040519,0.009569898863014148,0.011036618546164688,0.010501241426337597,0.009862581821784986,0.010511936321956057,0.010276912389010852,0.008138254715863625,0.008173768889120591,0.010585945984268843,0.010886890644432415,0.00806662722667022,0.010192358048053999,0.008558550261014475,0.009700394285580996,0.009025631360322885,0.008527188675631563,0.01277959851978893,0.011647717010119055,0.012394075548887305,0.009977992441217602,0.008637477624915102,0.010141505706169772
r892,0.011171550049267504,0.010770875561347853,0.010543623500050047,0.012209867835007422,0.01196079211501718,0.012657177617371845,0.011036008966626914,0.011459384057522181,0.010931093685239179,0.010891371863561823,0.010262733049697645,0.009431400825125249,0.010724353315126786,0.00924834139693176,0.010820092634660288,0.009275108595255883,0.010620734119045384,0.010889163142312017,0.008603787302763096,0.00900550177326335,0.009057729782011551,0.009890834776712475,0.009062191669293736,0.008674044245393496,0.011173183295147349,0.00922526554801816,0.010995205600010528,0.009378790538473137,0.010805496108250759,0.0075905578407878885,0.011213021068367034,0.012779032956515746,0.01187044525850863,0.012538173112259349,0.013820458324077295,0.012766053643919029,0.011195007835791167,0.011228549823904168,0.010403259313812667,0.01100252405659282,0.010622766115675943,0.011540667079892517,0.010847236845106491,0.009693378399794379,0.010610853299082535,0.011080162091193184,0.01057281253833112,0.011445730077647574,0.00695504766274265,0.007336636373040519,0.009569898863014148,0.011036618546164688,0.010501241426337597,0.009862581821784986,0.010511936321956057,0.010276912389010852,0.008138254715863625,0.008173768889120591,0.010585945984268843,0.010886890644432415,0.00806662722667022,0.010192358048053999,0.008558550261014475,0.009700394285580996,0.009025631360322885,0.008527188675631563,0.01277959851978893,0.011647717010119055,0.012394075548887305,0.009977992441217602,0.008637477624915102,0.010141505706169772
r893,0.00229864376676933,0.0022162014995728996,0.0021694424077831325,0.0025122866986445965,0.002461037198916787,0.0026043245840331464,0.0022707550079687205,0.002357868122030777,0.0022491677746360834,0.002240994663706919,0.0021116467500632875,0.0019405929009823255,0.002206629142037862,0.001902926828529568,0.0022263283412635635,0.0019084344128227303,0.002185308589550539,0.0022405402000639143,0.0017703042072843094,0.0018529604599586639,0.0018637068278512465,0.0020351254398333174,0.001864624900038542,0.0017847601854196113,0.0022989798213405178,0.0018981787715424683,0.0022623593597442286,0.001929767876080007,0.0022233249787668844,0.0015618234166326073,0.002307176790309869,0.0026293973818575685,0.0024424475459460964,0.002579838370151641,0.002843679725770782,0.0026267267751945876,0.002303470410747742,0.0023103719670726007,0.0021405612533910113,0.00226386519595595,0.0021857266905632305,0.002374592812149136,0.0022319134990859673,0.0019944970697315877,0.0021832755247459226,0.0022798398980797665,0.00217544830675032,0.0023550586966966064,0.0014310616599345796,0.0015095768620799843,0.001969090079090924,0.0022708804342702347,0.0021607219268174435,0.002029312148172762,0.0021629224947817107,0.0021145642726797084,0.0016745168210769107,0.0016818241716799226,0.002178150627691265,0.002240072613823607,0.0016597788410439112,0.002097166480257295,0.0017609962917682013,0.001995940649365627,0.0018571022978968177,0.0017545433723041598,0.0026295137514291034,0.002396619268080778,0.002550189040883003,0.0020530588887600417,0.001777236284630213,0.0020867031678089504
r896,0.00864288232527609,0.008332900054726549,0.00815708624059051,0.009446178054052757,0.009253480341697234,0.009792239772871629,0.0085380208134593,0.008865565431164416,0.00845685298740486,0.00842612215515786,0.007939775026123114,0.00729661391074501,0.008296908066343294,0.0071549897771707805,0.008370976899135598,0.00717569825041509,0.008216742958151347,0.008424413375465945,0.006656329773535925,0.006967116627784673,0.007007522885797527,0.007652055506789718,0.007010974829937639,0.006710684136628811,0.00864414588779745,0.007137137120571064,0.008506453242747515,0.007255911902999624,0.0083596842799772,0.005872443654802677,0.00867496642608626,0.009886513293760203,0.009183583394020471,0.009700171802954382,0.010692213206726357,0.00987647183389638,0.00866103046833962,0.008686980265363131,0.00804849332922345,0.008512115174956064,0.008218315014641793,0.008928450133313302,0.008391977048234375,0.007499293157558658,0.008209098650616623,0.008572179928195983,0.008179668373055454,0.008855002014198327,0.00538078048710104,0.005675997024216639,0.00740376307433255,0.008538492415357842,0.008124297301349094,0.007630197576269538,0.00813257141943511,0.007950744888012805,0.006296169961387271,0.006323645541677002,0.008189829078352796,0.008422655254912287,0.006240755273396486,0.007885329326541166,0.006621332085045726,0.0075047210055290735,0.0069826899055701825,0.006597069159059338,0.009886950842425885,0.009011269432855146,0.009588690560146424,0.00771948513246759,0.006682394329356405,0.007845987354752846
r897,0.001791633577609854,0.001727375541519728,0.0016909300687064995,0.0019581534428888114,0.001918208008160967,0.002029890598623078,0.001769896222119029,0.0018377948597679138,0.0017530704691922027,0.0017467000954153205,0.0016458823573090723,0.0015125577317088264,0.0017199145519464006,0.0014831996375497245,0.0017352687130804667,0.0014874924179682475,0.0017032966582641758,0.0017463458724885752,0.001379829491723434,0.001444254314669755,0.0014526303639872007,0.0015862392969999048,0.001453345937657731,0.0013910969252417659,0.001791895508867909,0.0014794988560500105,0.0017633523959367143,0.0015041203747012569,0.0017329278000722944,0.001217333157920823,0.0017982844783343507,0.002049433107608711,0.0019037186614688456,0.0020108052911853363,0.0022164513502759666,0.00204735155472124,0.0017953956122251811,0.0018007748972749746,0.0016684192096003134,0.0017645260909469219,0.001703622539039614,0.0018508305971119765,0.0017396219566911254,0.0015545722970366504,0.0017017120250895769,0.0017769772646046697,0.0016956112508926676,0.0018356051073429166,0.0011154134270976756,0.0011766105880280271,0.001534769307901971,0.00176999398323215,0.0016841330579052155,0.0015817082388663826,0.0016858482481889776,0.0016481563640771426,0.001305169859847609,0.0013108654334258165,0.001697717522862804,0.0017459814214063,0.0012936826253857083,0.001634595990116243,0.0013725746163846368,0.0015556974673573798,0.0014474825904166506,0.0013675450126885242,0.002049523809628218,0.001867998693627574,0.0019876956929782328,0.001600217178098301,0.0013852325657947877,0.0016264405629089103
r898,0.0028209280938216487,0.002719753779204112,0.0026623703613913,0.0030831137170512983,0.0030202196071998735,0.0031960639098310177,0.00278670261515471,0.0028936090590110913,0.002760210457537132,0.002750180300377806,0.0025914427140020942,0.002381523014653902,0.002708006446848805,0.002335298678590189,0.002732181582346061,0.0023420576638171643,0.0026818415637308705,0.00274962257617682,0.0021725423247977824,0.0022739792454158987,0.0022871673398622756,0.0024975346813941755,0.0022882940110162575,0.0021902829053240375,0.0028213405047374357,0.0023294717959998516,0.0027763993570837134,0.0023682383912143213,0.002728495813474306,0.001916691754181482,0.0028313999408206203,0.0032268336014187786,0.0029974061225366455,0.0031660140823422003,0.0034898039201316723,0.0032235561952055763,0.002826851419477592,0.002835321106868627,0.002626927000839073,0.0027782473405493337,0.0026823546631983947,0.002914133834923476,0.0027390357669036755,0.002447674971819762,0.0026793465578901165,0.0027978517206028986,0.0026697408854238283,0.0028901612925640984,0.00175621907964202,0.0018525740445678594,0.0024164951540881774,0.0027868565400832965,0.0026516684639927646,0.002490400527768497,0.002654369032076652,0.002595023138960499,0.0020549906916597937,0.0020639583755199206,0.0026730572118468425,0.002749048747739096,0.0020369040344220333,0.0025736723223945025,0.0021611195194227635,0.002449446553134015,0.0022790621674278707,0.0021532004055233233,0.0032269764118004287,0.002941165012717598,0.003129628006732746,0.002519542863187222,0.0021810494680168852,0.002560831597586825
r899,0.011032031058365702,0.010636360504545448,0.010411946543433635,0.012057381525419948,0.011811416456409915,0.012499104955919075,0.010898182718002808,0.011316270372043375,0.010794577700108039,0.01075535195538086,0.010134564071115997,0.009313614168832363,0.01059041926425629,0.009132840928910332,0.010684962916832925,0.00915927383767902,0.01048809414514824,0.010753170818356932,0.008496336526718464,0.008893034075009389,0.008944609819833138,0.009767310352515513,0.00894901598360261,0.008565716046099951,0.01103364390700291,0.00911005326911466,0.010857888935509543,0.009261660920287977,0.010670548683178328,0.007495761060962525,0.011072984155179528,0.012619438470976041,0.01172219792159313,0.012381586671464667,0.013647857709957321,0.012606621254112514,0.011055195885838018,0.011088318975560578,0.010273335334136451,0.010865115993523786,0.01049010076462718,0.011396538268920064,0.010711768129303594,0.009572319964142713,0.01047833672453681,0.010941784424067843,0.010440771046341515,0.01130278691367075,0.006868187627447604,0.0072450107616557164,0.009450382535690569,0.010898784684638025,0.01037009376996427,0.009739410242425499,0.010380655099422447,0.01014856632783065,0.008036617872215997,0.008071688516903186,0.010453740471609213,0.010750926701195275,0.00796588492272111,0.010065067967133893,0.008451664440270436,0.009579248230100307,0.00891291226815658,0.008420694522715749,0.012619996971055954,0.011502251276501537,0.012239288710345164,0.009853379524434784,0.008529606097969381,0.010014850708778215
r902,0.5821248808914173,0.5642996957614511,0.5574917576522295,0.445442553643864,0.4312345997863314,0.4402736448620569,0.10580220444333241,0.17696770833096415,0.19515664576635433,0.01075535195538086,0.010134564071115997,0.009313614168832363,0.01059041926425629,0.009132840928910332,0.010684962916832925,0.10340909152148393,0.09254111914595978,0.23203943462983664,0.008496336526718464,0.008893034075009389,0.008944609819833138,0.009767310352515513,0.00894901598360261,0.008565716046099951,0.01103364390700291,0.00911005326911466,0.010857888935509543,0.009261660920287977,0.010670548683178328,0.007495761060962525,0.0253619684640401,0.327925165172879,0.01172219792159313,0.04710943076810273,0.9554972456439065,0.18679235294356966,0.011055195885838018,0.011088318975560578,0.013617757418984952,0.010865115993523786,0.01049010076462718,0.011396538268920064,0.010711768129303594,0.009572319964142713,0.01047833672453681,0.010941784424067843,0.010440771046341515,0.01130278691367075,0.006868187627447604,0.0072450107616557164,0.009450382535690569,0.010898784684638025,0.01037009376996427,0.009739410242425499,0.010380655099422447,0.01014856632783065,0.008036617872215997,0.008071688516903186,0.010453740471609213,0.010750926701195275,0.00796588492272111,0.010065067967133893,0.008451664440270436,0.009579248230100307,0.00891291226815658,0.008420694522715749,0.38775228531710315,0.1980293802419147,0.12056910817102426,0.009853379524434784,0.008529606097969381,0.010014850708778215
r903r,0.5821248808914173,0.5642996957614511,0.5574917576522295,0.445442553643864,0.4312345997863314,0.4402736448620569,0.10580220444333241,0.17696770833096415,0.19515664576635433,0.01075535195538086,0.010134564071115997,0.009313614168832363,0.01059041926425629,0.009132840928910332,0.010684962916832925,0.10340909152148393,0.09254111914595978,0.23203943462983664,0.008496336526718464,0.008893034075009389,0.008944609819833138,0.009767310352515513,0.00894901598360261,0.008565716046099951,0.01103364390700291,0.00911005326911466,0.010857888935509543,0.009261660920287977,0.010670548683178328,0.007495761060962525,0.0253619684640401,0.327925165172879,0.01172219792159313,0.04710943076810273,0.9554972456439065,0.18679235294356966,0.011055195885838018,0.011088318975560578,0.013617757418984952,0.010865115993523786,0.01049010076462718,0.011396538268920064,0.010711768129303594,0.009572319964142713,0.01047833672453681,0.010941784424067843,0.010440771046341515,0.01130278691367075,0.006868187627447604,0.0072450107616557164,0.009450382535690569,0.010898784684638025,0.01037009376996427,0.009739410242425499,0.010380655099422447,0.01014856632783065,0.008036617872215997,0.008071688516903186,0.010453740471609213,0.010750926701195275,0.00796588492272111,0.010065067967133893,0.008451664440270436,0.009579248230100307,0.00891291226815658,0.008420694522715749,0.38775228531710315,0.1980293802419147,0.12056910817102426,0.009853379524434784,0.008529606097969381,0.010014850708778215
r904r,0.5821248808914173,0.5642996957614511,0.5574917576522295,0.445442553643864,0.4312345997863314,0.4402736448620569,0.10580220444333241,0.17696770833096415,0.19515664576635433,0.01075535195538086,0.010134564071115997,0.009313614168832363,0.01059041926425629,0.009132840928910332,0.010684962916832925,0.10340909152148393,0.09254111914595978,0.23203943462983664,0.008496336526718464,0.008893034075009389,0.008944609819833138,0.009767310352515513,0.00894901598360261,0.008565716046099951,0.01103364390700291,0.00911005326911466,0.010857888935509543,0.009261660920287977,0.010670548683178328,0.007495761060962525,0.0253619684640401,0.327925165172879,0.01172219792159313,0.04710943076810273,0.9554972456439065,0.18679235294356966,0.011055195885838018,0.011088318975560578,0.013617757418984952,0.010865115993523786,0.01049010076462718,0.011396538268920064,0.010711768129303594,0.009572319964142713,0.01047833672453681,0.010941784424067843,0.010440771046341515,0.01130278691367075,0.006868187627447604,0.0072450107616557164,0.009450382535690569,0.010898784684638025,0.01037009376996427,0.009739410242425499,0.010380655099422447,0.01014856632783065,0.008036617872215997,0.008071688516903186,0.010453740471609213,0.010750926701195275,0.00796588492272111,0.010065067967133893,0.008451664440270436,0.009579248230100307,0.00891291226815658,0.008420694522715749,0.38775228531710315,0.1980293802419147,0.12056910817102426,0.009853379524434784,0.008529606097969381,0.010014850708778215
r908,0.0,0.0,0.0,0.5015162238856512,0.5354249580822952,0.611050247502831,1.8855470049447183,1.538057981118227,1.326971965362207,4.103641163893305,3.244559833064319,4.001866257219886,4.771408114233922,4.52052166123802,5.204654700870349,1.4110449164915362,1.4998177618388275,1.0669030515537652,3.181904043595906,4.230155045418482,3.657991173991932,2.9400424186084924,2.349916140229787,4.160234563543902,3.1011829551340955,2.737111879469331,2.9774485684165293,3.240472448300911,3.996683854335764,1.6455466651678163,2.638260569801638,2.478439015706357,2.867578786591604,2.7051238529581907,1.940222795807304,1.582173372045748,3.025708894121239,3.3011728958919715,3.0831750377700433,3.5131809171540276,3.3904530335275984,2.983848668188944,3.4805588265549616,3.87672533218093,2.9059443739475035,3.3878486012530216,4.209685212674206,3.8004525492932375,4.959166299564816,5.434665964852204,5.43634388135304,4.488706329475219,3.3696657296299195,3.799254423932277,4.824563202097784,2.504929402642984,4.663657434711498,4.807528174750131,5.045786639453352,4.3821427874961305,4.973965929712437,5.151647793417455,5.265087127623556,5.348975479839077,6.001087513227819,6.1634686814109605,0.711361094901564,1.4097345358002795,2.244244325868946,4.248218190871957,3.061470705757553,3.581131534977172
PROTEINpolym,0.05995669053459622,0.05780630708992092,0.056586665996921935,0.06552924742076059,0.06419248074135823,0.06792991823869063,0.05922925390218917,0.061501469413279206,0.05866618315276108,0.058452999757504676,0.05507915256041303,0.050617468308871524,0.05755662643617552,0.04963500504842571,0.05807045063496155,0.04977866216129903,0.05700051165841434,0.058441145751939844,0.046175741993035146,0.048331706929398845,0.04861200989039749,0.0530832084375843,0.04863595643262289,0.04655280459836931,0.05996545601632016,0.04951115907127534,0.0590102659538562,0.050335113697217264,0.05799211240857788,0.040737831853057196,0.06017926171293222,0.06858390473356545,0.06370759739996265,0.06729123191013406,0.07417313972802893,0.06851424594626367,0.06008258633607619,0.06026260312804661,0.055833344207263325,0.05904954344306407,0.05701141719906076,0.06193770798326121,0.05821613113751953,0.05202347806599301,0.056947482198569634,0.059466219696020894,0.05674332090402997,0.061428189748210606,0.03732710667091089,0.039375058487259335,0.05136077465049222,0.05923252545998925,0.05635920527154494,0.0529315774044864,0.05641660380120895,0.05515525178168832,0.04367727104465215,0.04386787237447383,0.05681380691091964,0.05842894946301781,0.0432928528408756,0.05470145634311898,0.04593295891451324,0.05206113168532778,0.0484397405878075,0.04576464414519429,0.06858694006008671,0.06251223519837791,0.06651787342578894,0.053550975676276015,0.04635655488026838,0.05442853646075117
RNApolym,0.004135415841435648,0.003987096618293405,0.003902973844806706,0.004519773947576414,0.0044275726260389284,0.004685356337832121,0.004085242075230843,0.004241964468277128,0.0040464051801942435,0.004031701200004315,0.0037989955416193625,0.0034912580803153214,0.003969875298677657,0.003423494264556815,0.004005315492464648,0.003433402781771728,0.003931518180546145,0.004030883589126193,0.0031848971853751236,0.0033336013828870535,0.0033529348266608753,0.0036613285211322404,0.0033545865007139895,0.0032109044692563474,0.004136020426372805,0.0034149521884141994,0.00407013773537244,0.003471783127252932,0.003999912239892024,0.002809826120967519,0.004150767328793119,0.0047304639994938304,0.004394128581122899,0.004641303980417612,0.005115972451203211,0.004725659397206172,0.004144099300898942,0.004156515668223443,0.003851014691710101,0.004072846836719324,0.003932270372589209,0.004272053318693378,0.004015363569713324,0.0035882353312437763,0.00392786055924735,0.00410158640793087,0.003913778863874919,0.0042369101217967315,0.0025745768631571238,0.0027158310302619177,0.0035425264340681697,0.004085467725643365,0.0038872851088434415,0.0036508700156554497,0.0038912440796727388,0.0038042443624327986,0.0030125691891634597,0.0030257156078819587,0.003918640522296891,0.004030042369806627,0.0029860545647660964,0.0037729445553771027,0.003168151614864145,0.003590832428790288,0.0033410528298966845,0.0031565423756419178,0.004730673356235638,0.004311680404937549,0.004587962828683692,0.0036935920105233724,0.00319736846208391,0.003754120347521012
DNApolym,0.0005562521859483451,0.0005363018604540191,0.0005249865590588954,0.0006079519532572465,0.0005955500114407378,0.000630224336511046,0.0005495033441876105,0.0005705839747847957,0.0005442794178431067,0.0005423015947084084,0.0005110005028418547,0.0004696069303180476,0.0005339854315751644,0.00046049206204623085,0.0005387524697692249,0.00046182485046984646,0.0005288260397206501,0.000542191618383016,0.00042839851887074425,0.0004484006270256015,0.00045100115639760404,0.0004924829984323411,0.0004512233220365013,0.00043189674228144906,0.0005563335082882935,0.00045934307275251633,0.00054747166892551,0.00046698736662057085,0.0005380256816613307,0.0003779479457089717,0.0005583171048652267,0.0006362917397334589,0.0005910514739768399,0.0006242988815997227,0.0006881462393018652,0.0006356454756991761,0.0005574201926236725,0.0005590903103894818,0.0005179975660293631,0.0005478360684451571,0.0005289272165996511,0.0005746312071450849,0.0005401040303252763,0.00048265127939552447,0.0005283340553783646,0.0005517018101075701,0.0005264399353833959,0.0005699041178160983,0.000346304715882215,0.0003653047251289459,0.0004765030043619809,0.0005495336962827899,0.0005228762770439911,0.0004910762314332579,0.0005234087957222427,0.0005117065184308726,0.0004052187883990541,0.0004069871049190727,0.0005270938740024483,0.0005420784665010017,0.00040165232293435917,0.0005074964010540315,0.0004261460827049897,0.00048300061335437177,0.00044940291648003916,0.0004245845312329812,0.0006363199001772303,0.0005799614216123274,0.0006171239968019961,0.0004968227401144998,0.0004300760224633264,0.0005049643686852959
Cellwall,0.08662943879523409,0.08352242089038005,0.08176020182064764,0.09468104190071872,0.09274959194568867,0.0981496917517203,0.0855783896685623,0.08886143869599276,0.08476482736900842,0.08445680573327673,0.07958204552455114,0.0731355055413353,0.08316166557318136,0.07171597687605236,0.08390407316078094,0.07192354228628756,0.0823581537269865,0.0844396782727648,0.06671780211921427,0.06983288453677401,0.07023788501274161,0.07669817188700392,0.07027248457945512,0.06726260740448797,0.0866421037498162,0.07153703592047386,0.08526198122610401,0.07272754070320367,0.08379088484889578,0.05886074564320051,0.08695102452819102,0.09909461520439115,0.0920490000455734,0.0972268750032355,0.10717031595684785,0.09899396752692087,0.08681134147417852,0.08707144178196849,0.08067175208654016,0.08531873197096711,0.08237391078191288,0.08949174537505422,0.08411456209983811,0.0751670025288112,0.08228153321466333,0.08592077370527731,0.08198654731380757,0.08875555933201532,0.05393270165378759,0.05689171948729486,0.07420948428588228,0.08558311663420501,0.08143155134291664,0.07647908522321228,0.08151448457969354,0.07969199877202116,0.06310784409493467,0.063383237651331,0.08208839021349607,0.08442205625835272,0.06255241094879364,0.07903632475431639,0.06636701288028529,0.07522140699781199,0.06998897879607169,0.06612382043792331,0.09909900084727356,0.09032186074290345,0.09610947491178629,0.07737403329652047,0.06697905267871476,0.07864199184443135
Lipidsassemb,0.22797220735587917,0.21979584444836853,0.2151584258438096,0.2491606365808387,0.244077873541286,0.2582886625045271,0.22520628860147973,0.23384589130524414,0.2230653351816011,0.2222547519296756,0.20942643559092405,0.19246185668772442,0.21884648835047724,0.18872625493697986,0.22080019252837088,0.18927247970075675,0.2167319834920697,0.22220967966517052,0.17557316347161653,0.1837707487809842,0.18483653950721476,0.20183729443948403,0.18492759099856612,0.17700686159075785,0.22800553618372685,0.18825535768545754,0.2243736348055369,0.19138826500843067,0.22050232854972573,0.15489669906105397,0.22881848560050272,0.26077530316945036,0.2422342106462458,0.25586019737693555,0.28202714725486283,0.2605104408603181,0.22845089861625925,0.2291353731104434,0.21229408443826356,0.22452297887096603,0.21677344942608653,0.23550459309224794,0.22135411078904765,0.1978079013916084,0.21653035056490352,0.22610729922441403,0.21575407187844095,0.2335672614000403,0.14192816224680946,0.14971505128235488,0.19528811654179548,0.22521872798475,0.2142935561655701,0.20126075058740076,0.21451180152550933,0.2097157862421609,0.16607327393403856,0.1667979938192921,0.21602207950920016,0.2221633059430335,0.16461160775998326,0.20799032830083258,0.17465003389548758,0.19795107104687368,0.18418152314755704,0.1740100537840087,0.26078684433493043,0.23768910721816697,0.2529196708204902,0.2036158770961065,0.1762606649439862,0.20695261011692462
Pool,0.22797220735587917,0.21979584444836853,0.2151584258438096,0.2491606365808387,0.244077873541286,0.2582886625045271,0.22520628860147973,0.23384589130524414,0.2230653351816011,0.2222547519296756,0.20942643559092405,0.19246185668772442,0.21884648835047724,0.18872625493697986,0.22080019252837088,0.18927247970075675,0.2167319834920697,0.22220967966517052,0.17557316347161653,0.1837707487809842,0.18483653950721476,0.20183729443948403,0.18492759099856612,0.17700686159075785,0.22800553618372685,0.18825535768545754,0.2243736348055369,0.19138826500843067,0.22050232854972573,0.15489669906105397,0.22881848560050272,0.26077530316945036,0.2422342106462458,0.25586019737693555,0.28202714725486283,0.2605104408603181,0.22845089861625925,0.2291353731104434,0.21229408443826356,0.22452297887096603,0.21677344942608653,0.23550459309224794,0.22135411078904765,0.1978079013916084,0.21653035056490352,0.22610729922441403,0.21575407187844095,0.2335672614000403,0.14192816224680946,0.14971505128235488,0.19528811654179548,0.22521872798475,0.2142935561655701,0.20126075058740076,0.21451180152550933,0.2097157862421609,0.16607327393403856,0.1667979938192921,0.21602207950920016,0.2221633059430335,0.16461160775998326,0.20799032830083258,0.17465003389548758,0.19795107104687368,0.18418152314755704,0.1740100537840087,0.26078684433493043,0.23768910721816697,0.2529196708204902,0.2036158770961065,0.1762606649439862,0.20695261011692462
GROWTH,0.22797220735587917,0.21979584444836853,0.2151584258438096,0.2491606365808387,0.244077873541286,0.2582886625045271,0.22520628860147973,0.23384589130524414,0.2230653351816011,0.2222547519296756,0.20942643559092405,0.19246185668772442,0.21884648835047724,0.18872625493697986,0.22080019252837088,0.18927247970075675,0.2167319834920697,0.22220967966517052,0.17557316347161653,0.1837707487809842,0.18483653950721476,0.20183729443948403,0.18492759099856612,0.17700686159075785,0.22800553618372685,0.18825535768545754,0.2243736348055369,0.19138826500843067,0.22050232854972573,0.15489669906105397,0.22881848560050272,0.26077530316945036,0.2422342106462458,0.25586019737693555,0.28202714725486283,0.2605104408603181,0.22845089861625925,0.2291353731104434,0.21229408443826356,0.22452297887096603,0.21677344942608653,0.23550459309224794,0.22135411078904765,0.1978079013916084,0.21653035056490352,0.22610729922441403,0.21575407187844095,0.2335672614000403,0.14192816224680946,0.14971505128235488,0.19528811654179548,0.22521872798475,0.2142935561655701,0.20126075058740076,0.21451180152550933,0.2097157862421609,0.16607327393403856,0.1667979938192921,0.21602207950920016,0.2221633059430335,0.16461160775998326,0.20799032830083258,0.17465003389548758,0.19795107104687368,0.18418152314755704,0.1740100537840087,0.26078684433493043,0.23768910721816697,0.2529196708204902,0.2036158770961065,0.1762606649439862,0.20695261011692462
r1092r,5.428489288069314,5.328039729238241,5.272546430448627,4.763824496662721,4.654067381437081,4.845375833677914,3.7372825867028445,3.955164793550366,3.8744398468912054,3.1047921197400985,3.2371932459137778,2.768078115414175,2.7952422769711456,2.6303031352963613,2.9646705161544733,3.4181661248138124,3.7492718674599796,4.008219162606117,2.8229227059239257,2.6533176461401946,2.8759995991356297,3.26167537415084,3.1274996721432906,2.639677579149728,3.6359512742216085,3.1266805735516305,3.5861824929955435,3.0536055147098407,3.1544404109488258,2.8522092749432773,3.7797164964678345,4.911101158107318,3.9608222046368224,4.28764974207703,8.057883505469432,4.5525149028239245,3.643438270907924,3.626089964719686,3.4066305836944095,3.3422957924151158,3.408780652342531,3.7754723683529283,3.3846597931913727,2.89527194175482,3.5251979501350363,3.5152038514877515,3.058110491456936,3.438645064748357,2.2342382631194897,2.3578784920189237,2.6167931530575532,3.002638495171653,3.439288362250324,3.032220907511335,2.8047072696714075,3.466042716988691,2.4650517526497913,2.4485316621253834,2.7487160021232566,3.0438854868412095,2.409012422328665,2.6938243823830375,2.471091072321181,2.6368698453661783,2.607539854625169,2.5759471078961798,4.806504809259528,4.111768627785146,4.256972742703463,2.8910547204247328,2.9482297611274335,3.223110084194958
r1093r,4.828634875451025,4.707607559473053,4.643724072936418,4.582381950938493,4.4935203494578495,4.702663518697757,4.158239698314999,4.219438624482182,4.1240567237857,5.17745977008471,4.3362148673275005,4.692113674814403,5.5480854125043475,4.98664619889773,5.8159438804129096,3.716218120766377,4.004521865211385,4.036636421628954,4.074401007987108,4.740185512394306,4.361951579998752,4.093347083849897,3.8807267468970172,4.612301697272904,4.396569890256334,3.936348335581936,4.303360804774145,4.187646964371717,5.048587675989999,3.5673863609780723,4.201133978314187,4.798668095021732,4.4971310141361664,4.598043365240668,6.940968875383903,4.62942135018294,4.382564925536963,4.525683600122192,4.045623254456062,4.688444722125834,4.4140981678179605,4.477240367256139,4.596073907055343,4.6388028027276835,4.100115233813283,4.56111612823401,5.114854873065387,4.982639018299231,4.604619243977984,4.996395901411644,5.5157766627100635,5.38973565231194,4.377120819939987,4.5641073791891085,5.472894875488889,4.04988740931125,4.806139370101174,4.896402977821045,5.625487790846028,5.345008569339423,4.95187248410605,5.55779313230944,5.204526094604459,5.514595390929603,5.604222771207966,5.5388571711306716,4.715631148018353,4.2194028594796755,4.503266238867632,4.998673183328576,3.9748403502029386,4.493695549864359
r1094,4.980165930404752,4.889232069804935,4.840817937094629,4.371031680393006,4.280436441123435,4.458704164947661,3.624433739444033,3.8616246111016035,3.7239822572385877,2.5853059743066282,2.951525029712731,2.300864806762831,2.1510035804308507,2.1114460512494397,2.3551831473206337,3.1712996382301757,3.6066923534365767,3.8055245185477014,2.480204857084348,2.1399658347684136,2.440268655048102,2.9700071252837903,2.8492797479425573,2.1220809389869824,3.3519662127733727,2.8139502728877512,3.3339524721508904,2.681711674147407,2.6530859659840087,2.5808592822795258,3.54097362833812,4.349630129204418,3.7058890400999864,4.03063592912493,6.329398343104012,4.3189501975947255,3.385465478425732,3.296018559357638,3.1488465619310424,3.006541255195535,3.0616879838298146,3.5250139708245936,3.0325664446159957,2.4380437190470947,3.2451307241750786,3.170426394952569,2.466040688538559,2.963394230704788,1.7118889155548358,1.8561876246455542,2.0554972940984926,2.3015228036044353,3.0281382777844894,2.55694476558883,2.147376605869251,3.2225690382628196,1.8540076369152363,1.8109774422804636,2.128075624420873,2.4636516275298352,1.8149212704152802,2.1000157678279,1.9748508159548137,2.087337916839633,2.0571694769574127,2.04074885123479,4.469129260221448,3.9878963215453296,4.075244310007426,2.3127340500121263,2.5435675109796447,2.8010251590505066
r1091r,2.4482722543183244,2.3756187936605757,2.337809125442493,2.347663895220102,2.2960997999592463,2.431325656667003,1.8137295453773676,2.0237916756880754,1.8819153239316253,0.7387511348445246,1.1573601181694222,0.517691444649099,0.27184016683413353,0.3057709495602539,0.4650719833861309,1.417441322129465,1.787330801788818,1.9687445822867473,0.7213307244218039,0.3679212027960575,0.6800048098347112,1.1795905689346577,1.0713626858161003,0.3611129508778952,1.5452069021739736,1.0396948158097243,1.5282593617586344,0.9086825955631956,0.8113989709393951,0.8169359480055264,1.741504833329996,2.403966463075233,1.8704476269645938,2.183608193017807,2.867656622665295,2.3663099373220033,1.576748500832396,1.491788658659241,1.5016284662177954,1.200486128853659,1.3157149631649385,1.7029449007524953,1.2352728417518626,0.6586521005238015,1.4563016257400143,1.3579079212699507,0.6306940872814387,1.1128906703217878,0.00443515004535277,0.00467848456341715,0.15085347462327775,0.45738545429024974,1.213117712305833,0.7594994505617838,0.2642248079602602,1.4108648945776592,0.05626739856418637,0.0052123138733606595,0.2281354975187795,0.5907189799675526,0.0051439909288542255,0.21076558690874692,0.11371890640175077,0.18081115758912347,0.11366049172009952,0.10738356373337124,2.42262172247462,2.1300014653440207,2.236649979840554,0.4877581423216257,0.7725044079683909,1.0035414315513351
r1069r,3.6656210779379657,3.087671190029844,2.797774612274908,6.78581670123989,6.494974672200395,7.656891451099629,6.038331436661346,6.476342970091919,5.526399181742812,7.27570929141066,5.512017474814492,4.876319237130795,7.576957975866306,5.0138906719372525,8.297758326281311,3.3308473883014265,5.2202838196605645,5.414316914804063,2.8882790296607803,4.391272336775278,3.9561757643049535,4.708256019120389,3.1201487271721846,3.7815211870932433,6.839323867403675,3.5802754624481303,6.468076049795427,4.139883682504788,6.9695609410764146,0.4239330169382252,6.726397781290699,8.590894184946398,7.663715411139099,8.609348905822417,8.59759532278765,8.40899164038736,6.798294013302908,7.06499389407663,6.372134034269847,6.931068653298102,6.432456170781022,7.262730529768046,6.640302590462359,5.169813576022579,5.975679582626568,6.922440815043434,6.935560468922973,7.963788528111887,1.9912992141457468,2.397278908771548,6.203650611941587,8.114065787667371,5.97987679744313,5.370159057659574,7.335935398982345,5.111026889393757,3.2637536702256837,3.455672409923613,7.522234577594034,7.434888620939876,3.4406586557720757,7.0523439280160884,4.388909118518794,6.28665079184074,5.668535560012889,4.957441098218754,7.867934905828004,6.611298900959104,8.185858061068203,5.936777133349337,2.864383781136272,5.563060495646998
r1150r,3.5306077396982705,3.5109770283334356,3.481079952864402,3.403705449066976,3.3832125236801094,3.361886934185498,3.2707397087209733,3.3164229912087375,3.3339026288003306,2.8694796256091344,3.108949436786147,2.979711455156143,2.658782561148358,2.7934031073939125,2.5935696703501536,3.235086244797686,3.326884990624982,3.344742084201329,3.1160730015174023,2.9126116034247875,3.038078071590106,3.1853001653562862,3.2474766509624198,2.953969740051278,3.134588311407796,3.1982176564852893,3.16802439817629,3.116992610794108,2.9468689102412244,3.339990173845034,3.1890348933064203,3.0282174783663485,3.199390079681735,3.1973409102542245,2.5087184386962784,3.322571053484249,3.155612781613041,3.0884836071466233,2.884610111673083,3.0963820642644677,2.9936940957876734,3.1667382783383218,3.0825267805420156,3.028744158696953,3.1523170356267665,3.0906220308985155,2.839280080746396,2.9485998391565427,2.633987433667134,2.6018845065453604,2.49953348340381,2.67398592186919,3.1042854682268275,3.0623139148724423,2.63515261231264,3.235385988290435,2.8211967318837585,2.76892268697233,2.605345485652223,2.80178099757616,2.7065978314137538,2.5632104892017686,2.583825937518143,2.5449580512303718,2.3595573611162606,2.3235890635584364,3.395404132629257,3.365108131309585,3.228840770453801,2.8806037214773705,3.1477635710749947,3.054576361783081
r1153,1.7587494148282627,1.7483297559325526,1.7337937877110157,1.6955205826227333,1.6848030870057946,1.674556619650128,1.6282214677551603,1.6483496130553137,1.6613190032086065,1.666463718029938,1.6244684649402565,1.6272231684602392,1.7018339789433024,1.6527518341315566,1.7111986595240078,1.600492447273569,1.6437454821670354,1.6567253364985919,1.616608702436041,1.6231367685990488,1.6104923807453273,1.6268695258049202,1.6280718194149217,1.6175408445803334,1.622008377953154,1.6217137535291497,1.6238850763182597,1.6179488070711456,1.6630158472642245,1.6384118660243878,1.6140591364140027,1.667171337147383,1.6391611074692205,1.639706410126901,2.6372087771342,1.6483154346970175,1.623605171583429,1.618563470869747,1.4751980178163437,1.6241260800510895,1.5703233516930593,1.631241715857296,1.6179322632417568,1.6191095706459637,1.6133764103880568,1.629305666182307,1.660522925179173,1.6612460094412858,1.5924505915395752,1.7301963166368892,1.746403531674692,1.6616445436403988,1.6413803327703143,1.6343654530269471,1.7093347228554736,1.641773238728612,1.6631724872315936,1.670610142973745,1.7248992865372508,1.6929156240391015,1.6763939039461846,1.7207173997501346,1.7196144833143898,1.746128702228054,1.7942682749139571,1.792366431664369,1.6890032134995046,1.665141944183135,1.6336556876638466,1.6599877068567024,1.6282405962323636,1.6297918004844378
r1152,0.0,0.0,0.0,0.3536663405138183,0.38284614640338493,0.3425872800112453,0.6800876198590838,0.6107467010381792,0.6250241977777922,0.8418289092435315,0.84749241736871,1.0078752860017421,0.8586658728961117,1.0894989719285828,0.8293613556697765,0.7767198622176331,0.6822869095444798,0.5973576352143551,0.990651531074352,1.0996869587940976,1.0175404535003818,0.8476402641415928,0.8771851444998516,1.118953392706072,0.7540630508645162,0.8888324856641965,0.7662922744972828,0.9243371617363746,0.8701590436514597,0.9689121682143884,0.7100923321573532,0.3345457378361915,0.6629692544330141,0.5619226443409259,0.0,0.4756411071972545,0.7519069195832311,0.7620734793928333,0.8311090109939298,0.8670937875432786,0.8311963719397018,0.7087371095152112,0.8451594301693643,0.9778842467349698,0.7758321814028069,0.7900977908352759,0.8472439711436415,0.7784712361721415,1.515391928463077,1.684817581889638,1.397304341193487,0.7285034501375417,0.8187056352648472,0.9338582416740805,0.8691717805815213,0.7795559274639321,1.251980099113589,1.272419288083387,1.019224764445121,0.8226849218087869,1.3611736202576883,1.1301635854952978,1.3738044329174235,1.3167856256587755,1.8344157995497357,1.971580696623225,0.3683745191996289,0.5985102725438414,0.5608101788990305,0.9361191326469275,0.9474650996698842,0.8711398780187555
r1151r,0.024896655548403535,0.024003721741655437,0.023497273104908907,0.027210626317665073,0.026655541984809437,0.028207490452529467,0.024594591856948088,0.0255381156973559,0.024360780110954456,0.024272256986795675,0.02287128720694325,0.021018599625525235,0.023900043350170243,0.020610637658875976,0.024113405761863594,0.020670290411961514,0.023669120029622646,0.024267334682199087,0.01917419945700959,0.020069450944649802,0.020185845065255104,0.022042483400781784,0.020195788723052926,0.019330772438631467,0.02490029536202988,0.02055921136088195,0.024503658426995867,0.02090135356931074,0.024080876283983026,0.01691613994019752,0.02498907689308784,0.028479054415634,0.02645419709028171,0.02794227979157136,0.02937256333229945,0.028450129022689435,0.024948933023635825,0.025023683915031812,0.023184460757412696,0.02451996816842571,0.02367364848985982,0.025719261142792132,0.024173898715359885,0.0216024367304194,0.023647099865002123,0.024692990479239937,0.023562323113964896,0.02550768675667147,0.015499856798599396,0.016350256487053426,0.021327253118392866,0.0245959503516703,0.023402821405190295,0.02197951952522705,0.023426655799805608,0.02290288695140381,0.01813672440551899,0.018215870462669988,0.023591592004873832,0.02426227024649489,0.017977097055833363,0.02271445112176147,0.019073385242198013,0.021618072169640068,0.019182137272771772,0.01812279908149694,0.028480314816737,0.025957830117337054,0.027621147326979067,0.02223672093648769,0.019249280922180832,0.022601122780202924
r1149,0.7434734613297703,0.7465246468228816,0.7427288074833787,0.6883465544658869,0.6867977277939389,0.6757190185785513,0.7197617154953595,0.7194026518798778,0.7223459891799443,0.23386336548307862,0.6133909136657112,0.46283262415812754,0.0,0.19764285114791327,0.0,0.7301186139873822,0.7511399144309648,0.7231730643997151,0.6564860457445515,0.39286364579994415,0.5852946691708417,0.6692668457043253,0.7370500757780231,0.45813377837025454,0.6135678215362843,0.6996650306057378,0.639844997166693,0.6358869507818499,0.32544306816347623,0.832567591857318,0.6616898910477422,0.45839122004196503,0.6286001110276626,0.615850063606812,0.0,0.7059291511863063,0.6269570904727542,0.5783592883708375,0.5842636149789984,0.5672014358271152,0.5640561881586817,0.6206796103254074,0.5711250123548682,0.5166604938793619,0.6481550868241209,0.5707805538351174,0.20030855697466637,0.3291004219163912,0.19920775626623383,1e-09,0.0,0.0,0.5858514169553322,0.5321318207416088,0.0,0.697345846422879,0.2552303401941755,0.17888281769301703,0.0,0.0957772940529965,0.1156878794355581,0.0,0.0,0.0,0.0,0.0,0.6955207813592852,0.7302652799337773,0.6570798759448326,0.26577230870261986,0.6690622919289292,0.5586698532136826
r1148,0.0,0.0,0.0,0.0,0.0,0.0,0.0,0.0,0.0,0.0,0.0,0.0,0.11470891930585424,0.0,0.253934410416355,0.0,0.0,0.0,0.0,0.0,0.0,0.0,0.0,0.0,0.0,0.0,0.0,0.0,0.0,0.0,0.0,0.0,0.0,0.0,1.1361807899716838,0.0,0.0,0.0,0.0,0.0,0.0,0.0,0.0,0.0,0.0,0.0,0.0,0.0,0.0,0.027798740345460673,0.261094107849571,0.03821790741924702,0.0,0.0,0.13120476082250498,0.0,0.0,0.0,0.18524082009412465,0.0,0.0,0.20292987635271678,0.09281421355628745,0.22422149806849545,0.4703291268521719,0.4997466529001924,0.0,0.0,0.0,0.0,0.0,0.0
r1147,0.0011538060967033654,0.0011124241340467495,0.0010889533701278183,0.0012610443390438846,0.0012353196112309035,0.0013072428300079787,0.0011398073116811736,0.001183533809697329,0.0011289715824610645,0.001124869082823823,0.001059942793019689,0.06317377932570675,0.3055062037004093,0.2947032232005649,0.2576139964951207,0.0009579401960871008,0.0010969174128905655,0.0011246409644309076,0.09041975666707114,0.20957473991077438,0.0799109913015868,0.0010215328594983997,0.0009359499757342594,0.23036172471068705,0.0011539747795670937,0.0009527923686569161,0.0011355931092687478,0.0009686485452126997,0.001115999770186186,0.08123616536483586,0.0011580892547666782,0.001319828141142083,0.0012259885198965018,0.0012949519551582738,0.0014273873368719928,0.0013184876279690235,0.0011562288345496525,0.0011596930763253539,0.00107445645133648,0.0011363489649723363,0.0010971272790318194,0.0011919287814206923,0.0011203107849021494,0.0010011394162861668,0.0010958969143685477,0.0011443674796156613,0.001091968035969022,0.0011821236163800687,0.939258803072335,1.3840992743009468,1.3706149685938802,0.05210916242755866,0.0010845761176584985,0.0010186148730504353,0.32481922737001734,0.0010614072458552375,0.5519897944813774,0.6120541269738526,0.670290441663949,0.0011244062591398351,0.7691439555803365,0.8537134466045924,0.909241546117097,1.1552812983619476,2.5171675693828153,2.7278254438917977,0.0013198865529426668,0.0012029849787793972,0.001280069450366585,0.05948132043378445,0.038636261357898,0.0010474223417454595
r1095,0.027893129053944626,0.026892724934095755,0.026325321893628833,0.030485601213843947,0.02986370885738213,0.03160244435373407,0.02755471011268275,0.028611793082652156,0.027292757532419033,0.02719358010686773,0.025623994564862074,0.023548324032284202,0.026776568153140497,0.023091261206232772,0.027015610110988447,0.023158093626445997,0.02651785180670464,0.027188065388706505,0.021481938379992772,0.02248493915901123,0.022615342072691152,0.02469543884170501,0.02262648250872666,0.02165735592966574,0.027897206962501732,0.023033645414666428,0.0274528322253879,0.023416966673103955,0.026979165501978986,0.018952106739075696,0.027996673927200455,0.03190669281934019,0.02963813082229086,0.03130531389832937,0.03450692394462002,0.031874286053222636,0.0279516984765211,0.028035446090500085,0.025974860571207507,0.02747110494708768,0.026522925212231156,0.028814740588203557,0.02708338377746218,0.02420242971543788,0.026493181283769835,0.02766495160346902,0.026398201100375558,0.028577701847573286,0.017365364823705456,0.018318115612523504,0.02389412597164611,0.027556232059904796,0.026219502334238465,0.02462489689376895,0.02624620534756471,0.02565939751226551,0.02031959649085753,0.020408268286589985,0.026430992690059815,0.0271823914591219,0.020140756964460552,0.0254482822387568,0.021368990515678178,0.024219946989155833,0.022535198741567793,0.021290686902613452,0.031908104901324834,0.029082022840957726,0.030945531060397952,0.024913054121417567,0.021566056393766058,0.025321314101027694
r1087r,-0.0,-0.0,-0.0,1.0073257264257267,1.087301956485261,1.0919743941672815,2.444831358722019,2.121055054528737,2.0332820817998996,4.596208620641017,3.659522684301753,4.509497290326307,5.378473807785483,5.117190883384313,5.848338880393294,2.3204078993861676,2.212063085805728,1.8250970105961237,3.7201453923656542,4.789589795988845,4.154553205592469,3.384159749162091,3.0585014955942973,4.706245550701924,3.423129717168635,3.3196621403975684,3.308522578136967,3.724134387757841,4.474207026636378,2.7374346774503127,2.9619358312455963,2.506918070121991,3.0602969595982645,2.7758124198836516,1.9650723036411597,1.9329004522335664,3.338987705831578,3.6234043974382684,3.4573203018628154,3.893093397472308,3.757420603143506,3.2417494729865375,3.850755992205142,4.353551163655854,3.2571686191803657,3.723932208463048,4.711463220945681,4.2054318712405045,5.652293646799927,6.190989919603717,6.140097590018596,5.017072563631654,3.7336662271694263,4.235296606055375,5.420037625573659,3.0124723543093697,5.299406309972646,5.462376689227829,5.685283978469537,4.911359592039151,5.6519091132402295,5.807716777909602,5.966275662766355,6.040051706859527,6.789036475275109,6.984722598002732,1.2280501621726752,2.0206544022741704,2.493046469606476,4.775933523419804,3.5846997324367122,3.984175211499138
r1088r,0.28554642491652577,0.2768316676284528,0.27353990555439783,0.21669258605922195,0.20971159166496073,0.21388726995306886,0.04745201086266479,0.08282571897946037,0.09218103403312314,-0.0,-0.0,-0.0,-0.0,-0.0,-0.0,0.04712490884190247,0.04102651250040577,0.11064313190573984,-0.0,-0.0,-0.0,-0.0,-0.0,-0.0,-0.0,-0.0,-0.0,-0.0,-0.0,-0.0,0.007144492154430286,0.1576528633509515,-0.0,0.017363922048319026,0.4709246939669746,0.08709286584472857,-0.0,-0.0,0.00167221104242425,-0.0,-0.0,-0.0,-0.0,-0.0,-0.0,-0.0,-0.0,-0.0,-0.0,1e-09,-0.0,-0.0,-0.0,-0.0,-0.0,-0.0,-0.0,-0.0,-0.0,-0.0,-0.0,-0.0,-0.0,-0.0,-0.0,-0.0,0.18756614417302356,0.09326356448270656,0.05416490973033954,-0.0,-0.0,-0.0
r1090,0.5821248808914173,0.5642996957614511,0.5574917576522295,0.445442553643864,0.4312345997863314,0.4402736448620569,0.10580220444333241,0.17696770833096415,0.19515664576635433,0.01075535195538086,0.010134564071115997,0.009313614168832363,0.01059041926425629,0.009132840928910332,0.010684962916832925,0.10340909152148393,0.09254111914595978,0.23203943462983664,0.008496336526718464,0.008893034075009389,0.008944609819833138,0.009767310352515513,0.00894901598360261,0.008565716046099951,0.01103364390700291,0.00911005326911466,0.010857888935509543,0.009261660920287977,0.010670548683178328,0.007495761060962525,0.0253619684640401,0.327925165172879,0.01172219792159313,0.04710943076810273,0.9554972456439065,0.18679235294356966,0.011055195885838018,0.011088318975560578,0.013617757418984952,0.010865115993523786,0.01049010076462718,0.011396538268920064,0.010711768129303594,0.009572319964142713,0.01047833672453681,0.010941784424067843,0.010440771046341515,0.01130278691367075,0.006868187627447604,0.0072450107616557164,0.009450382535690569,0.010898784684638025,0.01037009376996427,0.009739410242425499,0.010380655099422447,0.01014856632783065,0.008036617872215997,0.008071688516903186,0.010453740471609213,0.010750926701195275,0.00796588492272111,0.010065067967133893,0.008451664440270436,0.009579248230100307,0.00891291226815658,0.008420694522715749,0.38775228531710315,0.1980293802419147,0.12056910817102426,0.009853379524434784,0.008529606097969381,0.010014850708778215
r1047a,2.3998727684284478,2.2276787403250204,2.136533484036357,3.7546072264182833,3.6672145074106255,4.013911472850481,3.8253330004874737,3.8991570719930184,3.598247930478088,4.693622444912369,3.9735703091747023,4.066641526788058,5.003842175592906,4.244113361864967,5.259098432051334,2.956551564481499,3.5561286999169233,3.507499680071647,3.224814234508136,3.981129418631253,3.6649756031567193,3.6490955592313354,3.0802134679214266,3.803536743566968,4.257463396326006,3.2936276879814423,4.137674038999187,3.5855323042500324,4.574574350258145,2.182298267904329,4.151154938247827,4.512213981077714,4.39342987548143,4.603894651665704,4.623760698069899,4.386907064803149,4.222700580278611,4.356772358392272,4.0743204322193565,4.404628421077332,4.205879645162241,4.317318457409323,4.31456977134747,4.088261231911262,4.04680010580786,4.402238169296851,4.688129976829908,4.848524931056017,3.645557220753364,3.986569091815597,5.020713285699942,5.118059877467403,4.211234398023921,4.20494236503192,5.066873107183248,3.7491347939808612,3.9120542260303752,4.013165256075696,5.167086653239944,4.872226677059645,4.076990828807769,5.097075368091217,4.455901040032408,4.999877724484412,5.139896558002563,4.987230024946195,4.12448854378272,3.9354436617523114,4.436598677762086,4.442605370953717,3.225724488782098,4.1103924817424
r1046,1.4250633748183308,1.3295699502743232,1.2789373376729907,2.173935354660919,2.1248620658890225,2.296363116950489,2.21006025553269,2.2517501914498004,2.0852349598831132,2.587019023435956,2.273804423549138,2.3410977821083043,2.86702916045851,2.4451746501206104,2.9171598046082963,1.7287494255667328,2.0620949682225325,2.035279561443323,1.873592231159066,2.2929094168294317,2.116701674735044,2.1102362663555927,1.7952193676547972,2.1946160049895806,2.3820500038239323,1.9136010218004782,2.345775190303924,2.07407446420765,2.5440446680496502,1.2965262806090785,2.359188899437804,2.3405305433021,2.4231131281156784,2.492430361017671,2.218535367848099,2.432963809403962,2.3704989008291757,2.4079874805672556,2.296103600322148,2.474387040611507,2.3472322072260003,2.394615418197687,2.417180109638553,2.352814146807208,2.3311160316226918,2.4526390589790443,2.600153477714807,2.6759935864040614,2.107247317336104,2.2905585428959356,2.8989282057091557,2.8635215604729782,2.3880633569802328,2.420789714604069,2.8932143379931317,2.1689163660602664,2.2569770542019905,2.3118423129517365,2.9699447486407657,2.7002324298555833,2.345461209094406,2.9355416405551615,2.5715092926513434,2.8923054173053555,2.9620508049785226,2.8741547737821556,2.343103506476588,2.2734732954131935,2.4431572664453736,2.502757760868937,1.8760602316510213,2.3272727674474
r1061r,0.0034066691319003,0.012109345478282298,0.01023368657665477,0.02262776695268663,0.00530819871338664,0.018074148855475362,0.03511700633161344,0.044421555460841804,0.05408631633416655,0.0744449731617401,0.03947195889467598,0.08748755654455992,0.01294115390909248,0.017277337524699152,0.023991851781818643,0.08239332016744895,0.12814103253269876,0.08787252838916243,0.060219232740224136,0.04029036111178911,0.03870729670518491,0.06493956684693829,0.05527518440562682,0.08798097435145315,0.07402088312265341,0.08005622869203187,0.06587917108524527,0.05767163895164377,0.05685205935890318,0.043894900287294966,0.13532380047211262,0.11198680442315208,0.07018252801627266,0.12868145864055988,0.09787217597798206,0.10232977375764044,0.05186340814727385,0.06456070014959765,0.052869609366450986,0.05074054740010287,0.05021544583591553,0.04013516390879497,0.057609502976904536,0.07351431571703433,0.1926325633084303,0.14579696180772406,0.18549826172491904,0.2378209510877915,0.21366127619509895,0.17001819160766746,0.1783741107650484,0.24279137141276225,0.24650403246765368,0.2498205160132745,0.21890469818616382,0.18822547199562178,0.19906559777704586,0.19466905586694536,0.11374340548050445,0.1346404465791117,0.19468819580521332,0.1521855303060946,0.16976308309939042,0.16024474031298475,0.2146611599741431,0.1767932771461418,0.06735704179977113,0.08134548653839038,0.08607068961484421,0.15153162827808664,0.19230047574237744,0.12732240471824893
r1134,0.0,0.0,0.0,0.0013119419804388968,0.002934552029059653,0.0,0.0,0.0,0.0,0.0,0.0,0.0,0.0,0.0,0.0,0.0,0.0,0.0016020534061292723,0.0,0.0,0.0,0.0,0.0,0.0,0.0,0.0,0.0,0.0,0.0,0.0,0.017809032874429094,0.020518009697817866,0.018109436086371444,0.015698249019574097,0.02304890747579472,0.019838687429413398,0.0,0.0,0.0,0.0,0.0,0.0,0.0,0.0,0.0,0.0,0.0,0.0,0.0,1e-09,0.0,0.0,0.0,0.0,0.0,0.0,0.0,0.0,0.0,0.0,0.0,0.0,0.0,0.0,0.0,0.0,0.0,0.0,0.0,0.0,0.0,0.0
r1045,0.0,0.0,0.0,0.0,0.0,0.05123560787051223,0.0,0.0,0.0,0.24885546981902845,0.038421764615859326,0.0,0.09124083645417229,0.0103938734766482,0.38668400142852427,0.0,0.0,0.0,0.0,0.0,0.0,0.0,0.0,0.0,0.1623929586223786,0.0,0.08935104857156669,0.0,0.19411795699563725,0.0,0.07802842214892636,0.6019873689042178,0.2467178563666868,0.3645864357325147,1.0571532919212359,0.21919133722500486,0.1436452357113036,0.2320282418516935,0.12506887850999807,0.1363937638503228,0.17494708763946692,0.21196596488904912,0.15252627266711588,0.0010194819463273169,0.005274345742219697,0.18776124791666346,0.21241960517610042,0.253281430503669,0.0,1e-09,0.0,0.21245937751049543,0.08800363724291348,0.0,0.1030263657380366,0.0,0.0,0.0,0.06620216054637598,0.23997889210353512,0.0,0.04479782266344235,0.0,0.0,0.0,0.0,0.08766765296700323,0.0,0.26086741379665995,0.11575476730182942,0.0,0.09353436295448163
r1104r,2.110663455491588,2.058114438290376,2.035408978452017,1.9116976062708657,1.8727756140409952,1.9204098110114474,1.250431616328667,1.37219264108121,1.4016742391570152,0.3959522689186403,0.9920785754975185,0.5583278417320041,0.26983573015600604,0.35287551334903644,-0.0,1.1902471048727978,1.1864512685868978,1.4372939809441312,0.7908429785545724,0.4897512875190484,0.7937324003339071,0.9589150416797734,0.9121689071047616,0.4794026088272044,1.0005011441995735,0.8971318687024635,1.0458060983690096,0.878702857500946,0.46384703811335937,0.7612006397080849,1.1130034463824185,1.6989570701468901,1.0933428984868545,1.1557377125134503,3.3355392846742697,1.4109311297798914,1.0359681866389103,0.9440177531122661,1.1085079976920227,0.6587462780450419,0.9520707817653007,1.0599494575403334,0.7859341340728005,0.6087419567823135,1.022588853257356,0.8243725321822284,0.346194437409533,0.43542262613197397,0.034624795431089636,1e-09,-0.0,0.2737613513108132,0.8749157231376865,0.5768832766496856,0.18353267399011325,1.0228165344245057,0.2749187630336617,0.22797202606628336,0.1292615309806853,0.28516846723891903,0.12255131597016403,0.025957574903733214,-0.0,-0.0,-0.0,-0.0,1.820178830137748,1.401017187469798,1.2830838838863623,0.39692378821490304,0.7459526623560714,0.8512966769282848
r1105,0.0,0.0,0.0,0.0,0.0,0.0,0.0,0.0,0.0,0.21948696071491475,0.0734259106236996,0.32628378349833115,0.4081396700133072,0.4718961347533514,0.51149480197448,0.0,0.0,0.0,0.13810081898368354,0.4186185564322426,0.26673102386098696,0.0061117081366584,0.0,0.4255222074068175,0.0,0.0,0.0,0.12218843409220331,0.2090030904611608,0.0,0.0,0.0,0.0,0.0,0.0,0.0,0.0,0.03358313925676024,0.06611007831004959,0.09064238210611773,0.10906666463766462,0.0,0.1011853461223221,0.2814186716860538,0.0,0.0634615831899647,0.28154070557368366,0.125058446339567,0.7872048326758703,0.8781814411654087,0.705443824815264,0.3177913301009409,0.10783504799469751,0.2585433494522774,0.44686215434238047,0.0,0.5955691861316051,0.631246622003805,0.5016716895129618,0.29126116472436536,0.6870245194812612,0.5677901773267323,0.7321512719709635,0.6680314917501603,0.9236801688669509,1.016014629515199,0.0,0.0,0.0,0.33961166728706804,0.1062091134479229,0.18079757293034518
r1106r,-0.0,-0.0,-0.0,-0.0,-0.0,-0.0,-0.0,-0.0,-0.0,0.21948696071491475,0.0734259106236996,0.32628378349833115,0.4081396700133072,0.4718961347533514,0.51149480197448,-0.0,-0.0,-0.0,0.13810081898368354,0.4186185564322426,0.26673102386098696,0.0061117081366584,-0.0,0.4255222074068175,-0.0,-0.0,-0.0,0.12218843409220331,0.2090030904611608,-0.0,-0.0,-0.0,-0.0,-0.0,-0.0,-0.0,-0.0,0.03358313925676024,0.06611007831004959,0.09064238210611773,0.10906666463766462,-0.0,0.1011853461223221,0.2814186716860538,-0.0,0.0634615831899647,0.28154070557368366,0.125058446339567,0.7872048326758703,0.8781814411654087,0.705443824815264,0.3177913301009409,0.10783504799469751,0.2585433494522774,0.44686215434238047,-0.0,0.5955691861316051,0.631246622003805,0.5016716895129618,0.29126116472436536,0.6870245194812612,0.5677901773267323,0.7321512719709635,0.6680314917501603,0.9236801688669509,1.016014629515199,-0.0,-0.0,-0.0,0.33961166728706804,0.1062091134479229,0.18079757293034518
r1111r,0.3799967216458382,0.36139290240204375,0.35595912655586387,0.21322200010014383,0.19989447909023964,0.1944444059990097,-0.0,-0.0,-0.0,-0.0,-0.0,-0.0,-0.0,-0.0,-0.0,-0.0,-0.0,-0.0,-0.0,-0.0,-0.0,-0.0,-0.0,-0.0,-0.0,-0.0,-0.0,-0.0,-0.0,-0.0,-0.0,0.012246154827479046,-0.0,-0.0,0.7881844166651952,-0.0,-0.0,-0.0,-0.0,-0.0,-0.0,-0.0,-0.0,-0.0,-0.0,-0.0,-0.0,-0.0,-0.0,1e-09,-0.0,-0.0,-0.0,-0.0,-0.0,-0.0,-0.0,-0.0,-0.0,-0.0,-0.0,-0.0,-0.0,-0.0,-0.0,-0.0,0.10522780651972115,-0.0,-0.0,-0.0,-0.0,-0.0
r1154,0.0,0.0,0.0,0.0,0.0,0.0,0.0,0.0,0.0,0.0,0.0,0.0,0.0,0.0,0.0,0.0,0.0,0.0,0.0,0.0,0.0,0.0,0.0,0.0,0.0,0.0,0.0,0.0,0.0,0.0,0.0,0.0,0.0,0.0,0.0,0.0,0.0,0.0,0.0,0.0,0.0,0.0,0.0,0.0,0.0,0.0,0.0,0.0,0.0,1e-09,0.0,0.0,0.0,0.0,0.0,0.0,0.0,0.0,0.0,0.0,0.0,0.0,0.0,0.0,0.3949309900757987,0.5067508870224874,0.0,0.0,0.0,0.0,0.0,0.0
r1146,1.499048877292508,1.4387484601726885,1.4079639847069825,3.339433334997969,3.3117188488003757,3.4070164536298893,3.553834740039106,3.534009087251501,3.448281927324176,4.689265519304418,3.959593685954078,4.271355988167943,5.016236780490252,4.494408071414293,5.3400302093432535,3.192629296977572,3.4241318220549615,3.336913723426731,3.7050474860330396,4.240927868843741,3.955226961831246,3.737012435940796,3.488175335044007,4.12412588922234,3.938814365237355,3.606492644379644,3.855642322207739,3.8365803571988075,4.547776845512658,3.1132609995853753,3.7342860384132086,4.098767737942621,3.921658188854641,3.9494522592226784,6.419721712786828,3.6588956230984424,3.9015408940364864,4.046914788774418,3.6392093756194526,4.141038339918493,3.9634661604835943,3.9388070632389347,4.098111854363078,4.212384007857967,3.777748438498763,4.1188668739202665,4.713228314833696,4.539789046449038,3.946415767705099,4.2416641666874035,4.638624747505222,5.013602803774509,4.069098633443849,4.2286348822285404,5.066427150028053,3.6891883437363218,4.286052273406184,4.356290090637859,4.9650333671714035,4.941174242193891,4.355336208438444,4.847364382441517,4.638828296075195,4.731094567703928,4.285050861617073,4.166006764277655,3.4865771827596403,3.5174258599156656,3.8095929904473005,4.592007620829954,3.69749846631332,4.131821166186121
r1169,0.004393775837682109,0.0,0.0,0.0,0.0,0.0,0.0,0.0,0.0,0.0,0.0,0.0,0.0,0.0,0.0,0.0,0.0,0.0,0.0,0.0,0.0,0.0,0.0,0.0,0.0,0.0,0.0,0.0,0.0,0.0,0.0,0.0,0.0,0.0,0.00554307016492987,0.0,0.0,0.0,0.0,0.0,0.0,0.0,0.0,0.0,0.0,0.0,0.0,0.0,0.0,1e-09,0.0,0.0,0.0,0.0,0.0,0.0,0.0,0.0,0.0,0.0,0.0,0.0,0.0,0.0,0.032220774876993326,0.027131377274069994,0.0,0.0,0.0,0.0,0.0,0.0
r1172r,0.4517217725552016,0.44715853870258365,0.4417092728652564,1.245162679130397,1.2518388800463054,1.2500952780312804,1.4971797007199352,1.4459263723065943,1.4253218842082416,1.9539440446368803,1.68649929018373,1.9113056756008533,2.2841026444555514,2.130303898537654,2.4530615269262546,1.4361456316116987,1.4663093748965084,1.385194520298591,1.7217955086063554,2.007256471875373,1.8002549536118684,1.651137315412874,1.6051708365217892,1.986189263930341,1.6390164001733403,1.6385342659023632,1.6298762973181329,1.7103589777772534,1.9201048022817258,1.5800780856309773,1.5727059546854796,1.4713624528219738,1.5993807244553186,1.5472272273355592,2.1111815620037135,1.4286411625272266,1.6312979944780872,1.6683193929904536,1.561328845551702,1.7317692123880906,1.6714435900386537,1.6191919604028184,1.7225525128250576,1.863532802647721,1.6130554836138116,1.6929820620327747,2.00224230903158,1.8468656440487239,2.288478550423487,2.514048338840438,2.559482270223519,2.1404762449511567,1.705063618469449,1.8452132899757248,2.2946311525837024,1.592537259863828,2.2057147308761995,2.2635544713778,2.3985576657903005,2.0741904165548073,2.319281773468552,2.436483816283899,2.435016981895498,2.517654546364338,2.833983440324691,2.889910449487234,1.2932084757773363,1.4407824553211923,1.4992500313670636,2.0199520798361106,1.694620781121053,1.7562105468638955
r1173r,1.0109488528365165,1.0088171023831491,1.0013285685049507,1.8134730510856858,1.8048969032846784,1.778573353471502,1.809296220590256,1.810830673469108,1.8218193702731176,1.3578848153765393,1.7316818507385967,1.6392021175223088,1.0839173278473966,1.3763735088320541,0.9789255345316275,1.8069527119245212,1.8610039394173146,1.8341777774716228,1.8036939298573904,1.5822460770307707,1.7507696574500795,1.8085993589831129,1.8783442519857279,1.6719068216079174,1.7340758424504905,1.8391148954120098,1.7591885109305707,1.782546543510679,1.4744959164467772,2.0030653216516012,1.7753256364478713,1.5686971885775618,1.768130014327529,1.7519256549464035,0.4405189519577904,1.831828839870959,1.7454651318795131,1.7035160684751096,1.5659306924423728,1.7070668738313917,1.650794044148475,1.7455100669776682,1.71085257392962,1.6980041062064923,1.762499510056535,1.7040394302792439,1.3454144048914405,1.4525195317938997,1.3833529043013428,1.1788550809159053,0.9283085219610354,1.1142905282896565,1.7404768097043382,1.7279201754435036,1.0552801149284083,1.822609483963074,1.4908478061179076,1.4100263020030173,1.0116576662262917,1.2382384264005801,1.3237549919241989,0.9861258419671772,1.0795198360625688,0.969493356885208,0.732124624169916,0.6996438177242984,1.8120625325739241,1.8429560763228239,1.7623245315500151,1.4381178050998529,1.8324277537455764,1.7150472895986617
r1174r,0.00020745470869385006,0.00020001421844801536,0.00019579416751786674,0.00022673617928856322,0.0002221108649225703,0.00023504268287911963,0.00020493772262734656,0.00021279976108777218,0.00020298945501525696,0.00020225182425600476,0.00019057805638774092,0.00017514028958582923,0.00019915030439893427,0.00017174089199265168,0.00020092817520081752,0.00017223795652768865,0.00019722610497778346,0.00020221080849530516,0.00015977157875917103,0.0001672313813906956,0.00016820125095156545,0.0001836719379399305,0.00016828410780869518,0.00016107624404758963,0.00020748503792719143,0.00017131237549376636,0.00020418000767303857,0.00017416332115767193,0.00020065711898025043,0.00014095599614555911,0.00020822482189645749,0.00023730552588419984,0.0002204331316880837,0.00023283277961301136,0.0002566447040019251,0.0002370645011828895,0.00020789031774079596,0.0002085131895305035,0.00019318761683881984,0.0002043159107725791,0.00019726383897773875,0.00021430917971394564,0.00020143224081803335,0.00018000519026636365,0.0001970426190140622,0.00020575764229421674,0.00019633620540938126,0.00021254620787403668,0.0001291546276445966,0.00013624069666694292,0.0001777121860530339,0.00020494904246612248,0.00019500713611066882,0.0001831472830345347,0.00019520573938821347,0.00019084136548036643,0.00015112667927997509,0.00015178617437555582,0.00019658009235337212,0.00020216860840816046,0.00014979656306158477,0.00018927119875375767,0.00015893153084489372,0.00018013547465265504,0.0001676051860642769,0.00015834914894344792,0.0002373160283447867,0.00021629708756853194,0.0002301569004466461,0.00018529044815745693,0.00016039720509902745,0.00018832687520640138
r1175,1.058492061260395,1.0560672408426934,1.048203120029312,0.7874237356429495,0.7808355667292791,0.7737059055481386,0.7141473295641684,0.7386449346229988,0.747225947085273,0.23599949829617106,0.5764160857354206,0.40658654587134774,0.0,0.1313803517065386,0.0,0.7224741948080903,0.7447658482040536,0.756655010868943,0.5781763732634396,0.31359650880552553,0.5061809546068263,0.6246674490373437,0.6783666508925011,0.365737032115106,0.5938138197940932,0.6424430774431653,0.6169667475220119,0.5759175481354658,0.31239966076689285,0.7383881413830268,0.6449632945510813,0.49528270129045693,0.6241016619622055,0.6299048718088548,0.0,0.7299889751413972,0.6079302031892555,0.5587955356264119,0.554121422308232,0.5383549310761726,0.5324788709207058,0.610107360166801,0.5409786430334171,0.4645495911279759,0.6194395921359136,0.5499650803968061,0.20117484671516833,0.333920787839281,0.010955285763593343,1e-09,0.0,0.0009944566652420321,0.5508946188112911,0.48612185894514004,0.0,0.6652530494254126,0.1344614568944201,0.056936062913552896,0.0,0.1133837187669032,0.0,0.0,0.0,0.0,0.0,0.0,0.7791652388666279,0.7538888549884888,0.6723980668144119,0.23962143625220508,0.5955816336051188,0.515569472194289
r1176,0.013882315215638468,0.026878420735629554,0.02988954718983642,0.12725300000084783,0.13361920533428848,0.09071101013709312,0.1453617609639712,0.13968482573724075,0.15745772900028154,0.0,0.0,0.0,0.0,0.0,0.0,0.23821076923694842,0.21256558851118587,0.19153501864556347,0.03234098438181354,0.0,0.0,0.06753619265693123,0.20523060256232747,0.0,0.0,0.13295510767470572,0.0,0.0,0.0,0.39505302031670225,0.05005062566393282,0.0,0.0,0.0,0.0,0.10304919500963403,0.0,0.0,0.0,0.0,0.0,0.0,0.0,0.0,0.018421109777245943,0.0,0.0,0.0,0.0,1e-09,0.0,0.0,0.0,0.0,0.0,0.0906657633480323,0.0,0.0,0.0,0.0,0.0,0.0,0.0,0.0,0.0,0.0,0.09966569345365715,0.16264565636747544,0.0023011118635095865,0.0,0.05870779664624368,0.0
r1177,0.024762113190788235,0.023874004828137337,0.023370293056728757,0.02706357918477412,0.026511494546180944,0.028055056232579225,0.02446168186160413,0.02540010686768431,0.02422913364209033,0.024141088899849433,0.02274769000745058,0.02090501441156394,0.023770886718140486,0.020499257084999816,0.023983096112239116,0.020558587472616498,0.02354121131492512,0.024136193195551155,0.01907058144312351,0.019960994961841724,0.020076760084734163,0.021923365084722316,0.020086650006673253,0.019226308299126527,0.024765733334740227,0.020448108696436713,0.024371239838942613,0.020788401956950732,0.023950742424742662,0.01682472455531262,0.024854035087441002,0.02832515265496253,0.026311237726184572,0.027791278778885365,0.030633506707675947,0.028296383575806893,0.024814108156799464,0.02488845509188325,0.02305917115759975,0.024387461441985458,0.023545715303212096,0.025580273397086878,0.024043262159795565,0.021485696441255114,0.02351931014800926,0.024559548734456628,0.023434991533364376,0.025369842366010975,0.015416095055086195,0.016261899155238103,0.021211999930653286,0.024463033014975558,0.02327635177714806,0.021860741468052884,0.023300057369899298,0.022779118985837274,0.018038712941441336,0.01811743129065769,0.023464102254209813,0.024131156128226354,0.017879948223281622,0.022591701469708136,0.018970312031693966,0.021501247386040367,0.020005612862764498,0.018900798031965243,0.02832640624481581,0.025817553136930075,0.027471881724850825,0.022116552954301993,0.01914525716555084,0.022478985558290233
r1133,0.0,0.0,0.0,0.0,0.0,0.0,0.03285467737673822,0.0,0.0,0.043202922618636674,0.3359589224013904,0.4831066703922493,0.0,0.241263134810186,0.0,0.0,0.0,0.0,0.3676124478651162,0.4745946955163625,0.5368527166728579,0.2515271340348869,0.1406214113878937,0.613872899893053,0.31485124703727374,0.21097883384186975,0.2587395932721393,0.356903160394036,0.15872432165581654,0.06534474310639612,0.19940926763765313,0.19213968315256783,0.2814912727505964,0.28107195257686046,0.0,0.07344040046356828,0.2802507484351107,0.3928622549373749,0.20777611113475394,0.3903488467027019,0.38719078444555777,0.288762815072459,0.426207859517232,0.5087618227522347,0.24795707850647306,0.4162372660630606,0.08235561836076918,0.11271442354710456,0.5498389729953386,0.21865564909714744,0.0,0.0,0.4466402433226152,0.5492972620392894,0.0,0.17087924593335016,0.5210217374242332,0.4331241034177021,0.0,0.0,0.3429802301491946,0.0,0.026729017327694372,0.0,0.0,0.0,0.0,0.0,0.15860985929763152,0.22824965136201855,0.34714954905977213,0.5004707512268207
r1191,0.0011538060967033654,0.0011124241340467495,0.0010889533701278183,0.0012610443390438846,0.0012353196112309035,0.0013072428300079787,0.0011398073116811736,0.001183533809697329,0.0011289715824610645,0.001124869082823823,0.001059942793019689,0.0009740821752121422,0.0011076192814448024,0.0009551756596993945,0.001117507310418815,0.0009579401960871008,0.0010969174128905655,0.0011246409644309076,0.0008886056277676731,0.0009300950006078583,0.0009354891486576987,0.0010215328594983997,0.0009359499757342594,0.0008958618176772842,0.0011539747795670937,0.0009527923686569161,0.0011355931092687478,0.0009686485452126997,0.001115999770186186,0.0007839585263868701,0.0011580892547666782,0.001319828141142083,0.0012259885198965018,0.0012949519551582738,0.0014273873368719928,0.0013184876279690235,0.0011562288345496525,0.0011596930763253539,0.00107445645133648,0.0011363489649723363,0.0010971272790318194,0.0011919287814206923,0.0011203107849021494,0.0010011394162861668,0.0010958969143685477,0.0011443674796156613,0.001091968035969022,0.0011821236163800687,0.0007183225569186848,0.0007577333260987297,0.0009883863567979473,0.0011398702695145512,0.0010845761176584985,0.0010186148730504353,0.0010856806945268686,0.0010614072458552375,0.0008405250718367383,0.0008441930023783522,0.0010933244681496554,0.0011244062591398351,0.0008331273308466236,0.0010526744098863549,0.0008839335120507688,0.0010018640222503288,0.0009321739995087341,0.0008806944639100508,0.0013198865529426668,0.0012029849787793972,0.001280069450366585,0.0010305345686823903,0.0008920851895945548,0.0010474223417454595
r1158r,0.024896655548403535,0.024003721741655437,0.023497273104908907,0.027210626317665073,0.026655541984809437,0.028207490452529467,0.024594591856948088,0.0255381156973559,0.024360780110954456,0.024272256986795675,0.02287128720694325,0.021018599625525235,0.023900043350170243,0.020610637658875976,0.024113405761863594,0.020670290411961514,0.023669120029622646,0.024267334682199087,0.01917419945700959,0.020069450944649802,0.020185845065255104,0.022042483400781784,0.020195788723052926,0.019330772438631467,0.02490029536202988,0.02055921136088195,0.024503658426995867,0.02090135356931074,0.024080876283983026,0.01691613994019752,0.02498907689308784,0.028479054415634,0.02645419709028171,0.02794227979157136,0.02937256333229945,0.028450129022689435,0.024948933023635825,0.025023683915031812,0.023184460757412696,0.02451996816842571,0.02367364848985982,0.025719261142792132,0.024173898715359885,0.0216024367304194,0.023647099865002123,0.024692990479239937,0.023562323113964896,0.02550768675667147,0.015499856798599396,0.016350256487053426,0.021327253118392866,0.0245959503516703,0.023402821405190295,0.02197951952522705,0.023426655799805608,0.02290288695140381,0.01813672440551899,0.018215870462669988,0.023591592004873832,0.02426227024649489,0.017977097055833363,0.02271445112176147,0.019073385242198013,0.021618072169640068,0.019182137272771772,0.01812279908149694,0.028480314816737,0.025957830117337054,0.027621147326979067,0.02223672093648769,0.019249280922180832,0.022601122780202924
r1159,0.024762113190788235,0.023874004828137337,0.023370293056728757,0.02706357918477412,0.026511494546180944,0.028055056232579225,0.02446168186160413,0.02540010686768431,0.02422913364209033,0.024141088899849433,0.02274769000745058,0.02090501441156394,0.023770886718140486,0.020499257084999816,0.023983096112239116,0.020558587472616498,0.02354121131492512,0.024136193195551155,0.01907058144312351,0.019960994961841724,0.020076760084734163,0.021923365084722316,0.020086650006673253,0.019226308299126527,0.024765733334740227,0.020448108696436713,0.024371239838942613,0.020788401956950732,0.023950742424742662,0.01682472455531262,0.024854035087441002,0.02832515265496253,0.026311237726184572,0.027791278778885365,0.030633506707675947,0.028296383575806893,0.024814108156799464,0.02488845509188325,0.02305917115759975,0.024387461441985458,0.023545715303212096,0.025580273397086878,0.024043262159795565,0.021485696441255114,0.02351931014800926,0.024559548734456628,0.023434991533364376,0.025369842366010975,0.015416095055086195,0.016261899155238103,0.021211999930653286,0.024463033014975558,0.02327635177714806,0.021860741468052884,0.023300057369899298,0.022779118985837274,0.018038712941441336,0.01811743129065769,0.023464102254209813,0.024131156128226354,0.017879948223281622,0.022591701469708136,0.018970312031693966,0.021501247386040367,0.020005612862764498,0.018900798031965243,0.02832640624481581,0.025817553136930075,0.027471881724850825,0.022116552954301993,0.01914525716555084,0.022478985558290233
r1160,0.013221028533871623,0.01555791141429042,0.01645603738091527,0.2641377986586768,0.27085777549229306,0.27220111175079004,0.405342758091078,0.37379876171396953,0.3638694358496822,0.5873829694912198,0.5287358126652388,0.6223548050299389,0.6323129467403473,0.6552824322730841,0.6702484315926264,0.38743700941794995,0.3842839811365271,0.3441763057440619,0.5398593536801913,0.6474514034391056,0.5963139035628185,0.49788978161721736,0.46632295176165145,0.6499135192064137,0.501252702930017,0.49079122795515173,0.490229106736754,0.5414194324274639,0.589156058674143,0.4368188440791374,0.4572676995387706,0.39584664771215616,0.46894643682779824,0.4415536014400367,0.11284657284934813,0.36225464610604075,0.49324350023381713,0.523306731974721,0.4982466749791948,0.5554192067985078,0.5391801708433865,0.4845095394847236,0.5522157529299515,0.6120167571012795,0.48421148750633897,0.5357736153275129,0.6001975950223771,0.5549967385989889,0.7300658929989717,0.7571161963266999,0.7044531421931055,0.5993123995036416,0.5423960893416,0.6013359907587649,0.6362842211626534,0.46186551057431696,0.6922933105858903,0.699987044243146,0.6582548159368322,0.6057373639792043,0.7123114741765636,0.6717258111068294,0.7149585869916424,0.6983654699299697,0.7510196478157075,0.773228624606999,0.2886811862853176,0.3669436239196329,0.4127119877194104,0.6216165327640354,0.5261161287523237,0.5712785706718917
r1161,0.04220951013635574,0.04069564019130433,0.039837012861833034,0.04613259018421545,0.04519150644191619,0.047822662440038195,0.041697394747141174,0.043297034466948554,0.0413009929395438,0.04115091182928329,0.03877572340253077,0.03563469768944555,0.04051986501106755,0.034943043554091696,0.04088159724701293,0.035044178161554515,0.040128360207523694,0.04114256660936565,0.032507722363096736,0.03402552167829678,0.034222854962839826,0.03737057874005935,0.03423971332856651,0.032773174437251994,0.042215681035489394,0.03485585598617783,0.04154322723151476,0.035435920042840956,0.04082644713563882,0.028679433624552268,0.042366200245904276,0.04828306893243007,0.0448501485695737,0.047373027264734364,0.05221789036853236,0.048234029146169616,0.04229814078059763,0.042424872602144816,0.03930667432191338,0.04157087858391711,0.04013603770813877,0.04360414642021589,0.040984156320813744,0.03662452855845908,0.04009102746779302,0.0418642186659987,0.0399472979164371,0.043245445582740266,0.02627828309632126,0.027720041175030574,0.03615798535394652,0.041699697923832435,0.03967688051116764,0.03726383049275843,0.039717289076051106,0.03882929725430858,0.030748798815435113,0.03088298215162957,0.039996920065287433,0.04113398042196454,0.030478168399976423,0.038509825265555755,0.032336803075817315,0.036651036706470755,0.03410157737381648,0.03221830947821678,0.048285205802301036,0.04400861357965806,0.0468285828917554,0.037699886876098314,0.032635014635708934,0.03831768966836882
r1162,0.023742849451700104,0.022891297607608687,0.022408319734781086,0.02594958197862119,0.025420222373577855,0.02690024762252149,0.023454784545266918,0.02435458188765857,0.02323180852849339,0.023147387903971854,0.021811344413923562,0.020044517450313125,0.022792424068725507,0.019655461999176584,0.022995898451444775,0.01971235021587442,0.02257220261673208,0.02314269371776818,0.018285593829241917,0.019139355944041942,0.019250355916597406,0.021020950541283386,0.019259838747318667,0.01843491062095425,0.023746320582462788,0.019606418992225035,0.023368065317727057,0.019932705024098038,0.02296487651379684,0.01613218141381065,0.02383098763832116,0.02715922627449192,0.02522820857038521,0.026647327836413087,0.02937256333229945,0.027131641394720414,0.02379270418908617,0.023863990838706457,0.022110004306076278,0.023383619203453374,0.022576521210828062,0.024527332361371442,0.023053587930457736,0.020601297314133234,0.022551202950633578,0.023548622999624274,0.02247035507799587,0.0243255631402914,0.014781534241680713,0.015592523160954698,0.02033886676159492,0.023456080082155745,0.022318245287531797,0.020960904652176617,0.022340975105278747,0.021841479705548575,0.017296199333682254,0.017371677460291637,0.02249826753672418,0.023137863987355053,0.01714396972498674,0.021661776711875115,0.018189451730147244,0.0206162081473898,0.019182137272771772,0.01812279908149694,0.027160428263794334,0.02475484513855766,0.02634107787661242,0.021206186367805302,0.01835719573258628,0.021553700438457467
r1164,0.03213678612654358,0.030984180600197614,0.030330452974350153,0.035123676617527674,0.03440716967736801,0.03641043617593818,0.0317468800915734,0.03296478760551766,0.03144507416987995,0.031330807870022515,0.029522425772381386,0.02713096301355514,0.030850351769790077,0.026604362705956182,0.03112576154033939,0.02668136291845628,0.030552274248910088,0.03132445412303976,0.024750197708266843,0.02590579491415778,0.02605603730125305,0.02845259972254519,0.026068872647885873,0.02495230326472595,0.03214148442474761,0.02653798126220358,0.031629502551266925,0.026979620941708457,0.03108377225099774,0.021835477873238657,0.03225608427813167,0.036760972937191085,0.03414727220637999,0.036068100303831854,0.03975680289422351,0.03672363582719732,0.03220426627613684,0.03230075527663299,0.029926672495093145,0.03165055528548234,0.03055811961869657,0.033198611479028015,0.03120384628971047,0.027884584243372257,0.030523850458433324,0.0318738937570672,0.03041442000456007,0.032925509705040885,0.020007329175608237,0.021105031349171,0.02752937521266383,0.03174863364655424,0.03020853402554809,0.02837132548880471,0.030239299637448,0.029563214954984943,0.023411017279933555,0.02351317959271797,0.03045220050425293,0.03131791691217755,0.023204969122709324,0.029319980599911775,0.024620065978179093,0.027904766583335686,0.025963700955064825,0.024529849261824138,0.03676259987220648,0.033506558066330565,0.03565358015622287,0.028703322962483947,0.02484711341582385,0.02917369554296263
r1157,0.19881754235470736,0.1973089557121034,0.19559873950298104,0.7166721836520401,0.726268933115991,0.7397007384378155,0.9809696211509494,0.9244142479911167,0.8964041482635525,1.3428183132852654,1.2158241889416652,1.390234831447883,1.430101194484699,1.4532655040603921,1.5074494087607668,0.9179876725496345,0.9324444332909954,0.8563709055249508,1.2124739655903582,1.433856464300233,1.3323873355605294,1.1483937874924899,1.0724742782670937,1.4336663516331394,1.1749060919069545,1.1239270382402198,1.1501127280908445,1.2275523167344276,1.3450394405229473,0.9907589547358141,1.0875507765022212,0.9888720215333129,1.1210522161804894,1.0765694946217086,0.4389409224167794,0.9214877493075894,1.1592244361838535,1.2198684479425763,1.1570142145542721,1.2806058509958242,1.2422681661340724,1.147089989421323,1.2718028828802717,1.3736010136422854,1.132146986333566,1.2425126122810857,1.3635322376438401,1.2865995227240834,1.567447217676812,1.6274356858042704,1.5565685115063763,1.3689183097047521,1.2468248938388955,1.3548502665554283,1.4347661782537826,1.082302370020988,1.5101587754251584,1.526094221562904,1.4798493267425583,1.3794579576645847,1.549089900270644,1.5007183092001253,1.5619744308625099,1.5464066934552567,1.6413035498213608,1.6780306011314317,0.7745498252433846,0.9136099240346025,1.0166628615379636,1.3971921205973639,1.1855073527854196,1.299039183668443
r1156,0.0963342813855453,0.10413647688121727,0.10499713033644224,0.20344871430022923,0.21085904010378262,0.20903609015933125,0.3686291505524671,0.3451756555622602,0.3328466701699886,0.12016852354258131,0.30656299591426867,0.22590416785341025,0.0,0.10044542022504643,0.0,0.3682694825373113,0.3734786124717081,0.3101680027750924,0.3400545179146001,0.19304405832414556,0.28051223726251345,0.3396129025142512,0.3925865274436586,0.21200361183039762,0.2856135754432925,0.3674344949692642,0.3125002463955921,0.32090414743572454,0.15686727766528336,0.45507843965401096,0.31830405967623027,0.08220978987753334,0.27202368399668897,0.2393136884982506,0.0,0.2957445698337674,0.2992193497567307,0.2559651516349363,0.33884466673081554,0.26539105055991713,0.27494274412817254,0.28251137097532075,0.2627131559855999,0.2501667710943172,0.3188141344351878,0.25200143070421616,0.10118957970035865,0.14596682043444256,0.10093389687607965,1e-09,0.0,0.0,0.2532214278761468,0.2412905109083138,0.0,0.35267498034455763,0.10427079644678199,0.07052949621420453,0.0,0.054856978666931476,0.04870660467289162,0.0,0.0,0.0,0.0,0.0,0.23500728480203228,0.33707404495399823,0.2873195185594661,0.13069907564028005,0.333404230065641,0.24811026424280827
BOUNDARY_ACe,3.6656210779379657,3.087671190029844,2.797774612274908,6.78581670123989,6.494974672200395,7.656891451099629,6.038331436661346,6.476342970091919,5.526399181742812,7.27570929141066,5.512017474814492,4.876319237130795,7.576957975866306,5.0138906719372525,8.297758326281311,3.3308473883014265,5.2202838196605645,5.414316914804063,2.8882790296607803,4.391272336775278,3.9561757643049535,4.708256019120389,3.1201487271721846,3.7815211870932433,6.839323867403675,3.5802754624481303,6.468076049795427,4.139883682504788,6.9695609410764146,0.4239330169382252,6.726397781290699,8.590894184946398,7.663715411139099,8.609348905822417,8.59759532278765,8.40899164038736,6.798294013302908,7.06499389407663,6.372134034269847,6.931068653298102,6.432456170781022,7.262730529768046,6.640302590462359,5.169813576022579,5.975679582626568,6.922440815043434,6.935560468922973,7.963788528111887,1.9912992141457468,2.397278908771548,6.203650611941587,8.114065787667371,5.97987679744313,5.370159057659574,7.335935398982345,5.111026889393757,3.2637536702256837,3.455672409923613,7.522234577594034,7.434888620939876,3.4406586557720757,7.0523439280160884,4.388909118518794,6.28665079184074,5.668535560012889,4.957441098218754,7.867934905828004,6.611298900959104,8.185858061068203,5.936777133349337,2.864383781136272,5.563060495646998
BOUNDARY_CITe,0.013740132514560915,0.009979278938187808,0.009554391265813492,0.0,0.0,0.002134065052895344,0.025140873203329892,0.032356404952943216,0.03438089425948558,0.028449063028007905,0.036527840769646096,0.025487366938866645,0.0,0.0,0.019880572913675634,0.0010887357159950638,0.013127299943153613,0.0,0.03628091507343866,0.0,0.0,0.0,0.0,0.0,0.0,0.0,0.0,0.0,0.0,0.0,0.0,0.0,0.0,0.0,0.0,0.0,0.0,0.0,0.0,0.0,0.0,0.0,0.0,0.0,0.0,0.021111412196628602,0.019576531001148728,0.018503718699432486,0.012895676176240128,0.021938698737759343,0.027973423224387117,0.030734236519402974,0.010092813511712363,0.014419898128296383,0.043286548123355285,0.022638471180076253,0.020261720653513702,0.011775133085437496,0.026442097316132583,0.03575294474216411,0.01880967204930882,0.022418778099332157,0.03931966705931031,0.02514594595003229,0.037399552061331984,0.016514952043570192,0.007506987400949759,0.008536431773009395,0.007875660295738624,0.01687214197650804,0.01585564018622625,0.01606864431252925
BOUNDARY_CO2e,5.428489288069314,5.328039729238241,5.272546430448627,4.763824496662721,4.654067381437081,4.845375833677914,3.7372825867028445,3.955164793550366,3.8744398468912054,3.1047921197400985,3.2371932459137778,2.768078115414175,2.7952422769235348,2.6303031352963613,2.9646705160202234,3.4181661248138124,3.7492718674599796,4.008219162606117,2.8229227059239257,2.6533176461401946,2.8759995991356297,3.26167537415084,3.1274996721432906,2.639677579149728,3.6359512742216085,3.1266805735516305,3.5861824929955435,3.0536055147098407,3.1544404109488258,2.8522092749432773,3.7797164964678345,4.911101158107318,3.9608222046368224,4.28764974207703,8.057883505469432,4.5525149028239245,3.643438270907924,3.626089964719686,3.4066305836944095,3.3422957924151158,3.408780652342531,3.7754723683529283,3.3846597931913727,2.89527194175482,3.5251979501350363,3.5152038514877515,3.058110491456936,3.438645064748357,2.2342382631194897,2.3578784920189237,2.6167931530575532,3.002638495171653,3.439288362250324,3.032220907511335,2.8047072696085165,3.466042716988691,2.4650517526497913,2.4485316621253834,2.7487160021232566,3.0438854868412095,2.409012422328665,2.6938243823830375,2.471091072321181,2.6368698453661783,2.607539854625169,2.5759471078961798,4.806504809259528,4.111768627785146,4.256972742703463,2.8910547204247328,2.9482297611274335,3.223110084194958
BOUNDARY_EOLe,0.0034066691319003,0.012109345478282298,0.01023368657665477,0.02262776695268663,0.00530819871338664,0.018074148855475362,0.03511700633161344,0.044421555460841804,0.05408631633416655,0.0744449731617401,0.03947195889467598,0.08748755654455992,0.01294115390909248,0.017277337524699152,0.023991851781818643,0.08239332016744895,0.12814103253269876,0.08787252838916243,0.060219232740224136,0.04029036111178911,0.03870729670518491,0.06493956684693829,0.05527518440562682,0.08798097435145315,0.07402088312265341,0.08005622869203187,0.06587917108524527,0.05767163895164377,0.05685205935890318,0.043894900287294966,0.13532380047211262,0.11198680442315208,0.07018252801627266,0.12868145864055988,0.09787217597798206,0.10232977375764044,0.05186340814727385,0.06456070014959765,0.052869609366450986,0.05074054740010287,0.05021544583591553,0.04013516390879497,0.057609502976904536,0.07351431571703433,0.1926325633084303,0.14579696180772406,0.18549826172491904,0.2378209510877915,0.21366127619509895,0.17001819160766746,0.1783741107650484,0.24279137141276225,0.24650403246765368,0.2498205160132745,0.21890469818616382,0.18822547199562178,0.19906559777704586,0.19466905586694536,0.11374340548050445,0.1346404465791117,0.19468819580521332,0.1521855303060946,0.16976308309939042,0.16024474031298475,0.2146611599741431,0.1767932771461418,0.06735704179977113,0.08134548653839038,0.08607068961484421,0.15153162827808664,0.19230047574237744,0.12732240471824893
BOUNDARY_GLCer,3.824936143246779,3.5572486905993435,3.4154708217093477,5.928542581079202,5.7920765732996475,6.3615101976714685,6.035393256020163,6.150907263442819,5.683482890361201,7.529496938167358,6.2857964973396925,6.407739308896363,7.962112172505575,6.6996818854621765,8.562942238088139,4.685300990048232,5.618223668139455,5.54277924151497,5.0984064656672015,6.2740388354606855,5.781677277891764,5.759331825586928,4.875432835576224,5.9981527485565485,6.801906358772316,5.20722870978192,6.572800277874693,5.6596067684576825,7.3127369753034275,3.4788245485134075,6.588372259834564,7.454731893284036,7.063260859963786,7.460911448415897,7.899449357839225,7.0390622114321015,6.736844716819085,6.996788080811202,6.4954929110515165,7.0154092255391705,6.728058940027706,6.9238998404960705,6.884276153653159,6.44209486066479,6.383190483172787,7.042638476192546,7.500703059720818,7.777799947963735,5.752804538089468,6.277127634711532,7.919641491409098,8.194040815450853,6.6873013922470825,6.625732079635989,8.0631138109144,5.918051160041128,6.169031280232367,6.3250075690274326,8.20323356242707,7.812437999018734,6.4224520379021754,8.077414831309817,7.027410332683751,7.892183141789767,8.101947362981086,7.861384798728351,6.555259703226294,6.208916957165505,7.140623358004098,7.061117899124493,5.101784720433119,6.531199612144264
BOUNDARY_He,0.9452194220180901,0.9113185483972408,0.8920908618264388,2.0403967119703603,2.0992987662767515,2.162892042976352,3.3785827158422728,3.0906279721483245,2.9581566076442236,5.73720926327432,4.601273452264058,5.63376731547875,6.693995801482352,6.37158469051489,7.275316463362509,3.105170331639431,3.110678239953244,2.746423813734153,4.5862084749818255,5.970159482175854,5.187654345688584,4.2271301823841085,3.8252491299203815,5.865674427512177,4.368487327398385,4.100207376390329,4.238821582091564,4.639857732754045,5.597457893084811,3.379668088462689,3.9106640961128822,3.588145840018832,4.0646495658181125,3.836661155397688,3.134414567929638,3.013030048760787,4.286191879826884,4.607029681936677,4.40364509640517,4.914653994595837,4.765274347904403,4.218199707741621,4.869720777764033,5.455121872320107,4.154947761651799,4.724880923027126,5.8875644586977876,5.298907978680556,7.027961683204534,7.689920599876013,7.655245908189706,6.268666826895259,4.730006210333906,5.328308211890789,6.756309605003387,3.8819969185639405,6.583549273707843,6.785201925787749,7.0826274146352,6.12375528506308,7.021447043289511,7.2378774178584635,7.422561714222581,7.5288288463128925,8.476370928557829,8.722218518503253,2.30932578407414,3.0061620795082864,3.5417031802793013,5.9597782834364565,4.421721631341132,5.023040655115998
BOUNDARY_H2O2e,2.750517463459606,2.669912193202246,2.627901487400371,2.7070399026630043,2.653556958524345,2.793313049492256,2.276733181929346,2.404164061201639,2.3143102802569397,1.185582739122873,1.6918211705340407,0.796855365515101,0.49799886836630886,0.4926025797114203,0.8517559848146553,1.9407415349127535,2.1901590101879087,2.3222552105029157,1.1167522136990902,0.6127968465555818,1.0768710100016647,1.6590480897745443,1.527447139368481,0.6008142552914973,2.207850432896139,1.488260750160956,2.1405134595147057,1.3480340243136686,1.2374404469917113,1.197536267859569,2.2397624549325346,2.829263273076693,2.398611753510574,2.5744026185875093,3.740572828732373,2.689950688903346,2.2291756123567845,2.1958257770670677,2.0847146373405385,1.666253031726503,1.9666974416870562,2.3196501846971422,1.7807661814515658,0.9640425608612857,1.972870398110912,1.9578554352777287,1.0162109111623059,1.5838834138914437,0.021747547760897587,0.00467848456341715,0.15085347462327775,0.8067255074561519,1.7385792111175904,1.0479410888866263,0.4590175106933534,1.9222731617899116,0.19372678008101718,0.11919832690650234,0.35896842355549763,0.9732821056905474,0.06641964891393624,0.26854219702405585,0.11371890640175077,0.18081115758912347,0.11366049172009952,0.10738356373337124,2.7889898453715163,2.4483861961831757,2.5848643982271646,0.8019748037309099,1.1454807391464268,1.5227241329699595
BOUNDARY_H2Oe,5.581721394055543,5.442371379076571,5.371336200204553,5.178854746631029,5.072450997913573,5.3008810313782,4.320451869927353,4.525162559509225,4.392498887038892,4.709117339550768,4.2243671920880095,4.365829891316072,5.048704906036868,4.50435619066773,4.917765077009905,3.788041460419487,4.194919291105742,4.401772783884851,3.936300189003425,4.321566955962063,4.095220556137765,4.087235375713239,3.8807267468970172,4.186779489866087,4.234176931633938,3.936348335581936,4.2140097562025325,4.065458530279513,4.6454666285332,3.5673863609780723,4.259378079902871,5.222849820093539,4.51563833683356,4.785117795934907,7.735822311650913,5.011246163491436,4.248121907331792,4.260072219013691,3.9506810038674267,4.461408576169394,4.130084415540022,4.390509812081686,4.342362288265904,4.356364649095303,4.094840888070995,4.309893297127382,4.620894562315606,4.604299141455997,3.817414411302116,4.118214460246235,4.8103328378948005,4.859484944700548,4.181282134702376,4.30556402973683,4.923006355408472,4.04988740931125,4.210570183969568,4.26515635581724,5.057613940786692,4.813768512511524,4.264847964624788,4.945205132320491,4.472374822633496,4.846563899179443,4.680542602341014,4.522842541615471,5.259352440190521,4.601526722375419,4.796593762424188,4.543306748739674,3.868631236755015,4.2193636139795325
BOUNDARY_H2SO3e,0.5710928498330515,0.5536633352569056,0.5470798111087957,0.4333851721184439,0.41942318332992146,0.42777453990613773,0.09490402172532958,0.16565143795892073,0.18436206806624628,0.0,0.0,0.0,0.0,0.0,0.0,0.09424981768380494,0.08205302500081153,0.2212862638114797,0.0,0.0,0.0,0.0,0.0,0.0,0.0,0.0,0.0,0.0,0.0,0.0,0.014288984308860575,0.315305726701903,0.0,0.03472784409663806,0.9418493879339492,0.17418573168945714,0.0,0.0,0.0033444220848485007,0.0,0.0,0.0,0.0,0.0,0.0,0.0,0.0,0.0,0.0,1e-09,0.0,0.0,0.0,0.0,0.0,0.0,0.0,0.0,0.0,0.0,0.0,0.0,0.0,0.0,0.0,0.0,0.3751322883460471,0.18652712896541315,0.10832981946067909,0.0,0.0,0.0
BOUNDARY_NH3e,0.0,0.0,0.0,1.0073257264257267,1.087301956485261,1.0919743941672815,2.444831358722019,2.121055054528737,2.0332820817998996,4.815695581355931,3.732948594925452,4.835781073824637,5.786613477798791,5.589087018137665,6.359833682367774,2.3204078993861676,2.212063085805728,1.8250970105961237,3.8582462113493374,5.208208352421086,4.421284229453456,3.3902714572987493,3.0585014955942973,5.131767758108741,3.423129717168635,3.3196621403975684,3.308522578136967,3.8463228218500443,4.6832101170975395,2.7374346774503127,2.9619358312455963,2.506918070121991,3.0602969595982645,2.7758124198836516,1.9650723036411597,1.9329004522335664,3.338987705831578,3.6569875366950284,3.5234303801728646,3.983735779578425,3.8664872677811712,3.2417494729865375,3.9519413383274635,4.6349698353419075,3.2571686191803657,3.7873937916530127,4.993003926519365,4.330490317580072,6.439498479475797,7.0691713607691264,6.845541414833861,5.334863893732595,3.8415012751641235,4.493839955507651,5.866899779916039,3.0124723543093697,5.894975496104251,6.093623311231633,6.186955667982498,5.202620756763516,6.33893363272149,6.375506955236333,6.698426934737319,6.708083198609688,7.71271664414206,8.000737227517932,1.2280501621726752,2.0206544022741704,2.493046469606476,5.115545190706871,3.6909088458846355,4.164972784429484
BOUNDARY_O2er,5.848952759671208,5.7316038303493855,5.672695925964501,5.135255085732244,5.027306163461193,5.242640321047818,4.168543461802191,4.394858964128689,4.290598295190501,3.0321375785849765,3.4859860820773507,2.580028727628833,2.3771622819630256,2.298277681400607,2.7418671487491575,3.7305115208400217,4.104719274782846,4.341603327891818,2.875626346361634,2.384841478527938,2.8371348552150555,3.4494646461236775,3.3053642014949376,2.3617822434005844,4.014609743495539,3.262516207238983,3.9462065699069635,3.12106310289788,3.079127442036325,2.9614596021335684,4.1073675118094775,5.29413456360789,4.366665756178013,4.697260787908172,8.522410121599373,4.943099024442931,4.042493698703082,4.000055677765466,3.7800510861694834,3.472308158068379,3.712670462351931,4.204336959626386,3.578059784319514,2.7434341793845785,3.7616994965459765,3.770373908960348,2.8515575124194266,3.434386974274445,1.7292013132703805,1.8561876246455542,2.0554972940984926,2.6508628567703383,3.5535997765962475,2.8453864039136727,2.3421693086023443,3.7339773054750736,1.9914670184320673,1.9249634553136052,2.258908550457592,2.8462147532528297,1.8761969284003623,2.1577923779432093,1.9748508159548137,2.087337916839633,2.0571694769574127,2.04074885123479,5.203805758947651,4.497342983832357,4.700556197070653,2.62695071142141,2.9165438421576804,3.3202078604691305
BOUNDARY_PIer,0.027893129053944626,0.026892724934095755,0.026325321893628833,0.030485601213843947,0.02986370885738213,0.03160244435373407,0.02755471011268275,0.028611793082652156,0.027292757532419033,0.02719358010686773,0.025623994564862074,0.023548324032284202,0.026776568153140497,0.023091261206232772,0.027015610110988447,0.023158093626445997,0.02651785180670464,0.027188065388706505,0.021481938379992772,0.02248493915901123,0.022615342072691152,0.02469543884170501,0.02262648250872666,0.02165735592966574,0.027897206962501732,0.023033645414666428,0.0274528322253879,0.023416966673103955,0.026979165501978986,0.018952106739075696,0.027996673927200455,0.03190669281934019,0.02963813082229086,0.03130531389832937,0.03450692394462002,0.031874286053222636,0.0279516984765211,0.028035446090500085,0.025974860571207507,0.02747110494708768,0.026522925212231156,0.028814740588203557,0.02708338377746218,0.02420242971543788,0.026493181283769835,0.02766495160346902,0.026398201100375558,0.028577701847573286,0.017365364823705456,0.018318115612523504,0.02389412597164611,0.027556232059904796,0.026219502334238465,0.02462489689376895,0.02624620534756471,0.02565939751226551,0.02031959649085753,0.020408268286589985,0.026430992690059815,0.0271823914591219,0.020140756964460552,0.0254482822387568,0.021368990515678178,0.024219946989155833,0.022535198741567793,0.021290686902613452,0.031908104901324834,0.029082022840957726,0.030945531060397952,0.024913054121417567,0.021566056393766058,0.025321314101027694
BOUNDARY_SLFer,0.5821248808914173,0.5642996957614511,0.5574917576522295,0.445442553643864,0.4312345997863314,0.4402736448620569,0.10580220444333241,0.17696770833096415,0.19515664576635433,0.01075535195538086,0.010134564071115997,0.009313614168832363,0.01059041926425629,0.009132840928910332,0.010684962916832925,0.10340909152148393,0.09254111914595978,0.23203943462983664,0.008496336526718464,0.008893034075009389,0.008944609819833138,0.009767310352515513,0.00894901598360261,0.008565716046099951,0.01103364390700291,0.00911005326911466,0.010857888935509543,0.009261660920287977,0.010670548683178328,0.007495761060962525,0.0253619684640401,0.327925165172879,0.01172219792159313,0.04710943076810273,0.9554972456439065,0.18679235294356966,0.011055195885838018,0.011088318975560578,0.013617757418984952,0.010865115993523786,0.01049010076462718,0.011396538268920064,0.010711768129303594,0.009572319964142713,0.01047833672453681,0.010941784424067843,0.010440771046341515,0.01130278691367075,0.006868187627447604,0.0072450107616557164,0.009450382535690569,0.010898784684638025,0.01037009376996427,0.009739410242425499,0.010380655099422447,0.01014856632783065,0.008036617872215997,0.008071688516903186,0.010453740471609213,0.010750926701195275,0.00796588492272111,0.010065067967133893,0.008451664440270436,0.009579248230100307,0.00891291226815658,0.008420694522715749,0.38775228531710315,0.1980293802419147,0.12056910817102426,0.009853379524434784,0.008529606097969381,0.010014850708778215
DRAIN_Biomass,0.22797220735587917,0.21979584444836853,0.2151584258438096,0.2491606365808387,0.244077873541286,0.2582886625045271,0.22520628860147973,0.23384589130524414,0.2230653351816011,0.2222547519296756,0.20942643559092405,0.19246185668772442,0.21884648835047724,0.18872625493697986,0.22080019252837088,0.18927247970075675,0.2167319834920697,0.22220967966517052,0.17557316347161653,0.1837707487809842,0.18483653950721476,0.20183729443948403,0.18492759099856612,0.17700686159075785,0.22800553618372685,0.18825535768545754,0.2243736348055369,0.19138826500843067,0.22050232854972573,0.15489669906105397,0.22881848560050272,0.26077530316945036,0.2422342106462458,0.25586019737693555,0.28202714725486283,0.2605104408603181,0.22845089861625925,0.2291353731104434,0.21229408443826356,0.22452297887096603,0.21677344942608653,0.23550459309224794,0.22135411078904765,0.1978079013916084,0.21653035056490352,0.22610729922441403,0.21575407187844095,0.2335672614000403,0.14192816224680946,0.14971505128235488,0.19528811654179548,0.22521872798475,0.2142935561655701,0.20126075058740076,0.21451180152550933,0.2097157862421609,0.16607327393403856,0.1667979938192921,0.21602207950920016,0.2221633059430335,0.16461160775998326,0.20799032830083258,0.17465003389548758,0.19795107104687368,0.18418152314755704,0.1740100537840087,0.26078684433493043,0.23768910721816697,0.2529196708204902,0.2036158770961065,0.1762606649439862,0.20695261011692462
r1400,0.9425024921095981,0.9086990628447237,0.8895266441570165,2.037427262345789,2.096389892066527,2.1598138072548916,3.3758987496335027,3.087841040778777,2.955498156915813,5.734560472924716,4.598777547376855,5.6314735912535765,6.691387630177331,6.369335486489086,7.272685008178393,3.1029146178095846,3.108095268919598,2.7437755605473235,4.584116027027328,5.967969336940782,5.185451498560006,4.22472472345439,3.8230451976572475,5.863564893013029,4.365770000283188,4.097963784429441,4.236147539294195,4.637576803392669,5.594829987787591,3.3778220587238588,3.9079370804193694,3.5850379689814154,4.061762664035662,3.833611861667067,3.1310534214097583,3.009925334302577,4.283469244965944,4.604298889637397,4.401115015418122,4.911978171943973,4.762690882687551,4.215393008276012,4.867082721086222,5.4527644349392075,4.152367193641473,4.722186218743142,5.884993142230906,5.296124367969836,7.026270210049373,7.68813632404126,7.652918501130927,6.265982712436257,4.727452300018713,5.3259096241023105,6.753753093681026,3.8794975652500736,6.581570043650874,6.783214058655437,7.080052904103762,6.121107584549552,7.019485233095209,7.235398628227956,7.420480267952823,7.526469702662959,8.474175887791084,8.720144699396144,2.3062177754912834,3.003329345414013,3.5386889311913605,5.957351627693009,4.419620989873334,5.020574232815715
BOUNDARY_NH4er,0.9425024921095981,0.9086990628447237,0.8895266441570165,2.037427262345789,2.096389892066527,2.1598138072548916,3.3758987496335027,3.087841040778777,2.955498156915813,5.734560472924716,4.598777547376855,5.6314735912535765,6.691387630177331,6.369335486489086,7.272685008178393,3.1029146178095846,3.108095268919598,2.7437755605473235,4.584116027027328,5.967969336940782,5.185451498560006,4.22472472345439,3.8230451976572475,5.863564893013029,4.365770000283188,4.097963784429441,4.236147539294195,4.637576803392669,5.594829987787591,3.3778220587238588,3.9079370804193694,3.5850379689814154,4.061762664035662,3.833611861667067,3.1310534214097583,3.009925334302577,4.283469244965944,4.604298889637397,4.401115015418122,4.911978171943973,4.762690882687551,4.215393008276012,4.867082721086222,5.4527644349392075,4.152367193641473,4.722186218743142,5.884993142230906,5.296124367969836,7.026270210049373,7.68813632404126,7.652918501130927,6.265982712436257,4.727452300018713,5.3259096241023105,6.753753093681026,3.8794975652500736,6.581570043650874,6.783214058655437,7.080052904103762,6.121107584549552,7.019485233095209,7.235398628227956,7.420480267952823,7.526469702662959,8.474175887791084,8.720144699396144,2.3062177754912834,3.003329345414013,3.5386889311913605,5.957351627693009,4.419620989873334,5.020574232815715
NE8m,0.04220951013635574,0.04069564019130433,0.039837012861833034,0.04613259018421545,0.04519150644191619,0.047822662440038195,0.041697394747141174,0.043297034466948554,0.0413009929395438,0.04115091182928329,0.03877572340253077,0.03563469768944555,0.04051986501106755,0.034943043554091696,0.04088159724701293,0.035044178161554515,0.040128360207523694,0.04114256660936565,0.032507722363096736,0.03402552167829678,0.034222854962839826,0.03737057874005935,0.03423971332856651,0.032773174437251994,0.042215681035489394,0.03485585598617783,0.04154322723151476,0.035435920042840956,0.04082644713563882,0.028679433624552268,0.042366200245904276,0.04828306893243007,0.0448501485695737,0.047373027264734364,0.05221789036853236,0.048234029146169616,0.04229814078059763,0.042424872602144816,0.03930667432191338,0.04157087858391711,0.04013603770813877,0.04360414642021589,0.040984156320813744,0.03662452855845908,0.04009102746779302,0.0418642186659987,0.0399472979164371,0.043245445582740266,0.02627828309632126,0.027720041175030574,0.03615798535394652,0.041699697923832435,0.03967688051116764,0.03726383049275843,0.039717289076051106,0.03882929725430858,0.030748798815435113,0.03088298215162957,0.039996920065287433,0.04113398042196454,0.030478168399976423,0.038509825265555755,0.032336803075817315,0.036651036706470755,0.03410157737381648,0.03221830947821678,0.048285205802301036,0.04400861357965806,0.0468285828917554,0.037699886876098314,0.032635014635708934,0.03831768966836882
NE6e,0.0,0.0,0.0,0.0,0.0,0.02561780393525476,0.0,0.0,0.0,0.12442773490951645,0.019210882307933483,0.0,0.04562041822708499,0.0051969367383153265,0.19334200071426205,0.0,0.0,0.0,0.0,0.0,0.0,0.0,0.0,0.0,0.08119647931118924,0.0,0.044675524285783405,0.0,0.09705897849781844,0.0,0.03901421107443509,0.30099368445211516,0.12335892818335494,0.18229321786623853,0.5285766459606179,0.10959566861247977,0.07182261785565168,0.11601412092584674,0.0625344392549742,0.06819688192516156,0.08747354381973334,0.10598298244453466,0.07626313633355825,0.000509740973158823,0.002637172871109879,0.093880623958332,0.1062098025880553,0.12664071525183263,0.0,1e-09,0.0,0.10622968875524771,0.0440018186214515,0.0,0.051513182869015336,0.0,0.0,0.0,0.03310108027318779,0.11998944605176756,0.0,0.022398911331721175,0.0,0.0,0.0,0.0,0.04383382648350161,0.0,0.13043370689830847,0.057877383650916735,0.0,0.04676718147728076
r163c,0.0,0.0,0.0,0.0,0.0,0.01707853595683735,0.0,0.0,0.0,0.08295182327300947,0.012807254871953097,0.0,0.030413612151385737,0.003464624492217251,0.12889466714284392,0.0,0.0,0.0,0.0,0.0,0.0,0.0,0.0,0.0,0.0541309862074595,0.0,0.029783682857188937,0.0,0.06470598566521221,0.0,0.026009474049642094,0.20066245630140594,0.08223928545556228,0.12152881191083824,0.35238443064041197,0.07306377907500161,0.04788174523710087,0.077342747283898,0.041689626169999355,0.04546458795010775,0.05831569587982197,0.07065532162968303,0.05084209088903883,0.00033982731544243894,0.0017581152474065859,0.062587082638888,0.07080653505870013,0.08442714350122302,0.0,1e-09,0.0,0.07081979250349847,0.029334545747637834,0.0,0.03434212191267886,0.0,0.0,0.0,0.02206738684879186,0.0799929640345117,0.0,0.014932607554007465,0.0,0.0,0.0,0.0,0.029222550989001155,0.0,0.08695580459888663,0.03858492243394424,0.0,0.031178120984827203
r32c,0.0,0.0,0.0,0.0,0.0,0.0,0.0,0.0,0.0,0.0,0.0,0.0,0.0,0.0,0.0,0.0,0.0,0.0,0.0,0.0,0.0,0.0,0.0,0.0,0.0,0.0,0.0,0.0,0.0,0.0,0.014834392561622558,0.017127930756615013,0.014960391347970252,0.012372066453673934,0.02492562472641138,0.01645205169822926,0.0,0.0,0.0,0.0,0.0,0.0,0.0,0.0,0.0,0.0,0.0,0.0,0.0,1e-09,0.0,0.0,0.0,0.0,0.0,0.0,0.0,0.0,0.0,0.0,0.0,0.0,0.0,0.0,0.0,0.00835429453130769,0.0,0.0,0.0,0.0,0.0,0.0
r33c,0.0,0.0,0.0,0.0,0.0,0.0,0.0,0.0,0.0,0.0,0.0,0.0,0.0,0.0,0.0,0.0,0.0,0.0,0.0,0.0,0.0,0.0,0.0,0.0,0.0,0.0,0.0,0.0,0.0,0.0,0.014834392561622558,0.017127930756615013,0.014960391347970252,0.012372066453673934,0.02492562472641138,0.01645205169822926,0.0,0.0,0.0,0.0,0.0,0.0,0.0,0.0,0.0,0.0,0.0,0.0,0.0,1e-09,0.0,0.0,0.0,0.0,0.0,0.0,0.0,0.0,0.0,0.0,0.0,0.0,0.0,0.0,0.0,0.00835429453130769,0.0,0.0,0.0,0.0,0.0,0.0
r184r,0.6126226153321432,0.61845341176792,0.6210986728892208,0.7236485342020477,0.7255672340034484,0.7342487765610056,0.7820730415836092,0.772481993060308,0.7724831798304139,1.0022133275504377,0.8425932890634243,0.9428232448526548,1.1341314740446646,1.047824625749772,1.2585268099004747,0.7847663767259007,0.7839884600152159,0.765027780923099,0.8464561025514565,0.9764877271353342,0.888901036313038,0.8148493339425702,0.8094224404797637,0.9651120096775861,0.8323238298887492,0.8185239358265017,0.8189798915029636,0.8479546868596405,0.9725477124335371,0.8135436275101056,0.803357868097932,0.8028292503781971,0.8076049021426855,0.7984065799940154,1.0562960550386975,0.7732744736823198,0.8236268910459289,0.8534261055657371,0.8299189836767543,0.8794955751069432,0.861736717949633,0.8176210190368816,0.8740058325450057,0.922731417339167,0.8181095040030527,0.8710601835160956,1.028080798980046,0.9626545477132111,1.1072174493218936,1.2206109536994145,1.2686714030140356,1.103829831355043,0.8742850187719453,0.9292682805809122,1.1616627714192906,0.8159691917115535,1.0640663374581174,1.0976048234150857,1.1978073138956242,1.0691117280736464,1.1342402699287937,1.2172712126179364,1.213789418696844,1.2510115510821973,1.3796161569449557,1.4018307729578374,0.7485820503472624,0.7792568521996999,0.7942226638207659,1.0168030712194545,0.8454459774972777,0.8866584249490254
r184c,0.6126226153321432,0.61845341176792,0.6210986728892208,0.7236485342020477,0.7255672340034484,0.7342487765610056,0.7820730415836092,0.772481993060308,0.7724831798304139,1.0022133275504377,0.8425932890634243,0.9428232448526548,1.1341314740446646,1.047824625749772,1.2585268099004747,0.7847663767259007,0.7839884600152159,0.765027780923099,0.8464561025514565,0.9764877271353342,0.888901036313038,0.8148493339425702,0.8094224404797637,0.9651120096775861,0.8323238298887492,0.8185239358265017,0.8189798915029636,0.8479546868596405,0.9725477124335371,0.8135436275101056,0.803357868097932,0.8028292503781971,0.8076049021426855,0.7984065799940154,1.0562960550386975,0.7732744736823198,0.8236268910459289,0.8534261055657371,0.8299189836767543,0.8794955751069432,0.861736717949633,0.8176210190368816,0.8740058325450057,0.922731417339167,0.8181095040030527,0.8710601835160956,1.028080798980046,0.9626545477132111,1.1072174493218936,1.2206109536994145,1.2686714030140356,1.103829831355043,0.874285018771945,0.9292682805809122,1.1616627714192906,0.8159691917115544,1.0640663374581172,1.0976048234150857,1.1978073138956242,1.0691117280736464,1.1342402699287937,1.2172712126179364,1.213789418696844,1.2510115510821973,1.3796161569449557,1.4018307729578374,0.7485820503472624,0.7792568521996999,0.7942226638207659,1.0168030712194545,0.8454459774972759,0.8866584249490254
r146a,0.6126226153321432,0.61845341176792,0.6210986728892208,0.7236485342020477,0.7255672340034484,0.7342487765610056,0.7820730415836092,0.772481993060308,0.7724831798304139,1.0022133275504377,0.8425932890634243,0.9428232448526548,1.1341314740446646,1.047824625749772,1.2585268099004747,0.7847663767259007,0.7839884600152159,0.765027780923099,0.8464561025514565,0.9764877271353342,0.888901036313038,0.8148493339425702,0.8094224404797637,0.9651120096775861,0.8323238298887492,0.8185239358265017,0.8189798915029636,0.8479546868596405,0.9725477124335371,0.8135436275101056,0.803357868097932,0.8028292503781971,0.8076049021426855,0.7984065799940154,1.0562960550386975,0.7732744736823198,0.8236268910459289,0.8534261055657371,0.8299189836767543,0.8794955751069432,0.861736717949633,0.8176210190368816,0.8740058325450057,0.922731417339167,0.8181095040030527,0.8710601835160956,1.028080798980046,0.9626545477132111,1.1072174493218936,1.2206109536994145,1.2686714030140356,1.103829831355043,0.8742850187719453,0.9292682805809122,1.1616627714192906,0.8159691917115535,1.0640663374581174,1.0976048234150857,1.1978073138956242,1.0691117280736464,1.1342402699287937,1.2172712126179364,1.213789418696844,1.2510115510821973,1.3796161569449557,1.4018307729578374,0.7485820503472624,0.7792568521996999,0.7942226638207659,1.0168030712194545,0.8454459774972759,0.8866584249490254
r162b,0.6228854681629389,0.6283481810932161,0.630784674903652,0.7348652477392875,0.736555131714625,0.7458764155696999,0.7922113782838012,0.7830092673950082,0.782525135089663,1.0122187919727947,0.8520212483408767,0.9514874927170397,1.1439835052572338,1.0563207042944884,1.26846679296766,0.7932870452169605,0.793745300447988,0.7750312162823425,0.8543600552246083,0.9847607187039434,0.8972220076486425,0.8239356452635923,0.8177475107714346,0.9730805045726203,0.8425881831165963,0.8269988155188368,0.8290807437946801,0.8565706037738324,0.9824742862602158,0.8205167671083526,0.8136588186826001,0.814568832976217,0.8185098018376364,0.8099248943594604,1.0689923531542387,0.7850021327089484,0.833911293599918,0.8637413217925463,0.8394760387700637,0.8896031505699943,0.8714954250959209,0.8282229648086948,0.8839707519044093,0.9316363334439085,0.8278572673247249,0.8812390819124984,1.0377936157878074,0.9731692786869083,1.1136067713299895,1.2273508258780637,1.2774628834444923,1.1139687280514252,0.8839320860833892,0.938328637050951,1.17131966370036,0.8254101769765635,1.0715426241041213,1.105113735500874,1.2075321958709797,1.0791130757806493,1.1416507552870878,1.2266345212175709,1.2216518139227004,1.2599229123985967,1.3879076407539925,1.4096643575589691,0.7603221525055925,0.7899571404283313,0.8056086015618434,1.0259694507746058,0.8533808801116859,0.8959750175513014
r1905,0.8637518281719642,0.8327728395879079,0.8152023697304415,0.9440315459999411,0.9247737341881523,0.978616240207331,0.8532721850242437,0.8860063183495681,0.8451604399483874,0.8420892639754167,0.793484735298518,0.7292085403545799,0.8291758745251459,0.7150549166346024,0.8365781608605527,0.7171244787263032,0.8211643390037269,0.8419184920584469,0.6652198646732667,0.6962792616922574,0.7003173797545756,0.7647306401399875,0.7006623599301189,0.6706519275804863,0.8638781060034517,0.7132707589664325,0.8501173871354066,0.725140865674164,0.8354495998000396,0.586879903228421,0.8669582470131632,0.9880377413861186,0.9177883774440349,0.9694151572422728,1.0893226410251056,0.9870342186041963,0.8655655161476994,0.8681588853243446,0.8043498182100421,0.850683228959009,0.8213214470860196,0.8922908857428214,0.8386768724353824,0.7494638861268853,0.8204003826799297,0.8566859764762298,0.8174591814590452,0.8849506322517127,0.5377441006148475,0.5737466993747369,0.7399168067005396,0.8533193159450064,0.811925510790599,0.7625462036596186,0.812752409081509,0.7945810406634896,0.62922623610474,0.6319720889131177,0.8184746213835751,0.8417427913620411,0.6236882065148152,0.7880435444110203,0.6617222678904432,0.7500063340546755,0.7665220109597403,0.7535409957659525,0.9880814690970462,0.9005676756717997,0.9582739518366822,0.7714694178139432,0.667824702607319,0.7841117889182175
r1906r,0.863751828171964,0.8327728395879079,0.8152023697304415,0.9440315459999411,0.9247737341881478,0.978616240207331,0.8532721850242437,0.8860063183495681,0.8451604399483874,0.8420892639754167,0.793484735298518,0.7292085403545802,0.8291758745251462,0.7150549166346024,0.8365781608605527,0.7171244787263032,0.8211643390037269,0.8419184920584467,0.6652198646732667,0.6962792616922574,0.7003173797545756,0.7647306401399875,0.7006623599301189,0.6706519275804869,0.8638781060034517,0.7132707589664325,0.8501173871354061,0.725140865674164,0.8354495998000396,0.586879903228421,0.8669582470131632,0.9880377413861186,0.9177883774440349,0.9694151572422728,1.0685577284218426,0.9870342186041963,0.8655655161476994,0.8681588853243446,0.8043498182100426,0.850683228959009,0.8213214470860202,0.8922908857428214,0.8386768724353824,0.7494638861268853,0.8204003826799297,0.8566859764762298,0.8174591814590452,0.8849506322517127,0.5377441006148475,0.5672474322631872,0.7399168067005396,0.8533193159450064,0.811925510790599,0.7625462036596186,0.812752409081509,0.7945810406634896,0.62922623610474,0.6319720889131177,0.8184746213835751,0.8417427913620411,0.6236882065148152,0.7880435444110203,0.6617222678904432,0.7500063340546756,0.697835622944396,0.6592974811250085,0.9880814690970462,0.9005676756717997,0.9582739518366816,0.7714694178139432,0.667824702607319,0.7841117889182175
r1907r,0.8637518281719642,0.8327728395879079,0.8152023697304415,0.9440315459999411,0.9247737341881527,0.978616240207331,0.8532721850242437,0.8860063183495681,0.8451604399483874,0.8420892639754167,0.793484735298518,0.7292085403545799,0.8291758745251459,0.7150549166346024,0.8365781608605527,0.7171244787263032,0.8211643390037269,0.8419184920584469,0.6652198646732667,0.6962792616922574,0.7003173797545756,0.7647306401399875,0.7006623599301189,0.6706519275804863,0.8638781060034517,0.7132707589664325,0.8501173871354066,0.725140865674164,0.8354495998000396,0.586879903228421,0.8669582470131632,0.9880377413861186,0.9177883774440349,0.9694151572422728,1.0893226410251056,0.9870342186041963,0.8655655161476994,0.8681588853243446,0.8043498182100421,0.850683228959009,0.8213214470860196,0.8922908857428214,0.8386768724353824,0.7494638861268853,0.8204003826799297,0.8566859764762298,0.8174591814590452,0.8849506322517127,0.5377441006148475,0.5737466993747369,0.7399168067005396,0.8533193159450064,0.811925510790599,0.7625462036596186,0.812752409081509,0.7945810406634896,0.62922623610474,0.6319720889131177,0.8184746213835751,0.8417427913620411,0.6236882065148152,0.7880435444110203,0.6617222678904432,0.7500063340546755,0.7665220109597403,0.7535409957659525,0.9880814690970462,0.9005676756717997,0.9582739518366822,0.7714694178139432,0.6678247026073196,0.7841117889182175
r2027r,0.31507314067269676,0.3037728494657469,0.297363620608813,-0.0,-0.0,-0.0,-0.0,-0.0,-0.0,-0.0,-0.0,-0.0,-0.0,-0.0,-0.0,-0.0,-0.0,-0.0,-0.0,-0.0,-0.0,-0.0,-0.0,-0.0,-0.0,-0.0,-0.0,-0.0,-0.0,-0.0,-0.0,-0.0,-0.0,-0.0,-0.0,-0.0,-0.0,-0.0,-0.0,-0.0,-0.0,-0.0,-0.0,-0.0,-0.0,-0.0,-0.0,-0.0,-0.0,1e-09,-0.0,-0.0,-0.0,-0.0,-0.0,-0.0,-0.0,-0.0,-0.0,-0.0,-0.0,-0.0,-0.0,-0.0,-0.0,-0.0,-0.0,-0.0,-0.0,-0.0,-0.0,-0.0
r2035,0.15753657033634838,0.1518864247328735,0.1486818103044065,0.0,0.0,0.0,0.0,0.0,0.0,0.0,0.0,0.0,0.0,0.0,0.0,0.0,0.0,0.0,0.0,0.0,0.0,0.0,0.0,0.0,0.0,0.0,0.0,0.0,0.0,0.0,0.0,0.0,0.0,0.0,0.0,0.0,0.0,0.0,0.0,0.0,0.0,0.0,0.0,0.0,0.0,0.0,0.0,0.0,0.0,1e-09,0.0,0.0,0.0,0.0,0.0,0.0,0.0,0.0,0.0,0.0,0.0,0.0,0.0,0.0,0.0,0.0,0.0,0.0,0.0,0.0,0.0,0.0
r2036,0.15753657033634838,0.1518864247328735,0.1486818103044065,0.0,0.0,0.0,0.0,0.0,0.0,0.0,0.0,0.0,0.0,0.0,0.0,0.0,0.0,0.0,0.0,0.0,0.0,0.0,0.0,0.0,0.0,0.0,0.0,0.0,0.0,0.0,0.0,0.0,0.0,0.0,0.0,0.0,0.0,0.0,0.0,0.0,0.0,0.0,0.0,0.0,0.0,0.0,0.0,0.0,0.0,1e-09,0.0,0.0,0.0,0.0,0.0,0.0,0.0,0.0,0.0,0.0,0.0,0.0,0.0,0.0,0.0,0.0,0.0,0.0,0.0,0.0,0.0,0.0
NE12,0.15753657033634838,0.1518864247328735,0.1486818103044065,0.0,0.0,0.0,0.0,0.0,0.0,0.0,0.0,0.0,0.0,0.0,0.0,0.0,0.0,0.0,0.0,0.0,0.0,0.0,0.0,0.0,0.0,0.0,0.0,0.0,0.0,0.0,0.0,0.0,0.0,0.0,0.0,0.0,0.0,0.0,0.0,0.0,0.0,0.0,0.0,0.0,0.0,0.0,0.0,0.0,0.0,1e-09,0.0,0.0,0.0,0.0,0.0,0.0,0.0,0.0,0.0,0.0,0.0,0.0,0.0,0.0,0.0,0.0,0.0,0.0,0.0,0.0,0.0,0.0
r2037,0.15753657033634838,0.1518864247328735,0.1486818103044065,0.0,0.0,0.0,0.0,0.0,0.0,0.0,0.0,0.0,0.0,0.0,0.0,0.0,0.0,0.0,0.0,0.0,0.0,0.0,0.0,0.0,0.0,0.0,0.0,0.0,0.0,0.0,0.0,0.0,0.0,0.0,0.0,0.0,0.0,0.0,0.0,0.0,0.0,0.0,0.0,0.0,0.0,0.0,0.0,0.0,0.0,1e-09,0.0,0.0,0.0,0.0,0.0,0.0,0.0,0.0,0.0,0.0,0.0,0.0,0.0,0.0,0.0,0.0,0.0,0.0,0.0,0.0,0.0,0.0
r2127,0.1824347480578347,0.17524483366581947,0.18005945225392073,0.032733506543592486,0.026645917434825424,0.0,0.0,0.0,0.0,0.0,0.0,0.0,0.0,0.0,0.0,0.0,0.0,0.0,0.0,0.0,0.0,0.0,0.0,0.0,0.0,0.0,0.0,0.0,0.0,0.0,0.0,0.0,0.0,0.0,0.5960087620101359,0.0,0.0,0.0,0.0,0.0,0.0,0.0,0.0,0.0,0.0,0.0,0.0,0.0,0.0,1e-09,0.0,0.0,0.0,0.0,0.0,0.0,0.0,0.0,0.0,0.0,0.0,0.0,0.0,0.0,0.0,0.0,0.0,0.0,0.0,0.0,0.0,0.0
NE13,0.1824347480578347,0.17524483366581947,0.18005945225392073,0.032733506543592486,0.026645917434825424,0.0,0.0,0.0,0.0,0.0,0.0,0.0,0.0,0.0,0.0,0.0,0.0,0.0,0.0,0.0,0.0,0.0,0.0,0.0,0.0,0.0,0.0,0.0,0.0,0.0,0.0,0.0,0.0,0.0,0.5960087620101359,0.0,0.0,0.0,0.0,0.0,0.0,0.0,0.0,0.0,0.0,0.0,0.0,0.0,0.0,1e-09,0.0,0.0,0.0,0.0,0.0,0.0,0.0,0.0,0.0,0.0,0.0,0.0,0.0,0.0,0.0,0.0,0.0,0.0,0.0,0.0,0.0,0.0
r2129,0.3799967216458382,0.36139290240204375,0.35595912655586387,0.21322200010014383,0.19989447909023964,0.1944444059990097,0.0,0.0,0.0,0.0,0.0,0.0,0.0,0.0,0.0,0.0,0.0,0.0,0.0,0.0,0.0,0.0,0.0,0.0,0.0,0.0,0.0,0.0,0.0,0.0,0.0,0.012246154827479046,0.0,0.0,0.7881844166651952,0.0,0.0,0.0,0.0,0.0,0.0,0.0,0.0,0.0,0.0,0.0,0.0,0.0,0.0,1e-09,0.0,0.0,0.0,0.0,0.0,0.0,0.0,0.0,0.0,0.0,0.0,0.0,0.0,0.0,0.0,0.0,0.10522780651972115,0.0,0.0,0.0,0.0,0.0
r2135,0.0,0.0,0.0,0.0,0.0,0.0,0.0,0.0,0.0,0.0,0.0,0.0,0.0,0.0,0.0,0.0,0.0,0.0,0.0,0.0,0.0,0.0,0.0,0.0,0.0,0.0,0.0,0.0,0.0,0.0,0.0,0.0,0.0,0.0,0.020764912603263453,0.0,0.0,0.0,0.0,0.0,0.0,0.0,0.0,0.0,0.0,0.0,0.0,0.0,0.0,0.006499267111549713,0.0,0.0,0.0,0.0,0.0,0.0,0.0,0.0,0.0,0.0,0.0,0.0,0.0,0.0,0.06868638801534308,0.09424351464094392,0.0,0.0,0.0,0.0,0.0,0.0
r2142,0.0,0.0,0.0,0.0,0.0,0.0,0.0,0.0,0.0,0.0,0.0,0.02040853832509388,0.10109698837917291,0.09759762396038847,0.08512632729142752,0.0,0.0,0.0,0.029547515137178588,0.06923818330318629,0.026013337668090653,0.0,0.0,0.07619000035844418,0.0,0.0,0.0,0.0,0.0,0.026556082770687366,0.0,0.0,0.0,0.0,0.0,0.0,0.0,0.0,0.0,0.0,0.0,0.0,0.0,0.0,0.0,0.0,0.0,0.0,0.3126073859861659,0.46086126921624987,0.4562127319600946,0.016609807296176518,0.0,0.0,0.10754928866032135,0.0,0.1834362481125678,0.2034552469896986,0.22270126424255024,0.0,0.2558259003062144,0.2838693659282732,0.30249122636433173,0.3844258567724821,0.8384344071279326,0.9086880183213257,0.0,0.0,0.0,0.01914008376547316,0.012284030326236234,0.0
r2143,0.0,0.0,0.0,0.0,0.0,0.0,0.0,0.0,0.0,0.0,0.0,0.0417911588253999,0.20330159603979064,0.19615042358047632,0.1713701618932743,0.0,0.0,0.0,0.05998363590212484,0.13940646160698045,0.052962164484838994,0.0,0.0,0.15327586253456565,0.0,0.0,0.0,0.0,0.0,0.0538961240677616,0.0,0.0,0.0,0.0,0.0,0.0,0.0,0.0,0.0,0.0,0.0,0.0,0.0,0.0,0.0,0.0,0.0,0.0,0.6259330945292504,0.9224802717585985,0.9134138502769872,0.03435948486186759,0.0,0.0,0.21618425801516958,0.0,0.36771302129697236,0.40775468698177564,0.4464958529532501,0.0,0.5124849279432755,0.5687914062664329,0.6058663862407141,0.7698535775672146,1.677800988255374,1.8182567311065614,0.0,0.0,0.0,0.03931070209962871,0.025460145842067027,0.0
r2144,0.0011538060967033654,0.0011124241340467495,0.0010889533701278183,0.0012610443390438846,0.0012353196112309035,0.0013072428300079787,0.0011398073116811736,0.001183533809697329,0.0011289715824610645,0.001124869082823823,0.001059942793019689,0.021382620500306024,0.10220460766061773,0.09855279962008785,0.08624383460184634,0.0009579401960871008,0.0010969174128905655,0.0011246409644309076,0.030436120764946256,0.07016827830379414,0.026948826816748345,0.0010215328594983997,0.0009359499757342594,0.07708586217612147,0.0011539747795670937,0.0009527923686569161,0.0011355931092687478,0.0009686485452126997,0.001115999770186186,0.02734004129707424,0.0011580892547666782,0.001319828141142083,0.0012259885198965018,0.0012949519551582738,0.0014273873368719928,0.0013184876279690235,0.0011562288345496525,0.0011596930763253539,0.00107445645133648,0.0011363489649723363,0.0010971272790318194,0.0011919287814206923,0.0011203107849021494,0.0010011394162861668,0.0010958969143685477,0.0011443674796156613,0.001091968035969022,0.0011821236163800687,0.3133257085430845,0.46161900254234856,0.45720111831689253,0.01774967756569107,0.0010845761176584985,0.0010186148730504353,0.10863496935484822,0.0010614072458552375,0.18427677318440455,0.20429943999207698,0.22379458871069985,0.0011244062591398351,0.25665902763706105,0.2849220403381596,0.30337515987638247,0.3854277207947325,0.8393665811274412,0.9095687127852359,0.0013198865529426668,0.0012029849787793972,0.001280069450366585,0.02017061833415555,0.01317611551583079,0.0010474223417454595
NE19,0.3799967216458382,0.36139290240204375,0.35595912655586387,0.21322200010014383,0.19989447909023964,0.1944444059990097,0.0,0.0,0.0,0.0,0.0,0.0,0.0,0.0,0.0,0.0,0.0,0.0,0.0,0.0,0.0,0.0,0.0,0.0,0.0,0.0,0.0,0.0,0.0,0.0,0.0,0.012246154827479046,0.0,0.0,0.7881844166651952,0.0,0.0,0.0,0.0,0.0,0.0,0.0,0.0,0.0,0.0,0.0,0.0,0.0,0.0,1e-09,0.0,0.0,0.0,0.0,0.0,0.0,0.0,0.0,0.0,0.0,0.0,0.0,0.0,0.0,0.0,0.0,0.10522780651972115,0.0,0.0,0.0,0.0,0.0
r2190r,-0.0,-0.0,-0.0,-0.0,-0.0,-0.0,-0.0,-0.0,-0.0,-0.0,-0.0,-0.0,-0.0,-0.0,-0.0,-0.0,-0.0,-0.0,-0.0,-0.0,-0.0,-0.0,-0.0,-0.0,-0.0,-0.0,-0.0,-0.0,-0.0,-0.0,-0.0,-0.0,-0.0,-0.0,0.020764912603263453,-0.0,-0.0,-0.0,-0.0,-0.0,-0.0,-0.0,-0.0,-0.0,-0.0,-0.0,-0.0,-0.0,-0.0,0.006499267111549713,-0.0,-0.0,-0.0,-0.0,-0.0,-0.0,-0.0,-0.0,-0.0,-0.0,-0.0,-0.0,-0.0,-0.0,0.06868638801534308,0.09424351464094392,-0.0,-0.0,-0.0,-0.0,-0.0,-0.0
r2191,0.0,0.0,0.0,0.0,0.0,0.0,0.0,0.0,0.0,0.0,0.0,0.0,0.0,0.0,0.0,0.0,0.0,0.0,0.0,0.0,0.0,0.0,0.0,0.0,0.0,0.0,0.0,0.0,0.0,0.0,0.0,0.0,0.0,0.0,0.0014273873368719312,0.0,0.0,0.0,0.0,0.0,0.0,0.0,0.0,0.0,0.0,0.0,0.0,0.0,0.0,1e-09,0.0,0.0,0.0,0.0,0.0,0.0,0.0,0.0,0.0,0.0,0.0,0.0,0.0,0.0,0.0009321739995087341,0.0008806944639100508,0.0,0.0,0.0,0.0,0.0,0.0
r2192,0.001153806096703427,0.0011124241340467495,0.0010889533701278183,0.0012610443390438846,0.001235319611231581,0.0013072428300079787,0.0011398073116811736,0.001183533809697329,0.0011289715824610645,0.001124869082823823,0.001059942793019689,0.0009740821752121075,0.0011076192814447408,0.0009551756596993945,0.001117507310418815,0.0009579401960871008,0.0010969174128905655,0.0011246409644309076,0.000888605627767673,0.0009300950006078583,0.0009354891486576987,0.0010215328594983997,0.0009359499757342594,0.0008958618176772224,0.0011539747795670937,0.0009527923686569161,0.0011355931092688093,0.0009686485452126997,0.001115999770186186,0.0007839585263868701,0.0011580892547666782,0.001319828141142083,0.0012259885198965018,0.0012949519551582738,0.0,0.0013184876279690235,0.0011562288345496525,0.0011596930763253539,0.0010744564513364184,0.0011363489649723363,0.0010971272790317578,0.0011919287814206908,0.0011203107849021494,0.0010011394162861668,0.0010958969143685477,0.0011443674796156613,0.001091968035969022,0.0011821236163800687,0.0007183225569186845,0.0007577333260987297,0.0009883863567979473,0.0011398702695145512,0.0010845761176584985,0.0010186148730504353,0.0010856806945268628,0.0010614072458552375,0.0008405250718367381,0.0008441930023783522,0.0010933244681496496,0.0011244062591398351,0.0008331273308466233,0.0010526744098863549,0.0008839335120507688,0.0010018640222502673,0.0,0.0,0.0013198865529426668,0.0012029849787793968,0.0012800694503666465,0.0010305345686823903,0.0008920851895945547,0.0010474223417454595
r2195,0.0,0.0,0.0,0.0,0.0,0.0,0.0,0.0,0.0,0.0,0.0,0.0,0.0,0.0,0.0,0.0,0.0,0.0,0.0,0.0,0.0,0.0,0.0,0.0,0.0,0.0,0.0,0.0,0.0,0.0,0.0,0.0,0.0,0.0,0.0014273873368719312,0.0,0.0,0.0,0.0,0.0,0.0,0.0,0.0,0.0,0.0,0.0,0.0,0.0,0.0,1e-09,0.0,0.0,0.0,0.0,0.0,0.0,0.0,0.0,0.0,0.0,0.0,0.0,0.0,0.0,0.0009321739995087341,0.0008806944639100508,0.0,0.0,0.0,0.0,0.0,0.0
r2196,0.0,0.0,0.0,0.0,0.0,0.0,0.0,0.0,0.0,0.0,0.0,0.0,0.0,0.0,0.0,0.0,0.0,0.0,0.0,0.0,0.0,0.0,0.0,0.0,0.0,0.0,0.0,0.0,0.0,0.0,0.0,0.0,0.0,0.0,0.0014273873368719312,0.0,0.0,0.0,0.0,0.0,0.0,0.0,0.0,0.0,0.0,0.0,0.0,0.0,0.0,1e-09,0.0,0.0,0.0,0.0,0.0,0.0,0.0,0.0,0.0,0.0,0.0,0.0,0.0,0.0,0.0009321739995087341,0.0008806944639100508,0.0,0.0,0.0,0.0,0.0,0.0
r2197,0.0,0.0,0.0,0.0,0.0,0.0,0.0,0.0,0.0,0.0,0.0,0.0,0.0,0.0,0.0,0.0,0.0,0.0,0.0,0.0,0.0,0.0,0.0,0.0,0.0,0.0,0.0,0.0,0.0,0.0,0.0,0.0,0.0,0.0,0.0014273873368719312,0.0,0.0,0.0,0.0,0.0,0.0,0.0,0.0,0.0,0.0,0.0,0.0,0.0,0.0,1e-09,0.0,0.0,0.0,0.0,0.0,0.0,0.0,0.0,0.0,0.0,0.0,0.0,0.0,0.0,0.0009321739995087341,0.0008806944639100508,0.0,0.0,0.0,0.0,0.0,0.0
r2198,0.0,0.0,0.0,0.0,0.0,0.0,0.0,0.0,0.0,0.0,0.0,0.0,0.0,0.0,0.0,0.0,0.0,0.0,0.0,0.0,0.0,0.0,0.0,0.0,0.0,0.0,0.0,0.0,0.0,0.0,0.0,0.0,0.0,0.0,0.0014273873368719312,0.0,0.0,0.0,0.0,0.0,0.0,0.0,0.0,0.0,0.0,0.0,0.0,0.0,0.0,1e-09,0.0,0.0,0.0,0.0,0.0,0.0,0.0,0.0,0.0,0.0,0.0,0.0,0.0,0.0,0.0009321739995087341,0.0008806944639100508,0.0,0.0,0.0,0.0,0.0,0.0
r2199,0.0,0.0,0.0,0.0,0.0,0.0,0.0,0.0,0.0,0.0,0.0,0.0,0.0,0.0,0.0,0.0,0.0,0.0,0.0,0.0,0.0,0.0,0.0,0.0,0.0,0.0,0.0,0.0,0.0,0.0,0.0,0.0,0.0,0.0,0.0014273873368719312,0.0,0.0,0.0,0.0,0.0,0.0,0.0,0.0,0.0,0.0,0.0,0.0,0.0,0.0,1e-09,0.0,0.0,0.0,0.0,0.0,0.0,0.0,0.0,0.0,0.0,0.0,0.0,0.0,0.0,0.0009321739995087341,0.0008806944639100508,0.0,0.0,0.0,0.0,0.0,0.0
r2200,0.001153806096703427,0.0011124241340467495,0.0010889533701278183,0.0012610443390438846,0.001235319611231581,0.0013072428300079787,0.0011398073116811736,0.001183533809697329,0.0011289715824610645,0.001124869082823823,0.001059942793019689,0.0009740821752121075,0.0011076192814447408,0.0009551756596993945,0.001117507310418815,0.0009579401960871008,0.0010969174128905655,0.0011246409644309076,0.000888605627767673,0.0009300950006078583,0.0009354891486576987,0.0010215328594983997,0.0009359499757342594,0.0008958618176772224,0.0011539747795670937,0.0009527923686569161,0.0011355931092688093,0.0009686485452126997,0.001115999770186186,0.0007839585263868701,0.0011580892547666782,0.001319828141142083,0.0012259885198965018,0.0012949519551582738,0.0,0.0013184876279690235,0.0011562288345496525,0.0011596930763253539,0.0010744564513364184,0.0011363489649723363,0.0010971272790317578,0.0011919287814206908,0.0011203107849021494,0.0010011394162861668,0.0010958969143685477,0.0011443674796156613,0.001091968035969022,0.0011821236163800687,0.0007183225569186845,0.0007577333260987297,0.0009883863567979473,0.0011398702695145512,0.0010845761176584985,0.0010186148730504353,0.0010856806945268628,0.0010614072458552375,0.0008405250718367381,0.0008441930023783522,0.0010933244681496496,0.0011244062591398351,0.0008331273308466233,0.0010526744098863549,0.0008839335120507688,0.0010018640222502673,0.0,0.0,0.0013198865529426668,0.0012029849787793968,0.0012800694503666465,0.0010305345686823903,0.0008920851895945547,0.0010474223417454595
r2201,0.001153806096703427,0.0011124241340467495,0.0010889533701278183,0.0012610443390438846,0.001235319611231581,0.0013072428300079787,0.0011398073116811736,0.001183533809697329,0.0011289715824610645,0.001124869082823823,0.001059942793019689,0.0009740821752121075,0.0011076192814447408,0.0009551756596993945,0.001117507310418815,0.0009579401960871008,0.0010969174128905655,0.0011246409644309076,0.000888605627767673,0.0009300950006078583,0.0009354891486576987,0.0010215328594983997,0.0009359499757342594,0.0008958618176772224,0.0011539747795670937,0.0009527923686569161,0.0011355931092688093,0.0009686485452126997,0.001115999770186186,0.0007839585263868701,0.0011580892547666782,0.001319828141142083,0.0012259885198965018,0.0012949519551582738,0.0,0.0013184876279690235,0.0011562288345496525,0.0011596930763253539,0.0010744564513364184,0.0011363489649723363,0.0010971272790317578,0.0011919287814206908,0.0011203107849021494,0.0010011394162861668,0.0010958969143685477,0.0011443674796156613,0.001091968035969022,0.0011821236163800687,0.0007183225569186845,0.0007577333260987297,0.0009883863567979473,0.0011398702695145512,0.0010845761176584985,0.0010186148730504353,0.0010856806945268628,0.0010614072458552375,0.0008405250718367381,0.0008441930023783522,0.0010933244681496496,0.0011244062591398351,0.0008331273308466233,0.0010526744098863549,0.0008839335120507688,0.0010018640222502673,0.0,0.0,0.0013198865529426668,0.0012029849787793968,0.0012800694503666465,0.0010305345686823903,0.0008920851895945547,0.0010474223417454595
r2202,0.001153806096703427,0.0011124241340467495,0.0010889533701278183,0.0012610443390438846,0.001235319611231581,0.0013072428300079787,0.0011398073116811736,0.001183533809697329,0.0011289715824610645,0.001124869082823823,0.001059942793019689,0.0009740821752121075,0.0011076192814447408,0.0009551756596993945,0.001117507310418815,0.0009579401960871008,0.0010969174128905655,0.0011246409644309076,0.000888605627767673,0.0009300950006078583,0.0009354891486576987,0.0010215328594983997,0.0009359499757342594,0.0008958618176772224,0.0011539747795670937,0.0009527923686569161,0.0011355931092688093,0.0009686485452126997,0.001115999770186186,0.0007839585263868701,0.0011580892547666782,0.001319828141142083,0.0012259885198965018,0.0012949519551582738,0.0,0.0013184876279690235,0.0011562288345496525,0.0011596930763253539,0.0010744564513364184,0.0011363489649723363,0.0010971272790317578,0.0011919287814206908,0.0011203107849021494,0.0010011394162861668,0.0010958969143685477,0.0011443674796156613,0.001091968035969022,0.0011821236163800687,0.0007183225569186845,0.0007577333260987297,0.0009883863567979473,0.0011398702695145512,0.0010845761176584985,0.0010186148730504353,0.0010856806945268628,0.0010614072458552375,0.0008405250718367381,0.0008441930023783522,0.0010933244681496496,0.0011244062591398351,0.0008331273308466233,0.0010526744098863549,0.0008839335120507688,0.0010018640222502673,0.0,0.0,0.0013198865529426668,0.0012029849787793968,0.0012800694503666465,0.0010305345686823903,0.0008920851895945547,0.0010474223417454595
r2300,0.001153806096703427,0.0011124241340467495,0.0010889533701278183,0.0012610443390438846,0.001235319611231581,0.0013072428300079787,0.0011398073116811736,0.001183533809697329,0.0011289715824610645,0.001124869082823823,0.001059942793019689,0.0009740821752121075,0.0011076192814447408,0.0009551756596993945,0.001117507310418815,0.0009579401960871008,0.0010969174128905655,0.0011246409644309076,0.000888605627767673,0.0009300950006078583,0.0009354891486576987,0.0010215328594983997,0.0009359499757342594,0.0008958618176772224,0.0011539747795670937,0.0009527923686569161,0.0011355931092688093,0.0009686485452126997,0.001115999770186186,0.0007839585263868701,0.0011580892547666782,0.001319828141142083,0.0012259885198965018,0.0012949519551582738,0.0,0.0013184876279690235,0.0011562288345496525,0.0011596930763253539,0.0010744564513364184,0.0011363489649723363,0.0010971272790317578,0.0011919287814206908,0.0011203107849021494,0.0010011394162861668,0.0010958969143685477,0.0011443674796156613,0.001091968035969022,0.0011821236163800687,0.0007183225569186845,0.0007577333260987297,0.0009883863567979473,0.0011398702695145512,0.0010845761176584985,0.0010186148730504353,0.0010856806945268628,0.0010614072458552375,0.0008405250718367381,0.0008441930023783522,0.0010933244681496496,0.0011244062591398351,0.0008331273308466233,0.0010526744098863549,0.0008839335120507688,0.0010018640222502673,0.0,0.0,0.0013198865529426668,0.0012029849787793968,0.0012800694503666465,0.0010305345686823903,0.0008920851895945547,0.0010474223417454595
r2333,0.0007963639133459247,0.0007678018336192634,0.0007516021710788879,0.0008703803937360147,0.0008526250317480974,0.0009022668702939392,0.0007867018676571191,0.000816882159802044,0.000779222982123128,0.0007763914121783393,0.0007315788961279954,0.0006723173808743933,0.0007644854954303045,0.0006592679900586049,0.0007713102725497316,0.0006611760897146686,0.0007570990013336724,0.0007762339634903568,0.0006133209532972244,0.000641957168179173,0.000645680241633578,0.0007050681288007276,0.0006459983072557411,0.0006183292192519148,0.0007964803392738037,0.0006576230282347244,0.0007837931997844418,0.0006685670567407006,0.0007702697592063293,0.0005410928939950268,0.000799320174823956,0.0009109533277966824,0.0008461846563399981,0.0008937836344869801,0.0009851913321480496,0.0009100280975353062,0.0007980361015912477,0.0008004271421180563,0.0007415963104639641,0.0007843148959410022,0.0007572438522076768,0.000822676419819495,0.0007732452475138406,0.000690992451536236,0.0007563946471108492,0.0007898493230156843,0.0007536829115893638,0.0008159088358856908,0.0004957905527686671,0.0005229921028920862,0.0006821902131096271,0.0007867453215327279,0.0007485809650753777,0.0007030541169894376,0.0007493433506789854,0.0007325896702904286,0.0005801354641700803,0.0005826670919092421,0.0007546191292455135,0.0007760719684855017,0.0005750294988075616,0.0007265622143368835,0.000610096230905412,0.0006914925789344914,0.0006433921057352036,0.0006078606203809883,0.0009109936439729956,0.0008303074737898618,0.0008835116400936773,0.0007112811626659739,0.0006157225678155798,0.0007229372052909469
r2335,0.0,0.0,0.0,0.0,0.0,0.0,0.0,0.0,0.0,0.0,0.0,0.0,0.0,0.0,0.0,0.0,0.0,0.0,0.0,0.0,0.0,0.0,0.0,0.0,0.0,0.0,0.0,0.0,0.0,0.0,0.0,0.0,0.0,0.0,0.0,0.0,0.0,0.0,0.0,0.0,0.0,0.0,0.0,0.0,0.0,0.0,0.0,0.0,0.0,1e-09,0.0,0.0,0.0,0.0,0.0,0.0,0.0,0.0,0.0,0.0,0.0,0.0,0.0,0.0,0.3736385930015632,0.48663436774975993,0.0,0.0,0.0,0.0,0.0,0.0
r2372,0.0007963639133459247,0.0007678018336192634,0.0007516021710788879,0.0008703803937360147,0.0008526250317480974,0.0009022668702939392,0.0007867018676571191,0.000816882159802044,0.000779222982123128,0.0007763914121783393,0.0007315788961279954,0.0006723173808743933,0.0007644854954303045,0.0006592679900586049,0.0007713102725497316,0.0006611760897146686,0.0007570990013336724,0.0007762339634903568,0.0006133209532972244,0.000641957168179173,0.000645680241633578,0.0007050681288007276,0.0006459983072557411,0.0006183292192519148,0.0007964803392738037,0.0006576230282347244,0.0007837931997844418,0.0006685670567407006,0.0007702697592063293,0.0005410928939950268,0.000799320174823956,0.0009109533277966824,0.0008461846563399981,0.0008937836344869801,0.0009851913321480496,0.0009100280975353062,0.0007980361015912477,0.0008004271421180563,0.0007415963104639641,0.0007843148959410022,0.0007572438522076768,0.000822676419819495,0.0007732452475138406,0.000690992451536236,0.0007563946471108492,0.0007898493230156843,0.0007536829115893638,0.0008159088358856908,0.0004957905527686671,0.0005229921028920862,0.0006821902131096271,0.0007867453215327279,0.0007485809650753777,0.0007030541169894376,0.0007493433506789854,0.0007325896702904286,0.0005801354641700803,0.0005826670919092421,0.0007546191292455135,0.0007760719684855017,0.0005750294988075616,0.0007265622143368835,0.000610096230905412,0.0006914925789344914,0.0006433921057352036,0.0006078606203809883,0.0009109936439729956,0.0008303074737898618,0.0008835116400936773,0.0007112811626659739,0.0006157225678155798,0.0007229372052909469
r2391,0.18559651382083572,0.18175104429781302,0.1791427021220658,0.45253438499336335,0.4554111576236978,0.46749962668702544,0.5756268630598718,0.5506154862771472,0.5325347124138702,0.7554353437940456,0.6870883762764263,0.7678800264179443,0.7977882477443519,0.797983071787308,0.8372009771681407,0.5305506631316845,0.5481604521544683,0.5121945997808888,0.6726146119101671,0.7864050608611272,0.7360734319977111,0.6505040058752722,0.6061513265054423,0.7837528324267256,0.6736533889769375,0.6331358102850682,0.6598836213540905,0.6861328843069635,0.7558833818488043,0.5539401106566767,0.6302830769634507,0.5930253738211567,0.652105779352691,0.635015893181672,0.3260943495674313,0.5592331032015487,0.6659809359500362,0.696561715967855,0.658767539575077,0.7251866441973168,0.703087995290686,0.6625804499365995,0.7195871299503201,0.7615842565410073,0.6479354988272267,0.7067389969535728,0.7633346426214631,0.7316027841250943,0.8373813246778403,0.8703194894775705,0.8521153693132707,0.7696059102011106,0.7044288044972953,0.7535142757966634,0.7984819570911291,0.6204368594466708,0.8178654648392669,0.8261071773197581,0.8215945108057262,0.7737205936853804,0.8367784260940807,0.8289924980932961,0.8470158438708676,0.848041223525287,0.8902839020056538,0.9048019765244325,0.48586863895806687,0.5466663001149694,0.6039508738185535,0.7755755878333287,0.6593912240330956,0.7277606129965513
r2604,0.0,0.0,0.0,0.0,0.0,0.0,0.0,0.0,0.0,0.0,0.0,0.0,0.0,0.0,0.0,0.0,0.0,0.0,0.0,0.0,0.0,0.0,0.0,0.0,0.0,0.0,0.0,0.0,0.0,0.0,0.0,0.0,0.0,0.0,0.020764912603263453,0.0,0.0,0.0,0.0,0.0,0.0,0.0,0.0,0.0,0.0,0.0,0.0,0.0,0.0,0.006499267111549713,0.0,0.0,0.0,0.0,0.0,0.0,0.0,0.0,0.0,0.0,0.0,0.0,0.0,0.0,0.06868638801534308,0.09424351464094392,0.0,0.0,0.0,0.0,0.0,0.0
r2609r,-0.0,-0.0,-0.0,-0.0,-0.0,-0.0,-0.0,-0.0,-0.0,-0.0,-0.0,-0.0,-0.0,-0.0,-0.0,-0.0,-0.0,-0.0,-0.0,-0.0,-0.0,-0.0,-0.0,-0.0,-0.0,-0.0,-0.0,-0.0,-0.0,-0.0,-0.0,-0.0,-0.0,-0.0,0.020764912603263453,-0.0,-0.0,-0.0,-0.0,-0.0,-0.0,-0.0,-0.0,-0.0,-0.0,-0.0,-0.0,-0.0,-0.0,0.006499267111549713,-0.0,-0.0,-0.0,-0.0,-0.0,-0.0,-0.0,-0.0,-0.0,-0.0,-0.0,-0.0,-0.0,-0.0,0.06868638801534308,0.09424351464094392,-0.0,-0.0,-0.0,-0.0,-0.0,-0.0
r2611,0.07179833133866405,0.07804809881279284,0.07478121432979766,0.09737595792693823,0.07853156077577243,0.0955607476068335,0.10267889291205734,0.11457532285241505,0.12100591688864687,0.14112139874064278,0.1022998895719532,0.14522611355087725,0.07859510041423565,0.07389521400579312,0.0902319095403299,0.13917506407767596,0.19316062758031965,0.1545354322887136,0.1128911817817091,0.09542158574608436,0.09415825855734933,0.1254907551787835,0.11075346170519666,0.1410830328286805,0.14242254397777146,0.1365328359976691,0.13319126152690633,0.11508811845417298,0.12300275792382091,0.09036391000561114,0.20396934615226342,0.19021939537398716,0.1428527912101464,0.2054395178536405,0.1824803201544409,0.18048290601573586,0.12039867773215163,0.13330131208273066,0.11655783469793005,0.11809744106139267,0.11524748066374149,0.11078654183646935,0.12401573621361883,0.13285668613451684,0.2575916684779013,0.21362915157504825,0.25022448328845137,0.3078911295078036,0.2562397248691418,0.21493270699237393,0.23696054572758704,0.31035698980818727,0.31079209931732465,0.3101987411894947,0.28325823864381655,0.25114020786827007,0.24888757995725738,0.244708454012733,0.1785500293332645,0.20128943836202176,0.2440716781332083,0.21458262879634438,0.2221580932680367,0.21963006162704685,0.2699156169184102,0.2289962932813444,0.14559309510025026,0.1526522187038405,0.16194659086099128,0.2126163914069186,0.2451786752255733,0.1894081877533263
r2651,1.055331727745794,1.029057219145188,1.0177044892260085,0.9558488031354329,0.9363878070204976,0.9602049055057237,0.6252158081643335,0.686096320540605,0.7008371195785076,0.19797613445932016,0.49603928774875927,0.27916392086600206,0.13491786507800302,0.17643775667451822,0.0,0.5951235524363989,0.5932256342934489,0.7186469904720656,0.3954214892772862,0.2448756437595242,0.39686620016695356,0.4794575208398867,0.4560844535523808,0.2397013044136022,0.5002505720997867,0.44856593435123177,0.5229030491845048,0.439351428750473,0.23192351905667968,0.38060031985404247,0.5565017231912093,0.8494785350734451,0.5466714492434273,0.5778688562567251,1.6677696423371349,0.7054655648899457,0.5179840933194552,0.47200887655613305,0.5542539988460113,0.32937313902252097,0.47603539088265034,0.5299747287701667,0.3929670670364003,0.30437097839115673,0.511294426628678,0.4121862660911142,0.1730972187047665,0.21771131306598698,0.017312397715544818,1e-09,0.0,0.1368806756554066,0.43745786156884325,0.2884416383248428,0.09176633699505662,0.5114082672122529,0.13745938151683085,0.11398601303314168,0.06463076549034265,0.14258423361945952,0.06127565798508201,0.012978787451866607,0.0,0.0,0.0,0.0,0.910089415068874,0.700508593734899,0.6415419419431811,0.19846189410745152,0.3729763311780357,0.4256483384641424
r2652,0.28554642491652577,0.27683166762845285,0.27353990555439783,0.21669258605922198,0.20971159166496073,0.21388726995306892,0.04745201086266479,0.08282571897946037,0.09218103403312314,0.0,0.0,0.0,0.0,0.0,0.0,0.04712490884190247,0.041026512500405767,0.11064313190573985,0.0,0.0,0.0,0.0,0.0,0.0,0.0,0.0,0.0,0.0,0.0,0.0,0.007144492154430288,0.1576528633509515,0.0,0.01736392204831903,0.4709246939669746,0.08709286584472858,0.0,0.0,0.0016722110424242504,0.0,0.0,0.0,0.0,0.0,0.0,0.0,0.0,0.0,0.0,1e-09,0.0,0.0,0.0,0.0,0.0,0.0,0.0,0.0,0.0,0.0,0.0,0.0,0.0,0.0,0.0,0.0,0.18756614417302359,0.09326356448270658,0.05416490973033954,0.0,0.0,0.0
r2673,1.4250633748183308,1.3295699502743232,1.2789373376729907,2.173935354660919,2.1248620658890225,2.3475987248209873,2.21006025553269,2.2517501914498004,2.0852349598831132,2.835874493254989,2.3122261881649897,2.3410977821083043,2.958269996912668,2.455568523597209,3.3038438060368045,1.7287494255667328,2.0620949682225325,2.035279561443323,1.873592231159066,2.2929094168294317,2.116701674735044,2.1102362663555927,1.7952193676547972,2.1946160049895806,2.544442962446309,1.9136010218004782,2.4351262388755064,2.07407446420765,2.738162625045282,1.2965262806090785,2.4372173215867368,2.9425179122063216,2.669830984482357,2.8570167967501923,3.2756886597693264,2.652155146628953,2.514144136540475,2.64001572241893,2.4211724788321596,2.6107808044618386,2.522179294865464,2.6065813830867475,2.5697063823056885,2.353833628753528,2.336390377364926,2.640400306895695,2.81257308289091,2.929275016907719,2.107247317336104,2.2905585428959356,2.8989282057091557,3.0759809379834495,2.4760669942231623,2.420789714604069,2.9962407037311505,2.1689163660602664,2.2569770542019905,2.3118423129517365,3.0361469091871247,2.940211321959089,2.345461209094406,2.9803394632185993,2.5715092926513434,2.8923054173053555,2.9620508049785226,2.8741547737821556,2.4307711594435735,2.2734732954131935,2.704024680242013,2.6185125281707755,1.8760602316510213,2.4208071304018652
r2683,0.039031805538022143,0.03763190591553852,0.03683791956399618,0.042659540070915145,0.04178930496262421,0.0442223767733876,0.03855824429032515,0.040037456588044765,0.03819168523244747,0.038052902842135555,0.03585652831682888,0.03295197186907537,0.037469363809950265,0.032312388286525134,0.03780386336335997,0.03240590906700567,0.03710733308962774,0.03804518588451284,0.030060408037465874,0.03146394121103865,0.031646418438648766,0.03455716869286738,0.031662007637637504,0.03030587579353842,0.03903751186662442,0.03223176455540024,0.038415683135960395,0.03276815901688845,0.0377528651779842,0.02652032853634024,0.039176699375118876,0.0446481219815511,0.041473645907375685,0.04380659197349727,0.04828671396294683,0.044602774111017644,0.0391137637047856,0.039230954636358346,0.03634750707892843,0.03844125278143472,0.03711443259658856,0.04032144789710305,0.03789870137052522,0.033867284220961455,0.03707281091126883,0.0387125090221096,0.03693990190852351,0.0399897515260851,0.024299946442762992,0.025633163075205828,0.03343586429747043,0.03856037407445301,0.03668984263177576,0.03445845689032065,0.03672720907458703,0.0359060689098791,0.028433903450068552,0.028557984915782462,0.036985788299008684,0.038037246100424596,0.028183647199410015,0.03561064807937045,0.029902356253348115,0.03389179672714838,0.03153427112266269,0.029792783338521485,0.04465009797911645,0.04069546511414402,0.04330313560018859,0.03486168516525568,0.030178117227054716,0.03543297723594901
r2684r,0.039031805538022143,0.03763190591553852,0.03683791956399618,0.042659540070915145,0.04178930496262421,0.0442223767733876,0.03855824429032515,0.040037456588044765,0.03819168523244747,0.038052902842135555,0.03585652831682888,0.03295197186907537,0.037469363809950265,0.032312388286525134,0.03780386336335997,0.03240590906700567,0.03710733308962774,0.03804518588451284,0.030060408037465874,0.03146394121103865,0.031646418438648766,0.03455716869286738,0.031662007637637504,0.03030587579353842,0.03903751186662442,0.03223176455540024,0.038415683135960395,0.03276815901688845,0.0377528651779842,0.02652032853634024,0.039176699375118876,0.0446481219815511,0.041473645907375685,0.04380659197349727,0.04828671396294683,0.044602774111017644,0.0391137637047856,0.039230954636358346,0.03634750707892843,0.03844125278143472,0.03711443259658856,0.04032144789710305,0.03789870137052522,0.033867284220961455,0.03707281091126883,0.0387125090221096,0.03693990190852351,0.0399897515260851,0.024299946442762992,0.025633163075205828,0.03343586429747043,0.03856037407445301,0.03668984263177576,0.03445845689032065,0.03672720907458703,0.0359060689098791,0.028433903450068552,0.028557984915782462,0.036985788299008684,0.038037246100424596,0.028183647199410015,0.03561064807937045,0.029902356253348115,0.03389179672714838,0.03153427112266269,0.029792783338521485,0.04465009797911645,0.04069546511414402,0.04330313560018859,0.03486168516525568,0.030178117227054716,0.03543297723594901
r2696,0.04220951013635574,0.04069564019130433,0.039837012861833034,0.04613259018421545,0.04519150644191619,0.047822662440038195,0.041697394747141174,0.043297034466948554,0.0413009929395438,0.04115091182928329,0.03877572340253077,0.03563469768944555,0.04051986501106755,0.034943043554091696,0.04088159724701293,0.035044178161554515,0.040128360207523694,0.04114256660936565,0.032507722363096736,0.03402552167829678,0.034222854962839826,0.03737057874005935,0.03423971332856651,0.032773174437251994,0.042215681035489394,0.03485585598617783,0.04154322723151476,0.035435920042840956,0.04082644713563882,0.028679433624552268,0.042366200245904276,0.04828306893243007,0.0448501485695737,0.047373027264734364,0.05221789036853236,0.048234029146169616,0.04229814078059763,0.042424872602144816,0.03930667432191338,0.04157087858391711,0.04013603770813877,0.04360414642021589,0.040984156320813744,0.03662452855845908,0.04009102746779302,0.0418642186659987,0.0399472979164371,0.043245445582740266,0.02627828309632126,0.027720041175030574,0.03615798535394652,0.041699697923832435,0.03967688051116764,0.03726383049275843,0.039717289076051106,0.03882929725430858,0.030748798815435113,0.03088298215162957,0.039996920065287433,0.04113398042196454,0.030478168399976423,0.038509825265555755,0.032336803075817315,0.036651036706470755,0.03410157737381648,0.03221830947821678,0.048285205802301036,0.04400861357965806,0.0468285828917554,0.037699886876098314,0.032635014635708934,0.03831768966836882
r2709,7.69406199826092e-06,7.418109750132436e-06,7.261596872228572e-06,8.409171484603305e-06,8.237628232018403e-06,8.717242359527788e-06,7.6007122402999406e-06,7.892298831551987e-06,7.528455062379037e-06,7.501097877626552e-06,7.068142201193685e-06,6.4955876632106985e-06,7.386068981828604e-06,6.369511104123067e-06,7.452006497832517e-06,6.387946189900538e-06,7.314704442857353e-06,7.499576688699501e-06,5.925594267167057e-06,6.202262771358214e-06,6.238233208368496e-06,6.812008687332586e-06,6.241306196201608e-06,5.973981578688076e-06,7.69518684620078e-06,6.353618321884188e-06,7.572610174686868e-06,6.459353944034536e-06,7.441953588553242e-06,5.227763593310571e-06,7.722623889016966e-06,8.801166481968948e-06,8.175404609310795e-06,8.635281661471574e-06,9.51841621985162e-06,8.792227379035734e-06,7.71021782829875e-06,7.733318842477464e-06,7.164925349791393e-06,7.577650536895103e-06,7.3161039181304195e-06,7.948280016863367e-06,7.470701239130356e-06,6.676016671966782e-06,7.307899331565492e-06,7.631121348823973e-06,7.2816999258973795e-06,7.882895072251358e-06,4.79007547582982e-06,5.052882980779477e-06,6.590973933285596e-06,7.6011320694853085e-06,7.232407520587988e-06,6.792550332324775e-06,7.239773301485938e-06,7.077907785672931e-06,5.604972995273801e-06,5.629432291401108e-06,7.2907451834355024e-06,7.498011575577379e-06,5.5556417618994355e-06,7.019673580153099e-06,5.894438643972704e-06,6.680848647831986e-06,6.216126406230049e-06,5.872839315210293e-06,8.801555996303902e-06,8.022007368613134e-06,8.536038890191546e-06,6.872035851993593e-06,5.948797441859533e-06,6.984650591446205e-06
r2813,0.0,0.0,0.0,0.0,0.0,0.01707853595683735,0.0,0.0,0.0,0.08295182327300947,0.012807254871953097,0.0,0.030413612151385737,0.003464624492217251,0.12889466714284392,0.0,0.0,0.0,0.0,0.0,0.0,0.0,0.0,0.0,0.0541309862074595,0.0,0.029783682857188937,0.0,0.06470598566521221,0.0,0.026009474049642094,0.20066245630140594,0.08223928545556228,0.12152881191083824,0.35238443064041197,0.07306377907500161,0.04788174523710087,0.077342747283898,0.041689626169999355,0.04546458795010775,0.05831569587982197,0.07065532162968303,0.05084209088903883,0.00033982731544243894,0.0017581152474065859,0.062587082638888,0.07080653505870013,0.08442714350122302,0.0,1e-09,0.0,0.07081979250349847,0.029334545747637834,0.0,0.03434212191267886,0.0,0.0,0.0,0.02206738684879186,0.0799929640345117,0.0,0.014932607554007465,0.0,0.0,0.0,0.0,0.029222550989001155,0.0,0.08695580459888663,0.03858492243394424,0.0,0.031178120984827203
r2818,0.15753657033634835,0.15188642473287345,0.14868181030440647,0.0,0.0,0.0,0.0,0.0,0.0,0.0,0.0,0.0,0.0,0.0,0.0,0.0,0.0,0.0,0.0,0.0,0.0,0.0,0.0,0.0,0.0,0.0,0.0,0.0,0.0,0.0,0.0,0.0,0.0,0.0,0.0,0.0,0.0,0.0,0.0,0.0,0.0,0.0,0.0,0.0,0.0,0.0,0.0,0.0,0.0,1e-09,0.0,0.0,0.0,0.0,0.0,0.0,0.0,0.0,0.0,0.0,0.0,0.0,0.0,0.0,0.0,0.0,0.0,0.0,0.0,0.0,0.0,0.0
r2819,0.15753657033634835,0.15188642473287345,0.14868181030440647,0.0,0.0,0.0,0.0,0.0,0.0,0.0,0.0,0.0,0.0,0.0,0.0,0.0,0.0,0.0,0.0,0.0,0.0,0.0,0.0,0.0,0.0,0.0,0.0,0.0,0.0,0.0,0.0,0.0,0.0,0.0,0.0,0.0,0.0,0.0,0.0,0.0,0.0,0.0,0.0,0.0,0.0,0.0,0.0,0.0,0.0,1e-09,0.0,0.0,0.0,0.0,0.0,0.0,0.0,0.0,0.0,0.0,0.0,0.0,0.0,0.0,0.0,0.0,0.0,0.0,0.0,0.0,0.0,0.0
r2820,0.15753657033634835,0.15188642473287345,0.14868181030440647,0.0,0.0,0.0,0.0,0.0,0.0,0.0,0.0,0.0,0.0,0.0,0.0,0.0,0.0,0.0,0.0,0.0,0.0,0.0,0.0,0.0,0.0,0.0,0.0,0.0,0.0,0.0,0.0,0.0,0.0,0.0,0.0,0.0,0.0,0.0,0.0,0.0,0.0,0.0,0.0,0.0,0.0,0.0,0.0,0.0,0.0,1e-09,0.0,0.0,0.0,0.0,0.0,0.0,0.0,0.0,0.0,0.0,0.0,0.0,0.0,0.0,0.0,0.0,0.0,0.0,0.0,0.0,0.0,0.0
r2821,0.15753657033634835,0.15188642473287345,0.14868181030440647,0.0,0.0,0.0,0.0,0.0,0.0,0.0,0.0,0.0,0.0,0.0,0.0,0.0,0.0,0.0,0.0,0.0,0.0,0.0,0.0,0.0,0.0,0.0,0.0,0.0,0.0,0.0,0.0,0.0,0.0,0.0,0.0,0.0,0.0,0.0,0.0,0.0,0.0,0.0,0.0,0.0,0.0,0.0,0.0,0.0,0.0,1e-09,0.0,0.0,0.0,0.0,0.0,0.0,0.0,0.0,0.0,0.0,0.0,0.0,0.0,0.0,0.0,0.0,0.0,0.0,0.0,0.0,0.0,0.0
r2832,0.0,0.0,0.0,0.0,0.0,0.0,0.0,0.0,0.0,0.0,0.0,0.0,0.0,0.0,0.0,0.0,0.0,0.0,0.0,0.0,0.0,0.0,0.0,0.0,0.0,0.0,0.0,0.0,0.0,0.0,0.0,0.0,0.0,0.0,0.020764912603263453,0.0,0.0,0.0,0.0,0.0,0.0,0.0,0.0,0.0,0.0,0.0,0.0,0.0,0.0,0.006499267111549713,0.0,0.0,0.0,0.0,0.0,0.0,0.0,0.0,0.0,0.0,0.0,0.0,0.0,0.0,0.06868638801534308,0.09424351464094392,0.0,0.0,0.0,0.0,0.0,0.0
r2833,0.0,0.0,0.0,0.0,0.0,0.0,0.0,0.0,0.0,0.0,0.0,0.0,0.0,0.0,0.0,0.0,0.0,0.0,0.0,0.0,0.0,0.0,0.0,0.0,0.0,0.0,0.0,0.0,0.0,0.0,0.0,0.0,0.0,0.0,0.020764912603263453,0.0,0.0,0.0,0.0,0.0,0.0,0.0,0.0,0.0,0.0,0.0,0.0,0.0,0.0,0.006499267111549713,0.0,0.0,0.0,0.0,0.0,0.0,0.0,0.0,0.0,0.0,0.0,0.0,0.0,0.0,0.06868638801534308,0.09424351464094392,0.0,0.0,0.0,0.0,0.0,0.0
r2834,0.0,0.0,0.0,0.00965657982598328,0.011453972360230687,0.0,0.024183532311452812,0.023746993959276128,0.030214599714864336,0.0,0.0,0.0,0.0,0.0,0.0,0.04650723490549888,0.04007519498986261,0.029779667385006824,0.0013163532326726933,0.0,0.0,0.0,0.03764627994197822,0.0,0.0,0.017605010844904435,0.0,0.0,0.0,0.09239199067059159,0.0,0.0,0.0,0.0,0.0,0.0,0.0,0.0,0.0,0.0,0.0,0.0,0.0,0.0,0.0,0.0,0.0,0.0,0.0,1e-09,0.0,0.0,0.0,0.0,0.0,0.010119025486271497,0.0,0.0,0.0,0.0,0.0,0.0,0.0,0.0,0.0,0.0,0.0033858134038155835,0.02313183257321621,0.0,0.0,0.0028686434300391568,0.0
r2846,0.3799967216458382,0.36139290240204375,0.35595912655586387,0.21322200010014383,0.19989447909023964,0.1944444059990097,0.0,0.0,0.0,0.0,0.0,0.0,0.0,0.0,0.0,0.0,0.0,0.0,0.0,0.0,0.0,0.0,0.0,0.0,0.0,0.0,0.0,0.0,0.0,0.0,0.0,0.012246154827479046,0.0,0.0,0.7881844166651952,0.0,0.0,0.0,0.0,0.0,0.0,0.0,0.0,0.0,0.0,0.0,0.0,0.0,0.0,1e-09,0.0,0.0,0.0,0.0,0.0,0.0,0.0,0.0,0.0,0.0,0.0,0.0,0.0,0.0,0.0,0.0,0.10522780651972115,0.0,0.0,0.0,0.0,0.0
BAPAT,0.0,0.0,0.0,2.0403967119703603,2.0992987662767515,2.162892042976352,3.3785827158422728,3.0906279721483245,2.9581566076442236,5.73720926327432,4.601273452264058,5.63376731547875,6.693995801482352,6.37158469051489,7.275316463362509,3.105170331639431,3.110678239953244,2.746423813734153,4.5862084749818255,5.970159482175854,5.187654345688584,4.2271301823841085,3.8252491299203815,5.865674427512177,4.368487327398385,4.100207376390329,4.238821582091564,4.639857732754045,5.597457893084811,3.379668088462689,3.9106640961128822,3.588145840018832,4.0646495658181125,3.836661155397688,3.134414567929638,3.013030048760787,4.286191879826884,4.607029681936677,4.40364509640517,4.914653994595837,4.765274347904403,4.218199707741621,4.869720777764033,5.455121872320107,4.154947761651799,4.724880923027126,5.8875644586977876,5.298907978680556,7.027961683204534,7.689920599876013,7.655245908189706,6.268666826895259,4.730006210333906,5.328308211890789,6.756309605003387,3.8819969185639405,6.583549273707843,6.785201925787749,7.0826274146352,6.12375528506308,7.021447043289511,7.2378774178584635,7.422561714222581,7.5288288463128925,8.476370928557829,8.722218518503253,2.30932578407414,3.0061620795082864,3.5417031802793013,5.9597782834364565,4.421721631341132,5.023040655115998
HPDH,0.0,0.0,0.0,2.0403967119703603,2.0992987662767515,2.162892042976352,3.3785827158422728,3.0906279721483245,2.9581566076442236,5.73720926327432,4.601273452264058,5.63376731547875,6.693995801482352,6.37158469051489,7.275316463362509,3.105170331639431,3.110678239953244,2.746423813734153,4.5862084749818255,5.970159482175854,5.187654345688584,4.2271301823841085,3.8252491299203815,5.865674427512177,4.368487327398385,4.100207376390329,4.238821582091564,4.639857732754045,5.597457893084811,3.379668088462689,3.9106640961128822,3.588145840018832,4.0646495658181125,3.836661155397688,3.134414567929638,3.013030048760787,4.286191879826884,4.607029681936677,4.40364509640517,4.914653994595837,4.765274347904403,4.218199707741621,4.869720777764033,5.455121872320107,4.154947761651799,4.724880923027126,5.8875644586977876,5.298907978680556,7.027961683204534,7.689920599876013,7.655245908189706,6.268666826895259,4.730006210333906,5.328308211890789,6.756309605003387,3.8819969185639405,6.583549273707843,6.785201925787749,7.0826274146352,6.12375528506308,7.021447043289511,7.2378774178584635,7.422561714222581,7.5288288463128925,8.476370928557829,8.722218518503253,2.30932578407414,3.0061620795082864,3.5417031802793013,5.9597782834364565,4.421721631341132,5.023040655115998
3HPPtr,-0.0,-0.0,-0.0,2.0403967119703603,2.0992987662767515,2.162892042976352,3.3785827158422728,3.0906279721483245,2.9581566076442236,5.73720926327432,4.601273452264058,5.63376731547875,6.693995801482352,6.37158469051489,7.275316463362509,3.105170331639431,3.110678239953244,2.746423813734153,4.5862084749818255,5.970159482175854,5.187654345688584,4.2271301823841085,3.8252491299203815,5.865674427512177,4.368487327398385,4.100207376390329,4.238821582091564,4.639857732754045,5.597457893084811,3.379668088462689,3.9106640961128822,3.588145840018832,4.0646495658181125,3.836661155397688,3.134414567929638,3.013030048760787,4.286191879826884,4.607029681936677,4.40364509640517,4.914653994595837,4.765274347904403,4.218199707741621,4.869720777764033,5.455121872320107,4.154947761651799,4.724880923027126,5.8875644586977876,5.298907978680556,7.027961683204534,7.689920599876013,7.655245908189706,6.268666826895259,4.730006210333906,5.328308211890789,6.756309605003387,3.8819969185639405,6.583549273707843,6.785201925787749,7.0826274146352,6.12375528506308,7.021447043289511,7.2378774178584635,7.422561714222581,7.5288288463128925,8.476370928557829,8.722218518503253,2.30932578407414,3.0061620795082864,3.5417031802793013,5.9597782834364565,4.421721631341132,5.023040655115998
EX_3hpp_e,0.0,0.0,0.0,2.0403967119703603,2.0992987662767515,2.162892042976352,3.3785827158422728,3.0906279721483245,2.9581566076442236,5.73720926327432,4.601273452264058,5.63376731547875,6.693995801482352,6.37158469051489,7.275316463362509,3.105170331639431,3.110678239953244,2.746423813734153,4.5862084749818255,5.970159482175854,5.187654345688584,4.2271301823841085,3.8252491299203815,5.865674427512177,4.368487327398385,4.100207376390329,4.238821582091564,4.639857732754045,5.597457893084811,3.379668088462689,3.9106640961128822,3.588145840018832,4.0646495658181125,3.836661155397688,3.134414567929638,3.013030048760787,4.286191879826884,4.607029681936677,4.40364509640517,4.914653994595837,4.765274347904403,4.218199707741621,4.869720777764033,5.455121872320107,4.154947761651799,4.724880923027126,5.8875644586977876,5.298907978680556,7.027961683204534,7.689920599876013,7.655245908189706,6.268666826895259,4.730006210333906,5.328308211890789,6.756309605003387,3.8819969185639405,6.583549273707843,6.785201925787749,7.0826274146352,6.12375528506308,7.021447043289511,7.2378774178584635,7.422561714222581,7.5288288463128925,8.476370928557829,8.722218518503253,2.30932578407414,3.0061620795082864,3.5417031802793013,5.9597782834364565,4.421721631341132,5.023040655115998
r1273r,0.0,0.0,0.0,0.0,0.0,0.0,0.0,0.0,0.0,0.0,0.0,0.0,0.0,0.0,0.0,0.0,0.0,0.0,0.0,0.0,0.0,0.0,0.0,0.0,0.0,0.0,0.0,0.0,0.0,0.3157189549785344,0.0,0.0,0.0,0.0,0.0,0.0,0.0,0.0,0.0,0.0,0.0,0.0,0.0,0.0,0.0,0.0,0.0,0.0,0.0,1e-09,0.0,0.0,0.0,0.0,0.0,0.0,0.0,0.0,0.0,0.0,0.0,0.0,0.0,0.0,0.0,0.0,0.0,0.0,0.0,0.0,0.0,0.0
r35r,0.026281219749012496,0.03980076603098102,0.042324909777698524,0.12927731894422637,0.13395285603194665,0.09630356038092408,0.1735181463716749,0.17517242717476122,0.1948254680978488,0.0,0.0,0.0,0.0,0.0,0.0,0.24183386345613664,0.22859492971329834,0.19290835285015082,0.07097282411413715,0.0,0.0,0.07023879402947591,0.20770678300579826,0.0,0.0,0.13547584691411402,0.0,0.0022601786919900593,0.0,0.39712708711712985,0.03530547231169445,0.0,0.0,0.0,0.0,0.08669874238334027,0.0,0.0,0.0,0.0,0.0,0.0,0.0,0.0,0.02132045117131,0.0,0.0,0.0,0.0,1e-09,0.0,0.0,0.0,0.0,0.0,0.11611232890589138,0.0,0.0,0.0,0.0,0.0,0.0,0.0,0.0,0.0,0.0,0.11066461670025163,0.17436474528613605,0.013563366551534574,0.0,0.07692356713606992,0.0
r39r,0.00020745470869385006,0.00020001421844801536,0.00019579416751786674,0.00022673617928856322,0.0002221108649225703,0.00023504268287911963,0.00020493772262734656,0.00021279976108777218,0.00020298945501525696,0.0,0.00019057805638774092,0.0,0.0,0.0,0.0,0.00017223795652768865,0.00019722610497778346,0.00020221080849530516,0.00015977157875917103,0.0,0.00016820125095156545,0.0001836719379399305,0.00016828410780869518,0.0,0.00020748503792719143,0.00017131237549376636,0.00020418000767303857,0.00017416332115767193,0.0,0.0001409559961455591,0.00020822482189645749,0.0,0.0002204331316880837,0.00023283277961301136,0.0,0.0002370645011828895,0.00020789031774079596,0.0002085131895305035,0.00019318761683881984,0.0,0.00019726383897773875,0.00021430917971394564,0.00020143224081803335,0.0,0.0001970426190140622,0.00020575764229421674,0.0,0.0,0.0,1e-09,0.0,0.0,0.00019500713611066882,0.0,0.0,0.00019084136548036643,0.0,0.0,0.0,0.0,0.0,0.0,0.0,0.0,0.0,0.0,0.0002373160283447867,0.00021629708756853194,0.0002301569004466461,0.0,0.0001603972050990274,0.00018832687520640138
r43r,0.0,0.0,0.0,0.0,0.0,0.0,0.0,0.0,0.0,0.0,0.0,0.0,0.1358002306170451,0.0,0.24799863389301455,0.0,0.0,0.0,0.0,0.0,0.0,0.0,0.0,0.0,0.0,0.0,0.0,0.0,0.0,0.0,0.0,0.0,0.0,0.0,0.8596872609589236,0.0,0.0,0.0,0.0,0.0,0.0,0.0,0.0,0.0,0.0,0.0,0.0,0.0,0.004490991736799456,0.2659636122663472,0.42543784525774564,0.023516471358125124,0.0,0.0,0.1512996273026945,0.0,0.0,0.0,0.2461472157052659,0.0,0.04212523689311896,0.29394859494987097,0.24014966906956206,0.36426326028477496,0.7451819939554799,0.8018636342613438,0.0,0.0,0.0,0.0,0.0,0.0
r45ar,1.1345577066837775,1.136425838397089,1.1299240547009823,0.9639178386594642,0.9652898573195573,0.954799899457534,1.0584132899262428,1.05852275350387,1.055941039042297,0.3321241338368621,0.8603229821921595,0.6116698705901438,0.0,0.21140905239385954,0.0,1.0702678662401615,1.094798034843821,1.0427840016197647,0.8992370949052724,0.4867599424862891,0.7666972682064712,0.9424452579972015,1.050947404578216,0.5585917478335158,0.8547613778496801,0.9895117953262738,0.9051938816370729,0.8761169953538306,0.44541263049933644,1.1767095990512675,0.9385133906213451,0.5492813859885588,0.86992004693972,0.8415391794260064,0.0,0.9975510930503521,0.8824353555149592,0.7899724422633603,0.8699997625806762,0.779456713064489,0.7839707034418695,0.8671414533189318,0.7797453438743813,0.6933171750937444,0.9148291138100285,0.7775058481328971,0.27902379277326544,0.4546199142137809,0.09653515844474049,1e-09,0.0,0.0,0.780933414057592,0.7056396477405465,0.0,0.9952406279094594,0.2207661708942368,0.10942107527963152,0.0,0.14420670216656156,0.006688365324816655,0.0,0.0,0.0,0.0,0.0,0.9859601699550691,1.065249297789743,0.9323563155384719,0.34829300831852034,0.9099176923379264,0.7412912595297642
r113ar,0.7434734613297703,0.7465246468228816,0.7427288074833787,0.6883465544658869,0.6867977277939389,0.6757190185785513,0.7197617154953595,0.7194026518798778,0.7223459891799443,0.23386336548307862,0.6133909136657112,0.46283262415812754,0.0,0.19764285114791327,0.0,0.7301186139873822,0.7511399144309648,0.7231730643997151,0.6564860457445515,0.39286364579994415,0.5852946691708417,0.6692668457043253,0.7370500757780231,0.45813377837025454,0.6135678215362843,0.6996650306057378,0.639844997166693,0.6358869507818499,0.32544306816347623,0.832567591857318,0.6616898910477422,0.45839122004196503,0.6286001110276626,0.615850063606812,0.0,0.7059291511863063,0.6269570904727542,0.5783592883708375,0.5842636149789984,0.5672014358271152,0.5640561881586817,0.6206796103254074,0.5711250123548682,0.5166604938793619,0.6481550868241209,0.5707805538351174,0.20030855697466637,0.3291004219163912,0.19920775626623383,1e-09,0.0,0.0,0.5858514169553322,0.5321318207416088,0.0,0.697345846422879,0.2552303401941755,0.17888281769301703,0.0,0.0957772940529965,0.1156878794355581,0.0,0.0,0.0,0.0,0.0,0.6955207813592852,0.7302652799337773,0.6570798759448326,0.26577230870261986,0.6690622919289292,0.5586698532136826
r118ar,0.0,0.0,0.0,0.0,0.0,0.0,0.0,0.0,0.0,0.0,0.0,0.0,0.11470891930585424,0.0,0.253934410416355,0.0,0.0,0.0,0.0,0.0,0.0,0.0,0.0,0.0,0.0,0.0,0.0,0.0,0.0,0.0,0.0,0.0,0.0,0.0,1.1361807899716838,0.0,0.0,0.0,0.0,0.0,0.0,0.0,0.0,0.0,0.0,0.0,0.0,0.0,0.0,0.027798740345460673,0.261094107849571,0.03821790741924702,0.0,0.0,0.13120476082250498,0.0,0.0,0.0,0.18524082009412465,0.0,0.0,0.20292987635271678,0.09281421355628745,0.22422149806849545,0.4703291268521719,0.4997466529001924,0.0,0.0,0.0,0.0,0.0,0.0
r124r,2.0640737697362863,2.1457206999778613,2.1770883088166464,1.4372742557847407,1.4658088013705983,1.1889542253242176,1.0761032700526383,1.0877845217782354,1.3380161586888577,0.010285569207266334,0.6788135716725366,0.4546018357405695,0.0,0.2133115667221955,0.0,1.75542389280921,1.3520047595507712,1.4420700173752057,1.20618352543507,0.44737706966099255,0.7567720598175819,1.0144605395076145,1.4959431947242119,0.587657049080624,0.5312785985465192,1.3070791077925907,0.677069493242404,0.959161064337382,0.12606651337944422,2.197315654985129,0.7628921522979578,0.15351718918570054,0.4617725755397253,0.3286699915487835,0.0,0.687766992391815,0.5816859409884333,0.3709520906692126,0.6674614175607463,0.3570955543350198,0.4521895923845515,0.4841215825019347,0.393423896833698,0.47946520461004427,0.8244367438711347,0.3827493257001812,0.0504010573346245,0.07812161496759677,0.5288185024059046,0.20298115744032094,0.0,0.0,0.5694791029061632,0.5194892547851272,0.0,1.1090991231543466,0.49642522102964304,0.4084202513618821,0.0,0.0,0.3186001958805913,0.0,0.000862227805725329,0.0,0.0,0.0,1.0883423345001175,1.1423447465364742,0.5635128276554326,0.19809283479263726,1.3041467729677858,0.4939608761042343
r127r,0.8695599090035993,0.9275386005972336,0.9559497018654362,0.05104500286887241,0.06225005074902602,0.0,0.0,0.0,0.0,0.0,0.0,0.0,0.0,0.0,0.0,0.13552828143408552,0.0,0.006000183705316855,0.0,0.0,0.0,0.0,0.0,0.0,0.0,0.0,0.0,0.0,0.0,0.3199630142339138,0.0,0.0,0.0,0.0,0.0,0.0,0.0,0.0,0.0,0.0,0.0,0.0,0.0,0.0,0.0,0.0,0.0,0.0,0.0,1e-09,0.0,0.0,0.0,0.0,0.0,0.0,0.0,0.0,0.0,0.0,0.0,0.0,0.0,0.0,0.0,0.0,0.0,0.0,0.0,0.0,0.0,0.0
r129r,0.0,0.0,0.0,0.0,0.0,0.0,0.0011398073116811736,0.0,0.0,0.001124869082823823,0.001059942793019689,0.0009740821752121075,0.0011076192814447408,0.0009551756596993945,0.001117507310418815,0.0,0.0,0.0,0.000888605627767673,0.0009300950006078583,0.0009354891486576987,0.0010215328594983997,0.0009359499757342594,0.0008958618176772224,0.0011539747795670937,0.0009527923686569161,0.0011355931092688093,0.0009686485452126997,0.001115999770186186,0.0007839585263868701,0.0011580892547666782,0.001319828141142083,0.0012259885198965018,0.0012949519551582738,0.0014273873368719312,0.0013184876279690235,0.0011562288345496525,0.0011596930763253539,0.0010744564513364184,0.0011363489649723363,0.0010971272790317578,0.0011919287814206908,0.0011203107849021494,0.0010011394162861668,0.0010958969143685477,0.0011443674796156613,0.001091968035969022,0.0011821236163800687,0.0007183225569186845,0.0007577333260987297,0.0009883863567979473,0.0011398702695145512,0.0010845761176584985,0.0010186148730504353,0.0010856806945268628,0.0010614072458552375,0.0008405250718367381,0.0008441930023783522,0.0010933244681496496,0.0011244062591398351,0.0008331273308466233,0.0010526744098863549,0.0008839335120507688,0.0010018640222502673,0.0009321739995087341,0.0008806944639100508,0.0,0.0,0.0012800694503666465,0.0010305345686823903,0.0008920851895945547,0.0010474223417454595
r175r,0.0,0.0,0.0,0.0,0.0,0.0,0.0,0.0,0.0,0.0,0.0,0.0,0.0,0.0,0.02674125704523808,0.0,0.0,0.0,0.0,0.0,0.0,0.0,0.0,0.0,0.0,0.0,0.0,0.0,0.0,0.0,0.0,0.0,0.0,0.0,0.0,0.0,0.0,0.0,0.0,0.0,0.0,0.0,0.0,0.0,0.0,0.0,0.0,0.0,0.0,1e-09,0.0,0.0,0.0,0.0,0.0,0.0,0.0,0.0,0.0,0.0,0.0,0.0,0.0,0.0,0.022306345828205915,0.021074472460416774,0.0,0.0,0.0,0.0,0.0,0.0
r177r,1.0626762470049669,1.1624305350143163,1.2129759317784128,0.2131784961756921,0.24796043728581343,0.07069347242583585,0.09058101411315918,0.06750390268144352,0.25131372852352685,0.0,0.0,0.0,0.0,0.0,0.0,0.6067834430630019,0.28120903803168623,0.3136628946867946,0.3482082969189547,0.0,0.06700388152299305,0.13778403773910144,0.4798995684815154,0.014046135722326878,0.0,0.35674240267515633,0.0,0.1506079931903762,0.0,0.9814059197177493,0.0,0.0,0.0,0.0,0.0,0.0,0.0,0.0,0.0,0.0,0.0,0.0,0.0,0.0,0.0,0.0,0.0,0.0,0.1107497755693561,1e-09,0.0,0.0,0.0,0.0,0.0,0.1631932878827314,0.007233780119953901,0.0,0.0,0.0,0.0,0.0,0.0,0.0,0.0,0.0,0.02813997199507172,0.0881595071922952,0.0,0.0,0.39874999909659914,0.0
r178r,0.0,0.0,0.0,0.0,0.0,0.0,0.0,0.0,0.0,0.05880180377021143,0.0,0.0,0.0744315959363582,0.0,0.20355099886380815,0.0,0.0,0.0,0.0,0.0,0.0,0.0,0.0,0.0,0.0,0.0,0.0,0.0,0.016280370243020023,0.0,0.0,0.0,0.0,0.0,0.0,0.0,0.0,0.0,0.0,0.0,0.0,0.0,0.0,0.0,0.0,0.0,0.049575801236348103,0.022413395693868816,0.0,0.020664154367913697,0.15980597305784436,0.07807133553835467,0.0,0.0,0.08241819124246144,0.0,0.0,0.0,0.09179415798649626,0.0948064558053641,0.0,0.10693503357013583,0.1092151871675365,0.14338466475228562,0.1697930268069203,0.16041616564953312,0.0,0.0,0.0,0.0029113146709243117,0.0,0.0
r258r,0.12360885384724653,0.1276087360139401,0.12859548619603173,0.0,0.0,0.0,0.0,0.0,0.0,0.0,0.0,0.0,0.0,0.0,0.0,0.0,0.0,0.0,0.0,0.0,0.0,0.0,0.0,0.0,0.0,0.0,0.0,0.0,0.0,0.0,0.0,0.0,0.0,0.0,0.0,0.0,0.0,0.0,0.0,0.0,0.0,0.0,0.0,0.0,0.0,0.0,0.0,0.0,0.0,1e-09,0.0,0.0,0.0,0.0,0.0,0.0,0.0,0.0,0.0,0.0,0.0,0.0,0.0,0.0,0.0,0.0,0.0,0.0,0.0,0.0,0.0,0.0
r293r,0.0,0.0,0.0,0.0032188599419944275,0.003817990786743563,0.0,0.008061177437150938,0.007915664653092043,0.010071533238288116,0.0,0.0,0.0,0.0,0.0,0.0,0.015502411635166293,0.013358398329954207,0.009926555795002276,0.0004387844108908979,0.0,0.0,0.0,0.012548759980659411,0.0,0.0,0.00586833694830148,0.0,0.0,0.0,0.03079733022353053,0.0,0.0,0.0,0.0,0.0,0.0,0.0,0.0,0.0,0.0,0.0,0.0,0.0,0.0,0.0,0.0,0.0,0.0,0.0,1e-09,0.0,0.0,0.0,0.0,0.0,0.003373008495423833,0.0,0.0,0.0,0.0,0.0,0.0,0.0,0.0,0.0,0.0,0.0011286044678991667,0.007710610857800118,0.0,0.0,0.0009562144766797191,0.0
r294r,0.0054187290045112245,0.003909643119597818,0.003521346306130886,0.0,0.0,9.138466421955015e-05,0.0,0.0,0.0,0.030223766396487727,0.010448803808183927,0.02617231868502247,0.029760286712292094,0.025664325250980922,0.030025965165363756,0.0,0.0,0.0,0.0,0.02499044062460795,0.0170395785033002,0.000527478569611103,0.0,0.02407063960993399,0.01338274184374805,0.0,0.00794034745352111,0.006349478808398829,0.029985459523858133,0.0,0.0046273270023332435,0.03546206223505443,0.012633460048894688,0.015963869588066705,0.0383520376599008,0.001040644702070445,0.010764074201509818,0.02297373276994161,0.011227548013628656,0.0265934085709561,0.02333440826866155,0.012599219950630737,0.025621561336604613,0.026899311493376463,0.005477830258358923,0.025674804849992017,0.02933975814208161,0.0317621211026159,0.019300391031403775,0.020359307041623278,0.026556653403914124,0.03062682873420242,0.021564221983203565,0.027368854243710772,0.029170825470801,0.0,0.022583813360582242,0.022682365874418804,0.029376203707156004,0.030211330927215833,0.02238504570045018,0.02828398961423428,0.023750141581972098,0.02691878071137172,0.02504630061598158,0.023663112579353288,0.0,0.0,0.007429335264068098,0.02768912093234298,0.0,0.02814287338745615
r300r,-0.0,-0.0,-0.0,-0.0,-0.0,-0.0,0.03285467737673846,-0.0,-0.0,0.04320292261863662,0.3359589224013904,0.4831066703922488,0.0,0.241263134810186,0.0,-0.0,-0.0,-0.0,0.3676124478651162,0.4745946955163625,0.5368527166728577,0.2515271340348869,0.1406214113878937,0.6138728998930529,0.3148512470372738,0.21097883384186975,0.2587395932721393,0.356903160394036,0.15872432165581654,0.0653447431063959,0.19940926763765313,0.19213968315256783,0.2814912727505964,0.28107195257686085,0.0,0.07344040046356802,0.28025074843511055,0.3928622549373749,0.20777611113475394,0.39034884670270226,0.38719078444555755,0.288762815072459,0.426207859517232,0.5087618227522347,0.24795707850647306,0.41623726606306055,0.08235561836076932,0.11271442354710456,0.5498389729953386,0.2251549162086972,0.0,0.0,0.4466402433226152,0.5492972620392894,0.0,0.17087924593335016,0.5210217374242332,0.43312410341770213,0.0,0.0,0.34298023014919476,0.0,0.026729017327694383,0.0,0.0,0.0,-0.0,-0.0,0.15860985929763152,0.2282496513620185,0.34714954905977213,0.5004707512268207
NE5r,0.0054187290045112245,0.003909643119597818,0.003521346306130886,0.0,0.0,9.138466421955015e-05,0.0,0.0,0.0,0.030223766396487727,0.010448803808183927,0.02617231868502247,0.029760286712292094,0.025664325250980922,0.030025965165363756,0.0,0.0,0.0,0.0,0.02499044062460795,0.0170395785033002,0.000527478569611103,0.0,0.02407063960993399,0.01338274184374805,0.0,0.00794034745352111,0.006349478808398829,0.029985459523858133,0.0,0.0046273270023332435,0.03546206223505443,0.012633460048894688,0.015963869588066705,0.0383520376599008,0.001040644702070445,0.010764074201509818,0.02297373276994161,0.011227548013628656,0.0265934085709561,0.02333440826866155,0.012599219950630737,0.025621561336604613,0.026899311493376463,0.005477830258358923,0.025674804849992017,0.02933975814208161,0.0317621211026159,0.019300391031403775,0.020359307041623278,0.026556653403914124,0.03062682873420242,0.021564221983203565,0.027368854243710772,0.029170825470801,0.0,0.022583813360582242,0.022682365874418804,0.029376203707156004,0.030211330927215833,0.02238504570045018,0.02828398961423428,0.023750141581972098,0.02691878071137172,0.02504630061598158,0.023663112579353288,0.0,0.0,0.007429335264068098,0.02768912093234298,0.0,0.02814287338745615
r436r,0.027738083791041483,0.03353311162053174,0.03556164239395648,0.0,0.0,0.0,0.0,0.0,0.0,0.0,0.0,0.0006701158217716805,0.0,0.0,0.0,0.0,0.0,0.0,0.009265925754575107,0.0,0.0027241831901830666,0.0,0.008482484283236552,0.0,0.0,0.005296982708522006,0.0,0.0038358427918384615,0.0,0.028648246141556477,0.0,0.0,0.0,0.0,0.0,0.0,0.0,0.0,0.0,0.0,0.0,0.0,0.0,0.0016593568678040162,0.0,0.0,0.0,0.0,0.0,1e-09,0.0,0.0,0.0,0.001688945729716236,0.0,0.0,0.0,0.0,0.0,0.0,0.0,0.0,0.0,0.0,0.0,0.0,0.0,0.0,0.0,0.0,0.016041126824747648,0.0
r443r,0.564203051679555,0.5643371771885485,0.5606384784966874,0.3841778419688847,0.3817563618441152,0.3745968431490059,0.3859177459296203,0.3851918633226291,0.3905938896854098,0.41202178751183977,0.4054252726830339,0.4080773791992366,0.32147752003107616,0.33336065728680714,0.3324222515633616,0.3823660328324392,0.3956603290654647,0.3870041785966208,0.3982320782299791,0.3614666352168753,0.39815125103787763,0.40762574044826255,0.4156182599439007,0.36285677352934126,0.39252764340779384,0.4130828676946454,0.3919480735196594,0.4153094350116578,0.41504977145312844,0.412754652291755,0.38516351194239024,0.39326422055244714,0.39268636297159115,0.39027942435799085,0.3818607221279017,0.3862992643160082,0.39076573926340336,0.3943631610837451,0.33664863680227575,0.407759046262565,0.3809024283686901,0.3919987990493919,0.4038333242905859,0.4223244931874871,0.39314150544350696,0.40530477329779924,0.4133670167434931,0.4087727485125237,0.14110228696259972,0.04033460400223026,0.017266528636985235,0.38594748362342557,0.415710094655812,0.42969827848591857,0.32170359437955925,0.4063318000272237,0.2780882448838754,0.2568393241324442,0.21609831524999729,0.41649127361864224,0.2069351071192097,0.16135055556215394,0.16341774393800804,0.0821096770895964,0.0,0.0,0.38291721553595826,0.38763982211931153,0.3837254146555987,0.4053330080948454,0.4200082113855395,0.4172811286055041
r444r,0.0,0.0,0.0,0.0,0.0,0.0,0.0,0.0,0.0,0.0,0.0,0.0,0.0,0.0,0.0,0.0,0.0,0.0,0.0,0.0,0.0,0.0,0.0,0.0,0.0,0.0,0.0,0.0,0.0,0.0,0.0,0.0,0.0,0.0,0.0,0.0,0.0,0.0,0.0,0.0,0.0,0.0,0.0,0.0,0.0,0.0,0.0,0.0,0.0,1e-09,0.0,0.0,0.0,0.0,0.0,0.0,0.0,0.0,0.0,0.0,0.0,0.0,0.0,0.0,0.08167789987239939,0.1306192407393839,0.0,0.0,0.0,0.0,0.0,0.0
r490r,0.0,0.0,0.0,0.028312165577547253,0.026832014978466566,0.033291950400804515,0.019144423929107986,0.0224673407588767,0.017571604577113837,0.01369987677939343,0.010044973916335236,0.0033156875362262686,0.027527446231009986,0.014384017424482757,0.026427389612411513,0.006418892053339329,0.014379984863689594,0.01785277396897222,0.0,0.007863120023413212,0.002144011726726348,0.006865606034338123,0.0,0.005124655697454788,0.01908020777484883,0.0009224624013373969,0.017830778216381654,0.0017124594447783608,0.012545744471547618,0.0,0.02060885144984908,0.031102298550728907,0.024327065395491274,0.029778169684496376,0.04087906017633972,0.03216496355966084,0.019538914918738454,0.019193018751019728,0.022570530299501883,0.015250964726649711,0.016855002707215624,0.02194758549365889,0.014730832653267245,0.002922474370998823,0.01472506128344898,0.016247177615583756,0.011066444897424275,0.018433929776761598,0.029083166196636145,0.04876369091816312,0.06949827379873018,0.01914407780832747,0.01013464794295332,0.0029731758970362315,0.025883282236069897,0.010001122707361556,0.015200630102671454,0.019010706444395974,0.04404388853220775,0.012921071505721108,0.026517776055383833,0.05019185550818057,0.037491026432359284,0.05967800404981367,0.12106233112977348,0.127739640158063,0.032831076672920186,0.023483687772771145,0.02978071157284541,0.00790689134151113,0.0,0.007152169672568324
r491r,0.01819337146596124,0.02093579065108105,0.021862090374624107,0.0,0.0,0.0,0.0,0.0,0.0,0.0,0.0,0.003985803357967206,0.0,0.0,0.0,0.0007616023617113779,0.0,0.0,0.007963352275910916,0.0,0.004868194916982291,0.0007915640294926908,0.007749072589289309,0.001590513793046731,0.0,0.006219445109997419,0.0,0.005548302236856577,0.0,0.017262307439460042,0.0,0.0,0.0,0.0,0.0,0.0,0.0,0.0,0.0,0.0,0.0,0.0,0.0,0.004581831238781097,0.0,0.0,0.0,0.0,0.0,1e-09,0.0,0.0,0.0,0.00466212162665319,0.0,0.0,0.0,0.0,0.0,0.0,0.0,0.0,0.0,0.0,0.0,0.0,0.0,0.0,0.0,0.0,0.011363993799687517,0.0006990618613248852
r908r,0.16756090744566832,0.20373706901865465,0.22224374058991916,0.0,0.0,0.0,0.0,0.0,0.0,0.0,0.0,0.0,0.0,0.0,0.0,0.0,0.0,0.0,0.0,0.0,0.0,0.0,0.0,0.0,0.0,0.0,0.0,0.0,0.0,0.0,0.0,0.0,0.0,0.0,0.0,0.0,0.0,0.0,0.0,0.0,0.0,0.0,0.0,0.0,0.0,0.0,0.0,0.0,0.0,1e-09,0.0,0.0,0.0,0.0,0.0,0.0,0.0,0.0,0.0,0.0,0.0,0.0,0.0,0.0,0.0,0.0,0.0,0.0,0.0,0.0,0.0,0.0
r1152r,1.170689345163644,1.1431639927675894,1.122408546467835,0.0,0.0,0.0,0.0,0.0,0.0,0.0,0.0,0.0,0.0,0.0,0.0,0.0,0.0,0.0,0.0,0.0,0.0,0.0,0.0,0.0,0.0,0.0,0.0,0.0,0.0,0.0,0.0,0.0,0.0,0.0,2.465268765106432,0.0,0.0,0.0,0.0,0.0,0.0,0.0,0.0,0.0,0.0,0.0,0.0,0.0,0.0,1e-09,0.0,0.0,0.0,0.0,0.0,0.0,0.0,0.0,0.0,0.0,0.0,0.0,0.0,0.0,0.0,0.0,0.0,0.0,0.0,0.0,0.0,0.0
r1149r,0.0,0.0,0.0,0.0,0.0,0.0,0.0,0.0,0.0,0.0,0.0,0.0,0.11470891930585424,0.0,0.253934410416355,0.0,0.0,0.0,0.0,0.0,0.0,0.0,0.0,0.0,0.0,0.0,0.0,0.0,0.0,0.0,0.0,0.0,0.0,0.0,1.1361807899716838,0.0,0.0,0.0,0.0,0.0,0.0,0.0,0.0,0.0,0.0,0.0,0.0,0.0,0.0,0.027798740345460673,0.261094107849571,0.03821790741924702,0.0,0.0,0.13120476082250498,0.0,0.0,0.0,0.18524082009412465,0.0,0.0,0.20292987635271678,0.09281421355628745,0.22422149806849545,0.4703291268521719,0.4997466529001924,0.0,0.0,0.0,0.0,0.0,0.0
r1148r,0.7434734613297703,0.7465246468228816,0.7427288074833787,0.6883465544658869,0.6867977277939389,0.6757190185785513,0.7197617154953595,0.7194026518798778,0.7223459891799443,0.23386336548307862,0.6133909136657112,0.46283262415812754,0.0,0.19764285114791327,0.0,0.7301186139873822,0.7511399144309648,0.7231730643997151,0.6564860457445515,0.39286364579994415,0.5852946691708417,0.6692668457043253,0.7370500757780231,0.45813377837025454,0.6135678215362843,0.6996650306057378,0.639844997166693,0.6358869507818499,0.32544306816347623,0.832567591857318,0.6616898910477422,0.45839122004196503,0.6286001110276626,0.615850063606812,0.0,0.7059291511863063,0.6269570904727542,0.5783592883708375,0.5842636149789984,0.5672014358271152,0.5640561881586817,0.6206796103254074,0.5711250123548682,0.5166604938793619,0.6481550868241209,0.5707805538351174,0.20030855697466637,0.3291004219163912,0.19920775626623383,1e-09,0.0,0.0,0.5858514169553322,0.5321318207416088,0.0,0.697345846422879,0.2552303401941755,0.17888281769301703,0.0,0.0957772940529965,0.1156878794355581,0.0,0.0,0.0,0.0,0.0,0.6955207813592852,0.7302652799337773,0.6570798759448326,0.26577230870261986,0.6690622919289292,0.5586698532136826
r1134r,0.013740132514560915,0.009979278938187808,0.009554391265813492,0.0,0.0,0.002134065052895344,0.025140873203329892,0.032356404952943216,0.03438089425948558,0.028449063028007905,0.036527840769646096,0.025487366938866645,-0.0,-0.0,0.019880572913675634,0.0010887357159950638,0.013127299943153613,0.0,0.03628091507343866,-0.0,-0.0,-0.0,-0.0,-0.0,-0.0,-0.0,-0.0,-0.0,-0.0,-0.0,0.0,0.0,0.0,0.0,0.0,0.0,-0.0,-0.0,-0.0,-0.0,-0.0,-0.0,-0.0,-0.0,-0.0,0.021111412196628602,0.019576531001148728,0.018503718699432486,0.012895676176240128,0.021938698737759343,0.027973423224387117,0.030734236519402974,0.010092813511712363,0.014419898128296383,0.043286548123355285,0.022638471180076253,0.020261720653513702,0.011775133085437496,0.026442097316132583,0.03575294474216411,0.01880967204930882,0.022418778099332157,0.03931966705931031,0.02514594595003229,0.037399552061331984,0.016514952043570192,0.007506987400949759,0.008536431773009395,0.007875660295738624,0.01687214197650804,0.01585564018622625,0.01606864431252925
r1154r,1.1050770567588724,1.0993921471457473,1.089876530190032,0.8203463498243624,0.8126376130174883,0.8109741670044459,0.8059361558712446,0.8109695527150851,0.8121826201590191,0.8473100347328991,0.8270457688369405,0.819206901071766,0.6939400224940168,0.6919795883832892,0.7135930390892657,0.7740499305687152,0.8160500415296972,0.8055814495025098,0.7905938578228209,0.7352419074790408,0.7971531019155572,0.8252291046129532,0.8263305795889984,0.7326710441445964,0.8189754606058736,0.8245096564737431,0.8153850045528975,0.8304845222123124,0.8510903279929329,0.7998567977541624,0.8072893665235059,0.8438833738134759,0.8295220028965681,0.8353569304088283,0.8402346775450584,0.8320837170238928,0.8163607841528274,0.8228511062074378,0.7144902798834966,0.8418445456924064,0.7914835046380548,0.8235130666198676,0.833011769349863,0.8468152817913545,0.8117062968695492,0.8388989617721442,0.8448545232287086,0.8500696828614065,0.3377314540933981,0.17541232406083118,0.16989781223581465,0.80599470765416,0.8477042465024032,0.8616000424721256,0.691184455804484,0.8287657400088163,0.5834892686859172,0.5485981021788376,0.5162670233453567,0.8546930970512044,0.463844467817088,0.41921680520736304,0.3985695565906126,0.27989404641800725,0.0,0.0,0.8266467053886873,0.8178266916726766,0.822308680046243,0.822693134038252,0.8273842195127387,0.8450178781723765
r1175r,0.0,0.0,0.0,0.0,0.0,0.0,0.0,0.0,0.0,0.0,0.0,0.0,0.11198280400853992,0.0,0.2239685824157631,0.0,0.0,0.0,0.0,0.0,0.0,0.0,0.0,0.0,0.0,0.0,0.0,0.0,0.0,0.0,0.0,0.0,0.0,0.0,0.8289937783626192,0.0,0.0,0.0,0.0,0.0,0.0,0.0,0.0,0.0,0.0,0.0,0.0,0.0,0.0,0.2496698747083418,0.40418431536339,0.0,0.0,0.0,0.12795395185811376,0.0,0.0,0.0,0.22263717420384954,0.0,0.024210282367443322,0.2713126622543031,0.2211422159709997,0.3427199166188537,0.725137213046417,0.7829258312600341,0.0,0.0,0.0,0.0,0.0,0.0
r1176r,0.0,0.0,0.0,0.0,0.0,0.0,0.0,0.0,0.0,0.1894819655006384,0.07536867837671868,0.16493406550710465,0.1585634723624267,0.13674009820450428,0.17985958600861,0.0,0.0,0.0,0.0,0.13314962586327042,0.10153865260678249,0.0,0.0,0.12824890551072246,0.06436335916074545,0.0,0.005816688001524692,0.0003025101764728277,0.159763198132077,0.0,0.0,0.16842465001118523,0.03284177272011959,0.06693640329899489,0.17574853568560836,0.0,0.035396190727299104,0.133275365696838,0.0463650512110071,0.14692109896028047,0.13248558054870443,0.053019803470805024,0.14246143199949246,0.1433201324900653,0.0,0.16464421475460253,0.17589941774809906,0.1877330094087403,0.11572859070687104,0.13041354142398118,0.169467865759812,0.1939146641309296,0.13504979549639895,0.16024176488040262,0.19870935782426322,0.0,0.14058878269624103,0.13262728512325694,0.1829591668478889,0.19671959075674286,0.13807769555894392,0.17311650654707542,0.16586095191801636,0.16856981086847733,0.13862602632871757,0.11546116715826901,0.0,0.0,0.0,0.164400396799474,0.0,0.16601450235151324
r1133r,-0.0,-0.0,-0.0,-0.0,-0.0,-0.0,0.0,-0.0,-0.0,0.0,0.0,0.0,0.05640890572612893,0.0,0.056912483899229,-0.0,-0.0,-0.0,0.0,0.0,0.0,0.0,0.0,0.0,0.0,0.0,0.0,0.0,0.0,0.0,0.0,0.0,0.0,0.0,0.09203159900533986,0.0,0.0,0.0,0.0,0.0,0.0,0.0,0.0,0.0,0.0,0.0,0.0,0.0,0.0,1e-09,0.05033660370280036,0.05805138611391019,0.0,0.0,0.05529161596668625,0.0,0.0,0.0,0.05568089856103174,0.05726383398006344,0.0,0.05361066978415325,0.0,0.051022995106262736,0.11522803118003856,0.1382148842604097,-0.0,-0.0,0.0,0.0,0.0,0.0
r1156r,0.0,0.0,0.0,0.0,0.0,0.0,0.0,0.0,0.0,0.0,0.0,0.0,0.07998408894464114,0.0,0.13239423710958625,0.0,0.0,0.0,0.0,0.0,0.0,0.0,0.0,0.0,0.0,0.0,0.0,0.0,0.0,0.0,0.0,0.0,0.0,0.0,1.3767797967271789,0.0,0.0,0.0,0.0,0.0,0.0,0.0,0.0,0.0,0.0,0.0,0.0,0.0,0.0,0.032555062713834924,0.17201038933452575,0.026415058060269524,0.0,0.0,0.08468307460869026,0.0,0.0,0.0,0.1205779304962256,0.0,0.0,0.1293647104601856,0.04499701919381357,0.14470787676983488,0.3224016013604406,0.3259786698633354,0.0,0.0,0.0,0.0,0.0,0.0
BOUNDARY_CITer,0.0,0.0,0.0,0.0013119419804388968,0.002934552029059653,0.0,0.0,0.0,0.0,0.0,0.0,0.0,-0.0,-0.0,0.0,0.0,0.0,0.0016020534061292723,0.0,-0.0,-0.0,-0.0,-0.0,-0.0,-0.0,-0.0,-0.0,-0.0,-0.0,-0.0,0.017809032874429094,0.020518009697817866,0.018109436086371444,0.015698249019574097,0.02304890747579472,0.019838687429413398,-0.0,-0.0,-0.0,-0.0,-0.0,-0.0,-0.0,-0.0,-0.0,0.0,0.0,0.0,0.0,1e-09,0.0,0.0,0.0,0.0,0.0,0.0,0.0,0.0,0.0,0.0,0.0,0.0,0.0,0.0,0.0,0.0,0.0,0.0,0.0,0.0,0.0,0.0
r32cr,0.012309995372505234,0.012836624916016599,0.012351450801783018,0.0019271462951120067,0.00023846032697706474,0.005491817665454196,0.02806855495514913,0.035396401539911394,0.0372807436168464,0.03133837480309369,0.03925038443232811,0.027989371075807064,0.0028450043485562042,0.0024534413141807385,0.022750975416544455,0.0035492779521049014,0.015944815728550523,0.001286672429517944,0.038563366198569676,0.002389019734152794,0.002402875013593792,0.0026238848277132924,0.0024040586829813596,0.0023010892006798517,0.0029640719703884484,0.0024473196499109474,0.0029168572524719792,0.0024880474451095987,0.0028665302711464347,0.002013657087793702,0.0,0.0,0.0,0.0,0.0,0.0,0.0029698616820113704,0.002978759850435764,0.0027598230976974268,0.0029187987253225583,0.0028180548425391252,0.003061559710199223,0.0028776034402576197,0.0025715027180909095,0.002814894557343746,0.024050807086545986,0.022381333935568463,0.021540093097633013,0.01474074228544865,0.023884994404429954,0.030512168739430464,0.033662079983204723,0.012878629741864775,0.017036287885932592,0.04607520154318691,0.025364776401224347,0.022420673214656205,0.013943507005088292,0.029250384349752183,0.03864106771942355,0.020949622950188606,0.025122652367242978,0.04159011749995165,0.027719309873641646,0.007573136985256907,0.0,0.010897216377303856,0.011626390166845565,0.011163616016404995,0.019519148378757425,0.018147028830498072,0.018759028244049267
r33cr,0.012309995372505234,0.012836624916016599,0.012351450801783018,0.0019271462951120067,0.00023846032697706474,0.005491817665454196,0.02806855495514913,0.035396401539911394,0.0372807436168464,0.03133837480309369,0.03925038443232811,0.027989371075807064,0.0028450043485562042,0.0024534413141807385,0.022750975416544455,0.0035492779521049014,0.015944815728550523,0.001286672429517944,0.038563366198569676,0.002389019734152794,0.002402875013593792,0.0026238848277132924,0.0024040586829813596,0.0023010892006798517,0.0029640719703884484,0.0024473196499109474,0.0029168572524719792,0.0024880474451095987,0.0028665302711464347,0.002013657087793702,0.0,0.0,0.0,0.0,0.0,0.0,0.0029698616820113704,0.002978759850435764,0.0027598230976974268,0.0029187987253225583,0.0028180548425391252,0.003061559710199223,0.0028776034402576197,0.0025715027180909095,0.002814894557343746,0.024050807086545986,0.022381333935568463,0.021540093097633013,0.01474074228544865,0.023884994404429954,0.030512168739430464,0.033662079983204723,0.012878629741864775,0.017036287885932592,0.04607520154318691,0.025364776401224347,0.022420673214656205,0.013943507005088292,0.029250384349752183,0.03864106771942355,0.020949622950188606,0.025122652367242978,0.04159011749995165,0.027719309873641646,0.007573136985256907,0.0,0.010897216377303856,0.011626390166845565,0.011163616016404995,0.019519148378757425,0.018147028830498072,0.018759028244049267
r2335r,1.1314318977763533,1.1248017556411238,1.1147500275889195,0.8491506897966086,0.8408543576271654,0.8408337569776133,0.8319712414681631,0.8380034239023739,0.8379701997653553,0.8730039064571051,0.8512566166366466,0.8414565502450784,0.7192398802030184,0.7137973814484061,0.7391187557466041,0.7959308702207614,0.8411054508472894,0.8312701106250429,0.8108910811725404,0.7564868167772412,0.8185212224835571,0.848562605955277,0.8477092262101817,0.7531340108822268,0.8453341546191617,0.8462730112266483,0.8413238307914089,0.852610058282744,0.8765816099360885,0.8177637080974649,0.8337420419605945,0.8740304331240317,0.857525609935432,0.8649357764566871,0.8728385669170311,0.8622001567947708,0.8427709645128085,0.8493404155835573,0.7390326436620259,0.8678006369262738,0.8165437076456802,0.8507386928565933,0.8586015220046872,0.8696829631356827,0.8367383963117799,0.865038209152632,0.8697968805852516,0.8770713428991895,0.35413913025402205,0.1927202074218526,0.19247419259268694,0.832031231312201,0.8724777602097022,0.8848668921741569,0.7159831998757386,0.8530100383352349,0.6026882525556994,0.5678808676533145,0.5412403638580576,0.8803763971164009,0.48287447503798486,0.44326163110574485,0.41876006108411923,0.3027782789619171,0.0,0.0,0.8567950989214507,0.8453048597571874,0.8515475850512803,0.8462322493178859,0.8477609218139214,0.8689427381412489
r2834r,0.016256187013533673,0.01172892935879345,0.010564038918392657,0.0,0.0,0.0002741539926586504,0.0,0.0,0.0,0.09067129918946318,0.03134641142455178,0.0785169560550674,0.08928086013687626,0.07699297575294274,0.09007789549609126,0.0,0.0,0.0,0.0,0.07497132187433814,0.05111873550990059,0.001582435708833309,0.0,0.07221191882980196,0.04014822553124415,0.0,0.023821042360563323,0.019048436425196488,0.08995637857150411,0.0,0.013881981006999727,0.10638618670516328,0.037900380147161024,0.04789160876420011,0.11505611297970239,0.003121934106211334,0.03229222260452945,0.06892119830887831,0.03368264404088596,0.0797802257128683,0.07000322480598464,0.03779765985189221,0.07686468400925067,0.08069793448012937,0.016433490775076765,0.07702441454997605,0.08801927442624481,0.09528636330784768,0.057901173094211306,0.06107792112486982,0.07966996021174237,0.09188048620283011,0.06469266594961068,0.0821065627311323,0.08751247641240299,0.0,0.06775144008174673,0.0680470976232564,0.088128611121468,0.0906339927816475,0.06715513710135053,0.08485196884270282,0.07125042474591628,0.08075634213411514,0.07513890184794472,0.07098933773805986,0.0,0.0,0.022288005792204288,0.08306736279702893,0.0,0.08442862016236843
