rxn,SF ABF180_1_R1,SF ABF180_1_R2,SF ABF180_1_R3,SF ABF180_2_R1,SF ABF180_2_R2,SF ABF180_2_R3,SF ABF180_3_R1,SF ABF180_3_R2,SF ABF180_3_R3,SF ABF180_4_R1,SF ABF180_4_R2,SF ABF180_4_R3,SF ABF180_5_R1,SF ABF180_5_R2,SF ABF180_5_R3,SF ABF180_6_R1,SF ABF180_6_R2,SF ABF180_6_R3,SF ABF180_7_R1,SF ABF180_7_R2,SF ABF180_7_R3,SF ABF180_8_R1,SF ABF180_8_R2,SF ABF180_8_R3,SF ABF180_9_R1,SF ABF180_9_R2,SF ABF180_9_R3,SF ABF180_10_R1,SF ABF180_10_R2,SF ABF180_10_R3,SF ABF180_11_R1,SF ABF180_11_R2,SF ABF180_11_R3,SF ABF180_12_R1,SF ABF180_12_R2,SF ABF180_12_R3,SF ABF180_13_R1,SF ABF180_13_R2,SF ABF180_13_R3,SF ABF180_14_R1,SF ABF180_14_R2,SF ABF180_14_R3,SF ABF180_15_R1,SF ABF180_15_R2,SF ABF180_15_R3,SF ABF180_16_R1,SF ABF180_16_R2,SF ABF180_16_R3,SF ABF180_17_R1,SF ABF180_17_R2,SF ABF180_17_R3,SF ABF180_18_R1,SF ABF180_18_R2,SF ABF180_18_R3,SF ABF180_19_R1,SF ABF180_19_R2,SF ABF180_19_R3,SF ABF180_20_R1,SF ABF180_20_R2,SF ABF180_20_R3,SF ABF180_21_R1,SF ABF180_21_R2,SF ABF180_21_R3,SF ABF180_22_R1,SF ABF180_22_R2,SF ABF180_22_R3,SF ABF180_23_R1,SF ABF180_23_R2,SF ABF180_23_R3,SF ABF180_24_R1,SF ABF180_24_R2,SF ABF180_24_R3
r1,0.9868704478390872,0.9811895248236459,0.9871085418097245,1.0003474042798757,0.9910959897392455,0.9829009064725882,0.9871427842113198,0.986951273128655,1.0030945759570737,0.9921193682195747,0.9919303487963431,0.9916650561416882,0.9802839146612652,0.9688129252087452,0.9616799351065052,0.9974825252195504,0.9988633907902522,0.986603686285366,0.9953578764458376,0.9928152842749071,0.9956292367412225,1.0019864940909287,1.0006180701864658,0.996886937094862,0.9947540113919111,0.9904430648153653,0.9959841195219697,1.009461963494608,0.9987946979399387,1.0057949666253556,1.0223311426002681,1.0098977666831404,1.0165648568945358,1.0123524335215965,1.0241158506026107,1.025755776856636,0.9961323873748952,0.9887126404783508,1.0132214521469785,0.9931991223926331,0.9875151924810517,0.9999650828167529,0.9869907186212885,0.9843990294871248,0.9918941171194716,1.0059685448640845,1.0042869811624715,1.0022795645534204,0.9879628964846207,1.0,0.9840016886772369,1.0113277567348495,1.007539441241124,1.0153420574113914,0.9890713647443095,0.9822174514682132,0.99825012401983,0.9952776654575546,1.0079923037724479,1.0020302427528343,0.9927668962570739,0.9791451652339918,0.9823151004836694,1.0019805793006311,1.0119781059517745,1.016602800864042,0.9832430893328132,0.985803281111135,0.99469012374227,1.0039948632429512,0.9988839365371703,1.002097384156513
r5a,1.0090725489998984,1.0102572733585777,1.0112373450295291,1.001820378324903,1.003789763526334,1.0057924658225412,1.0050229419781247,1.0054314279060996,1.0105136786133972,1.0037393587360492,1.0057869656990839,1.0025270326460465,0.9950607353875387,0.9961422772399646,0.9976434378916108,1.007148532906088,1.0047272715456959,1.0125923896919553,1.0088266068948466,1.0099643774210736,1.0095299638596302,1.0099470908585044,1.0091177043656525,1.004168335790243,1.0074292556889666,1.0037725435681126,1.0070865318668674,1.0136312316169227,1.005872782639208,1.0123844160311148,1.0049535435988708,1.0009805668138385,0.9998454504574421,1.0055124568119125,1.0066763879811031,1.0064644966526566,1.0058419745206144,1.008017136479305,1.004055990135187,1.0007777717005102,1.004407753281823,0.9995017686630498,1.005854587839267,1.0074916463752441,1.009287672032962,1.0051508391252573,1.0066276438473303,1.0074154710698304,0.9950488497547947,1.0,1.003299592234423,1.0055173836116031,1.0026668165245751,1.0047602498032469,1.0058693151944293,1.0048798773914716,1.006340021445451,1.0081657796193435,1.0102720850284888,1.004120274700745,1.0047771950047601,1.0076924411969832,1.0079365879306434,1.004619232467076,1.0002811360253203,1.0052594011975908,0.9952055652461841,1.0012862852633406,0.9996870969258939,1.0019843795901984,1.0013401332012766,1.0035693473660527
r6,0.9810646931426579,0.9846279903271444,0.9769972171342294,0.9907383352834259,0.9936032872211317,0.994859537683123,0.9929043385507309,0.9927163687579366,0.993001294784492,0.9882072315147514,0.9923137505227396,0.9919055206672324,0.9963969463308704,0.9917670584858952,0.9903722879712578,0.9924033821269173,0.9933138547231656,0.9947093409572176,0.9908852519266562,0.9892532413875758,0.9899434504190041,0.9903259407787853,0.994301081365083,0.9927505741049382,0.9903894921678847,0.9901706607371676,0.992768186701043,0.9919375587444833,0.9922423474038751,0.9902832140348768,0.9960803209812614,0.9894283700401703,0.987924174982306,0.9871152401572356,0.9864462132286886,0.9921544343270365,0.9901509558402393,0.9929165218941907,0.9952159271798443,0.9909511537469339,0.9882364813440618,0.9930693828775844,0.9892384377971388,0.9915821345734508,0.9873394072962024,0.9947803382850753,0.9965866727218735,0.9946513992116625,0.9979325485153794,1.0,0.9972821072750446,0.9974923678667816,0.9932587620836307,0.9957961946401575,0.9984060441873419,0.9983255102881269,0.9958517328590824,0.997065969683579,0.9989298111912139,0.9941268749674379,0.9958744568353995,0.9964398204280834,0.9978834361152469,0.9932239238272287,0.9976522735403391,0.9979540513675965,0.9934386587779359,0.9971809192553748,1.0007249957692246,0.9929351376849289,0.99678243522587,0.9967290198259462
r7,1.0015339458479624,0.9997598017891586,1.0005676956557155,1.0028537200784717,0.9990531393509612,0.9995272950629287,1.0042259629100294,1.0041952776057717,1.0072300088846513,1.0024275955158473,1.0046608007333206,1.0051698044474526,0.9988795847844509,1.0007449834813043,1.0030476723155772,1.0038668036503662,0.9970888116044886,0.9991570885203671,1.00240792990058,1.0072629772746686,1.005004349482353,1.0055322631785324,1.0048882043281318,1.0071097031673868,1.0049159446893294,1.0016243257110344,1.0030644124085515,1.005604032477432,1.0072621967079618,1.0060630096937542,0.9937104502788126,0.9945129988376405,0.9983794523802076,0.9942441066399741,1.000982848272623,0.9981866951681523,0.9995873403009509,1.0031667684463064,1.0044901849237262,1.0027689666833777,1.005124820526748,1.000641566427493,1.0009163992229388,1.0017905130260376,1.0017358793300155,0.9940877932781761,0.9981922114523891,1.0028882609096397,0.9959860309857597,1.0,0.9990301056660941,0.9964861523059264,0.996891235106443,0.9935569556066707,1.0016669191985075,0.9977276742567636,0.9963720556336276,0.9983302449853038,0.9931140335140966,0.9943340211254659,0.9972463058606507,0.9974181925242009,0.9966989609161423,0.9986720688602077,0.9992573446182449,0.9975288765658812,0.9921475306108715,0.9972651473429303,0.9885194765682025,0.9991090924610981,1.0021014939477384,0.9991385966642474
r8,1.0015339458479624,0.9997598017891586,1.0005676956557155,1.0028537200784717,0.9990531393509612,0.9995272950629287,1.0042259629100294,1.0041952776057717,1.0072300088846513,1.0024275955158473,1.0046608007333206,1.0051698044474526,0.9988795847844509,1.0007449834813043,1.0030476723155772,1.0038668036503662,0.9970888116044886,0.9991570885203671,1.00240792990058,1.0072629772746686,1.005004349482353,1.0055322631785324,1.0048882043281318,1.0071097031673868,1.0049159446893294,1.0016243257110344,1.0030644124085515,1.005604032477432,1.0072621967079618,1.0060630096937542,0.9937104502788126,0.9945129988376405,0.9983794523802076,0.9942441066399741,1.000982848272623,0.9981866951681523,0.9995873403009509,1.0031667684463064,1.0044901849237262,1.0027689666833777,1.005124820526748,1.000641566427493,1.0009163992229388,1.0017905130260376,1.0017358793300155,0.9940877932781761,0.9981922114523891,1.0028882609096397,0.9959860309857597,1.0,0.9990301056660941,0.9964861523059264,0.996891235106443,0.9935569556066707,1.0016669191985075,0.9977276742567636,0.9963720556336276,0.9983302449853038,0.9931140335140966,0.9943340211254659,0.9972463058606507,0.9974181925242009,0.9966989609161423,0.9986720688602077,0.9992573446182449,0.9975288765658812,0.9921475306108715,0.9972651473429303,0.9885194765682025,0.9991090924610981,1.0021014939477384,0.9991385966642474
r9,1.0056672537049638,1.0092087062416946,1.0037033924995977,1.0156748712089756,1.0086273636502148,1.005260415963654,1.0154073363877834,1.0112828187688048,1.0131559008286726,1.0110475135860453,1.0111864427040658,1.0123606787330135,1.0063025578423934,1.0047558986750256,1.0043077741828976,1.0026838190261045,1.0028557952299726,1.0007315036612585,1.009084751593696,1.0109250258439166,1.0114661160440843,1.0115127267099475,1.011253824035487,1.0153268261344943,1.0112235403826988,1.0110614360320278,1.0162150583188863,1.0138443646047108,1.0108236241351294,1.0054832045921753,1.0055133726262127,1.0065739822556616,1.0054319413092567,1.0003285306844838,1.0053769794371996,1.0099680676399367,1.0092983799251471,1.0132021936532107,1.017445717627426,1.009604227274602,1.008061060039401,1.0149559897022404,1.0077411343350984,0.9991996330143562,1.0140831030319313,0.9966183106993873,1.004921209418786,1.0048291524150657,1.007569161190917,1.0,1.0036733395208985,1.0015467900479391,1.0015202775908418,1.0037114015530488,1.0017503735288844,0.9983206616867611,1.004134513777734,1.0047956801726479,0.997859468548218,1.004429423535519,1.0004733529556644,0.9990769077934852,0.9996980337769473,0.9950645277885309,1.0039282470353477,1.0088337663805682,1.0047816494388726,1.004302048715297,1.014031366907635,1.005358342007961,1.0082337047539285,1.0110373580349366
r10,1.0287385866519756,1.0283257028072892,1.03115820875051,1.0159382058018114,1.016501833519643,1.013487764343331,1.002964792961532,1.0005832794903562,1.0062024645083558,1.002897066490741,1.0004383259491125,1.00244268928143,0.9971881277885055,0.9941023198878568,0.9944691890782649,0.9976805544956814,0.9970730287034529,0.9968744529949065,1.0004056076629742,1.0005555280897436,1.0041156829954327,1.0010582405527544,1.006358264252966,1.0032648347185593,1.0076075944337608,0.9976811941811566,1.0046424243285361,1.002496089090595,1.0044938583402283,1.0038529561688565,0.9935272051578424,0.988335649077603,0.9882008724479341,0.9888088275180849,0.9880496460704854,0.9892710429865347,1.0056812125719845,1.0027336464592376,1.0017102281501444,1.0009332199733227,1.001746965622952,1.005825858883602,1.0029970674658601,1.002868496095121,1.0015860988311276,1.0059596484023643,1.005893756726652,1.006120764033955,1.0039739367834908,1.0,1.006535386168116,0.9969172843922273,0.9912629808419967,0.998285176470869,1.0041468271273815,1.0038564357112572,1.000145541855055,1.00175798255415,1.0010631470022213,0.998549288091951,0.9966164181991086,1.0003266873766015,1.0026376235655639,1.0049572203719255,1.0011524364641702,0.9988653437569819,1.0030159049101548,1.004873023625526,1.0014640599052187,0.9970157972244121,1.0002476760276204,1.0019094947436784
r12a,1.0122518573696615,1.015330776968076,1.017709997027657,1.0026231485304984,1.0037933221557611,0.9972740475122187,0.9974048294406823,0.9913382524458653,0.9975055822045342,0.9969494173892293,0.9962319899622151,0.992187443120696,0.9922653542528816,0.9879707467272206,0.9915253550185186,0.9931670398460146,0.9951851400465191,0.9926751941486576,0.9968306734104246,0.9952651158918252,0.9954855256876692,0.9943278440655023,0.9971665938417442,0.9939870158784562,0.9959328868817431,0.9938164050882995,0.9958397097823486,0.9964964140773566,0.9965085706626475,0.9971576575216842,0.9892099680386778,0.9909578081517408,0.9918120417348992,0.9916542756620959,0.996112561726364,0.9939370304894612,0.9969548753186436,0.9980111571730499,0.9994838446816607,0.9952360311695665,0.9961398071858456,0.995086980028067,0.99810185630129,0.9928732491649478,0.9958884831692031,0.9996461944486005,0.9989222242224307,0.998349511811937,0.9924890352168452,1.0,0.996983333888017,1.0005778762670539,1.0023114037958378,0.9980745984367804,1.0015242603764154,1.0022156552924693,1.0014606601155995,0.9996288270609328,1.0015455153608657,0.9976374846107491,1.002353402822138,1.0006912312351743,1.0022621463902535,0.9993027174003112,0.9984343305072023,1.0004985483456625,1.0019013813572666,1.0032653581743698,1.0029296441536946,0.9967796312274385,0.9974973380987631,0.9981121535925334
r13a,2.022088797441126,2.019590138051718,2.0223209125460535,1.998904556031645,2.0012093357898215,1.9997853672233536,1.9969909041982605,1.9934562284397797,1.995882512775223,1.9929512450114544,1.9898865233277903,1.9828076841032538,1.9895470131152169,1.9650826197878069,1.9789770893287182,1.9833826596017934,1.9860918948707909,1.9908610289098578,1.9967290719556605,1.989858346625721,1.9951938355902803,1.997288477546792,1.9966493865740693,1.9973407556214018,2.006164312191583,1.9861831539117158,1.9935661909377536,1.9920260454415688,1.9949090871464947,1.9995774143767346,1.9659335784362277,1.9788153775223085,1.978669132364682,1.9710766827122197,1.9848299807609555,1.9832403123073163,2.000593517276708,2.0043971812976116,1.98461240593058,1.99516787863899,1.9828938982083018,1.9969124366941111,1.9889520934671292,1.9840774493321556,1.9814570333952308,2.001646277046251,2.0007152974556774,1.9984998938651057,1.9807134363494139,2.0,1.9897141135166625,1.9996912446256416,1.999274635103598,1.9979759937212795,2.0016337259555397,2.0045803081067453,1.9970440341472848,2.0020343916226535,2.0020897537829523,1.9943568007728216,1.9908528811593387,1.9895803519327342,2.005604272654195,2.0050668280949493,1.9931959859753365,1.9945111528579997,1.990367218570643,1.9991091101221232,1.9814744315899167,1.9845390676517793,1.981849330597919,1.984173520535515
r14,1.0032204996160106,1.003840308973384,1.0035803298035741,0.99951659875095,0.9953426458772868,0.9982449961745998,0.9981453494733407,0.9920348882784308,0.9988310012838715,0.9982284289423081,0.9961039287581495,0.9972620238595091,0.9984005723381009,0.9968938175786459,0.9965784010138081,1.0043593216499356,1.0025029567117887,1.0024344454414196,0.9945884729825611,0.9955282393280521,0.997584889338532,0.9964849439066906,0.9951315741323112,0.9957421423183731,0.995512486410202,0.9952217286547925,0.9944166573919455,0.9955035871020765,0.997134053195351,0.998144272012706,0.9968620984664031,0.9937356520443511,0.9936558197301673,0.9957370793101255,0.994734957232771,0.9943707963428713,0.9962952041654377,0.9941946826460673,0.993880540793272,0.993164837085087,0.9935471999458974,0.9904469964552497,0.996728003397999,0.9934403753052777,0.994120030715261,0.9949120755623979,1.0003855524897962,0.9969717390457831,0.9956628247931094,1.0,0.9973269759916624,0.9994553848910985,1.0005933046387028,1.0012735329349893,1.0019399523774628,1.0002457477602726,1.0007515831766192,0.9998632141980245,1.0031769680679512,1.002161401412462,0.9997738384983399,0.9988072034817892,1.0006256471396238,1.0010939822348068,0.9984946502506495,0.998049519009211,1.0001696792733759,1.0010403905941816,0.9982283394936692,0.9990915400502741,0.9964914410313455,0.9971738376257621
r15,1.0099314093026723,1.01246037231988,1.0130211186141929,1.0024010965763275,1.0017757484003194,0.9975343019863384,0.9902017400276338,0.9910878767213743,0.993080328313661,0.9895442404536424,0.9913936356811041,0.9894941973314162,0.9869862724332648,0.9840041812040855,0.9847377569670754,0.9894009776628183,0.9913717930068151,0.9876482891214504,0.9904670825182323,0.9879966352605474,0.9885970445347356,0.9892049829947538,0.9914072933886119,0.9900646949369144,0.9922035252372762,0.9939328713410739,0.9938564491047156,0.9916096863450039,0.990907071089791,0.9902815279707231,0.9921076212984707,0.9880346244435406,0.9899030189146364,0.9899912354253048,0.9902386478518957,0.9911121735853665,0.9934749551535513,0.9913858437406119,0.9959459211439564,0.9882017651017215,0.9914781906415545,0.9912428962950737,0.9906315442730693,0.9910989334668018,0.9934171992047455,0.9972472540435673,0.9962233582012252,0.9966257298423322,1.000880657442601,1.0,0.999858102426139,1.0006516772409333,0.9991980859309294,1.001580936866936,1.0064022056753117,1.0039987337961667,1.0073445041352511,1.0043253833744799,1.0036669532284959,1.006480997856483,1.0088492393276336,1.0052311010931785,1.003316484012042,1.007715038239353,1.0057578384828774,1.0068944187109379,1.0076376473393909,1.0067134300472471,1.0089955259502483,0.9961623137902583,0.9950072870779272,0.9927581607114108
r16a,2.9419961941761583,2.937571852183931,2.907332930237616,2.969621485433719,2.977281917594796,2.9570599310439274,2.9664049329201925,2.9699737037254192,2.9779712799491542,2.9706934185093594,2.964824844626139,2.976026230585468,2.9565687120277153,2.9449731864783035,2.958168036709431,2.9906085427133218,2.9654045346789726,2.964254867862839,2.9744708649776817,2.963736519341281,2.8786475082546157,2.9623389243234763,2.976948331573511,2.981272274618207,2.946943710157881,2.9499957894093924,2.974939865310377,2.9754381792825058,2.9714141397430027,2.97276447887842,2.991898715885408,2.949214188048583,2.969537038070598,2.9513872312993907,2.96900376499293,2.9746210545406884,2.959419333613794,2.9828643277899896,2.9718471846365926,2.9624076213145023,2.9878113423607875,2.955024476054162,2.9627101818600723,2.9508391604881226,2.963367516170975,2.9727500833560887,2.9764477236550717,2.9959670715315707,2.9793196728174696,3.0,2.995483159531053,2.988976710125206,2.989752752371445,2.986118372303069,3.007630483240339,2.9995079300442806,2.981317092052294,2.9943833520556473,2.993460321012211,2.983882072219597,3.000160013472026,2.9851399346667176,2.9617183023784657,2.9735804925129363,2.9902279946123804,3.0012729906655964,2.990985082316468,2.9853188910719197,2.9861491575743635,2.986967766436676,2.9584545540012535,2.9805417236734435
r17,1.0014574505611216,1.0018368554829822,1.0015820706903233,0.9983299859429253,0.9998554965227184,0.9959913165897978,0.9968094568643305,0.9911648245508488,0.9985186725963685,0.9959975984467629,0.9959523996384797,0.9940951530346499,0.9901047801106622,0.9910851179966114,0.9894100812405373,0.9954721016064254,0.988724628340264,0.9916262697529669,0.993858716045805,0.9977807462859803,0.9964314089372525,0.9962521936568665,0.9976881029137604,0.9955921928565924,0.9941356737160134,0.9967023505525877,0.9965902743943029,0.9956505521051039,0.9961711553461066,0.9975496317709207,0.9916480030383589,0.9915066341812763,0.9879966086403502,0.9877316609090233,0.9952233502410341,0.9947207205803762,0.9968906202222193,0.9960375113071048,0.9913874527618549,0.9936205968776576,0.9931180654149593,0.9941648818081487,0.9951796663450369,0.9914184588666419,0.9953971768606757,0.9977848504739425,0.9999627321128656,1.0003116583004525,0.9937008918291423,1.0,0.9973617317480523,0.9979033947087298,1.00135980245,0.9991807983271555,1.0048672905695715,1.0003471969309412,1.0014500682047018,1.0011691684712138,1.00159828868311,0.9970025617576795,0.9991191664331154,1.0013480526838037,0.9989659895083675,1.0011627901071445,0.9988273552224729,0.9981325584795354,0.9963781287931505,0.9999420290250405,0.9965251083228942,0.9978607345886157,0.9966172141393694,0.9959517287794925
r18,1.0099705482097916,1.0089216102117942,1.0086712251338856,1.009814425567513,1.0084556882722324,1.0079884417372764,1.0054913511090606,1.0053008837915767,1.0096282789930733,1.005136575370727,1.0024216013845866,1.0032808967042823,1.0044110408119373,1.0065940452513331,1.0031036906494788,1.0047818992144317,1.0064672262868517,1.0035534628841047,1.0081990893498267,1.0039243236594677,1.0117020745409258,1.008430443421458,1.0090191023861432,1.0077115605311506,1.0090382642192914,1.0079006867559477,1.0070766946290075,1.0093975097376815,1.0109614611536104,1.0095797072311676,1.006198243032882,1.0040147805791007,1.0048612196996165,1.0015319618666547,1.0029695970629329,1.0050145982848964,1.0079777427158716,1.0108969545592743,1.013263421216355,1.0030466414079882,1.0048307785406205,1.00645475925393,1.005156498692801,1.0068399911093748,1.007344492305572,1.0027974885325253,1.005593268535194,1.0012280516702834,0.998420140243942,1.0,1.0034920071930076,1.0028962841194866,1.0002409560684493,1.001120074502598,1.0068924170141864,1.0036758798731138,1.0009191820383294,1.0040356138120472,1.0044630993668533,1.0045957552764875,1.0060605281603479,1.0066136718125314,1.0025459714031886,1.0065249060565644,1.003503361213144,0.9988178946496463,0.9987395352883129,1.0023850165409545,1.0036245080084851,0.9979871524584025,1.001266891597941,1.0031806856414973
r19,0.9340126458470978,0.9338420581406506,0.9343967030284042,0.9370811247756075,0.9409836036425332,0.9378314252423083,0.9970261520065264,0.996123431369637,1.0020911832601387,0.9992600873453187,1.0001272405532615,0.9981661753346897,1.0030579955126318,1.0017540943539824,1.0011073921849571,0.9970029891166288,0.9967362646410699,0.9950772403783336,1.0011284689494684,0.9994279711990868,1.0016951304279347,0.9993423774845471,1.0013276500421109,1.0010081478888089,0.9953955554776502,0.9936741317896405,0.9966584793551916,1.0028250919507862,1.001957260671687,1.0032412671995086,1.0046891189810252,1.0051025237823805,1.0029188892953036,1.0012828978968933,1.0028988483243606,1.0044087060727058,0.9998231316331028,1.0000895975350723,1.0023860915988172,0.9987391588970956,1.000042631045171,0.9998945656685242,0.9994190343957321,1.0004323718189525,1.0012223666480082,1.0329370652630865,1.0323638197138367,1.0330296649667614,0.9971680640373926,1.0,0.9996730127967269,1.0058568140697834,1.0046571009083167,1.0056479667771165,0.9915189550567555,0.9880751534907376,0.9882874771257258,0.9907062670512358,0.992005574579013,0.9888055766228016,0.9896591695833361,0.9895997642448756,0.9921993855549037,0.9912233796981975,0.9905548637706939,0.9878557132648309,0.9747824722951718,0.9784921968924492,0.9745097554962947,1.0051648045429558,1.0067063291267775,1.0046373758278972
r25,0.9238720799014638,0.9472186279019095,0.94664172230568,0.9426878181757619,0.9695392660039334,0.9869530224186089,0.956163286463159,0.9620976401535173,0.9650615742569855,0.9533755476836618,0.9768117759714489,0.9695257037031159,0.9471436946222525,0.9442469637909093,0.9296857764692165,0.9526428567333712,0.9748534121850256,0.9861286532811674,0.9590611854525966,0.9405498601404404,0.9585523460395136,1.0,0.9610153108682266,0.9623803787896456,0.9588075563150245,0.9652399075769346,0.9675358172196309,0.9678392146443402,0.965683101974208,0.9624323461125813,0.9652025602405867,0.9903050981825705,0.9726420180833121,0.9929733254137354,0.9600466801029142,0.9794773165667461,0.9570319996843679,0.9597022168927939,0.9615764064545668,0.9629933143576972,0.9461668892324171,0.9626345689594888,0.9724670160216317,0.9643836923224482,0.9922058233162971,0.9675787970716477,0.9839898238697008,0.9823378331898794,0.9670917625298587,1.0,0.9749778735852788,0.9758608115874701,0.994780005547616,0.9538333180983984,0.9941098023021845,0.9799101537032521,0.9792852429861745,0.9809097780783307,0.9697129133876627,0.987505672558159,0.9932202196190016,0.9905887957314291,0.9713161886553688,0.977096047740409,0.9882917232124505,0.9871302143751199,0.9701239032679418,0.9798397050631529,0.9729795544923683,0.9901139781692497,0.9943217188436013,0.9765639567515559
r26,2.013385582921345,2.0022636274083982,2.0005396552338643,1.9672848360707,1.9792862154410515,1.9656471611678439,1.9990121680797088,1.9868741147755506,1.9991414437258266,1.994390003216898,1.9947582340696144,1.990274891945771,1.980856802527937,1.9658959763672403,1.980744142548243,1.9931644283869527,1.9964862209800218,1.9852179739947187,2.002778307205374,1.9955925130959806,2.0054654760041153,2.001361430290465,1.9971327340352412,1.995094883817805,1.98987860587388,1.985197057559637,1.9929256523002752,2.006408056032516,1.998639484423526,2.000027954661305,1.975821225645641,1.980396058101332,1.9764503425513333,1.9865605410631906,1.9876072411258414,1.9770742801363137,2.0075259779116497,2.001065026356758,2.012556038176887,2.0018973153816937,1.9991202467118239,2.005726709950543,2.003121759192903,1.9945513101313914,1.9995799213077263,2.0018250960778143,2.013680875576589,2.010405080870413,1.998864113528406,2.0,2.006079638274704,1.9952158142268872,1.980394787464056,1.9943543309668255,2.00329219608242,2.001579057464184,1.998673425113807,2.0011576112080496,2.002024440354445,1.996194654378975,2.0008803327992886,1.9959943811569216,1.9917315577764096,1.9868484951457996,1.9881969419467713,1.992138240150297,1.9852552221967492,1.9854941821628014,1.9821760924477871,1.9942007993978539,1.9961456141478462,1.9989429977043551
r27,0.9853356640454365,0.9881611793299482,0.985332117875765,0.990514485720392,0.9944398895780912,0.9910908687074601,0.9937043395526814,0.9898751595812798,0.9962296298611576,0.9932002496261316,0.9951133383960735,0.9922186653057898,0.9879749473150178,0.9874404041089244,0.9901938592738174,0.9879990315611067,0.9912315523956244,0.992773129632981,0.9950897466776362,0.9962206782043457,0.9976335887657651,0.9957658589185835,0.9972866105090908,0.995882164031964,0.9923399183603377,0.9930591997009646,0.9951071828153086,0.9976092432331294,0.9946177759580176,0.9940721300588008,0.9895675406576087,0.9891644368118635,0.9886913416598696,0.9867271205576447,0.9902487973664428,0.9893922701988062,0.9961429067124487,0.9981212097329821,0.9993948838567308,0.9946712952978972,0.9932716359226832,0.9969108303328661,0.9962681252542428,0.9964282593646312,0.9939754363443657,0.9977006275586705,0.9993879034389256,0.9942638688995045,0.9955406902268098,1.0,0.9981377855534587,0.9938987711529825,0.9969854059476462,0.9948522240160059,1.0002830153252305,0.9945697346118143,0.9941150094077811,0.996390479776945,0.997615307101804,0.9926411194518107,0.994440814030209,0.9970101210264062,0.9939125160171649,0.9940582091807638,0.9935766307160565,0.9947614814570218,0.9906830879209652,0.994150160626611,0.9892245934674296,0.9945153405036274,0.9982261076136593,0.9963389452845295
r28,0.9853356640454365,0.9881611793299482,0.985332117875765,0.990514485720392,0.9944398895780912,0.9910908687074601,0.9937043395526814,0.9898751595812798,0.9962296298611576,0.9932002496261316,0.9951133383960735,0.9922186653057898,0.9879749473150178,0.9874404041089244,0.9901938592738174,0.9879990315611067,0.9912315523956244,0.992773129632981,0.9950897466776362,0.9962206782043457,0.9976335887657651,0.9957658589185835,0.9972866105090908,0.995882164031964,0.9923399183603377,0.9930591997009646,0.9951071828153086,0.9976092432331294,0.9946177759580176,0.9940721300588008,0.9895675406576087,0.9891644368118635,0.9886913416598696,0.9867271205576447,0.9902487973664428,0.9893922701988062,0.9961429067124487,0.9981212097329821,0.9993948838567308,0.9946712952978972,0.9932716359226832,0.9969108303328661,0.9962681252542428,0.9964282593646312,0.9939754363443657,0.9977006275586705,0.9993879034389256,0.9942638688995045,0.9955406902268098,1.0,0.9981377855534587,0.9938987711529825,0.9969854059476462,0.9948522240160059,1.0002830153252305,0.9945697346118143,0.9941150094077811,0.996390479776945,0.997615307101804,0.9926411194518107,0.994440814030209,0.9970101210264062,0.9939125160171649,0.9940582091807638,0.9935766307160565,0.9947614814570218,0.9906830879209652,0.994150160626611,0.9892245934674296,0.9945153405036274,0.9982261076136593,0.9963389452845295
r29a,1.9581830154087072,1.9552614445336522,1.9612351962632681,1.9777089623871031,1.9746596792157693,1.9770823874962762,1.998866521807906,2.009063123135882,2.004008005715993,2.0038420083859245,1.995881472682464,2.0039122339150532,1.9898876253529485,1.9806159397612646,1.991891702481874,2.0051064376668024,1.9935797432161904,2.0003890270517424,2.0130828563402643,1.9997331082493912,2.0144318407647566,2.007250054606937,2.0050316192810387,2.0053570519618327,2.010977122499792,1.999065536194511,2.0114919039527956,2.0105333401595296,2.0040048727963593,2.000026430706255,1.9897149239336116,1.9945237924762598,1.991992373545695,1.991539997066111,1.9952458644628661,1.9993486177606674,2.010737057709412,2.01472109397756,2.006373014104026,1.9931788597464193,2.002986689620582,2.0113262618193337,1.9987198079444375,2.0059816123499776,2.010892283242488,2.0112842046160453,2.005369925987083,2.004786543316448,2.00889676334504,2.0,2.0052872576111063,1.994621792184477,1.9978198821727662,2.003649181261301,1.9928581020795444,1.998388440427544,2.0036536018736824,2.0052215331384184,2.010404626393013,1.999023821841561,2.003492886908697,2.004854344743638,2.006295540373701,2.0133931899491455,2.001023142918284,2.000374919229712,1.9708291198424241,1.9765062321313447,1.9710764171298707,1.9990417695719391,2.009164712145607,2.01222373760087
r1273,1.0,1.0,1.0,0.9639438830191767,0.9654202989316721,1.0,0.9813020986918521,0.9725660121346541,0.9857550423286228,0.9836692115920773,0.9836077253823148,0.9760548889305124,0.9784976687635644,0.9754318926307067,0.9878997566542668,0.9829255911840737,0.9819419342107778,0.980943913289044,0.9755804517397765,0.9851241681792309,0.9754584097787309,0.987315738919002,0.9745454337138498,0.9815567441986524,0.9689581972518648,0.9597048727810478,0.9848427965208895,0.9896207971383345,0.9862187578241114,0.9802804064260932,0.9700618115916377,0.9706705438159214,0.9829000842025232,0.9801343913785941,0.9788787705856188,0.9789667871850241,0.9846409638451811,0.982724273714822,0.9894714422500036,0.9887051443008867,0.9766949590782911,0.9801215315765437,0.9861390610593782,0.9933516764933404,0.9786006560758833,0.9889515898994236,0.9959915763611571,0.987628428755434,0.986368010911502,1.0,0.9995131453895914,0.993232105918296,0.9858491287058505,0.9882266519765501,1.00241883350271,0.9983150539407418,0.9947644742667604,0.9960494835693687,0.9883715586513734,0.9978063493045264,0.9894178899004391,1.0007163659915752,1.0029115029554387,0.9913539142818039,0.9956352920489624,0.9924634485587884,0.9835982689654762,0.9833173834817108,0.9734923880262063,0.9911594379788699,0.9888820657461277,0.9986069832482681
r31a,1.9780273550788414,1.9816719996193446,1.975984858998374,2.0137227299384874,2.0165710305282563,2.013447792553002,1.978105384446176,1.9724056089791417,1.9731029886317897,1.9765066612287892,1.9813060372455658,1.9806697444067471,1.9921797113167057,1.9851023623452746,1.982975823331937,1.973667646713934,1.969822093463774,1.9745748752812633,1.9747365622806605,1.973809496632208,1.9774891805792092,1.9728509769358489,1.9804818854319768,1.976630158599988,1.9850300470412272,1.9827416768193324,1.9883497805159904,1.981135330583223,1.9701971932682714,1.9689307162962297,1.996180598093669,1.9760578219327074,1.9791602757457953,1.9765015615077868,1.9848160694308405,1.9891740026871108,1.9752062286240353,1.977039812582866,1.9760646381819917,1.9847586640207275,1.9899208619292577,1.9885833925352774,1.984077980451997,1.9774370070977687,1.9800054590072271,1.979804662225705,1.9757079361873133,1.977330113145712,1.9954287829835151,2.0,1.9867435791403638,1.9795945590398074,1.9740956533082308,1.9790909380742963,1.9895030639340616,1.9906771211343297,1.989478173521126,1.9901106200436829,1.99175969246502,1.9920253570826367,1.993031592722733,1.9991428338751398,1.9969348653159984,2.0023506889293285,1.9927416766768111,1.9917983642610495,2.003988500841719,2.004330862470847,2.0086581053007313,1.9865485693148712,1.9891956937659407,1.9869373630509273
r32a,3.0624029537348116,3.068664523324868,3.0561526834174355,3.0718047883101702,3.009754260325412,3.0961928889742296,3.0756078928524486,3.125167053114227,3.069303214632672,3.0487124980644187,3.042827604493927,3.057493872094759,3.1084235648075134,3.1122226982846515,3.097098320486671,3.096469867427012,3.0811718298928152,3.0850815059330228,3.0282763616358284,3.0359675939626287,3.070542187434268,3.0617823219970193,3.04742820825755,3.070988713316363,3.072912395786278,3.025534301697931,3.0389302694268086,3.0132365083679518,3.027349358588223,3.046803074772051,3.0459567747984737,3.074150499395757,3.0773349211630308,3.0310204652235884,3.055951839594872,3.0513846926397106,3.032981918686048,3.0108582419347294,2.9731389946480355,3.0852100179436714,3.0487960527917193,3.0153937292984034,3.0364798444902403,3.0513595563728755,3.0414481567017813,2.977264020570291,3.0724395163514138,2.962649570069583,3.0341031626905526,3.0,3.059686930548585,2.8899600269830064,3.079359935066311,3.0568950103773282,3.047858431244008,3.0597661951996042,3.070800273905066,3.0026971747743225,3.0546747059247803,3.0218058414741265,3.053694717832257,3.022626169246319,3.025281352474129,3.0496655008468214,3.0586479889605975,3.0501259596172594,3.038451449768045,3.0698609798977095,3.0301324387001793,3.0235514009272904,3.0553612740812564,3.0152897367428078
r33a,3.0624029537348116,3.068664523324868,3.0561526834174355,3.0718047883101702,3.009754260325412,3.0961928889742296,3.0756078928524486,3.125167053114227,3.069303214632672,3.0487124980644187,3.042827604493927,3.057493872094759,3.1084235648075134,3.1122226982846515,3.097098320486671,3.096469867427012,3.0811718298928152,3.0850815059330228,3.0282763616358284,3.0359675939626287,3.070542187434268,3.0617823219970193,3.04742820825755,3.070988713316363,3.072912395786278,3.025534301697931,3.0389302694268086,3.0132365083679518,3.027349358588223,3.046803074772051,3.0459567747984737,3.074150499395757,3.0773349211630308,3.0310204652235884,3.055951839594872,3.0513846926397106,3.032981918686048,3.0108582419347294,2.9731389946480355,3.0852100179436714,3.0487960527917193,3.0153937292984034,3.0364798444902403,3.0513595563728755,3.0414481567017813,2.977264020570291,3.0724395163514138,2.962649570069583,3.0341031626905526,3.0,3.059686930548585,2.8899600269830064,3.079359935066311,3.0568950103773282,3.047858431244008,3.0597661951996042,3.070800273905066,3.0026971747743225,3.0546747059247803,3.0218058414741265,3.053694717832257,3.022626169246319,3.025281352474129,3.0496655008468214,3.0586479889605975,3.0501259596172594,3.038451449768045,3.0698609798977095,3.0301324387001793,3.0235514009272904,3.0553612740812564,3.0152897367428078
r34,0.9876506773003941,0.985192491120414,0.9874523887483607,0.992778029447662,0.9925346727532702,0.9911188595275199,0.9847988910324831,0.9802509638462306,0.9833576179395244,0.9828535476322928,0.9836430304902398,0.9867552844414931,0.9845429637009634,0.9846553282101915,0.9813726340799918,0.989364843238266,0.9886720908979802,0.9859246172998546,0.9845494743956804,0.9829383055727526,0.983696061797191,0.98320788014056,0.9837306444936521,0.9863751679392702,0.989694363593774,0.9899553554237086,0.987584292775616,0.9812573361262125,0.983029805914352,0.9806927650565903,0.9978231970438874,0.9970062646295941,0.994490629543346,0.9910576779251574,0.9996170810909341,0.999000791174248,0.9825041622403748,0.9844587377068141,0.98573175738774,0.98537075036597,0.9862404227424102,0.9854647542389082,0.9892920804111317,0.9855334987453991,0.9876106945252563,0.9977144902470675,0.996116918405502,0.9979711187249966,1.0042998389717763,1.0,0.9965919316519096,0.9990982792744189,0.9996187681045605,1.0013808569149596,0.9999018648053326,1.0010966441163625,1.0008259072174275,1.0003154689358016,1.000198178009177,0.9990088248956622,1.000154665934261,0.9994514037432992,0.9999134182071018,1.0031625560988926,1.0029807298049376,1.0018791871253803,1.0003451779808914,1.0035051615802963,1.0033192713714036,0.9973450652744503,0.9944952317796732,0.9948231598652562
r30,0.9887573573021218,0.9864226707119049,0.9867868210505466,0.9933828321676618,0.9930247811408404,0.992212882328409,0.9955635109708117,0.9954778510204744,0.997980631877797,0.9977564042654018,0.9971552042322384,1.0001372000758513,1.0020388944048546,0.998865023654788,1.001629498275485,0.9969309187475245,0.9948923061794064,0.9953827754346406,0.997133717410083,0.9995610877958113,0.9995319995565889,1.0001054158040126,1.000095026872298,0.9995047300872664,0.997614854146873,0.9961726992740494,1.0010662588299026,0.996553969998738,0.999593261090185,0.9954272140928659,1.0032218352998656,1.001943234929198,0.9981155045032675,1.0012135010075125,1.0016884141106766,1.0018359861323978,1.0007414809897237,1.0007230911841314,0.9965584593631632,0.9984370777459355,0.9963853180786044,0.998854405049184,0.9977073596048157,0.9985573634639545,1.0009067280561075,1.0011837795257268,0.9999725278716068,0.9998501879375883,0.9972199379867641,1.0,1.0025523144058073,1.002156451051466,0.9991060037603938,1.0009929063778604,0.9986208572720459,0.9987808371654446,0.9990130897879448,1.0018690572384072,0.9977594251978361,0.9973393425066427,1.0001888206766607,0.9994234484557656,1.0006238159078118,1.0037091685657602,1.0000324206630822,0.9989135503298763,0.996406954085922,1.0001984571788,0.9968715338933724,0.9977967821556739,1.0047574452538308,1.0008161687027635
r35,0.9876506773003941,0.985192491120414,0.9874523887483607,0.992778029447662,0.9925346727532702,0.9911188595275199,0.9847988910324831,0.9802509638462306,0.9833576179395244,0.9828535476322928,0.9836430304902398,0.9867552844414931,0.9845429637009634,0.9846553282101915,0.9813726340799918,0.989364843238266,0.9886720908979802,0.9859246172998546,0.9845494743956804,0.9829383055727526,0.983696061797191,0.98320788014056,0.9837306444936521,0.9863751679392702,0.989694363593774,0.9899553554237086,0.987584292775616,0.9812573361262125,0.983029805914352,0.9806927650565903,0.9978231970438874,0.9970062646295941,0.994490629543346,0.9910576779251574,0.9996170810909341,0.999000791174248,0.9825041622403748,0.9844587377068141,0.98573175738774,0.98537075036597,0.9862404227424102,0.9854647542389082,0.9892920804111317,0.9855334987453991,0.9876106945252563,0.9977144902470675,0.996116918405502,0.9979711187249966,1.0042998389717763,1.0,0.9965919316519096,0.9990982792744189,0.9996187681045605,1.0013808569149596,0.9999018648053326,1.0010966441163625,1.0008259072174275,1.0003154689358016,1.000198178009177,0.9990088248956622,1.000154665934261,0.9994514037432992,0.9999134182071018,1.0031625560988926,1.0029807298049376,1.0018791871253803,1.0003451779808914,1.0035051615802963,1.0033192713714036,0.9973450652744503,0.9944952317796732,0.9948231598652562
r38ar,0.9852019576806363,0.9935647973792413,0.9957837290526292,0.985441482964842,0.9976598822015105,0.988448914677194,0.9991213565369582,0.9886220686930974,0.9916257916628346,0.9910855433325119,0.996466126342692,0.9918467518189522,0.995740898437504,0.9917715068972204,0.9897714214334481,0.9883558259413816,0.9919799448172016,0.9908847218727227,0.9917624925791988,0.9927191283446267,0.997921560019799,0.9894856098366057,0.995108621422047,0.9976403448831642,0.9912747314949246,0.9934504158751967,0.9942443203283353,1.000164581772689,0.9951592797999559,0.9911201579922966,0.8545430870284695,0.831843962105015,0.8405525388747809,0.8938970077941616,0.8949452503627836,0.899267593507125,0.9956357691181285,0.99939664746927,0.9972710900889473,0.9912854570090426,0.9876346964676636,0.9978325492042995,0.9913888878206812,0.9893798752386767,0.9942701761295406,0.9981130184420488,0.9949260121069213,0.9913392318218915,0.9882268576990128,1.0,0.9983698782921031,0.8416251985815788,0.84894935421738,0.85100310201125,0.894629916182152,0.8348380589941581,0.8229890362569677,0.854474680571675,0.8942774008773676,0.8439712164172013,0.8429907440331902,0.8447790418628714,0.8961568759129831,0.8394488195395068,0.8979217343691679,0.8939203231496758,0.9546614474861069,0.9534117023654074,0.9632973010867459,0.9884537469426767,0.9899403737790937,0.9897836209509261
r39,0.9738652460700976,0.9791325687313992,0.9846765021948801,0.9841208791761431,0.9956271190202634,1.0029048163615646,0.9936824183009889,0.9817832853818783,0.9920275322235734,0.9894001738010217,0.9796550525742753,0.9944311589733885,0.9911833724705185,0.990970456508426,0.9902119897889156,0.9873963764544036,0.9949791827423262,0.9910563903210311,0.9883306414956965,0.9890916519165004,0.9911171830296973,0.9884954023308951,0.996959476453892,0.9964660456533033,0.9930506328205597,0.9704294791136787,0.9826876279625473,0.9926491215432593,0.984154124870685,0.9192083386411498,0.9951445761451398,0.9970891898936468,0.9858749478425048,0.9864362144786701,0.996929142125726,1.000422720521759,0.9902155998620039,0.9954815985490628,0.9963918041468166,0.9887453614546846,0.9895004482790508,0.9847013572984139,0.997138365865368,0.9845885917870167,0.992882337470511,0.9930191708361661,0.9928106211498913,0.9869705494459989,0.991245063363356,1.0,0.9930313127222931,0.9938479719543947,0.9912606423451383,0.977973148486102,0.9854573544537915,0.9936269462842228,0.993650629199762,0.991239859599437,0.9906785276032815,0.9922777760104676,0.9880017854741276,0.9894989859551533,0.9570217373463035,0.9776382153707899,0.9795456316734222,0.9960764925404956,0.9899481245835074,0.9725131280782404,0.9813338088382522,0.9925633680186189,0.9973041529941468,0.9868792492977189
r42,0.9946816301933326,1.0000951866062828,0.9999620385879456,0.9966776698845565,0.9952113542423806,0.9966696967967957,0.9924736235289452,0.990111839745136,0.9890901131787216,0.991788743230464,0.9905702326704439,0.991270809569997,0.990042398148091,0.9895003904078253,0.993060936442998,0.9939530325363142,0.992543802540725,0.993088336336715,0.9886333611788453,0.9884844283894128,0.9892448366179882,0.9908540357770221,0.9903348135538229,0.991040405853944,0.9931562127970969,0.9937313756970029,0.9964153741561784,0.985842500620144,0.9893565140289977,0.9871741303238645,0.9888648993998262,0.9906869525301137,0.9876087067213162,0.9893730504792572,0.9924235147440844,0.9945003659376538,0.9894724090897401,0.9897633761845879,0.98959360876892,0.9887025782993336,0.9890676737396606,0.9862626823291155,0.9910389222133729,0.9916263523789022,0.9959204883234116,0.9949386279276734,0.9976407174005111,0.9961672344148421,0.9970871569581117,1.0,0.9993814555948123,1.0020562821798413,1.0004242228766997,0.9983382538661077,0.9991573996656985,1.0014323155063825,1.002411509881731,0.9974024617297007,1.000565791028265,0.9991866441542292,1.0025821828212387,0.9982876464900652,1.001033564881307,1.001779405819159,1.0036032311064933,0.9969925301422107,1.0022946884623536,1.0068544522343232,1.0055817408017207,0.9956910730977165,0.9956534589180243,0.9949485308680504
r43,0.9946816301933326,1.0000951866062828,0.9999620385879456,0.9966776698845565,0.9952113542423806,0.9966696967967957,0.9924736235289452,0.990111839745136,0.9890901131787216,0.991788743230464,0.9905702326704439,0.991270809569997,0.990042398148091,0.9895003904078253,0.993060936442998,0.9939530325363142,0.992543802540725,0.993088336336715,0.9886333611788453,0.9884844283894128,0.9892448366179882,0.9908540357770221,0.9903348135538229,0.991040405853944,0.9931562127970969,0.9937313756970029,0.9964153741561784,0.985842500620144,0.9893565140289977,0.9871741303238645,0.9888648993998262,0.9906869525301137,0.9876087067213162,0.9893730504792572,0.9924235147440844,0.9945003659376538,0.9894724090897401,0.9897633761845879,0.98959360876892,0.9887025782993336,0.9890676737396606,0.9862626823291155,0.9910389222133729,0.9916263523789022,0.9959204883234116,0.9949386279276734,0.9976407174005111,0.9961672344148421,0.9970871569581117,1.0,0.9993814555948123,1.0020562821798413,1.0004242228766997,0.9983382538661077,0.9991573996656985,1.0014323155063825,1.002411509881731,0.9974024617297007,1.000565791028265,0.9991866441542292,1.0025821828212387,0.9982876464900652,1.001033564881307,1.001779405819159,1.0036032311064933,0.9969925301422107,1.0022946884623536,1.0068544522343232,1.0055817408017207,0.9956910730977165,0.9956534589180243,0.9949485308680504
r44,0.9937805510720867,0.9931108304007997,0.9931199225287137,0.9919018159601186,0.9914841889448885,0.9901572285125384,0.9911455859556165,0.9890929456195965,0.9922497950912815,0.9934181759368771,0.9921028072460317,0.9919279241701684,0.9945631623155575,0.9915343412130617,0.990691342066979,0.9912836304822695,0.9911712085402189,0.9907724803738368,0.9909094817676389,0.9926695743183499,0.9934819059920634,0.9915731757034857,0.9915695397449892,0.9922887006492005,0.9883422059686838,0.9930482206380452,0.9926558166490346,0.9929719691978725,0.9921542878966249,0.9929770051737701,1.0014164041572116,0.9953128028022522,0.9969814355287245,0.9967895595950046,0.9987184984099441,0.9977537139296886,0.9915263172742758,0.9902682538801725,0.996425835619864,0.990048143672824,0.989709461127617,0.9898430288729626,0.9915708765137906,0.9885639388972891,0.992291461243586,0.9931431393520627,0.9945447185859914,0.9952962693191515,0.9965118088434315,1.0,0.9973662337900472,0.997438239061849,0.9978591574672963,0.9991923864868262,0.996463153417018,0.9988958184896035,0.999481137508636,0.9994007206067421,0.9987725195320475,0.9985430159378392,1.0004328866360879,0.9985149359727352,0.9981775604388098,1.0006564467165402,1.0018104172519002,0.9983280994078338,0.9996584334679343,0.9994414042967282,1.0023941695446614,0.9972077528579816,0.9934486454015695,0.9960544145689213
r45a,2.980858589614395,2.9678476533279214,2.976141647590217,2.9685690188161606,2.9606372526065106,2.9522962235415915,2.9818246375642703,2.9779887267699534,2.9843081460875647,2.9836747048590464,2.9796953913216244,2.978811010125078,2.9482480599845244,2.939406669166962,2.9247203628053735,2.979814195439688,2.97611139986795,2.9533894302960797,2.98614023639665,2.9780900281598797,2.990229099346873,2.985604465440498,2.9818466951096,2.9856265576937724,2.978497427357161,2.9829803022011236,2.9775379096219083,2.9820060069485317,2.9732959288366665,2.983206811730512,2.9866695600269177,2.9855124698415088,2.9778924487357568,2.9714773165796116,2.987189169676988,2.984870840380425,2.9847352425672695,2.985604157792857,2.9757074623393893,2.9751507163134114,2.9830466325025613,2.9812461932757532,2.98287005482272,2.9781540500374932,2.9778491915541148,2.9860882437224854,2.9907507429339044,2.9883172166840026,2.994980313246237,3.0,3.00029984254292,2.976819530145359,2.97977465601035,2.990176047904462,2.9839484175354776,2.9880371059100765,2.9866425610823377,2.9751462414656142,2.98904649798912,2.9869806493813473,2.9901288881726584,2.986334777787275,2.9744254962332772,2.9775255468716435,2.9896645322109836,2.9767710089626434,2.9825610709037726,2.981476317312961,2.9943121049347683,2.9885251778555126,2.9920208392668406,2.9934973172155885
r46,0.8812826433430707,0.8968689906274424,0.8975437569788097,0.9895958854474046,0.9842334978806911,0.9854079099488043,0.9583036110092605,0.9605007084766847,0.9511834213546292,0.9603518591027433,0.9664182883142958,0.9593877338860354,0.9670002745315636,0.9850180503244138,0.9771233194507477,0.986516250443421,0.9969209432969873,0.9921037888963398,0.9647169335942568,0.9672140904022027,0.9582794737064709,0.9654281684877516,0.9564939764999085,0.9633875727775348,0.9682912713426258,0.9766170989712174,0.9766901638225393,0.9428832167127621,0.9566601747227275,0.9501316978372992,0.9628810432891627,0.9722333747042194,0.9501952164010781,0.9439065892132785,0.9751315914860268,0.960516852738675,0.9586771828637443,0.9618534529532026,0.956619641589871,0.9874579953737871,0.978639777062072,0.9744656839961324,1.0051899064830006,0.9945345871381062,1.0010761610298384,0.9730273491390572,0.9805985019891168,0.9732339696997432,0.9964956236556444,1.0,0.9955439745350116,0.9628981318926181,0.9592792136463255,0.9658038492324964,0.963310571429856,0.959406497314663,0.956414316837361,0.9457951169360445,0.949188064961049,0.9421462996807437,0.9668321447102879,0.9670970990938983,0.9706361808755215,0.9471828864645544,0.9493760886155982,0.9511852871908779,0.9822559277972213,0.9822123889260627,0.9906431175809345,0.9853654981428788,0.9846697909115005,0.9808236813047828
r47,0.9763710869023451,0.9874519770367184,0.9843856515439782,1.0163424152820852,1.022015878029208,1.0212673451608316,0.9863778565598765,0.9782006983026313,0.9744734535129076,0.9781266065854471,0.9847372833579633,0.9793577596787465,0.9745228160970815,0.9820576683152931,0.9871501626050467,0.9988899012741409,0.9998165549869797,1.0044272997304584,0.9830793784223724,0.9843251486259585,0.9813286311222708,0.9883621051375099,0.9841569467278647,0.9883345555065963,0.9973959530315101,0.992072804907805,0.998028573496098,0.9737702803278218,0.9712263586086349,0.9698891537551273,0.9813974858933227,0.9844964519031204,0.9665945132631709,0.9726826570737468,0.9855966846878849,0.977986245894443,0.979460996172681,0.9860353536989731,0.9749535091334369,1.0054705047128516,1.0005780225012642,1.0020368783809823,0.9996103672696566,0.9942356346602936,1.0000234728586441,0.9844264114462743,0.9899327875859908,0.9812210514466478,0.9969652213678531,1.0,0.9976697697483574,0.9728054175433647,0.9791930849462087,0.9780499138866029,0.9839142285199919,0.9859781555831773,0.9810399199068984,0.9863404597070946,0.981423981465545,0.9755736445310565,0.9854684102960926,0.9898015841679623,0.9891787330615064,0.9793026645904074,0.9777777288852916,0.9816930428541254,0.9974353447274976,1.0056236647280952,1.0010625314621058,0.9874089294106718,0.9838058017625363,0.9841968005159056
r56a,1.0012871840565676,1.0022234347354824,0.9997327673904193,1.0026363760762302,1.0064430750036617,0.9987483769756625,0.9955417777790576,0.9891162069854065,0.9978401857859175,0.9959453445379499,0.9951139136240238,0.9973704011649108,0.999085324954781,0.9992922428763181,0.9934007710479497,0.9920035575328333,0.9927666178328513,0.9969439359903953,0.9948530131680853,0.9853473986926556,0.9986740607266328,0.9920055940104557,0.9951612767537215,0.9976988121313245,0.9968561830272858,0.9959757603325314,0.9928325010661073,0.9928956000149148,0.9965732443011601,0.9965262638980357,0.9966959562063631,0.99621013695342,0.9948447877724257,0.9944851072869927,0.9942947060271143,0.998417405837691,0.9926995679165805,0.9910520490326838,0.9918145702913261,0.9970414351591023,0.9941051298457403,0.9927695582591693,0.9956919717556286,0.9936691883244774,0.9903787162011237,0.9976506036075239,0.9980925352291047,0.9965577305352172,0.9974781957961767,1.0,0.9987906058091448,0.9993447568069722,0.9990094852894316,0.9995386694234166,0.9979891643977603,1.0000392717140407,1.000989580824612,1.0040143603229572,0.9759890560322828,0.9986970903461362,0.9962237866609668,0.9993733597623542,0.9984645952013624,1.0037642831576696,1.0025643672384699,0.992439438633195,1.0020439092675406,1.0035493119695935,0.9959835840368317,0.9950637107681859,0.9882606391376195,0.9974718734585406
r56b,0.994956201600784,0.9933940167380036,0.9939028385066512,0.9988558980705715,0.9954902642468664,0.9960104567744668,0.9929034150213651,0.993062666727113,0.9942509506760595,0.9910705467768013,0.9942029729126783,0.9952702792469249,0.9965266998547679,0.9957193041151821,0.9968819848015866,0.9917077586112866,0.9953851864842609,0.9939564747403453,0.9953447089406514,0.9940374644526372,0.9952716341508351,0.993858150940957,0.9934770010822318,0.9949282246873733,0.9935156938649536,0.9912592429069554,0.9937011462416324,0.9918899078007198,0.9945393639058442,0.9959822318329652,0.9964250495662293,0.9934090057081268,0.9953115977127218,0.994988467408224,0.9993582271345421,0.9964263666615022,0.9942079395423062,0.9910170468084388,0.99645954460424,0.9939897168167043,0.9969043454261742,0.9914402003026237,0.9951383994339736,0.9937720803053185,0.996061113561894,0.997691376214534,0.9956160652288302,0.9962009974866443,0.9981757228965837,1.0,0.9992832952008195,0.9974237728061204,0.994257918484332,0.999453545096329,1.000661888118666,0.9993103521994111,1.0008807387912566,1.0004518192179406,1.0013144132643208,0.9988799539888981,0.9995476371801083,0.9981031850054682,1.000723853496106,0.9992076288751206,0.9977802589188322,0.99972081828856,0.997611427368477,1.002941312484223,1.0015168522899298,0.9973454448300874,0.9978126270471447,0.9966964325607981
r58a,2.967368193967839,2.9296011835910756,2.9655443296717268,2.932878428323259,2.9673758094429834,2.931837547854356,2.969398574333977,2.959240412235343,2.9864054433843696,2.9777434646403287,2.9872208567457195,2.9953459239417235,2.9425824001346204,2.9679677769868005,2.9745260644013176,2.9967548852387793,3.001362534470691,2.9631417883970173,2.9926657880731296,2.955006920813699,2.9563316887953524,2.9932027104846375,2.9938839546464795,2.962745426910504,2.986207733860959,2.95735292924949,2.959917293467115,2.9907383077055854,2.9935057793680215,2.989826489624535,2.983013107502143,3.0112176926845566,3.0066015343606924,2.9950096724162907,3.003900934066433,2.9906021527349926,3.0027814011434586,2.9770432743383686,2.9957490603723445,2.9920251407024256,2.9918938110984277,2.9871694800633355,2.9824001594030145,2.975220647921593,2.9792988971516836,2.9733740781120295,2.994169266948515,2.9817384174357144,2.998173529735681,3.0,3.0033977209988723,3.0274212627913033,3.023551033325462,3.0224654104534316,3.0507275930174496,2.995920989774408,2.993726625455247,3.0310083795933402,3.04257100129536,3.0247178242828303,3.029804524384031,3.0262303278607163,3.032783951951644,3.0690396723650037,3.035273999546696,3.035934977560026,3.0444442098744773,2.9958186858663605,3.023088352252077,2.9875515279492095,2.980194394829825,2.999342609799602
r60r,0.941460076515046,0.9163361131797704,0.9246235807488277,0.9730761875202487,0.9728438000209467,0.9694806020734055,0.9796523770848992,0.9737470584055491,0.9801372789462842,0.9790536730196848,0.9810595735329457,0.9761896054274934,0.9780901774137417,0.9779043293842179,0.9728374667719506,0.9782295068564608,0.9790923791416474,0.9791119530747788,0.9777200242688469,0.9783666505145173,0.9822655688154364,0.9757814170925672,0.9762997252581889,0.9817858791892798,0.9712351601038565,0.9830575004845911,0.9765111780729643,0.9778511514845534,0.9763684207786355,0.9789567839822084,0.9820180262966908,0.9769041331689834,0.9862982894392645,0.9856502648732148,0.9776121261652154,0.9775941210587821,0.9835601114128317,0.98260172380376,0.9902559760314646,0.9837040925508956,0.9809983479167392,0.9670465634283102,0.985695169762135,0.9804221230903327,0.9816202473394945,0.9803565710263391,0.9936053851337271,0.9866757211217095,1.0042884071830254,1.0,0.9949900565800341,0.9856426820764984,0.9885818514387481,0.9889320412051029,0.9977300780483134,0.9931926545348937,0.9902316142587259,0.9944481527651747,0.9938360864736598,0.9991894232735082,1.0001496494285766,0.9950063159075488,0.9999419347029325,0.9912033188955892,0.9981925709019599,0.995719179186779,0.9945020221344988,0.990276872580255,0.9889597176021481,0.9914573572638252,0.995326037214599,0.9961958859989165
r64r,2.009877081734125,2.0111574319461276,2.0143707722202056,2.008711651907668,2.012349931836736,2.0083290306601,1.9970297202924407,1.99475489434009,2.0014732327180287,1.999081217853349,2.0000874899034224,2.0014140069503172,1.9816494360691608,1.9812967345376646,1.976700967107627,2.003607438526597,1.9971235490449366,1.9946668332556725,1.9919920283100532,1.9971999387088561,1.9977978541764014,1.9924064926662906,1.9962538189860393,1.9957725658130283,1.9989547203246625,2.0015305132279244,2.011229122696304,1.994582928815791,2.0051144161592607,1.9999797602598848,1.992335336378729,1.9740986700902572,1.9716849175326963,1.9730868058773274,1.9775044378192086,1.9840027938239997,2.001163180632213,2.0017220174709234,1.996962813409778,1.9925688018959415,2.0041485394332983,2.0031547704460584,1.999860003397631,1.9976127811449542,2.003418077501862,2.002271726408968,1.9993005494524745,1.994956574283647,1.9977914316756469,2.0,1.9921782767875462,1.9778542464319235,1.9792542837791665,1.979032502627648,1.9954798487398877,1.983913881502356,1.992101073687898,1.9910162102135742,1.9973776659229172,1.9920238091668865,1.9923846121633466,1.9844433785136042,1.9897550901790435,1.986917093569298,1.9791357329191879,1.9934263375582382,1.9945030548501408,1.9907738680382752,2.0007279546778687,2.0010191086385487,1.9945479924395575,1.9890963416555105
r65r,1.0,1.0,1.0,1.0,1.0,1.0,1.0,1.0,1.0,1.0,1.0,1.0,1.0,1.0,1.0,1.0,1.0,1.0,1.0,1.0,1.0,1.0,1.0,1.0,1.0,1.0,1.0,1.0,1.0,1.0,1.0,1.0,1.0,1.0,1.0,1.0,1.0,1.0,1.0,1.0,1.0,1.0,1.0,1.0,1.0,1.0,1.0,1.0,1.0,1.0,1.0,1.0,1.0,1.0,1.0,1.0,1.0,1.0,1.0,1.0,1.0,1.0,1.0,1.0,1.0,1.0,1.0,1.0,1.0,1.0,1.0,1.0
r67,1.0105266540781885,1.0166139744227976,1.023760865840012,1.0087862955088913,0.9986619832476765,0.9971984975994297,0.9942079772120597,0.9977008626651734,0.997254410779224,0.9983339879854141,0.9986554389480259,1.0025599400096454,0.9825836184947877,0.9747441972723708,0.9638724420133906,0.9994189690302886,0.9963457602904678,0.9970679456660518,1.0008174067576114,0.9949026589732324,0.9960348980537922,1.0001593510845583,1.0060751819548386,0.9990940141686693,0.999267351691142,0.996204922374106,0.9998463740657573,1.0140635166246552,1.0079206520620634,1.0138000113797851,1.0058034509428655,0.9977461750225171,1.002177878997807,0.9971068247395404,1.00694314976077,1.0072693778760073,0.9934382467927578,0.996823398836575,0.9978926868027934,1.0018586577940056,0.9955356013090052,0.9947528801763728,0.991106609343565,0.9890704292842128,0.9976864691742067,0.9984662709270007,1.0019748284506553,0.9996924077505913,0.9844358490965347,1.0,0.9916759468158499,0.9982890039803819,1.002188858780685,1.006881854294826,0.9883285551509126,0.9839042902718691,0.9912449054796356,0.9838602719371933,0.9989629604820245,0.9900879867466922,0.9849579853562085,0.9854929494659728,0.9852771390850006,0.9922541075061875,1.0000770524681568,0.9990775681672647,0.9906312678197352,0.9874625032774093,0.9921301160307663,0.9980719255006367,0.9997494025825452,0.9985430609694265
r68a,1.0092518479835577,1.0209978026755213,1.0119031616485479,0.9977977304139073,1.0075533021046048,0.9978083713527458,1.0069103558210666,1.0078366427902332,1.0035243895537098,0.9999333454957486,1.003506161811545,1.0056906817534794,1.0019672373223967,1.0008551528805103,0.9886869394091531,1.003966636303411,1.0092992650266426,1.017614154046142,1.015812863771334,1.0012242133514586,1.0068892311312279,1.0027545717287636,1.0119790059404443,1.0062037056597537,1.0035677047815663,0.9967960915697218,1.0073859096338875,1.012519151613769,1.0039469882389314,1.001069575768467,1.0142660841701325,1.0101218224089081,1.011807405348069,1.0117892384822627,1.0162645243752304,1.0097011972857157,1.0033174941039582,1.0079970816771775,1.0074506113221513,1.0006562009921898,1.0069047205514596,0.9996084287075164,1.0077421492940526,1.0026109402232173,1.0070518560183255,1.0060841584137998,1.0132395655316784,1.0043074376028829,1.0122717573745668,1.0,1.0084781097205364,1.01097805680067,1.0073321402918045,1.0148137617792417,1.0204554297386264,1.0071595054047136,1.0094086597643266,1.0063482808002095,1.0127432154466312,1.0082882691451136,1.010242745961922,1.0046140798623926,1.0085531109897778,0.9988612667570708,1.016966464299421,1.0120146580388967,1.0052102156932747,1.0073042130985157,1.0026965203778806,1.008074234449662,1.003783596753413,1.011754697372419
r87,0.9957986685785147,0.9935479517753799,0.9941215815858715,1.002881003492561,1.0053531030574623,1.0035212325967757,1.0065753459934064,1.0057745285078334,1.010178704415849,1.0085183324709295,1.0062099471713022,1.00801613754599,1.0058990729486423,1.008355690718627,1.0052660836834015,1.003880956181423,1.0035627508372211,1.0066955613966446,1.0081906629095208,1.0068333109971603,1.0092009119225207,1.0070997436818023,1.0064375844087738,1.0081299327911264,1.0084408662924103,1.0072963266979227,1.0122024185082938,1.007483111095871,1.0054929905740988,1.0084130224275885,1.0142667650540875,1.0159126375672667,1.0151043942673925,1.0109754964285933,1.016127538917044,1.0149306932308322,1.0089554070631732,1.0113286740821443,1.0113215476923418,1.0130591709532155,1.0130475709499651,1.0116080346217469,1.01137161487548,1.010296923424948,1.0076071915845484,1.0051760684129627,1.004374773210126,1.003758570410887,1.0032768332082274,1.0,1.0036686810258884,1.0076413269604576,1.0096857599615863,1.00930226218548,1.0063257024225787,1.0016746632350966,1.0055817337086892,1.00643029479512,1.0070315910018066,1.0051547464507167,1.0021755828531602,1.0056403350800387,1.0047712975307097,1.0075096553969263,1.0061024618884198,1.0045396498157133,1.0007783791181024,1.0031977541216381,1.0035009674853739,1.0055557885106519,1.0085439460803813,1.007796188429745
r93,1.0262294207452654,0.9993081108736364,1.000407025166223,1.008827847006055,1.0052350416140783,1.0076488897976492,1.000237630647466,0.9966171157129957,0.9928461368553824,0.9986121255227579,0.9868845547679582,0.9966494125042042,1.003309442784267,0.9967459530091085,1.0005323312909533,0.9920640944212251,0.9969827366134587,0.9942757299390397,1.0018444101157806,0.9936059938669889,1.0034526944988986,1.001502729711445,0.9969997413566093,1.0061263983495563,1.0053261087187224,1.0093654506305774,1.0071715756936968,1.001911773663475,0.9996275284983562,0.9970555073542016,0.9994857103262726,0.9992439880311804,0.9962956907595047,0.9959407967451428,0.9996525772771025,1.0017076365959818,0.9997061808656713,1.003034172353582,1.0005130533365487,0.9941741749719288,0.9934681501810632,0.9962056219635147,0.9938175004711607,1.0269054390555608,0.9994729275012999,0.9948697557274786,1.0000363987450303,0.9975737935852558,1.0051578155087348,1.0,0.9972909760206353,1.0041718620336542,0.9993352464259948,1.0007125709008624,1.0063549385484816,0.9970003845422651,0.9967013085780021,1.0047084186798192,1.0028073282862051,1.0022463892987816,1.0058790466077594,1.0078631377912997,1.0112888336135106,1.007663542723023,1.0028185170192436,1.0099638117090568,1.009539377504192,1.0139033060247626,1.0200580795008392,1.0018592400620296,1.0007207668200473,0.9970932721609789
r94,0.9957986685785147,0.9935479517753799,0.9941215815858715,1.002881003492561,1.0053531030574623,1.0035212325967757,1.0065753459934064,1.0057745285078334,1.010178704415849,1.0085183324709295,1.0062099471713022,1.00801613754599,1.0058990729486423,1.008355690718627,1.0052660836834015,1.003880956181423,1.0035627508372211,1.0066955613966446,1.0081906629095208,1.0068333109971603,1.0092009119225207,1.0070997436818023,1.0064375844087738,1.0081299327911264,1.0084408662924103,1.0072963266979227,1.0122024185082938,1.007483111095871,1.0054929905740988,1.0084130224275885,1.0142667650540875,1.0159126375672667,1.0151043942673925,1.0109754964285933,1.016127538917044,1.0149306932308322,1.0089554070631732,1.0113286740821443,1.0113215476923418,1.0130591709532155,1.0130475709499651,1.0116080346217469,1.01137161487548,1.010296923424948,1.0076071915845484,1.0051760684129627,1.004374773210126,1.003758570410887,1.0032768332082274,1.0,1.0036686810258884,1.0076413269604576,1.0096857599615863,1.00930226218548,1.0063257024225787,1.0016746632350966,1.0055817337086892,1.00643029479512,1.0070315910018066,1.0051547464507167,1.0021755828531602,1.0056403350800387,1.0047712975307097,1.0075096553969263,1.0061024618884198,1.0045396498157133,1.0007783791181024,1.0031977541216381,1.0035009674853739,1.0055557885106519,1.0085439460803813,1.007796188429745
r95,0.9896639002783006,0.984889308677186,0.9898577790440891,0.9922778559022859,0.999995104937645,0.998571940147916,1.004423892712085,0.9985997964848055,1.0008244366054502,0.9989498106241739,1.0027081407290896,1.0011883173286515,1.0075095579220854,0.9970165161284433,1.0097722165530945,1.0011277429353755,1.0063583277204584,1.0092526249324885,1.0133739466229228,0.9970823025165986,1.0107862864481323,0.9959156827704909,1.0045341208708214,1.0015738943215076,1.0895519964672773,1.0909357685806989,1.0944905091328296,0.9962464668799272,1.010783972419407,1.0070660350345864,1.001372969786395,1.013849895337081,1.005227967866443,1.0139941093127682,1.0142580146655789,1.011871629699295,1.0109984213118521,1.0105817072182948,0.9942762975164363,1.012731774797194,1.0056489248612042,1.0062608630877994,1.0015943697805747,1.0081040119293938,1.0090087519966882,0.9987966138430978,1.0025125950474518,1.0054490917832326,0.9947429730366306,1.0,1.0029774196196402,1.0153517267145507,1.0078339677390327,1.0105906593535976,1.0026025797137303,1.0005554028688666,0.9947016692737151,1.0095116202400234,1.0085507810859875,0.9974631791967908,1.0028042957464685,1.008586940322717,1.0028873489124142,1.003282613818913,0.9973571842097225,0.9997659185289645,1.0001342283912282,1.0048373746316195,0.9901640029625686,1.005130318288927,1.010960674675047,1.0094137509823002
r96,0.9916830884756567,0.9844192572483184,0.9900818491189942,0.9938701681403725,0.9953524778385644,0.99382927362211,0.9997898306638413,1.0009636967913533,0.9992956678851961,1.0003898242657447,1.0003000873872365,1.0024592199488718,0.9956506119212682,0.9955511722374049,0.9997932756167138,0.9956844627588026,0.9860395243563511,0.9961332304147892,1.0036809407830587,0.9965734981548816,0.9979402641398641,0.9944058019793701,1.0007120062100407,1.0004291798259295,1.0012797928953117,0.9975581318449293,1.0018023418163737,0.9947792985533458,0.9964798927650997,0.9998309337262575,0.9907318891639553,0.9993372730999553,0.9946204786552274,0.994453320393158,0.993620669440882,0.9961953770900036,0.9978240450679592,1.000040327402521,0.9997432394527412,0.9984762226396047,1.0000881036297473,1.001177717788859,1.0012294130907473,0.9984518843352527,0.999617375531421,1.001974547001665,0.9954506994891171,0.997118847073653,1.001740657245214,1.0,0.9953550535588317,0.9942282163018085,0.9950270205325447,0.9975227293816289,0.9994060685617037,0.9960898826209441,0.9961613082876808,0.9894391582165704,0.99015298241651,0.9946027424390831,0.9955117119352143,0.9950688071392788,0.9963927376380352,1.000412154157456,0.9986060588831198,0.9962893343490178,0.9971971042164143,0.9972139384905263,0.995630498242241,0.9965775393384133,1.0003711546093474,0.9977047928219824
r113a,6.93905971917936,6.923665162178744,6.83852983556204,6.94382903924901,6.963392037853984,6.934265707288617,6.872633827294061,6.863642364583017,6.872221919828884,6.9639134912454175,6.919961034212494,6.902572383807471,6.9492073880367355,7.0788570370156965,7.0238028125455525,6.940303555435817,7.027069852293909,6.889658962809513,6.91292306359497,6.881652998841271,6.870901235960052,6.9692294152394565,7.000595258173066,6.865006764613354,6.859692040652812,6.975020208585453,6.849578221610546,6.812473922346315,6.795661399788917,6.879321106122678,6.946067415198433,6.95225696719406,6.952545792088594,6.931567269327698,6.977962702154431,6.969670152487673,6.901063797447975,6.875157122991656,6.917815138582,6.913307055398491,6.917977648510801,6.932251911058192,6.96354167771736,6.961356655938481,6.943595416007604,6.963963161122077,7.01092963233207,6.869541246482081,6.904366398106273,7.0,6.889585799761925,7.07262605603693,6.974513227516967,6.956269217157552,6.93321006088417,6.900372872401578,6.891623359939376,6.922883716943419,7.028490770925437,6.971521648420991,6.938935054169653,7.0282458950770526,6.969948119525489,6.960394283808752,6.993155785022707,6.922285844844719,7.103082910743207,6.998569877216311,6.969597727632989,6.964831074046982,6.940848579925804,6.974745202382313
r118a,6.93905971917936,6.923665162178744,6.83852983556204,6.94382903924901,6.963392037853984,6.934265707288617,6.872633827294061,6.863642364583017,6.872221919828884,6.9639134912454175,6.919961034212494,6.902572383807471,6.9492073880367355,7.0788570370156965,7.0238028125455525,6.940303555435817,7.027069852293909,6.889658962809513,6.91292306359497,6.881652998841271,6.870901235960052,6.9692294152394565,7.000595258173066,6.865006764613354,6.859692040652812,6.975020208585453,6.849578221610546,6.812473922346315,6.795661399788917,6.879321106122678,6.946067415198433,6.95225696719406,6.952545792088594,6.931567269327698,6.977962702154431,6.969670152487673,6.901063797447975,6.875157122991656,6.917815138582,6.913307055398491,6.917977648510801,6.932251911058192,6.96354167771736,6.961356655938481,6.943595416007604,6.963963161122077,7.01092963233207,6.869541246482081,6.904366398106273,7.0,6.889585799761925,7.07262605603693,6.974513227516967,6.956269217157552,6.93321006088417,6.900372872401578,6.891623359939376,6.922883716943419,7.028490770925437,6.971521648420991,6.938935054169653,7.0282458950770526,6.969948119525489,6.960394283808752,6.993155785022707,6.922285844844719,7.103082910743207,6.998569877216311,6.969597727632989,6.964831074046982,6.940848579925804,6.974745202382313
r123a,1.1003570174550055,1.0968330522596454,1.102649458353349,1.0538483397169545,1.055764619739987,1.0451966631820109,1.0102490006736107,1.0120434643139462,1.0183366316532863,1.0059314619895867,1.0100069688029334,1.0088664604044684,1.0063818039262313,1.0049552429740796,0.9973657215475982,1.014529728075537,1.0013456491544068,1.0023164798193416,0.9945736905375531,1.0055969757055199,1.0063884144251811,1.0166431037853403,1.0179542279519658,1.0089257933950797,1.0260959906390197,1.0223196795386176,1.0260087701187537,1.0121608552448917,1.0144806848440235,1.0211237454783106,1.0069076161400103,0.989402448067973,0.9745127411212975,0.9841107993208543,1.003479383557821,0.9780200959731175,1.0082376849018302,1.0138498135546046,1.0108301129007387,1.0047455009773114,1.022863721173341,1.00586120861595,1.0077672786455927,1.008681626915066,1.0183615839191584,0.9835308365156393,0.9839467915270613,0.99224522124695,1.0075782796023747,1.0,0.9902469315074024,0.975195835566209,0.9680970856640028,0.9823405221463063,0.9854752676346595,0.99383209324987,0.9888654580817549,0.9807574002886738,0.9924241938389543,0.9983475019751158,1.0006900913738013,0.9904342112068473,0.9929032182063087,0.9893129662313328,0.974857802242857,0.986085863453279,1.0247272865297496,1.017590384170869,1.0295131372122808,0.9945297883614482,1.004140582433154,0.9959503907359926
r124,1.0055939506003666,1.0067716239456648,1.00458412207454,1.0026304304314269,1.0051864471275922,0.9935391904402134,0.9951752518020459,0.9909406447116299,0.9917146718308562,0.9950162351254223,0.993048475074756,0.9945000251866725,0.9876109943936141,0.987212918441682,0.9905085989849973,0.9976574293230674,0.9969901691984665,0.9940312919950935,0.9936616457123305,0.9922460588561408,0.9948602540513783,0.9936669391138218,0.9911307877768115,0.9962680126029217,0.9990612722458413,0.9959193286331461,1.0055768106654364,0.987011945226322,0.9915037172498061,0.9930160481011574,1.0002234058360584,0.9961609062169128,0.9985688697317272,0.9986751544950863,1.002491217972399,1.0044156239242743,1.000583669391035,0.9965935146784451,0.9990089123008398,0.9945124034461771,0.9944637552009012,0.9935949286047452,0.9980565446110007,0.994398857207419,0.9949621391457515,1.0013788587225976,1.0049658748516255,1.0050887654362441,1.00748199679763,1.0,1.0060511730534296,1.0060617657889606,1.0066568550149337,1.0100803171549015,1.0196187130836516,1.015257669179875,1.0105437673779332,1.022705982608497,1.0096952630650116,1.0128985702070676,1.016427217889441,1.0132846552579229,1.0127237012745627,1.0142921132584923,1.0143341531393535,1.011521278188675,1.0054761804886745,1.0161019624669139,1.0121026235963866,1.0000980969402091,0.9986405895745954,0.9988902791262255
r126a,1.1003570174550055,1.0968330522596454,1.102649458353349,1.0538483397169545,1.055764619739987,1.0451966631820109,1.0102490006736107,1.0120434643139462,1.0183366316532863,1.0059314619895867,1.0100069688029334,1.0088664604044684,1.0063818039262313,1.0049552429740796,0.9973657215475982,1.014529728075537,1.0013456491544068,1.0023164798193416,0.9945736905375531,1.0055969757055199,1.0063884144251811,1.0166431037853403,1.0179542279519658,1.0089257933950797,1.0260959906390197,1.0223196795386176,1.0260087701187537,1.0121608552448917,1.0144806848440235,1.0211237454783106,1.0069076161400103,0.989402448067973,0.9745127411212975,0.9841107993208543,1.003479383557821,0.9780200959731175,1.0082376849018302,1.0138498135546046,1.0108301129007387,1.0047455009773114,1.022863721173341,1.00586120861595,1.0077672786455927,1.008681626915066,1.0183615839191584,0.9835308365156393,0.9839467915270613,0.99224522124695,1.0075782796023747,1.0,0.9902469315074024,0.975195835566209,0.9680970856640028,0.9823405221463063,0.9854752676346595,0.99383209324987,0.9888654580817549,0.9807574002886738,0.9924241938389543,0.9983475019751158,1.0006900913738013,0.9904342112068473,0.9929032182063087,0.9893129662313328,0.974857802242857,0.986085863453279,1.0247272865297496,1.017590384170869,1.0295131372122808,0.9945297883614482,1.004140582433154,0.9959503907359926
r127,1.0055939506003666,1.0067716239456648,1.00458412207454,1.0026304304314269,1.0051864471275922,0.9935391904402134,0.9951752518020459,0.9909406447116299,0.9917146718308562,0.9950162351254223,0.993048475074756,0.9945000251866725,0.9876109943936141,0.987212918441682,0.9905085989849973,0.9976574293230674,0.9969901691984665,0.9940312919950935,0.9936616457123305,0.9922460588561408,0.9948602540513783,0.9936669391138218,0.9911307877768115,0.9962680126029217,0.9990612722458413,0.9959193286331461,1.0055768106654364,0.987011945226322,0.9915037172498061,0.9930160481011574,1.0002234058360584,0.9961609062169128,0.9985688697317272,0.9986751544950863,1.002491217972399,1.0044156239242743,1.000583669391035,0.9965935146784451,0.9990089123008398,0.9945124034461771,0.9944637552009012,0.9935949286047452,0.9980565446110007,0.994398857207419,0.9949621391457515,1.0013788587225976,1.0049658748516255,1.0050887654362441,1.00748199679763,1.0,1.0060511730534296,1.0060617657889606,1.0066568550149337,1.0100803171549015,1.0196187130836516,1.015257669179875,1.0105437673779332,1.022705982608497,1.0096952630650116,1.0128985702070676,1.016427217889441,1.0132846552579229,1.0127237012745627,1.0142921132584923,1.0143341531393535,1.011521278188675,1.0054761804886745,1.0161019624669139,1.0121026235963866,1.0000980969402091,0.9986405895745954,0.9988902791262255
r129,1.0232337721978655,1.0270311917774624,1.0298066168161026,1.0134518744498529,1.016078688457835,1.015338510899452,1.0048498338632115,1.0044099626781169,1.0070077526442798,1.0050656345519249,1.0078430637428293,1.0090026558822658,1.0059414644968026,1.0116763924641112,1.0043836395158339,1.0037875335507478,1.0003097788321706,1.0016662705291006,1.0046442952443053,1.0050426028956885,1.004071963979643,1.0040981575138614,1.0046466409124453,1.006693923428747,1.0053862622896739,1.0073308416756928,1.0073703281540984,1.0062266285250059,1.0087798374825476,1.0040867800929028,0.9991669182281836,1.0003475019167714,1.0000750458883019,0.9957733716959222,0.9992684049113734,1.0011255126692036,1.0036248261656375,1.009133579953709,1.005126148440722,1.0031647645632817,1.0054680635198627,1.0058111826606995,1.0049848977874711,1.0032930679991332,1.0063969689914098,1.0009439894209455,0.9995547470295421,0.9992175492844845,1.005322114998209,1.0,1.001220388526557,0.9933349479538119,0.9920650316894156,0.9963820126718841,0.9936049219933074,0.9946758217066963,0.9953459465290843,0.9974129040763594,0.9921056998215452,0.9939107822933189,0.9923779095794563,0.9900431119547972,0.9929031739317412,0.9899878852557908,0.9940027803986909,0.9927654836072826,1.0056497784093914,1.0059050509493057,1.0099040834456972,1.0034116192550024,1.0049722675601658,1.0055679063105094
r130,0.99501695290604,0.9945540127781687,0.9956904915645683,1.0276253892994542,1.0281887815687887,1.0299729246640683,0.9920909198899031,0.995528534038886,0.9899270374230552,0.9887426502755555,0.9971315908974202,0.9902221767814139,1.0267300184933807,1.020212947889653,1.0266796180332591,0.9909063613082301,0.9896869673265686,0.9983208755872843,0.9880980835289558,0.9859088368180576,0.9883603867154168,0.9952166334790628,0.9912209674928889,0.989158738645516,1.0055180587076071,0.993666521316871,0.9997238749526067,0.9903871777242871,0.993333021026723,0.9957979578389566,0.9767449811595543,0.9795420626644511,0.9758834884562354,0.9639633565120539,0.9865351807793672,0.9833017358492293,0.9866200528603886,0.9960646750604493,0.9741986570222307,0.9957181326789308,0.9955230123336638,0.9928739867939512,0.9896820757500581,0.9907122199959828,0.9927598217102204,0.989211792924083,0.9949239220514238,0.9893127687402788,0.9937349111076325,1.0,0.9978062545491406,0.9816447666046456,0.9839707585738304,0.9841557919741825,0.9865288575836754,0.9780529645069426,0.9886341825114549,0.9862014386885444,0.987508226921999,0.9815020316023865,0.9817482271586644,0.9860782953296137,0.9874887343769135,0.9865361918899406,0.9864215576892914,0.985761965112589,1.0057129419707478,1.0138404193314607,1.0117577209101485,0.9884222263533682,0.9913274831170761,0.992685238527536
r131,1.0060768309817019,1.005005647537242,1.0078740099259338,1.0100468454818898,1.0091250106831162,1.0057946461484413,0.989276862925714,0.994737133752116,0.9939120084806824,0.9890724616967467,0.9863117027467521,0.9910870845207426,0.9890616529972052,0.994282580710794,0.9863092357624609,0.9951992172162242,0.9974646143890139,0.9933981973673215,0.9901499984432481,0.9878534655014922,0.9871205004426687,0.9871739926599695,0.9851549663910895,0.9936987168465207,0.9937916097210128,0.9966234784928341,0.9986109273940061,0.9874979150730323,0.991497908522463,0.9899179178529341,0.9936744810685578,0.9980411952334177,0.9908393255575615,0.9844210411383549,0.9914745959523066,0.9945960492630513,0.9949049469561257,0.9992579237775773,0.9940587307319311,0.9888394994090935,0.9887546340232783,0.9882636105591848,0.9930312862969203,0.986824530590978,0.9957816850679538,1.0004831689297342,0.9878829976635292,0.9893213302854494,0.9923320770800897,1.0,0.9963142371585638,0.9946875736552463,0.9939728315614836,1.000968486262172,0.9938837507959919,0.994182319518886,0.9942293590017319,0.9969880417974525,0.9942458443279494,0.998069326700141,1.0066033231753597,0.9952950132200389,1.000519836507822,1.0011734579742118,0.9992958743612362,0.9900795371492305,1.003489965263538,1.0000947611460032,1.0043464131892434,0.99226223276729,0.9916699285764071,0.9966263672473483
r136,2.0154710323344918,2.0179290558917926,2.0189548942947457,2.0113420823390955,2.017536378964328,2.0018682211003136,1.9922049720944868,1.9856955390517197,1.993187904548885,1.9940974529787714,1.9931359649781788,1.99591403213699,1.9692604304627748,1.9685096529793467,1.9672095660926243,2.001264867849664,1.994113718243403,1.988698125250766,1.9856536740223838,1.9894459975649972,1.99265810822778,1.9860734317801123,1.9873846067628507,1.99204057841595,1.9980159925705037,1.9974498418610707,2.01680593336174,1.981594874042113,1.9966181334090667,1.9929958083610422,1.9925587422147877,1.97025957630717,1.9702537872644235,1.9717619603724135,1.9799956557916076,1.988418417748274,2.0017468500232485,1.9983155321493689,1.995971725710618,1.9870812053421187,1.9986122946341995,1.9967496990508034,1.9979165480086318,1.9920116383523734,1.9983802166476137,2.0036505851315654,2.0042664243041,2.0000453397198914,2.005273428473277,2.0,1.9982294498409758,1.983916012220884,1.9859111387941004,1.9891128197825496,2.0150985618235393,1.999171550682231,2.0026448410658313,2.013722192822071,2.0070729289879288,2.004922379373954,2.0088118300527875,1.9977280337715269,2.002478791453606,2.0012092068277902,1.9934698860585414,2.0049476157469135,1.9999792353388153,2.006875830505189,2.0128305782742553,2.001117205578758,1.9931885820141528,1.987986620781736
r153,1.0055939506003666,1.0067716239456648,1.00458412207454,1.0026304304314269,1.0051864471275922,0.9935391904402134,0.9951752518020459,0.9909406447116299,0.9917146718308562,0.9950162351254223,0.993048475074756,0.9945000251866725,0.9876109943936141,0.987212918441682,0.9905085989849973,0.9976574293230674,0.9969901691984665,0.9940312919950935,0.9936616457123305,0.9922460588561408,0.9948602540513783,0.9936669391138218,0.9911307877768115,0.9962680126029217,0.9990612722458413,0.9959193286331461,1.0055768106654364,0.987011945226322,0.9915037172498061,0.9930160481011574,1.0002234058360584,0.9961609062169128,0.9985688697317272,0.9986751544950863,1.002491217972399,1.0044156239242743,1.000583669391035,0.9965935146784451,0.9990089123008398,0.9945124034461771,0.9944637552009012,0.9935949286047452,0.9980565446110007,0.994398857207419,0.9949621391457515,1.0013788587225976,1.0049658748516255,1.0050887654362441,1.00748199679763,1.0,1.0060511730534296,1.0060617657889606,1.0066568550149337,1.0100803171549015,1.0196187130836516,1.015257669179875,1.0105437673779332,1.022705982608497,1.0096952630650116,1.0128985702070676,1.016427217889441,1.0132846552579229,1.0127237012745627,1.0142921132584923,1.0143341531393535,1.011521278188675,1.0054761804886745,1.0161019624669139,1.0121026235963866,1.0000980969402091,0.9986405895745954,0.9988902791262255
r154,0.9846731431296932,0.9950056992826035,0.9897323346603487,1.0005838934767108,0.9959871480864124,0.9981004253534445,1.0133583527510335,1.0102427694668463,1.0135806649438253,1.0129464245661157,1.0082031991817284,1.0157456892567325,1.001773261702581,1.0028026123633131,1.0022692591617575,1.0037078123518024,1.0075187395658158,1.0109648810836855,1.0146499502777147,1.0148293504729973,1.0134632692693508,1.0080546373545003,1.0076444877632689,1.0087558958487843,1.0077776962145424,1.015058160946689,1.0086338206756895,1.014763235688414,1.0169358991758128,1.011262864237268,1.0129483912454487,1.0095146797302867,1.0048923488226633,1.0081778517674256,1.011017004351079,1.0122802748571782,1.01182052463974,1.0171854458687062,1.0210888783561034,1.0084658556533106,1.0131850064836265,1.0125323859611632,1.0148642252322824,1.007218146076865,1.0136752532318392,1.0024444148017104,1.006848286137026,1.0086114704906968,1.0126472312856927,1.0,1.005585454423547,1.0065833674882856,1.0097272220796274,1.008566402325266,1.0034941545510985,1.0025142706951486,1.0068562056127737,1.0070554936821354,1.0072379686145536,0.9981473501162927,1.0127978749052513,1.0054505973727557,1.0086644027359046,1.006254775515354,1.0054176771773886,1.0048506078574577,0.9994802908642878,1.0035717619025795,1.0000115211597669,1.0083377408595593,1.0087335687931864,1.0127468120066052
r156,0.9995320778853392,0.9935966539487419,0.999954908039184,0.9893942515286419,0.9884315649378991,0.9905124639928775,1.0134802757823833,1.0060514335861361,1.004269219545236,0.998055270797099,1.0011548516718252,0.9983605119798837,1.0044299166445982,0.9977589124076112,1.0045549934392641,0.9927578912337731,0.9920309487170745,0.9961266040744716,1.0120536111198892,0.9996724449877182,1.0040744285516585,1.0064137063527407,1.012097377071583,1.0040111660323732,1.0001987392657818,0.9943811287864865,1.0048668431585448,1.0106919466095745,1.0024506641005506,1.0103654274846383,0.9987502985245347,0.9991822237995251,1.0010745630996154,1.0129592841891424,1.0067640915767326,1.0041608276419596,1.0050975575757708,1.0033735654139162,0.9987856741291552,1.0081971987905274,0.994509649126922,0.9996870243233832,1.0069684560450642,1.0019752661220678,1.0077820296868005,1.0037338447245898,1.0032383327648184,1.0002290628150243,0.9936365024646759,1.0,0.9971105912567532,1.0088987834307097,1.0032734971170014,1.000530435079491,0.9961627124259723,1.0111347327657383,1.00151500929131,0.995403155283796,1.0029614632853492,0.9987827485684998,0.9996836192198114,1.0029545369354607,0.9911040641066621,1.0050395546218405,0.9959497462987991,0.9951828468665812,0.9925158929039729,0.9960553758237605,0.997280583162156,1.0053729701065417,0.9914044781412988,1.0031790620572694
r159r,2.011927853157098,2.023626286316994,2.0094232356252615,2.0107841069065646,2.0141976714741503,1.9979617902319986,2.0669632343809674,2.0616432996004894,2.0681930626979037,2.0594452213906687,2.063385102887442,2.0598915597030865,2.0053409647398093,1.9981704746756197,2.0212348285247073,2.0545579802718983,2.0489175652748854,2.0409640398117226,2.081370924244189,2.06597719934728,2.058048256491472,2.0569708013966705,2.063277089413379,2.0617787899930673,2.0511056767533438,2.0347386380724037,2.0510644591381224,2.0585995562839057,2.0594598698803397,2.055873278097018,2.039471766385634,2.056606032437064,2.0494405069418917,2.04660573773996,2.0611330680860096,2.0542940982442093,2.0609383748216623,2.0810644457503242,2.0665696027719145,2.0570237402170033,2.061942124897657,2.0423854276155247,2.0579298050678543,2.004766129724053,2.059920156890364,2.042427052940949,2.0549474032668957,2.056680673876784,2.03487413794278,2.0,1.9997999513506872,2.032723374060613,2.027922433391159,2.042076610593586,2.0160098093994914,2.0196718668933205,2.021418116458641,2.0123578249281904,2.0214616395960907,2.0174866724681704,2.003416794859559,2.000949073141086,2.011428330057658,2.0179368606243506,2.0130504298430436,2.0078667027231676,1.962474955443131,1.990548295778554,1.9765177322389709,2.0480295289540447,2.046051394447567,2.050121669285054
r162r,1.0462453741410191,1.048161517568657,1.048728587977142,1.0233190782599748,1.0233690395636552,1.0231061503971965,0.9934707366798374,0.9937799817379078,0.995817464436828,0.9940643218367576,0.99288251225409,0.9960248170812038,0.9815802098457884,0.9810818167192723,0.9790688435069386,1.00759504186843,1.0045042317135038,1.0037515491650877,0.9923016465855756,0.989374870758421,0.9925336629125646,0.990615484046291,0.9964789115611596,0.9922024903411607,0.9999877125558388,1.002067649872306,0.9995717028318358,0.9985522654209552,0.9873985205387273,0.9924234153566794,0.9780758814372689,0.9756743612984367,0.9702789502956859,0.9687644278920247,0.9761006060216025,0.9683891642965757,0.9912119831360509,0.9908303194060901,0.9975066123522333,0.9914379070880539,0.9915298355309261,0.9891552002263473,0.9957615163501978,0.9932374218836733,0.9993172060626586,0.9999572572199316,1.0001681820151584,0.9928430182806949,0.9986059978762178,1.0,0.9984785012627249,0.9865526924466379,0.9873272270963867,0.9838473982264049,1.0020961386481484,0.9959743006228753,0.9969707555599262,0.9874371423857804,0.995393364335012,0.9901346073862156,0.9873253187956769,0.9891925322907745,0.9870778518016016,0.991503043457398,0.9870493895854554,0.9843221693540625,0.9976807949002032,1.00322639619746,1.0116971031914814,0.9894698363934497,0.9995293006263597,0.9907442581369006
r165,0.9617411402137871,0.9624761559790806,0.9713110703975444,0.9806098106365673,0.9719579141017111,0.9822978271615082,0.969373743400613,0.9555213167559374,0.978955382350478,1.0,0.9684494173538004,0.9737621378354973,0.9621551046302433,0.9576010870396243,0.9537369959841447,0.9644577060896042,0.970063624757061,0.9775403869032994,0.9797248069357847,0.9748279349866583,0.9965540900976728,0.9946788885912873,0.986898449451671,0.9876086744088753,0.9819143735396743,0.9833560787363905,0.9908099850719975,0.9919691004988553,0.9908897324246382,0.9972216549063494,1.0253812550722463,0.9868275151746634,0.9836609611224184,0.986430782613197,1.0025897034769498,0.9909903647384896,0.9885882675215893,0.9598153250922258,1.0019130023219134,0.9833600399679542,1.0,0.9972211540625853,1.0169506007575446,1.0,1.017516553283678,1.0085915020439904,1.0107636155295274,0.9995496475180433,1.0,1.0,1.0056900515611091,0.9842560823965028,0.983165668423791,0.9782232623578334,0.965788876537598,0.9724840929971145,0.9756393298818699,0.9817033443375238,0.9932807352330979,1.0265758499335362,0.9927961413130436,0.9816418929062695,0.9842822226657033,0.9898980303456082,0.9842522007238979,1.0,0.9355285439280105,0.9462095336447293,0.950752549193811,1.0378416417508216,0.9836788367785759,0.9730892340465237
r170,1.0512630075170655,1.0444128651915798,1.0479496399195756,1.0411046000841826,1.033982874069392,1.0348454802848503,1.0185356552034475,1.0159178727609992,1.0136019731980186,1.019402767546126,1.0194535601486456,1.0089962496303027,1.007403888026218,1.016864794857454,1.0136013610678591,1.0240552665894767,1.0152284453962899,1.0188338502076848,1.0342855957212491,1.0167342294774602,1.0007578421399075,1.007430407032198,1.024547946414248,1.0109784392426984,1.018020515268674,1.0128750664038895,1.0151077963076516,1.0175968581430794,1.0187845490649239,1.0090441779070616,1.001123681398387,0.9684064219486316,0.9971361399299186,1.0055258102774467,0.9947946520209817,0.9998469103823647,1.0181926184373982,1.015465115262777,1.0246439586505942,1.0004537760897323,1.0132339633478435,1.012620696919795,1.0068754414449876,1.0111526886395554,1.0195260144420462,1.0067575839920375,1.0024751261720752,1.0154149777904196,1.0172516294484109,1.0,1.0017729386755574,0.9950959723202945,0.9942769825855139,0.9864188609851966,0.9999397769621294,1.0010555899668632,1.00173324039792,0.9975073367508239,0.9987784665305547,0.9790816989648503,1.0149361097678513,1.0014851949786798,1.0006675101971714,1.0025039667620723,1.0084080282262962,1.020746334947527,0.9995015002058515,1.0185584688737512,0.9992362038336791,1.005386354495244,0.9940207714214268,1.0113549235048669
r172,1.0098770817341252,1.0111574319461278,1.0143707722202056,1.0087116519076684,1.0123499318367362,1.0083290306601003,0.9970297202924409,0.9947548943400898,1.001473232718029,0.999081217853349,1.0000874899034227,1.0014140069503175,0.9816494360691607,0.9812967345376646,0.976700967107627,1.0036074385265967,0.9971235490449366,0.9946668332556726,0.9919920283100532,0.9971999387088563,0.9977978541764015,0.9924064926662906,0.9962538189860392,0.9957725658130283,0.9989547203246625,1.0015305132279244,1.0112291226963037,0.994582928815791,1.0051144161592604,0.9999797602598848,0.9923353363787292,0.9740986700902573,0.9716849175326961,0.9730868058773273,0.9775044378192086,0.9840027938239996,1.0011631806322134,1.0017220174709236,0.9969628134097782,0.9925688018959417,1.0041485394332983,1.0031547704460582,0.9998600033976311,0.9976127811449543,1.0034180775018622,1.0022717264089678,0.9993005494524746,0.9949565742836471,0.9977914316756469,1.0,0.9921782767875463,0.9778542464319235,0.9792542837791666,0.9790325026276481,0.9954798487398876,0.983913881502356,0.9921010736878979,0.9910162102135742,0.9973776659229172,0.9920238091668864,0.9923846121633466,0.9844433785136041,0.9897550901790436,0.9869170935692979,0.9791357329191878,0.9934263375582383,0.9945030548501409,0.9907738680382752,1.0007279546778685,1.0010191086385487,0.9945479924395575,0.9890963416555106
r1274,1.0014992732852963,1.0116373167183972,0.9974591307650389,1.0139063719658477,1.0099928537697074,1.0055149459790609,1.0475102018440585,1.0455404765404313,1.0470776336699796,1.0431239086199544,1.039389617384954,1.041905903952981,0.9986414824865375,1.0018397003134325,1.0111323041224467,1.0358559248999577,1.0326228255926193,1.0411138815718874,1.0576373561669905,1.046026881243299,1.041013922635632,1.0426042577789991,1.0404817923990235,1.0422886942971732,1.0358003235024187,1.028487880056083,1.0355674514348652,1.0409329111502177,1.0416228985147924,1.040965971342737,1.0314170475243873,1.0476267996623458,1.038733688187291,1.0373481440633732,1.0416869362175538,1.0460411789611488,1.0475180934722967,1.0584331115618686,1.0521739998418729,1.0397703168470935,1.0436273630643078,1.0268813567810928,1.0440933437607396,0.9906403765920067,1.044842125119486,1.024363580498844,1.0389171625597189,1.041700349199963,1.03030798714906,1.0,0.9934431998583295,1.027866712738146,1.022979375705084,1.0331799927964516,1.0088489586886134,1.0129014838714936,1.0157009717852616,1.0135496277332647,1.0184478287596548,1.0159655839451667,1.009648538423826,1.0031506915149337,1.0086696389410799,1.0163791101897584,1.0132358589870918,1.0211043958536088,0.9794986402519117,0.996567084274804,0.994894658818528,1.0391281255933094,1.0365020092936714,1.0345716915246472
r173,0.9954905202122508,0.9974941804730668,0.9964780895860216,0.9995426709577974,0.9977955761423957,1.0020617162062941,1.0052904871658375,1.0093046182340386,1.0051761824146783,1.0065264090900894,1.0076018731147887,1.0095238200731784,1.0035288316683943,0.9970111390869834,1.0030442156116273,1.001104077595628,1.002305364049423,1.0059776754363638,1.0089581943112547,1.0043840951383924,1.005220967961765,1.0096735597245121,1.006689522905268,1.008689331882868,1.0086878431778197,1.0015343986319176,1.0108970755563744,1.0060867966975302,1.003298373730258,1.0024647951626269,1.0076785510153687,1.0046056840414048,1.003929283813553,1.0058306324941457,1.005128488895095,1.0037263955820401,1.0064522242285883,1.0062232484686282,1.0084484450833977,1.0012601643508459,1.0063764759129135,1.0089446452059423,1.002247524388267,1.0034696124164602,1.0085510539992435,1.0031867508213963,1.0027634300753125,1.0030571927314824,1.0020366579155104,1.0,1.0033406416284958,0.9991390596771256,0.9993473514262231,1.0016641406128364,0.9996592334464368,1.0004338905663104,0.9992406626343959,0.9981565466490702,0.9965497964166224,0.9951122268404449,0.9938233246726742,0.9953059358278533,0.9948221655820337,1.0017222176718077,1.0017908427734625,0.9988878017508747,0.9936285919755127,0.9938012476007084,0.9965450063864046,1.003072402269544,1.001989320484645,1.0068673019941758
r174,0.9918765633110651,0.999795083747918,0.9996595828932889,1.0021904583511765,0.9958912222455893,0.9956610108368512,1.0046598214209663,0.9986739306809076,1.0069155042295217,1.0004441463117364,1.0043012484266274,0.9964946987150557,0.9984062564985726,0.9980541827182451,1.0043799594491498,1.0037795398015816,0.9965845007000076,1.0018273974990188,1.0110278173957727,1.0047866947257553,1.0069935668795786,1.0054987441813434,1.0030263706974436,1.0042617956541533,1.0053958592627343,0.9904953845046841,1.0085310317596907,1.0146874362806149,1.0094170179547515,1.0034354697008134,1.0010561979800363,1.0062662344631221,1.0070377388682417,1.0024220818549572,1.0069565245389822,1.0021747576212237,1.006505485081681,1.0085043541591276,1.0101017256819778,1.0000822323184224,1.010524529746622,1.0076413993504045,1.0083720919700565,1.0044716460094423,1.0086168574847452,1.0012842829770994,1.002516861094779,1.0048027661099683,1.0014716071529288,1.0,1.000809928501785,0.9967103363380193,0.9921173686163238,0.9889951068385211,0.9988731505244273,1.000571668884862,1.0006055099984938,0.9943985019484739,0.9948727590845209,0.9876902339843638,0.9948615034906308,0.9932560084550066,0.9895665391518415,0.996892621203208,0.9894492346785254,1.0090132450645704,0.996704737429115,0.9984078094770694,0.9930665984577832,1.0037529068084603,1.0050444320007779,1.002687914471087
r175,1.0163216553876269,1.020772006536902,1.0221277284159942,1.0102955598947407,1.010481255333321,1.0075338243490946,1.0077752343008717,1.0033467426785037,1.0090118086490967,1.0054782766317971,1.0062878405602889,1.0054585047813465,1.0045845085336937,1.0027909077051225,1.0010053137260937,0.9983274267760238,1.0040089987112144,1.0010453841903626,1.0057764192552763,1.0073453877188308,1.0062426520549548,1.0061730438258445,1.008499724429492,1.0052392378930335,1.006904801117666,1.0048539117191553,1.0064329434322719,1.0069631292630794,1.0088457778965052,1.007641555278449,1.001706051044767,0.997944476184419,0.998969640251889,0.999787601543518,0.999197027952826,1.0002107179819089,1.0105707493886853,1.0074702013874375,1.0091798923855073,1.0050536391537097,1.0025906418024597,1.0062635649855989,1.0049584591876213,0.9998446916997612,1.0060290854010907,1.0038280699177673,1.004117280977792,0.9995901383884143,1.0012431767072574,1.0,0.9959991823589613,0.9954367454360413,0.9960394245802927,0.9998271586869073,1.0016241072588337,0.9962382837321972,0.9989652893549162,1.001585799015907,0.9987902526952426,0.9997627744330058,0.9954565711378567,0.9989309484513818,0.9956736002821381,1.0010323436796724,0.9937451115477247,0.9971087874979687,1.0004794585245846,1.0073387168797814,1.004920422087733,1.002599372976331,0.9983788196348696,1.002759048307204
r176,1.0329491545501643,1.0316751389722778,1.0370791546170874,1.016937571471255,1.0166187704200789,1.017133092378763,1.009684291973675,1.0074498689944635,1.0100161264374046,1.0091035668145034,1.0076824512057834,1.0058206688708409,1.0182764208326731,1.0138898922284654,1.0136958247790668,1.0107340226266157,1.0089718695816041,1.010057488614316,1.0072844854955159,1.0102863093876777,1.0068589292975854,1.0057998608263097,1.0084381698438691,1.0116419571850157,1.0121401202282254,1.0062678413152524,1.0111646287305645,1.0073616646712769,1.0090459887755656,1.0099627235792483,1.0039308101752904,0.9996615183340414,1.0044250011959173,1.0016170881023154,1.003751014811508,1.005131693866284,1.0089785455228693,1.010958044995869,1.0055026482004588,1.004850461120013,1.0065024861377607,1.0042221157994535,1.0040657024859423,1.0063612456326896,1.0083939519480583,1.0055909242140086,1.00636017655693,1.0045533575513996,1.0009456266099581,1.0,1.0011278978787288,0.9999083953716631,1.0043125492800276,1.003473473687328,1.0031687719401168,1.007404491630242,1.0055773251869262,1.0075415575534412,1.0083833682592733,1.0033165372392296,1.0033911720711606,1.0028722665180176,1.004753177191934,1.0101089863788286,1.0037022241226348,1.0037932150838857,0.9988498728124733,1.002273236036264,1.001627334554803,0.99745869834882,1.0006664374356118,0.9983650847686946
r177r,1.013620485777869,1.0147132924554465,1.0169460282860123,1.010292832423023,1.0097232283397553,1.00929444012426,1.0160639121501804,1.0150196023062967,1.0142197937142787,1.0181836972668084,1.0146697459802134,1.0129447799297253,1.012374008539276,1.0061870226158434,1.0126359449915332,1.0135991009578833,1.0116036011985001,1.0098876189463137,1.0115360939919058,1.0128413959257776,1.0127705983645359,1.0144243963621509,1.0120576165195525,1.0129279265332554,1.0143575631978339,1.010772178115153,1.016741531613451,1.0106690858696492,1.0147686804750045,1.0171278651342324,1.005077737263326,1.003392826218055,1.0101961924313183,1.008162879155301,1.0084809376532162,1.00864312036901,1.0155072913639576,1.0111388761847626,1.007426617418936,1.0121758951099553,1.0101223323825037,1.0102524634760073,1.0077951291122738,1.0076103726577503,1.0086599041663427,1.001738500857438,1.0011932025054238,1.0048533928348444,1.0015288296537956,1.0,1.0019422022352373,1.005219090602338,1.0072876853311719,1.0041959435797834,1.0058717039318559,1.0043994950768942,1.0061629835276622,1.0067490753868464,1.0048058419779724,0.9982697884033117,1.0018704370213274,1.0015181209340287,1.0036946462619716,1.0060029832584432,1.0034317335678555,1.0030596843361184,0.9974756811265865,1.0044874854073567,1.0003828816498233,1.005192112556043,1.0027523959592333,1.0039513242485592
r178,0.9918765633110651,0.999795083747918,0.9996595828932889,1.0021904583511765,0.9958912222455893,0.9956610108368512,1.0046598214209663,0.9986739306809076,1.0069155042295217,1.0004441463117364,1.0043012484266274,0.9964946987150557,0.9984062564985726,0.9980541827182451,1.0043799594491498,1.0037795398015816,0.9965845007000076,1.0018273974990188,1.0110278173957727,1.0047866947257553,1.0069935668795786,1.0054987441813434,1.0030263706974436,1.0042617956541533,1.0053958592627343,0.9904953845046841,1.0085310317596907,1.0146874362806149,1.0094170179547515,1.0034354697008134,1.0010561979800363,1.0062662344631221,1.0070377388682417,1.0024220818549572,1.0069565245389822,1.0021747576212237,1.006505485081681,1.0085043541591276,1.0101017256819778,1.0000822323184224,1.010524529746622,1.0076413993504045,1.0083720919700565,1.0044716460094423,1.0086168574847452,1.0012842829770994,1.002516861094779,1.0048027661099683,1.0014716071529288,1.0,1.000809928501785,0.9967103363380193,0.9921173686163238,0.9889951068385211,0.9988731505244273,1.000571668884862,1.0006055099984938,0.9943985019484739,0.9948727590845209,0.9876902339843638,0.9948615034906308,0.9932560084550066,0.9895665391518415,0.996892621203208,0.9894492346785254,1.0090132450645704,0.996704737429115,0.9984078094770694,0.9930665984577832,1.0037529068084603,1.0050444320007779,1.002687914471087
r179r,0.9901444479849407,0.9917964029648231,0.9940630204495611,1.0040252631617972,1.0009244799555488,1.0027157976477938,1.0016577650092184,0.9992627225880077,1.002928984377512,1.0009928892366724,0.9999893985443994,1.0046502552929757,0.9986668068838676,1.0021630881925625,0.9965962918346182,0.9974649470193592,0.9946119209075776,0.9962249117241917,1.0026887663333455,0.9984414868870083,1.00010416799283,0.9997674540769547,1.0005165015876327,1.0007363765118518,1.0031460895901123,1.0017522607461604,1.0029508858446659,0.9952373493600197,1.0018093850514982,1.002535955863913,0.9968035893916972,1.0050481615831097,1.0072176451891766,0.9980635300864311,1.0031997090354203,1.0050154024113656,1.001490569783107,1.0042821517382787,1.0018258617387394,0.9993805963934084,1.0007244189645184,1.0040130756902437,1.0015924167767505,1.001984552832106,0.9958857954261051,0.9996254048375305,0.9982308164246462,0.9976341909199242,0.9985908133682858,1.0,0.9945432436838975,0.9969489768165097,0.9934430392962291,0.9964832761334469,0.9991062622057952,0.9997590126709612,1.0004610866509052,0.9990113781645859,1.001532565990753,1.0029593867985445,1.0013049934927944,0.9959334113343382,1.0014152567199117,0.9995883388192462,1.0037683347464106,0.9992880515873203,1.00192147942416,1.003762051118344,1.0054604831969571,1.0008185436778199,0.9962900935483039,0.9978390575172912
r181r,1.0,1.0,1.0,1.0503267722706007,1.016286062122082,1.0183600219600926,1.0,1.0421682844411264,1.0,1.0,1.0,1.0424927421036196,1.025403823310137,1.0,1.0447516458909127,1.0215715883281835,1.0,1.047471527442494,1.0556829418194469,1.0,1.0529283822770088,1.0381514283200906,1.051446571292398,1.0396307361845103,1.054764814131975,1.0,1.0565346255004862,1.0560506637879181,1.0633212378720907,1.0349765699859157,1.0,1.0,1.035825746756025,1.0,1.0161746514586838,1.0,1.0,1.071888639385293,1.0586547344621748,1.0045876339728237,1.0458025610839994,1.0485281682637528,1.0330345888540386,1.0429211223027497,1.0,1.0,1.0496545259910546,1.0363832234106065,1.0,1.0,1.0434040061924201,0.9809798426121606,1.0,1.0,1.0165985357508809,1.0,1.021429390615462,1.005582561480844,1.0396874184685567,1.0,1.0459467687015838,1.0171727630311094,1.0270857068142676,0.9892354956825258,1.0,1.0308081030034257,1.0374623846255269,1.0208186905113719,1.0,1.0,1.044055128948541,1.0
r185r,1.985666005498607,1.9532127639799772,1.9967402522663917,1.9420191026885432,1.8855704285342418,1.9256607581840417,1.9782156342909525,1.9718901324007856,1.9733956553571819,1.9427051694441095,1.978474252340233,1.986195292035244,1.9262698219983154,2.0011095208005,2.001221903720394,1.9802337859355936,1.9709537779991848,1.9890336459437647,1.9930677701423045,1.9890777605209506,1.99052652262186,2.0028435169376415,1.9858082366503755,1.9703971933415692,1.9778080779504634,1.9664284726549082,1.975676300767364,1.964713234004103,1.9732727339030542,1.981857525467857,1.9782342021120494,1.984936165363234,1.9672521958870792,1.967434654892183,2.0016322667667366,1.9528352001830658,1.9760550784260613,1.971888173884397,2.0008033708314352,1.9734491049044993,1.9596284192037885,1.9804536583557222,1.9842241780640024,1.9861895079252307,1.9785981526066152,1.98750855392199,1.9279091283576832,1.990369188213843,2.0003885638722503,2.0,1.9864920040036744,1.9765732816664254,1.9710381751178279,1.9890732450646618,1.984782573562686,1.986425600682602,1.972000777058696,1.984019107872499,1.9902260606264182,1.9824206931066324,1.9699659683621533,1.9736928144391332,1.9736229388316437,1.990111096789991,1.9825413537161187,1.9829365121136209,1.9667089795262602,1.9456585577796024,1.9493644443057812,1.978394401951912,2.0006178141813953,1.9938513793880195
r186a,1.0090725489998984,1.0102572733585777,1.0112373450295291,1.001820378324903,1.003789763526334,1.0057924658225412,1.0050229419781247,1.0054314279060996,1.0105136786133972,1.0037393587360492,1.0057869656990839,1.0025270326460465,0.9950607353875387,0.9961422772399646,0.9976434378916108,1.007148532906088,1.0047272715456959,1.0125923896919553,1.0088266068948466,1.0099643774210736,1.0095299638596302,1.0099470908585044,1.0091177043656525,1.004168335790243,1.0074292556889666,1.0037725435681126,1.0070865318668674,1.0136312316169227,1.005872782639208,1.0123844160311148,1.0049535435988708,1.0009805668138385,0.9998454504574421,1.0055124568119125,1.0066763879811031,1.0064644966526566,1.0058419745206144,1.008017136479305,1.004055990135187,1.0007777717005102,1.004407753281823,0.9995017686630498,1.005854587839267,1.0074916463752441,1.009287672032962,1.0051508391252573,1.0066276438473303,1.0074154710698304,0.9950488497547947,1.0,1.003299592234423,1.0055173836116031,1.0026668165245751,1.0047602498032469,1.0058693151944293,1.0048798773914716,1.006340021445451,1.0081657796193435,1.0102720850284888,1.004120274700745,1.0047771950047601,1.0076924411969832,1.0079365879306434,1.004619232467076,1.0002811360253203,1.0052594011975908,0.9952055652461841,1.0012862852633406,0.9996870969258939,1.0019843795901984,1.0013401332012766,1.0035693473660527
r189,1.0,0.8371424752607902,1.0,0.892302279658207,0.9013476774961214,0.8996098445512367,0.9615550137267143,0.9489848140077629,0.9623710665917545,0.9539963293828599,0.9606001417417254,0.9587486234416988,0.9734044771368451,0.9790812320917465,0.951826828069146,0.9632287685010954,0.9731616831864441,0.9695529519647141,0.9655406737820532,0.9578806115084659,0.961023388909227,0.9470371654010623,0.9495738358599138,0.9404615995154068,0.9600135082932262,0.9605584213980087,0.9722830232141886,0.9692148664990905,0.9662319538274592,0.9652472993764503,0.9847064560194692,0.98324810684876,0.9802394587032397,0.9884946788700769,0.980835734830457,0.9766302996088706,0.957016795717123,0.9455750528310036,0.9627184452864801,0.9733821769040235,0.953534532780711,0.9691530600843437,0.9773011361032309,0.9754992744701875,0.9661766081364469,0.9800207388001358,0.9827703185985434,0.9858690631496809,0.9999586216020128,1.0,1.0074536293712628,0.9871461150837021,0.9861585376532154,0.9802384068952728,1.0148951881272654,0.990353384420704,1.0035715310056212,1.000172682940144,0.9977326891767474,1.0050573343445088,0.9968745528249482,0.9901354901367215,0.9919122094763279,0.9957886735415044,1.001553260384938,0.9713478567910234,0.9754389235417434,0.9741825304351615,0.9759949394889712,0.9931118017706498,0.9899861186941985,0.9990872690208534
r1286r,0.9684124905071987,0.9633852102999605,0.9637301243219413,0.9862554258661868,0.9876259949394858,0.9897168348579853,1.0093350519374982,1.0059273908223938,1.0070080626854436,1.0077710407784248,1.003484738284773,1.006145973440093,1.004836616988491,1.0043899749593228,1.007403695397063,1.0050348363578274,1.0044329112727772,1.0050173014419646,1.0085646624710367,1.0056443956084127,1.0069421752597765,1.0072761980712264,1.0064161969065826,1.0093786635120088,1.0045247922844527,1.0041512486982866,1.006578416076375,1.0128647608511498,1.0113965121975246,1.0095248979072975,1.0078249654741191,0.9977127423528448,0.9991065572020996,0.9995782295636809,0.9999822871188272,0.9995567773434825,1.0046519376321148,1.012152778749107,1.0112622871314974,1.005485408434566,1.0063150688055302,1.0024880454417444,1.0092958372677243,1.0064440355126074,1.0102327883741546,1.0028383972189445,0.9983606971277135,1.000572988362721,0.9951166527385155,1.0,0.9990358015629699,0.994212118668233,0.9890474697370139,0.9939005621210458,0.994668215783736,0.9941027684582993,0.9936369794533605,0.9948008016797089,0.9921128454805707,0.9943754942807481,0.9966438549167507,0.9919317705175529,0.9976001618562547,0.9906577974901722,0.9881020599619396,0.9931919641014285,0.9833841703243223,0.9904855021416299,0.9911433987094008,1.0041298207497884,1.0056867361971489,1.0062543409598657
r191r,2.0220814638819498,2.03243971389017,2.031956299687887,2.0087618366876296,2.004316220420174,1.9968771773653864,2.0181668683399554,2.012559590081584,2.0207868793202373,2.0140764639413336,2.009618790989979,2.017879093465241,2.011072296051452,2.007302380290201,2.006770110257691,2.0113891263650086,2.015456077575703,2.0168449822738737,2.016309583851623,2.0129755036652712,2.0237062494249045,2.0185861363158994,2.021102462972433,2.021777929070528,2.0159620211560254,2.0091008695777006,2.0142357900445456,2.0302692196218852,2.0046271239138163,2.015109567042571,2.024229818802079,2.012725192002925,2.001490308940567,2.008933289824072,2.01901391392804,2.0174341617358515,2.021918703356455,2.0190718607745444,2.0151919216041323,2.0097345909163273,2.0105334060467532,2.0125554963460095,2.01043541665239,2.0163465132648346,2.0112470551078587,2.009691484050742,2.0156756832202296,2.010937731490003,2.004880382255533,2.0,2.009604875981184,2.0205093123532776,2.00591884349802,2.0097374209909713,2.0050603403156764,2.0035521065113784,2.0102118678723393,2.008332865627918,2.006866974732879,2.003106464634575,1.9982809100947845,1.9971055333886094,1.9981396314192332,2.010094739426279,2.0011238199272947,2.003392207927929,1.9987003236963288,2.0000244186948892,1.9995503373056054,2.0060575671097705,2.0156414879349205,2.024416684585872
r192,2.045397870108258,2.0525890685202244,2.052944092475499,2.0137937825180994,2.021918178908597,2.0270089701968255,2.011795279885494,2.0107736529821914,2.01593002480507,2.014591799660031,2.0027768470636387,2.013862080778643,2.0169656071511763,2.0119483625654664,2.0118229043986533,2.015621565823646,2.009144418667487,2.011505866325554,2.0159566670825484,2.011352398064321,2.0193819039983936,2.016153950439418,2.0198124981810697,2.021856922094005,2.002352220119937,2.017664548390288,2.020994707832686,2.0195682638881465,2.0115841767389098,2.017819505536772,2.019886906669546,2.014218122791142,2.018529786332361,2.0079323805033806,2.0069838140168716,1.9978816659929624,2.0142635621408296,2.026732700273493,2.019569884249356,2.010548937617389,2.0145042493458982,2.0102097434658592,2.0126084129228996,2.0157146525343363,2.017302294739232,2.0126980015732414,2.00619651507248,2.005632504597295,2.005297030375811,2.0,2.000227221490223,1.999873009034832,1.9976235429183975,2.002608930972861,2.0018964871577225,1.9986922041273856,2.005748014601672,2.0068174102605836,2.0016070548792886,2.0001164992185174,1.9961567997595377,1.9964179262062003,2.004698655138432,2.009847454737844,1.9980304427139814,1.994438096036708,1.999439372910047,1.9999126024436018,2.0069993318684487,2.001295833734527,2.0096118866834356,2.001661804998965
r197,1.1145999142632377,1.1189633533465637,1.1161228514244315,1.1259677353939124,1.1265987685042342,1.125330606624835,1.0598746905995469,1.0609922751844287,1.0565444080896917,1.0539431948986364,1.0508597779192084,1.0518262243786431,1.0849935627098497,1.0718964030997375,1.0723287698804944,1.0146849230064432,1.0,1.0,1.0499929557057455,1.0407834724963572,1.0385589342291788,1.042317506678402,1.0497105471444221,1.0548161734798334,1.0684015492009393,1.0703279982246632,1.0614612836084334,1.0678935449294378,1.0560720238226415,1.0488309454436877,1.0,1.0,1.0,0.9845131261795985,1.0,0.9807224564513966,1.0488523863572878,1.0530869986109759,1.0406741199161482,1.052451590065776,1.0573730928902243,1.0524305715870041,1.051746530288101,1.0503779378013787,1.0431028444449968,1.0049471919243873,1.0,0.9955687118668647,1.0,1.0,0.9966345393835214,1.0,1.0,1.0,0.9958621430079145,1.0,0.9599074517551545,0.9610859705314264,0.9889223466136188,0.9712674555960181,1.0,0.9704411172219077,1.0,1.0037974227584243,1.0,0.9686003980120967,1.0382789367218053,1.0350705223874561,1.0513024644234745,1.0060589578140038,0.9905029045314842,0.9841918859266383
r198a,2.0728055747764706,2.076104199364815,2.0825468039800183,2.046995846425932,2.0541021780467177,2.0297792535283845,2.0206721235526257,2.0126420227839157,2.0213540663123517,2.0188670566102918,2.0151193668589116,2.0146549698404304,1.99670621162262,1.9928185937102847,2.004841311722836,2.0454225011543246,2.043907173515036,2.0240124517832685,2.0156909990870933,2.022081745763235,2.027856548834178,2.0315174687138784,2.022482178604675,2.021803783327541,2.0360187696292877,2.025800083697528,2.0258896265558874,2.025158020822281,2.019531485588663,2.028112693908631,2.0042641673291515,1.9922781307374398,1.9816735451957466,1.9812753340739602,1.985884606489361,2.000094316962805,2.02574424616948,2.023413680570478,2.0193487415624345,2.0087563216529984,2.012461916355238,2.017730574407605,2.0135536174911275,2.01418907141898,2.0280032845449227,2.0044966067884546,1.99041417411699,1.9961438516755055,1.9935423179859928,2.0,1.9956035353906771,1.9840872126104967,1.9874140806612401,1.991822449081075,2.007056571289138,2.0045122684918444,2.0001242181298413,1.9966514827480069,1.994362069178073,1.999440839096836,1.9951282386047464,1.9982582623699472,1.9998405292325852,1.9949533675757287,2.000124669483994,1.9817475629177115,2.001172444157388,2.0153583980175847,2.013622240330316,1.9936883762039548,1.9979870072166026,2.001816105814778
r199,3.0884945564531563,3.0992765990263176,3.122512584259875,3.0680103204520863,3.0685397967638885,3.0546698049571175,3.0458856254269637,3.029525597659357,3.0463754921253763,3.028358134707438,3.0352503191663165,3.0330875982115546,2.9694696286172286,2.9757016180397073,2.9894498893001282,3.076432588565013,3.079853392134484,3.0744976392566077,3.04682752473797,3.036348281946124,3.0450314085285806,3.0428345223209785,3.0547204754630792,3.040632107194177,3.0614969860157872,3.0447319062206195,3.0530788410049876,3.0541570790305776,3.0417814238416465,3.04374008818815,3.019899573045561,2.9989596181873903,2.9943315123318293,2.984102312884001,2.998972647578089,3.0106417596649537,3.039974962066628,3.050573007242771,3.0435949411468215,3.014460887245135,3.027200328537745,3.035900805909443,3.0389014956129614,3.0311821617796255,3.039592065630085,3.0088274525895478,3.0126141634743435,3.001652922881174,3.004404539016485,3.0,3.0021920544452962,2.981221851616299,2.974315584793655,2.981693897316071,2.9964467139197657,3.001551156954107,3.006372627094034,3.013648570516004,3.0048811465140854,3.0071110420310267,3.0065709878154383,3.0043675494500754,3.001511319453975,2.9996917813654864,2.996451863369617,2.9992197100120723,2.991992147679602,3.007409074712748,2.994419805637661,2.9971375725040255,3.013705391957604,3.016582388597909
r977r,1.0,1.0,1.0,1.0,1.0,1.0,1.0,1.0,1.0,1.0,1.0,1.0,1.0,1.0,1.0,1.0,1.0,1.0,1.0,1.0,1.0,1.0,1.0,1.0,1.0,1.0,1.0,1.0,1.0,1.0,1.0,1.0,1.0,1.0,1.0,1.0,1.0,1.0,1.0,1.0,1.0,1.0,1.0,1.0,1.0,1.0,1.0,1.0,1.0,1.0,1.0,1.0,1.0,1.0,1.0,1.0,1.0,1.0,1.0,1.0,1.0,1.0,1.0,1.0,1.0,1.0,1.0,1.0,1.0,1.0,1.0,1.0
r206,1.0151581103320944,1.0075773526009715,1.0050248722474502,1.0086437891956272,1.0040917880327491,0.9979266836042548,1.0211547852082616,1.0027721553691766,0.998759007301081,1.0158657234408064,0.995284038400387,1.0121694824660867,1.0134813163633962,1.0131892965729883,1.0103955964168918,1.0036225126053442,1.0038364144069638,1.005184009391051,1.004528932501881,1.007601175576349,1.00368012417233,1.0031316310099252,1.0023359368919698,1.0001391550978955,1.0110588110990335,1.0125561327783192,1.0062589082735502,1.0024129765649106,1.0050028053507223,1.0012933133259,1.0033241011626504,1.0049220714959848,1.009119553315956,1.0100815621254247,1.0070298692533883,1.0059894979050048,1.0104540891901022,1.009357723691423,1.0100668569943287,1.0018359528089147,1.0152840151463043,1.0093055054000655,1.0139770475108405,1.0063291124129135,1.0116930869139769,1.0056580052578974,0.9965694482365843,1.003136383246448,1.0049117100788538,1.0,0.989762144544271,0.9991883066471573,1.00236277770072,1.00190114216595,1.0024197080554105,1.008064491563461,0.9888559482729765,0.9944490596713491,0.9938451110662344,1.0048838671110214,1.0079093609931213,0.9952548198666012,0.9961619164543167,1.0051586571553144,1.0054769211047243,1.0020617839840806,1.0036443504916928,0.9962702172327329,1.0028715227555858,1.0026953542402803,1.0077182708877095,0.9998198833347028
r207,1.028066520635928,1.0318473294685782,1.0356768985794558,1.0177648511313522,1.021941052564873,1.0149989325857935,1.0097943624606196,1.0048500934523281,1.0079078417568619,1.0025795139672362,1.0054092654372346,1.0067251904234114,0.9890038933302806,0.9889757280282646,0.9856730459262351,1.007160247382432,1.0130364673948518,1.0070659633498198,1.0088369566458306,1.0067111431433833,1.00912789144655,1.0059400033759636,1.0126679967188725,1.0054414599204236,1.006017918389933,1.0055720869858458,1.0088728356595262,1.0120211530950745,1.010344358479026,1.0082397504305014,1.0054560317128132,0.9930294737064701,0.9962614538925909,0.9899280627217841,0.9914204165265212,0.9975781927094116,1.0094358377275776,1.0095883208700962,1.020574649570088,1.0018684178118638,1.0025162880448764,1.0007499242169415,1.005814298199016,1.0022206693144415,1.002137351361209,1.0006626122473916,0.9999271962897847,1.0051800101790411,1.0043321380386225,1.0,1.0001691546891487,0.9960554781709844,0.9922181666786147,1.0033407918845796,0.9991259048203192,1.0001407063454972,0.9985426191782804,1.0033746136330612,1.0030821161476682,0.9986186901720767,1.0062141185606208,1.0055094215061986,0.9990184180073819,1.0046936482296995,1.0034850283758097,1.0024943625470313,0.993307696101541,0.9937033982030035,0.9898232377999403,1.0000565878888033,1.0009027633603138,0.9970132785337189
r208,4.102278534242064,4.1097741988475125,4.1139194041684375,4.049283998111891,4.047944091962581,4.03722670540259,4.008078314716126,4.009995451387918,4.008032930651316,3.973036358097864,3.9868482854390357,4.00732473745281,3.9819115655784048,3.9811068435455774,3.9752346287225295,3.9992103698860166,4.012567915962245,4.008606200644039,4.026364925144298,3.992390975824528,4.009979072704031,4.0077797145304945,4.0259579462444695,4.009136208958128,4.005723375270871,4.002928090456462,4.001803241970859,4.01978500011931,3.999519057441451,4.004901041432404,4.0325727341170525,3.988022913533763,3.9909744222054666,3.9704451723394634,3.9967198662830956,4.005619952358595,4.007419921286452,4.01448218848703,4.033549454991985,3.97874270187944,3.999227932348889,4.0067553806177045,3.9913945839150804,3.9851002434585334,4.000263117703739,4.011991750266846,4.0006834767395265,4.013662703789433,4.004967702178822,4.0,4.002432619721056,3.99771690380387,3.997313120233539,4.000174223220331,4.006910135969434,4.016634529866393,4.018927449379181,4.024391273057262,4.024307339882502,4.0260155145056205,4.026185265240511,4.0197758052493775,4.014304525849085,4.034438764427839,4.024846808832091,4.03446045443183,3.988250381060151,3.9921161723762886,3.997205030878331,3.998583915528022,3.9929957174694817,3.9941414604367544
r209,4.102278534242064,4.1097741988475125,4.1139194041684375,4.049283998111891,4.047944091962581,4.03722670540259,4.008078314716126,4.009995451387918,4.008032930651316,3.973036358097864,3.9868482854390357,4.00732473745281,3.9819115655784048,3.9811068435455774,3.9752346287225295,3.9992103698860166,4.012567915962245,4.008606200644039,4.026364925144298,3.992390975824528,4.009979072704031,4.0077797145304945,4.0259579462444695,4.009136208958128,4.005723375270871,4.002928090456462,4.001803241970859,4.01978500011931,3.999519057441451,4.004901041432404,4.0325727341170525,3.988022913533763,3.9909744222054666,3.9704451723394634,3.9967198662830956,4.005619952358595,4.007419921286452,4.01448218848703,4.033549454991985,3.97874270187944,3.999227932348889,4.0067553806177045,3.9913945839150804,3.9851002434585334,4.000263117703739,4.011991750266846,4.0006834767395265,4.013662703789433,4.004967702178822,4.0,4.002432619721056,3.99771690380387,3.997313120233539,4.000174223220331,4.006910135969434,4.016634529866393,4.018927449379181,4.024391273057262,4.024307339882502,4.0260155145056205,4.026185265240511,4.0197758052493775,4.014304525849085,4.034438764427839,4.024846808832091,4.03446045443183,3.988250381060151,3.9921161723762886,3.997205030878331,3.998583915528022,3.9929957174694817,3.9941414604367544
r210,2.0835940139133347,2.0738302030303712,2.0669499503402404,2.022400796570359,2.039605944468632,2.0368784383823897,2.0441395572523113,2.0323541988983944,2.043053967860902,2.037915710528087,2.0250019553609224,2.028671477592369,2.0545896160563446,2.0103702337818907,2.0461162939086766,2.049720429162182,2.0399594276132396,2.0453031650337454,2.042377141510463,2.03305156125586,1.9999262033565715,2.036805046383707,2.0457732044550037,2.0364345781845654,2.032497541700385,2.018079477719576,2.03087916539716,2.038809502800106,2.0299751492446116,2.039077492769162,2.01710737809314,2.0297132748280484,2.016576381418238,2.025663061092854,2.027417181661865,2.0248467403963284,2.0316396743379888,2.0584242002155215,2.039987332350684,2.0379789857117236,2.031098830077183,2.0370241331592513,2.0141670685404742,2.023879321833854,2.027889022816513,2.023371835585451,2.03203830233826,2.025355658881885,1.9964192017351767,2.0,2.0037490654220176,2.018730399680372,2.020559444866926,2.024271139599392,2.020040051408177,2.0076649159813735,1.9984240496448844,1.99235608306724,2.0102402978039473,1.9944897371897858,1.9825078248361114,1.9940845962485292,1.9528548319538546,2.0035508197999072,1.9916718179726143,1.9912267677549658,1.9674610993360817,2.005236680644639,1.9774747004248598,2.004597908972598,2.0193858922387693,2.009736792887927
r211,1.0281139146928218,1.0222630407956397,1.0254758429322086,1.0019801372180661,1.0147082561682776,1.0094417126282929,1.0028378339742678,1.015672096475308,0.9967423741518496,1.0093272921665566,0.9995338532165323,1.0040451272876316,1.0071733574590025,1.008121332865863,1.0154468633202829,1.0091418894878823,1.0106125292960821,1.0130475840804465,1.0026930771665261,1.003692245015985,1.0037013283668812,1.0050732301698102,1.001756943549859,1.0059287523253864,1.0078453344115015,0.9951648957656749,1.0114474995923826,1.0034298076650114,1.008950456323049,1.0023093320678715,0.9970353409973408,1.00365945581539,1.0069382584675686,1.0043222013852426,0.9986021600604468,1.0063807360310522,1.0036740489147407,1.0119299508502617,1.0065681828141602,0.9942574602594045,0.9951364649550891,1.0071598634351573,1.0033459441008334,1.0115299438234076,1.0172093889256024,1.0092554621835825,1.003376509730166,1.0076084085049937,1.0070836308138966,1.0,0.9970617688930772,1.0128281174614047,1.0105330607358591,1.0088885053658738,1.0058894673333256,1.0063177511192771,1.0059495167446761,1.0085341136263655,1.0081344563473247,1.0039487927998374,0.9955704087291083,1.0010425970649814,1.007211870842106,1.004040807157721,0.9987302457317627,1.0027018705189954,1.001879352765947,1.0057030173664125,0.9959257540530809,1.0055039027452128,1.0070160156513328,1.0051179867119355
r213,1.0109928356303874,1.0154691501405295,1.0154996970243018,1.0007439961230993,1.0025470855517982,0.9993806955240893,1.009043829307729,0.9994327409137818,1.0125286825682276,1.0062104894400856,1.008754523892742,1.0022228449542392,1.0074050130531487,1.0000239262787312,1.0072535530545073,1.010749870627444,1.00876886845578,1.0078184862646098,1.0083401863824473,1.0092178661949684,1.0110862994511758,1.007170718021385,1.0118846987477905,1.0068122792617173,1.004263307844418,1.0038635139806482,1.0066328316621351,1.0083171613277302,1.0094678644496136,1.0072630692849251,1.0067425405209027,1.0056978257202673,1.0042659935401859,1.0027796830473523,1.0088079644339372,1.006634270586591,1.0082115109008087,1.0119057563480067,1.013180042883006,1.005399388444858,1.0066629220727266,1.0043230742722118,1.0065076798462953,1.0077993808568044,1.0103322686041882,1.0074069873033815,1.0084683000786927,1.0060500623699031,0.9991941495599618,1.0,1.0013702872456123,1.0103791062586902,1.0092766307935854,1.0034180896525207,1.0049924073716665,1.0055474290028112,1.0039288372914765,1.008474958574006,1.0067923037845192,1.006684718995875,1.0088854973050752,1.004637977756909,1.003873350564982,1.0021749366179453,1.001468798469454,1.0042818820617196,0.9997542613908038,1.0000387767532584,1.0026468551589285,1.0036797092765788,1.0012666728183683,1.0036447880742942
r214,4.150544869760777,4.162919088728309,4.177974605829317,4.037344850791278,4.0360034014640735,4.004766894023288,4.004933088500959,4.05741532292178,4.154602439559281,4.0860587697271,4.049480758305457,4.0511419386994225,4.0,4.0,4.0,4.0932986935174,4.09811069982606,4.110957209545973,4.011899207878365,4.125565556572804,4.068705341521648,4.021025999475532,4.085549801257136,4.0286225631172945,3.930845405132314,4.011258482182482,4.090025146658099,4.061076944575922,4.091614453072989,4.026877247242441,4.1104993279562265,4.089741630336855,4.069840613976437,4.086663485232263,4.035493891983875,4.011936473478794,4.0181851174789065,4.086261206192731,4.090288053178392,3.982509478866975,4.013219579454177,4.0739283478208765,4.016477420152341,4.057752700866077,4.130771362493116,4.09518854200038,4.053505747122007,4.085109845804859,4.0539361398933025,4.0,3.9816865977818394,4.0092490762112725,3.9928346126927865,4.120854943677738,4.098984269966513,3.994062290359671,4.134355802602154,4.116137190034774,3.984124580050583,4.052319640552377,4.140256834107846,4.00300061663016,4.044873055697288,4.069765578168771,4.123521840127003,4.104645961951827,4.131691012395492,4.009601161564265,3.9918706934394037,4.011132198306094,3.9771398904418303,4.028678756035424
r235,1.0,1.0,1.0,1.0,1.0,1.0,1.0,1.0,1.0,1.0,1.0,1.0,1.0,1.0,1.0,1.0,1.0,1.0,1.0,1.0,1.0,1.0,1.0,1.0,1.0,1.0,1.0,1.0,1.0,1.0,1.0,1.0,1.0,1.0,1.0,1.0,1.0,1.0,1.0,1.0,1.0,1.0,1.0,1.0,1.0,1.0,1.0,1.0,1.0,1.0,1.0,1.0,1.0,1.0,1.0,1.0,1.0,1.0,1.0,1.0,1.0,1.0,1.0,1.0,1.0,1.0,1.0,1.0,1.0,1.0,1.0,1.0
r236,1.0027741698150976,1.0014935943848302,0.9957476730383182,1.0004772692906085,0.9973049120013509,0.99984299073784,1.0058506749585867,0.9997617335694867,1.002917085050859,1.000508695330646,0.9991816962914715,1.0026812392686475,1.0019414152729837,0.9972313323389067,1.0019989999516457,1.0025865305471944,1.0031271412723333,1.0051047970587723,1.0076962506595135,0.9997926280436376,1.0047677648798758,1.006794663131082,1.0035172527701277,1.0036824432267444,1.0000996674401528,1.000169327608876,1.0035621751224881,1.0048776818100567,0.9990871777977638,1.0020306166108897,1.0059097847086222,1.0073560233102865,0.9997459229936418,1.001205625345365,1.0048317422342008,1.0011670668057469,1.0031323467103148,1.006946420150379,1.0067122281009497,1.0025899478200382,1.0043195768221829,1.003878305219114,1.002680346802262,1.005246285616689,1.0010917138336415,0.9987403149830713,1.0072269015922577,1.003216712378447,0.9995669507419035,1.0,1.004725565929819,1.0034577559576596,0.9998115220629207,0.997656012020366,1.0041958814404532,1.0024780443296073,1.001025460257839,1.0059823181187748,1.0011783346762684,0.9976211568853844,1.003658384411562,1.003150135469113,0.9999021191630587,1.0040517989777746,1.0022649694136856,0.999463358758729,1.002150034444256,1.00284619204747,1.0095389530290917,1.0039037053579802,1.0060492201540658,0.9970737967501828
r237,1.0027741698150976,1.0014935943848302,0.9957476730383182,1.0004772692906085,0.9973049120013509,0.99984299073784,1.0058506749585867,0.9997617335694867,1.002917085050859,1.000508695330646,0.9991816962914715,1.0026812392686475,1.0019414152729837,0.9972313323389067,1.0019989999516457,1.0025865305471944,1.0031271412723333,1.0051047970587723,1.0076962506595135,0.9997926280436376,1.0047677648798758,1.006794663131082,1.0035172527701277,1.0036824432267444,1.0000996674401528,1.000169327608876,1.0035621751224881,1.0048776818100567,0.9990871777977638,1.0020306166108897,1.0059097847086222,1.0073560233102865,0.9997459229936418,1.001205625345365,1.0048317422342008,1.0011670668057469,1.0031323467103148,1.006946420150379,1.0067122281009497,1.0025899478200382,1.0043195768221829,1.003878305219114,1.002680346802262,1.005246285616689,1.0010917138336415,0.9987403149830713,1.0072269015922577,1.003216712378447,0.9995669507419035,1.0,1.004725565929819,1.0034577559576596,0.9998115220629207,0.997656012020366,1.0041958814404532,1.0024780443296073,1.001025460257839,1.0059823181187748,1.0011783346762684,0.9976211568853844,1.003658384411562,1.003150135469113,0.9999021191630587,1.0040517989777746,1.0022649694136856,0.999463358758729,1.002150034444256,1.00284619204747,1.0095389530290917,1.0039037053579802,1.0060492201540658,0.9970737967501828
r238,1.01759978285616,1.0385030318012611,1.0281919783024105,1.0477650379240149,1.0475175379755641,1.0439373989958751,0.9910546476322123,0.9893852798598336,0.9909074618264536,0.9925708441089751,0.9913332034693418,0.990433279682798,1.029140643916202,1.0319404332948212,1.0164601013250434,0.9708789213379366,0.980511281049714,0.9656672695636418,0.9676887909293616,0.9747991358846707,0.9659268695416348,0.9757801490909926,0.9724241929450654,0.9862131823284318,0.997574051855754,0.9974729271507993,0.9978467791382799,0.942188446767143,0.947249037210263,0.9450057376737572,0.9657961086243098,0.9571855385481893,0.9549851146925881,0.9412265481761547,0.9623118761118715,0.971773056287367,0.9799920609042535,0.9819945318990383,0.9643516664813258,0.9882906628268631,0.9890331604192204,0.9783078742655846,0.9858559586947003,0.9790796502270078,0.9911238919959982,0.9686035409450917,0.9734080062464396,0.9718626704355586,1.002946466000661,1.0,0.9885554853298812,0.9734983375686485,0.9707655699823126,0.9733537311835428,0.981600852697631,0.977513190741861,0.9751271775811323,0.9690095577553476,0.9650359252731583,0.9750352138778214,0.9715472926773692,0.9675830032995706,0.9644320618275333,0.9696910966250006,0.9650356893659174,0.9698562569950379,1.037742866504711,1.0420884944556164,1.0362393245789099,0.9955134429255506,0.9882188868880669,0.9841307490126509
r239,0.9834682387232038,0.978340469305486,0.974282781453093,0.9860452945109964,0.9886044518397858,0.9877180257803008,0.9738326130148138,0.9919570261105242,0.9914537445951088,0.993835408652531,0.9964358821783889,0.994655423957959,0.9812733574054251,0.991917672368865,0.9934059614810502,0.9913252895128017,0.9859681805661,0.9893858173689876,0.9890470333428673,0.9943340075173558,0.997147742137151,0.9930506053497735,0.9956462053952794,0.9946452045331455,0.9918226549487755,0.9911212584228346,0.9615173673917657,0.9847778313596584,0.9935273654745369,0.9940673084731105,0.9836847456462849,0.9903273143308259,0.9914316091342822,0.9809201682520694,0.9714803065389044,0.9893554133881409,0.9946817901114948,0.9963267781542963,0.9732447984963812,0.9788527600953786,0.9931234744481112,0.9833968597274401,0.986367463317738,0.9881790637074154,0.9910762331247814,0.9910193007253965,0.9942303930933476,0.9778938716449033,0.9749310731189764,1.0,0.9919008867557733,0.9827597968620503,0.9757582498594952,0.976356323645761,0.9759912186275614,0.9960006065367991,0.9958950688141397,0.980953103830891,0.9942476602008515,0.9862375468680699,0.9933161715167413,0.9940999191111487,0.9915407164822393,0.9922557256967866,0.9925656363664423,0.9917005105827789,0.9756498511844912,0.9985766546759486,0.9922395801500395,0.9882060307019092,0.9896939862535324,0.9950467131021261
r241,1.9456063574919402,1.9481730420126937,1.9309185774504347,1.9706765152768608,1.9755374184655983,1.9759489556648786,1.9683354221642029,1.96922585913105,1.9702312197997913,1.9661142016102064,1.9697756982041699,1.9730698803205156,1.985534934599735,1.9876433928419879,1.9832433043405953,1.9737122694251112,1.9814630825448198,1.984542257133143,1.9818906053106162,1.9686747820080048,1.9719497849008463,1.9725294873498842,1.9710517445802336,1.96632911866079,1.97115377606484,1.964769778034345,1.97632016802417,1.975072069742537,1.9731833919884987,1.9737524452798556,1.9851741523358797,1.9977722188935085,1.9898409337284886,1.9873792259877066,1.9927380072870422,1.9961622608391345,1.9669402067638124,1.977770651570054,1.9610003427792275,1.9787205181674905,1.970927613867309,1.9724017076050595,1.9700050078682105,1.9677753638204336,1.9714546446995858,1.995794901823441,1.9979547991656812,1.992357360514109,1.9996549678601514,2.0,2.010959629920222,2.0096537960012757,2.014750688477219,2.0073429034479258,2.015676133057978,2.0095092433618733,2.013149997071318,2.0068292529904244,2.01611264562806,2.0018841246499073,2.0018848047788556,2.009114460149304,2.0128136618164056,2.0144006510188723,2.0055777305793794,2.010684551160213,1.9982961297626356,2.007433240336626,2.0016522826224943,1.9903618657302213,2.0001125456552185,1.9935376805686291
r243,0.9865886657065686,0.9826185625202879,0.9856192405989658,0.9889645498866783,0.9838549621396396,0.9867291531144996,0.9943012010586219,0.9925332861571781,0.9935745566485514,0.9912794771282909,0.9936166227153066,0.9761667776397329,0.9911736789257491,0.9924680945009708,0.99265652255855,0.9848286055150564,0.9811647116883511,0.9861052867553259,0.9968192160646928,0.9880067714182511,0.997397312612943,0.9869124309000907,0.9894096985485618,0.9956109650783525,0.9956492652215397,0.9872086786537544,0.9907647037848507,0.9923586476947974,0.9887829468433214,0.9889436453649993,0.9734945302647106,0.9924754376505132,0.9886247015842735,0.9664429346329091,0.9954507908525294,0.9745333821946935,0.9904955088357107,0.9944201067169917,0.9749988960426059,0.9920812208298632,0.9883513725326581,0.9860321415201594,0.9962393403527622,0.9959059402403784,0.9911626255120798,0.9853385046395222,0.9810542853081479,0.990943313516159,0.9789721364858366,1.0,0.9893517337806952,0.998849510680341,0.9892575208844058,0.9799651229914408,0.9924468785867259,0.9947134134975226,0.9945688660500265,0.9929423042563883,0.9902481019102256,0.987155173718381,0.9765508761817879,0.9733840963865245,0.9948191919387566,0.9871317106759802,0.9808577234924303,0.9762975096606117,0.9863229289233687,0.9984961459357251,0.9857066418186964,0.9930317521695815,0.9938753703024596,0.9907025323817297
r244,0.9597463837794243,0.9684844283595967,0.9637572074389306,0.9831560823522829,0.9950547574841072,0.989451268827985,0.9923017299768866,0.9911337210093344,0.9971149361355378,0.9921290653922191,0.9933610040507957,0.9910781403021557,0.9910221766988906,0.9856021552299488,0.988298963307704,0.9763907684046784,0.9807415697849672,0.9688467047206735,0.9917817196296366,0.9925264192662522,0.9903003488494114,0.9776612252245644,0.9949417668537616,0.9939187389067823,0.994648090918946,0.9596755954258402,0.9946791401876699,0.9956875495017068,0.9856167901685047,0.9804009195716202,0.9766135327757298,0.9836572142124473,0.9803281226074123,0.9759988822418607,0.9730395904393607,0.9621161817089966,0.9923503624544393,0.9924739110903421,0.9903937484257009,0.9938573656660391,0.9925060727928285,0.9909906723451697,0.9943306768521574,0.9896151902359438,0.9943685955266797,0.9881055673623601,0.9837686698538671,0.9813815935928729,0.9946182037007553,1.0,0.9960934199810068,0.977191644927714,0.9823643961361178,0.9830152130470842,0.9826125258140381,0.9956178830230418,0.9896408960179396,0.9873706255221786,0.9940127003131899,0.9933397693675148,0.9873611454464406,0.989778658210924,0.9891819712676213,0.9959547274926435,0.9926053405788821,0.996964280547931,0.9955316058346445,0.9972517663070989,0.9959115583790965,0.987265029034385,0.9866259550385882,0.9880579762271927
r245,0.9808372265723029,0.973806172853962,0.9649519741554695,0.9889521935946303,0.9825304446442178,0.9810435054969595,0.9826207883321924,0.9882936323174155,0.9891332217078587,0.9882163253459616,0.9875931873944442,0.9874680607632091,0.9872554912676943,0.9802054789377858,0.9906826328977157,0.9510519963793568,0.9877051356369131,0.9805021607755608,0.9838028702566965,0.9795311264430643,0.9816929491406928,0.9868618282079719,0.9863634262207025,0.9826279069606109,0.9840995687180522,0.9834837165505836,0.984868833968009,0.9836247924730356,0.9926209053873699,0.9918840350617624,0.9776192973689708,0.9916340598853512,0.9930456356394227,0.9924613048608275,0.9891447097676688,0.9948104329734901,0.9848167027901668,0.9828287610658104,0.8968902802339631,0.9870634889617211,0.9547632766762524,0.9890852695959382,0.9840579412594502,0.9860567834695405,0.9782738114248299,0.9902166959237596,0.9844677957529785,0.9906041136008337,0.947283542706334,1.0,0.9938496082854567,0.9717767126584068,0.9969776811630564,0.9966697418229632,0.9916650644314,0.9945815405664338,0.9937245057037789,0.9912620655531375,0.9942604364171409,0.9952167117001646,0.9875308840224217,0.988453692200412,0.9928830126365723,0.9979156758163794,0.997958306755378,0.9920574836255167,0.996058137983217,0.9956699176637082,0.9881666627004418,0.9903349201448188,0.9894523592440977,0.9919370481112453
r251,0.9877584528171945,0.9885536577190788,0.989557613651261,0.9909096753768815,0.9881353624308541,0.9886545865695923,1.0006127900721176,0.9997814336127739,1.0001133658244878,1.0005171187535538,0.9998327491181267,1.0057879430534191,0.9995052960598417,0.9991153871474884,0.9998467447313125,0.9978376739050956,0.9990600235429101,0.9978369614726458,0.999736808508231,0.9966876890279456,0.9997919754507196,0.9989587634673586,0.9995130354003238,1.0017190117310224,1.0006952050734201,0.9993381069730617,0.9974940113424517,0.9940613671841806,0.9940390438130026,0.9970729169457435,1.0007523946705656,1.0054227824910689,1.0020463067013106,0.997196503936914,1.0027124466865847,1.0027394203385467,0.9976527039141966,0.9992153987403475,0.9976879614915697,0.9995587337620717,1.0018261923072531,0.9977096493565034,1.0004564280478514,1.0008457323172466,1.000971211647333,1.0025015593145556,1.0014869893577638,0.9995662003973644,0.9996793132716819,1.0,1.0052975699717492,1.0002347783417558,1.0013843259021784,0.9989000934038884,1.000889129085126,0.9985231284545321,0.9985239903701016,0.9977687402562804,0.9995123256691529,0.9988288551004376,0.9971208686289094,0.997601532236322,0.9957307216148884,1.0000252574425341,1.0008894589535209,0.9963284627690805,0.9940463018914548,1.0020547253054592,0.993385345057706,1.0037541910884336,1.0052853728983946,0.9994520534428659
r254,0.9783870642111904,0.9861702707635814,0.978096390999328,1.0059598563653998,1.007862281809982,1.0067518319965985,0.9944281122050445,0.9861911456835055,0.9980612384024213,0.9864949363036731,0.9905888468742879,0.9931972043802352,0.9965395620117847,0.989155058016842,1.0022425064923095,0.9918992509785409,0.996325784465555,0.9926398763042531,0.9871363659065344,0.9910851099931336,0.9873344515965927,0.9955772146589671,0.9934257182691092,0.9988629544910823,0.9979174503860051,0.9995340197154114,1.0046539489111679,1.0000906903764866,0.977809945606508,0.9840268986782758,0.9962374925430286,0.9955440083988261,0.9854261103004428,0.9774502635822325,0.9925608974466509,0.9929483828006463,0.9895996524318057,0.991483157589075,0.9825227995130582,0.9921259554305182,1.0071866751596146,0.992908124346377,0.9886864125446393,0.9920651245228198,0.9975316906199632,1.0012649803784555,1.0072742266777055,0.9990494994890016,1.0053397266763735,1.0,1.0055030309048583,1.000584972038461,1.0024336533889922,0.997669416413435,1.0059430880135996,1.0014266394469535,1.0083338817860619,1.0062773561117493,1.0025909731894218,1.0036653410864664,0.9923650395284865,1.0023208219340174,0.997620031324015,1.0036481351330793,1.0059255180173785,1.002960476526487,1.0065292890359254,1.0092982081449666,1.0228541552183135,1.001822776184583,1.0026413639919247,0.997383781905069
r256,2.051255242175134,2.0742603966347914,2.0678350076357033,2.0725319522654484,2.081932333463262,2.0795995417901985,2.025090574494918,2.0250265796872053,2.0297497057498424,1.995116533575367,1.9962792240709915,2.0113942149758968,1.9619114693755024,1.9715673400928622,1.977200221696671,1.9892340884321489,1.9741181758226545,1.9981404946287966,2.021845668669693,2.029691722810054,2.010715413320992,2.0305383937257577,2.0538639959729026,2.0214295904295185,2.0288547013402582,2.001484441245937,2.0245200694179655,2.0146398293142855,2.001333592407354,2.0199231226194465,1.970527938920445,1.9508850300251939,1.9436242507099593,1.930490620385397,1.9296490457706295,1.9378487989333317,2.00615612996352,2.0024345314967036,1.9345893748791267,2.0195844613700613,2.010006681131017,2.0258183532129515,2.0066008256493326,2.0037283789261955,2.0106031214331743,1.9714093903305163,1.9790597905031626,1.98438798757673,2.0201439260341454,2.0,1.9972597872608515,1.9296692790329404,1.9302220625532778,1.9270574914824135,1.9167186886500875,1.9273957270482729,1.8897091523824403,2.0,1.9229295451227375,1.9575261921335412,1.9055153779179452,1.9022699474772093,1.905471253536133,1.933270433988238,1.9224099755042707,1.9531628600228008,1.925239468360758,1.8988362913105084,1.9317987188974928,1.9740849776559861,1.9531682487598585,1.9628701409991756
r258,3.991164277449082,4.007023513872211,3.9409818215037657,3.9500515125095883,3.984623829849361,3.9794385946958615,3.9924261570045423,3.991235365301824,3.9944617522068837,3.996787790907306,3.9912407908583707,3.9855408791785862,4.0166194004530595,4.024042185698407,4.01530235797944,4.088171212988693,4.079247475723223,4.086063461153556,3.9989521500181264,4.001896845966126,3.9980781180029377,3.998029945936958,3.985870479217514,3.994596123471588,3.995803673549224,3.984420979200827,3.9880149121438313,3.9880474411883613,3.9727788528957206,3.990395957152296,3.9825836544448547,3.981309274874966,3.987278533465518,3.9785936069029106,3.9579878893125504,3.9858524072167714,3.9954926671671602,3.9977483728989354,3.9876979881780485,3.955382177984619,3.991689657886251,3.9619010636324195,3.9925316351093545,3.993990968174397,3.9616574329702754,4.007932119282636,4.016392405340774,4.0028994662899695,3.990859301723304,4.0,4.023019298327857,4.000748975287234,4.01414716881277,4.010955835417865,4.01941237640972,4.014855218241179,4.00457471791423,4.010266921027711,4.008712693769206,4.012358642914037,4.010992480128717,4.016848296678044,4.022431013835492,4.021949198036092,4.008805169774076,3.990136242028647,4.0208715152161165,4.018579560786584,3.9996180590569357,3.9636559562747378,3.991434539575872,3.989395509717803
r263,1.9513017599399793,1.9891819800196113,1.9299987802319007,1.9777710555432337,2.0141647079250613,2.0092899780307505,1.9863925886188218,1.9962547529288235,1.9969472483183548,2.00059129663134,1.9899120527441605,2.0004197759831444,1.9996323679814663,2.0005454002281287,2.0124898315058743,1.9871776705895203,1.9886387250902002,1.9858591666886036,2.005159957765116,2.00582742217154,1.9953307031206107,1.989911524559365,1.9904639960151131,1.978821878505582,1.9843992517017646,1.9828076361907807,1.9982149084155423,1.99580176128749,1.9818473758441013,2.003374341522154,2.012552844501475,2.0054543425767495,1.9974655390699867,2.012070855350252,2.0105074315851614,2.008010629692575,1.9964290915367648,2.010677931925602,2.001583962430939,2.0017296201940926,1.9885550040455109,2.0165581548950646,1.9965340680435713,2.0060090934771058,1.9961467508314086,2.0188947473093077,1.993613286532911,1.9878456344299953,2.0022987881739316,2.0,1.997886803387,2.00058016701193,2.0134360759469683,2.0051186632014684,2.0065250346793024,1.9868888114273435,1.9885602789758248,2.00717814795087,2.008421161867519,1.9953586109578076,2.004804366421034,2.0016978898169024,2.003151953708742,2.010120017860524,1.9896965615234015,1.998529345694227,2.0043630970875315,1.9893165431030317,2.0069041057739585,1.993042343409615,2.000440277928598,1.9989764146497546
r259r,1.027065231404729,1.0244596125493624,1.0245159607502756,1.0164802197466238,1.015081950871701,1.013858846774732,1.0019268244986501,0.9941330400569255,1.0005740275163786,1.001666980190409,0.995919641909792,0.9989900591833648,0.9995519374799112,1.0005870900614395,1.0012958733937565,0.9941897887929332,1.0018625762842603,0.9958821457331724,1.002287679064989,0.9978741729204589,1.0017125450599746,1.001196425450334,1.0062411192169576,1.0011665776880632,1.0042660266353056,1.0043794874687373,1.0012549676052063,0.9971168657915368,1.0021873276448623,0.9974770635609586,0.9922994229563249,0.9976207242610712,0.9968261331597607,0.9897764996430755,0.9935391879287586,0.9917253505188127,1.0007580681808002,1.0037795613829714,0.9947810786253668,0.9980964726779936,1.001010624860712,0.9990741070618966,1.0023548017413781,1.00362355646189,1.0010439907972175,0.9986677486380416,1.001535741586468,0.9944863192198127,0.9986296317471471,1.0,0.9998003908998175,0.9932706830924634,0.9934416077835319,0.9911078426252429,0.9985779111909406,0.9964599055229209,0.9978223389866672,0.9993346793674147,0.9986779913315978,0.9979127278147216,0.996792156554157,0.9973665823709468,0.9959916922179383,0.9954134215360676,0.9946229160859897,0.9945422776165015,1.0136912768644548,1.013800473265676,1.0126565422377145,0.9980326113808212,1.0009975276524785,0.9963536344275846
r258m,0.9992945328765392,1.0009202881280932,0.9996530366623896,0.9972850731334398,0.9974232491691515,0.9968696663094577,0.992746074819061,0.9893553686892772,0.9940828790180131,0.9918063203826025,0.991007631991661,0.9909805466762164,0.9928364494659949,0.9880440537657108,0.991314479622119,1.0918376675851222,1.0919969556315055,1.0906106579461283,0.9920932258659978,0.9910167988476974,0.9938095500043664,0.9921320269580697,0.9965253630366457,0.9950180647020198,0.9936559134338977,0.9870742613675078,0.992396962554053,0.9910037701107094,0.9915632774540332,0.9928681525319188,0.9946440493283212,0.996148026278866,0.9936908522939341,0.9921117836962711,0.9961603578574394,0.9916531253536313,0.9951343462458572,0.9902251301686894,0.9869168304267159,0.9893495547878036,0.9877262477900545,0.9927306978537878,0.9907776514151656,0.9887028186355225,0.9925910424756255,0.9926885462939053,0.9993450392429869,0.9968388178159512,0.9952337621016024,1.0,0.9966437408034956,0.9995902593020285,0.9993253511759784,0.9992685860635357,1.0040868160275895,1.0053558157685152,1.003129153903402,1.0061118654300036,1.0034996380722108,1.0011714319427043,1.0062963509403602,1.0034390076749988,1.0047272801625722,1.0030600157811114,1.0052366527314633,1.0028825144080062,1.0054750271702089,1.0065606603046955,0.9987411530702932,0.9920723921161911,0.9927949711347387,0.9923268857939093
r268,1.9805943116726508,1.9856691058456142,1.9844569996408472,2.004337741796884,2.0091673006192354,2.008240232725984,2.00433175592114,1.9878834508166385,2.006830585745962,1.9934017045192056,1.9941627432445521,1.9973440828604496,1.9980181652030506,2.0022611585306676,1.9976979462000528,1.9940317314161329,2.0045888151544613,1.999014178345454,1.9980666648536887,1.9979866636084247,2.0054879759352735,1.9982701339486812,2.000256459699073,1.9993995591043365,1.9977155079930369,1.9970248779389248,2.002681590128473,1.9955903325719435,2.00233096559508,2.0011512381821257,1.9961460212232118,1.9996609667725767,2.0001284335989427,2.0050383869847868,2.0150957672083294,2.00045269848422,1.9976386874733718,1.995477802107791,2.0005224888980138,1.9880133214810014,1.987189307749186,2.005177994312973,1.9913305872760456,1.993511104458284,1.9878826832093168,2.0068463871369913,1.997188029207194,2.0035379898223424,1.9941155472277563,2.0,1.985532832641708,2.002527621724574,1.9995680674561949,1.9984139105848604,2.0042723409003322,2.0123659056476377,2.003283264343323,2.017425613622322,2.0135290970835165,1.9965580663655003,2.00555023151536,2.0002813505198325,2.0075744104657884,2.0143678520575072,2.0028768924867832,2.0056816382187703,2.011832709959869,2.0104977050596196,2.01283065710206,1.9909284900136108,1.994545684691945,1.9850159748113039
r269,1.0086473525135933,1.0040941482018166,1.008566532876217,1.0163768083001752,1.014457340230881,1.0190357923749012,0.9983900976813229,0.9929011180169435,0.9999330502708409,0.9962273004214052,0.9979048490792434,0.9950798411210479,0.9985247588086943,1.003732749952464,0.9975297547753309,1.0046850819907696,1.0082150673546253,1.0111517759813902,1.0027909376829967,1.0010563145946882,0.9963277220104622,0.9974736496042685,1.003943069989017,0.9998885997603413,1.0104708136664107,1.0077159880733493,1.0039189227389966,1.001438929019397,0.9970727965179929,0.9963462533199263,1.010506352880869,1.0082244776296103,1.0051097733660732,1.0058402456612194,1.0013799798286749,1.0009578593164519,0.9994259300018411,1.002274641814983,1.0010822836876443,0.9955402791122574,1.0009890544155204,0.9949608324954579,0.9976505720768004,0.9968625805193977,0.9996286263664175,1.0017279105089587,1.0063550441043145,1.0062120238540213,1.0033217220332713,1.0,1.0089998232243058,1.008745169248495,1.0093048781015923,1.0073436607188861,1.015716128140785,1.0108017592637892,1.011558404766034,1.0109702011500927,1.018865695522527,1.0083474031389073,1.006150861852298,1.0117694450269679,1.012637961859419,1.0187563130706085,1.0049540301943025,1.0126334380950024,1.0200832478796324,1.0164968088679922,1.0177365324305812,0.9989563265241262,0.998128883736364,0.9945511980154849
r268m,1.9805943116726508,1.9856691058456142,1.9844569996408472,2.004337741796884,2.0091673006192354,2.008240232725984,2.00433175592114,1.9878834508166385,2.006830585745962,1.9934017045192056,1.9941627432445521,1.9973440828604496,1.9980181652030506,2.0022611585306676,1.9976979462000528,1.9940317314161329,2.0045888151544613,1.999014178345454,1.9980666648536887,1.9979866636084247,2.0054879759352735,1.9982701339486812,2.000256459699073,1.9993995591043365,1.9977155079930369,1.9970248779389248,2.002681590128473,1.9955903325719435,2.00233096559508,2.0011512381821257,1.9961460212232118,1.9996609667725767,2.0001284335989427,2.0050383869847868,2.0150957672083294,2.00045269848422,1.9976386874733718,1.995477802107791,2.0005224888980138,1.9880133214810014,1.987189307749186,2.005177994312973,1.9913305872760456,1.993511104458284,1.9878826832093168,2.0068463871369913,1.997188029207194,2.0035379898223424,1.9941155472277563,2.0,1.985532832641708,2.002527621724574,1.9995680674561949,1.9984139105848604,2.0042723409003322,2.0123659056476377,2.003283264343323,2.017425613622322,2.0135290970835165,1.9965580663655003,2.00555023151536,2.0002813505198325,2.0075744104657884,2.0143678520575072,2.0028768924867832,2.0056816382187703,2.011832709959869,2.0104977050596196,2.01283065710206,1.9909284900136108,1.994545684691945,1.9850159748113039
r269m,1.0086473525135933,1.0040941482018166,1.008566532876217,1.0163768083001752,1.014457340230881,1.0190357923749012,0.9983900976813229,0.9929011180169435,0.9999330502708409,0.9962273004214052,0.9979048490792434,0.9950798411210479,0.9985247588086943,1.003732749952464,0.9975297547753309,1.0046850819907696,1.0082150673546253,1.0111517759813902,1.0027909376829967,1.0010563145946882,0.9963277220104622,0.9974736496042685,1.003943069989017,0.9998885997603413,1.0104708136664107,1.0077159880733493,1.0039189227389966,1.001438929019397,0.9970727965179929,0.9963462533199263,1.010506352880869,1.0082244776296103,1.0051097733660732,1.0058402456612194,1.0013799798286749,1.0009578593164519,0.9994259300018411,1.002274641814983,1.0010822836876443,0.9955402791122574,1.0009890544155204,0.9949608324954579,0.9976505720768004,0.9968625805193977,0.9996286263664175,1.0017279105089587,1.0063550441043145,1.0062120238540213,1.0033217220332713,1.0,1.0089998232243058,1.008745169248495,1.0093048781015923,1.0073436607188861,1.015716128140785,1.0108017592637892,1.011558404766034,1.0109702011500927,1.018865695522527,1.0083474031389073,1.006150861852298,1.0117694450269679,1.012637961859419,1.0187563130706085,1.0049540301943025,1.0126334380950024,1.0200832478796324,1.0164968088679922,1.0177365324305812,0.9989563265241262,0.998128883736364,0.9945511980154849
r282m,0.9814053855179297,0.9852094177910582,0.9835700113553768,0.9945705416996307,0.9956801631797484,0.9959154021420842,0.9943019448557994,0.9955371266893455,0.9949511797547439,0.991240537191882,0.9905387204332148,0.9922204436580101,0.9915321032135358,0.9884171867230536,0.9881724104493694,0.9930513831065783,0.9936445885782539,0.9944398340253716,0.9939219434134833,0.9912653180192296,0.9933041067853704,0.9953823234219322,0.9931644420124203,0.9974426731109705,0.9951317667402635,0.9950553731986331,0.9959188059673625,0.9982549613026507,0.9928776469063297,0.9915036521443531,0.9919405815845007,0.9957823738119093,0.9940837025377821,0.9859180279705712,0.9940425959239293,0.994343408523264,0.9960644626830196,0.9998047914445501,0.9937551658372556,0.9909060971621109,0.9926723216867174,0.9951179833739552,0.9941368239698402,0.9929110082406194,0.9924077658243042,1.0016372054483174,1.000674736092776,0.9992222047702173,1.0032665399226064,1.0,0.9983926011717862,1.0025015012716179,0.9983440596820207,1.0002949021450895,1.004849876113075,1.000458004700194,0.9976060278324145,0.9992291582592491,1.0005218319559759,1.0014755767433405,1.0013341111576601,0.9994984657989692,1.0034176470261662,1.0035632172902202,1.0003787886744033,1.0018299066125358,1.001036583860858,1.004831736741635,1.002559344928643,0.9938435023106664,0.9937721806374609,0.9946596178356054
r278,1.0029111232373766,1.007179429959514,1.007786050643332,1.007499432669684,1.0042277069803731,1.0053073513366941,1.0062900321145565,1.0075520552360766,1.00820232798457,1.0029475363209208,1.008287066978267,1.0080225512889642,0.9974143801393935,0.9993452927727886,0.9986796217279709,0.9987530291441437,0.9964725964197079,1.0005912663362857,1.0029955772713943,1.0016108182069403,1.0012722913005137,1.0017140677828271,1.0039028412980024,1.002812482322388,1.0035821305389763,0.9993526748138083,1.0062678915974441,1.0053965296668814,1.0050054486876228,1.0066782410042787,0.992733902343167,0.9928406274336937,0.9899911930225632,0.9844199941613421,0.9943550512742538,0.9925856980819188,0.9991752627081295,1.0023649149947116,0.9992531237000936,1.0022616917688585,1.0071357042118119,1.003428260637708,1.0033366014375504,1.0013487624021349,1.0022082293994083,1.0005794874851357,1.0004083314582362,0.9966265214164481,1.0022835546919748,1.0,1.0008185180872455,0.9949891436195171,0.9985840755589802,0.9957938644064426,0.9987429699906855,0.9983422588083339,0.9996032308266974,0.9959496925479125,0.9961209840430306,0.9938358096122837,0.9982889621564761,0.9976254085895598,0.9997430343471368,0.9976252659888937,0.9926844157598705,0.9940883993240418,1.0007722935244365,1.005596664771892,1.0063432379136732,1.0015447737488643,1.000978064813519,0.9989852209703292
r279,1.0029111232373766,1.007179429959514,1.007786050643332,1.007499432669684,1.0042277069803731,1.0053073513366941,1.0062900321145565,1.0075520552360766,1.00820232798457,1.0029475363209208,1.008287066978267,1.0080225512889642,0.9974143801393935,0.9993452927727886,0.9986796217279709,0.9987530291441437,0.9964725964197079,1.0005912663362857,1.0029955772713943,1.0016108182069403,1.0012722913005137,1.0017140677828271,1.0039028412980024,1.002812482322388,1.0035821305389763,0.9993526748138083,1.0062678915974441,1.0053965296668814,1.0050054486876228,1.0066782410042787,0.992733902343167,0.9928406274336937,0.9899911930225632,0.9844199941613421,0.9943550512742538,0.9925856980819188,0.9991752627081295,1.0023649149947116,0.9992531237000936,1.0022616917688585,1.0071357042118119,1.003428260637708,1.0033366014375504,1.0013487624021349,1.0022082293994083,1.0005794874851357,1.0004083314582362,0.9966265214164481,1.0022835546919748,1.0,1.0008185180872455,0.9949891436195171,0.9985840755589802,0.9957938644064426,0.9987429699906855,0.9983422588083339,0.9996032308266974,0.9959496925479125,0.9961209840430306,0.9938358096122837,0.9982889621564761,0.9976254085895598,0.9997430343471368,0.9976252659888937,0.9926844157598705,0.9940883993240418,1.0007722935244365,1.005596664771892,1.0063432379136732,1.0015447737488643,1.000978064813519,0.9989852209703292
r280,0.9978382088184735,1.002578085909844,0.9894415915709038,0.9975869115718984,0.9988170730705472,0.9998814097801858,0.9940837128277562,0.9863653181527184,0.9962037271966574,0.9895086997726845,0.9944426565962577,0.9933461867911213,0.9986547604804891,0.9871411472040987,0.9947185575230159,0.9992248621224321,0.9986455688373885,0.9976118993084341,0.9946389501880868,0.9948762261980431,0.999558419120254,0.9967386561451237,0.9961451171395088,0.9958076915076488,0.9963864580308673,0.9969824601894376,0.9987497349497682,0.9936377649508874,1.000171059525794,0.9992755541054918,1.0020233745888896,1.0003816809769526,0.9999428485593597,0.9956103451744479,1.0050548335650318,0.9958257477080825,0.9951682808319893,0.9931142288214103,1.0000756268391926,0.9932205623515846,0.9973106190934257,0.9969196659699395,0.9964664927511923,0.9945271645835021,0.9954605254993657,0.9886420350546605,0.9988554053544942,0.9970521487019502,0.997467177245992,1.0,0.9971243238482159,1.0008766672812337,0.9983184960569992,0.9956910081321987,1.0054969482232463,1.00002872980603,0.9991517892977821,1.0008129237991612,1.0023474325681272,1.0030218320379476,1.0053729228081385,1.005227300280504,1.0009622799721083,1.0037252727462023,1.002191272104714,1.0006196459269292,0.9995568195363536,1.0026542587327043,1.0045109656926274,0.9934090256579742,0.9891044874261071,0.9980743430597874
r281,1.0030404610218753,1.0258292573298946,1.0346691492084006,1.0125036128688367,1.0227448014651852,1.018267380397826,1.0021190536534625,0.9932087927079954,0.9942747126664114,0.9912233387603797,0.993790042526383,0.9910590878443383,1.008041469309362,1.0012545826039394,1.0024864121851733,0.9964757840241849,0.9911305617232093,0.9957003691504598,0.98616627997122,0.9920018583398945,0.9932304029103963,0.9908381493802209,0.9884261299029506,0.9935414938576533,1.0006620695779076,0.9957272789067617,1.001931972121341,1.0034818276259887,0.9872256499192825,0.9898835755424081,0.9976978203461072,0.9929903087607046,0.9792540939537819,0.9981172644378787,0.9990405655248302,0.9960389235631042,0.9962587834347609,0.9965612903444943,0.9962430152521201,0.9945462833149697,0.9984926423737014,0.9931989114999514,0.9964948800054471,0.993021376977899,0.9883021418802973,0.9927260546166917,0.9945747680042731,0.9900656874612307,0.9988390259055331,1.0,0.9963180260371933,1.0054408884312462,1.0039367979950797,1.0036636082562056,1.0135651021077299,1.0147982488955258,1.0180283461451616,1.0087059719190263,1.0083247531360344,1.007323623073403,1.0044601196064715,1.0009743405382856,1.0089659597459013,1.014722136731539,1.0026058088041971,1.0121074556579401,1.0189457558356074,1.016116385504351,1.0320691256029615,0.9964244009635296,0.987488377390838,0.9922340463834646
r289,1.0092925787209386,1.0096353709713188,1.0079239797259159,1.0052843860025849,1.0052483225702635,1.0107500071449853,1.0019303444481635,0.9977605677074942,1.0009500875758577,0.9965861534314951,1.0006405452567706,0.9992494963209894,1.0053829467710202,1.0074175203581692,1.0065705057621903,0.9899343775317249,0.9945538392338398,0.9842904035935358,1.0004440038927285,0.9927500460259668,0.9976362461342703,0.9990898797283446,0.9990330034824875,0.9992284515622254,0.9986163785573599,0.9974756601956727,0.9972435392982011,0.9963672144405283,0.9976746830563499,0.9972537735444287,0.9950784886226101,0.9927542776360907,0.992987852361545,0.9866265067845654,0.9929074764226623,0.9924265318597324,0.9986350631536911,1.001002845754761,0.9941485718286985,0.9965239580454661,1.000747146239769,0.9943521664672899,1.001278653955421,0.997610486991817,1.00055578970319,1.000728244361413,0.9987903204087161,1.000695493395667,0.9967496740042967,1.0,1.0003931694751829,0.998590211673915,0.9943115554631039,0.9996475200300611,0.9997951911134385,0.9946257847365588,0.9976980335235764,0.9959045121379735,0.9954786032591839,0.9909759799072057,0.9980960610594509,0.9951924991172855,0.9966897918616954,0.9950078109400372,0.9942176227067259,0.9941078893562265,0.9953122505833895,0.9984400775511363,1.0027559113738518,1.000701017305422,1.0000697418448126,0.9968657383276233
r290,0.9653157870075174,0.9684693122126296,0.9578023161078866,0.9800813354789413,0.9824334767292986,0.9812947000357394,0.9986017688176957,0.9907830450755645,1.0013897360371675,0.9990366093379932,0.9963793184046814,1.0020376752843554,1.0200364831833721,1.0200476916570833,1.0208501249883628,0.9872942365277672,0.9964084164714362,0.9881450955928088,0.9992165356599605,1.002767701944273,1.003520267616748,0.9925938203438759,0.9970458954845578,1.0004605690522428,1.0017641268925133,1.009788592882298,1.0051120769387305,1.003234437187283,1.005409837936865,1.0018740707367362,1.0122408438256423,1.0081144760489695,1.0144164680845718,1.014547899428784,1.0108760364734186,1.0078396855485487,1.0022267482966707,0.9989124478104241,1.0033104920416802,1.0032444704015997,0.9993658352191407,0.9994891713321971,1.0023283827113607,0.9994835544651454,1.00106375223148,0.9924760910535121,0.9911193387162193,0.9958895331769814,0.9961494829093285,1.0,0.9936144770559481,1.0085256646213066,1.006321279628874,1.0043396077217024,1.009159182708909,1.0037502101907763,1.0025535299686084,1.0097013589101111,1.0050808727129148,1.0056380513290704,1.0115225158580634,1.0049075943411694,1.0092171615983685,1.0075582948565942,1.0099678058168045,1.0072054711555487,1.0062195429490393,1.0056191045382081,1.0028290262467319,0.9976537792575902,0.9958133112473553,0.9911121094850639
r292,2.0082290749929865,1.9950330670989769,1.9889606565850295,2.000792633531956,1.973834585242241,1.9938379766046648,2.0064560374182387,2.006933216200707,2.0106746825578448,2.0006046224180363,2.005214249731175,2.0081454016424676,2.00316012655844,2.006514329959222,1.9927555116928486,1.9978776520073773,2.0037331828724962,2.006445663472808,2.008081821413052,1.9994765414381106,2.0014492839019598,1.9889310237354927,2.0045992681104723,2.0096591405777957,2.006860577740254,1.9503662816890848,2.0037598273582637,2.011026064597563,2.016315152350968,2.0075995048093835,2.0058883668358964,2.0118217510222287,2.0063934787199775,2.0103396799360276,1.9893758610050316,2.0061194806941423,2.014985172718993,2.0158325041699303,2.0099946370927317,1.9983260857858305,2.0043430043740598,2.0085915446147355,2.021363395282366,2.005302304423532,1.9987626414244315,1.9988918766849104,2.010140164384654,2.0053635231189295,2.0172212325698995,2.0,2.020464621476821,2.0112688113695167,2.01296423773967,2.0064608895692615,2.0072911698840303,1.9973774738525778,2.005722521861688,2.0095582622689627,2.005737633731356,1.9829804024907465,2.004443493159534,2.0039638263208404,2.0145761574434466,1.9993724804505313,2.0187291001837515,2.0181864579954967,1.99047365026009,1.997817552202701,2.0150769329896594,1.9901003580090613,1.9848542372273013,2.0169413220657413
r287r,0.9865064159788366,0.9929437156746589,0.9885029622842884,0.9960654753531479,0.9983457985434284,0.99898959099519,1.0021164397185662,1.0016246812748322,1.003739470463018,1.0038010335267995,1.0057878918045038,1.0001439150079805,1.013162179405186,1.012877560086577,1.0176575917174606,0.994445216687889,0.9979172600726061,1.0015225709674211,1.0088034662793035,1.0041642058506564,1.0073248958408572,1.0059727630313313,1.0061220762256757,1.0042691154810166,1.0106126588339643,0.9988518740580468,1.006176048074725,1.0075412475099619,1.0086038757451454,1.0071171335124018,0.985368650924565,1.0007049589142076,1.0013342141775772,1.0016989984661588,1.003974270021757,0.9977406173909964,1.0066163012835139,1.0088078667167688,0.993638317214294,1.0088467864025479,0.9979199323681808,1.006298808424593,1.0055535114118175,1.0031937163518425,1.0000047828822085,0.9993793543832302,1.0075387476602011,1.004652405632191,0.9999495421800731,1.0,1.004337679864885,1.0008136571655897,1.0032266637478713,1.001432436282751,1.0048031547323852,1.0031201395780887,0.9979385169848444,1.0017469722114596,0.9981538073043984,0.9939217487003518,0.9958186909687873,1.0000426959314324,1.0055037019777389,1.0027454330828602,1.0004124340499663,0.9985131049101648,0.9982276651805209,1.001399693221386,0.9887928729530923,0.9959076468089957,0.9970247701724019,0.9984278608405934
r288,1.027010669161471,1.0297815326963269,1.0293721288516335,1.0105586545754872,1.0100609190880079,1.0085452867561333,1.0027707290160965,1.000435293370036,1.0047383199251945,1.0013252502547405,0.9989747363830278,1.0036867030630832,1.005318330382316,1.0068599298798535,1.0010385349657025,1.005978526887433,1.0079328070552078,1.0060118687882174,1.0031766204949275,0.9966753465652863,0.9997190649745759,1.002388504507362,1.0061704006239383,1.0015085480163375,1.0021731773431803,0.9999286969769451,1.0046505657030396,1.0027487865419022,1.0028869145646955,1.006608985047971,0.9971521731929746,0.9960671088102591,0.9953903771401599,0.9932265226657602,0.9925266010946331,0.9986254449563293,1.0006740302240011,1.006968300743711,1.0081939674264053,1.0014188865452924,1.0045862583725667,1.0025622939862737,1.0045917039952235,1.0022586644785538,1.0029284302932413,1.0023051287877451,1.004340398671169,1.0018475143061913,1.0046945806377954,1.0,1.0011478358596366,0.9972628138291353,0.9950773647222447,0.99718095311989,1.004231040094366,0.9985366410271587,1.0003461204272197,1.0006609090595338,1.0011846884219535,0.9997798468449505,0.994080602781255,1.0008072760136182,0.9979231623984092,1.0034733035277514,1.0001622930380036,0.9967733591373589,0.9999555348592291,1.0022731450301947,1.005575983980696,0.997414055836779,1.0020526249103932,1.0001773773115736
r293,1.029748245816065,1.0411030383916728,1.0387387513326585,1.0350140825125005,1.0354609390075524,1.0357127034185567,1.040902661252058,1.038880357182932,1.0393034299621753,1.0287248733707837,1.0345762007957953,1.0291869539088556,1.0121838342619325,1.0175500825981871,1.0109622687024566,1.03024995946891,1.024155993829766,1.0286629906077829,1.0278654414618855,1.0309055712357336,1.0298213014141522,1.0337309234217014,1.0332747329696752,1.0352834248926075,1.0291989328552247,1.026509007123402,1.0318581698491838,1.028472026266977,1.036785072316065,1.0341654084704748,0.9952761932230384,0.9915028306272968,0.9914207301517577,0.9913574303588947,1.0001394075668768,0.999474734632422,1.0322543670144237,1.0300842338071192,1.028675935206851,1.030851698364517,1.0328073898698313,1.034463407943314,1.0295117325569156,1.0344701269195062,1.0400254593388265,1.0041095281938373,1.0108061156680248,0.9997499405775763,0.9989550563032203,1.0,1.000086428272637,0.9922832745250014,0.9964275959173339,0.9941406885847134,0.992950506247372,0.9949156862514948,0.9915700719554638,0.9964755689132455,0.9928954153091659,0.9838945993272697,0.9906225710184504,0.9966719979761762,0.9928750734121,0.9827255591457917,0.9942188946629349,0.9945534146372553,0.992355612751274,0.993692990267469,1.0044976436348865,1.008710427629108,1.0087788679849827,1.0129613992842663
r294,1.029748245816065,1.0411030383916728,1.0387387513326585,1.0350140825125005,1.0354609390075524,1.0357127034185567,1.040902661252058,1.038880357182932,1.0393034299621753,1.0287248733707837,1.0345762007957953,1.0291869539088556,1.0121838342619325,1.0175500825981871,1.0109622687024566,1.03024995946891,1.024155993829766,1.0286629906077829,1.0278654414618855,1.0309055712357336,1.0298213014141522,1.0337309234217014,1.0332747329696752,1.0352834248926075,1.0291989328552247,1.026509007123402,1.0318581698491838,1.028472026266977,1.036785072316065,1.0341654084704748,0.9952761932230384,0.9915028306272968,0.9914207301517577,0.9913574303588947,1.0001394075668768,0.999474734632422,1.0322543670144237,1.0300842338071192,1.028675935206851,1.030851698364517,1.0328073898698313,1.034463407943314,1.0295117325569156,1.0344701269195062,1.0400254593388265,1.0041095281938373,1.0108061156680248,0.9997499405775763,0.9989550563032203,1.0,1.000086428272637,0.9922832745250014,0.9964275959173339,0.9941406885847134,0.992950506247372,0.9949156862514948,0.9915700719554638,0.9964755689132455,0.9928954153091659,0.9838945993272697,0.9906225710184504,0.9966719979761762,0.9928750734121,0.9827255591457917,0.9942188946629349,0.9945534146372553,0.992355612751274,0.993692990267469,1.0044976436348865,1.008710427629108,1.0087788679849827,1.0129613992842663
r295,1.9983948474105215,1.9916980305238041,1.9973571982234977,2.007464194600908,2.0071586456226,2.0093312942835,2.0156294992463235,2.0174524471871433,2.0222645866205915,2.0111636516282427,2.0226001723874942,2.021746273050186,2.013515738999674,2.0078885792713472,2.0117338892439847,2.0181175861515106,2.022412290905466,2.011095939115856,2.0185789561965835,2.0137712297692345,2.016332929338029,2.0129858993954106,2.018405244430024,2.017712930411412,2.0165363962817096,2.009998491783572,2.015957163578873,2.015633320268411,2.0195891867149838,2.0158108581117924,2.0227165281697665,2.008727916687022,2.019843485589739,2.012506115881886,2.018762476512681,2.0186253607300793,2.0161420258786893,2.0145668323389367,2.0241937989920142,2.0088703072621814,2.012814728829281,2.0189515640837907,2.008149828756907,2.011838768428844,2.0156943347625433,2.012683822523873,2.004483006467428,2.0120211593873574,2.007747589228113,2.0,2.01033324031568,2.0103348512985466,2.0093672409805228,2.0119775458278992,2.0123915569940474,2.0137434085447428,2.0065014801915546,2.007600880677603,2.0051753022833703,2.006173664330321,2.0079888571520015,2.0007068848610534,2.009210475870317,2.0160374982759603,2.0069620245524535,2.009088908416378,2.0013359896097063,2.009935433024658,2.0032127719512003,2.00884588278698,2.0069166855737626,2.007424643788646
r296,0.9767897289933591,0.9759657466227927,0.9803909685445221,0.9933766578402291,0.9951696445808929,0.996403209387081,0.9878296770638468,0.9858678612730776,0.9892881242968877,0.9878160200809146,0.983145510834823,0.9871328824170763,0.9916530227684267,0.992258479015214,0.9890482609409524,0.9829285724596039,0.987659981100068,0.9908052708786892,0.991450394579525,0.9861783698091104,0.9861675841410257,0.9892167579086978,0.9849089830306152,0.9909120884450158,0.9871751203494996,0.9943006940428885,0.990739661835981,0.986000429401972,0.9875849902359964,0.9893370326568884,0.9984152694551255,1.0013281071902602,0.9979675981559915,0.9964566386246925,1.0005772482096256,0.9999235969346529,0.9874154946875855,0.9930878663429507,0.9845959609910828,0.9909659833717298,0.9847080319179111,0.9880217866192007,0.9903910847459422,0.9879918742686125,0.9883498160435178,0.995788232183104,0.9913963148153069,0.9973169204993562,0.9932923880559916,1.0,0.9944863667749942,1.0078069672205219,1.0094366022376826,1.006434363262681,1.0095255689472866,1.00804114158354,1.0053332660867247,1.0056637523473733,1.0039379902910197,1.0004011313093693,1.002804914949577,1.0088805763554891,1.0051415652660074,1.0047340531581723,1.0045496865825212,0.998956654530459,1.003289421105195,1.003863256634968,1.0031268014042947,0.9924328371058343,0.9937329999922525,0.9930805776540013
r297,0.9988114123756099,0.9976536495201914,0.9980615930918098,1.0012689924755127,1.004080116354386,1.002649814312002,1.0073068294324368,1.0045930036332018,1.007672700183241,1.0029062044777273,1.0070359220595193,1.001760130142546,1.0075429075428213,1.0053130301554614,1.0032981292328196,1.0044854054457673,1.0101824335497545,1.0084203773330285,1.0046015829269972,1.009712239886608,1.0101198981021042,1.0044932626573306,1.0126292863789073,1.0058162766909668,1.0065647712840804,0.9984497345163974,1.00917131175741,1.0018672880374415,1.006496569474854,1.0072025593004421,1.0103981982388706,1.0083640032377268,1.0059449223683332,1.0114957476392383,1.0082182201962726,1.0086115204347095,1.0073392738499638,1.0039238460488709,1.0156304659003508,1.0025092011217838,1.007200621418338,1.0079784938105598,1.0019825531046531,1.0030545266291173,0.9975981891268448,1.0165158926041054,1.0077452023959321,1.0063604082737387,1.0091330008607955,1.0,1.0008339714931764,1.0121724484825931,1.0082528857129935,1.0066997823195971,1.008882176623507,1.009991217538735,1.009765968715622,1.0140921182838631,1.0101773333471522,1.0055838719324481,1.00711917390459,1.0133263460422137,1.0149339504460255,1.0152787878033158,1.0002736551470441,1.010656155624438,0.9953676577824544,1.0080507509848409,1.0033336668891986,1.0070968557835527,1.0012286206989736,1.003767182189619
r298,0.9998784357435679,0.9982184063836176,0.9944073094467162,0.9995071347441591,0.998913361428112,0.9957569850428029,1.0027971401686275,0.9968949203050445,1.0026787144731542,1.0010067460728624,1.0002231427263124,1.0016419603004263,1.0046266937157275,1.0053386112277303,1.0033531547377412,0.9942129313619853,0.9983965751622004,0.9964040992411665,1.0037547356571215,1.0009672893788923,1.0016733336869132,1.001194370584137,1.0048193108754513,1.002710992683011,1.0052246447667847,0.9992331552857331,1.001934742490256,1.004426738184569,1.0006620272913194,1.0047187461890397,1.0023720901037967,1.0144314504527343,1.0123885665789556,1.0080236892670698,1.0111054116553815,1.0079420713461407,1.0016344721169366,1.0014759344656587,1.0006729446321099,1.0021468767670285,0.9987341341005327,0.9989362450431788,1.0057850404010922,1.0004050681873704,1.0050750764516907,0.9946823470664895,0.999047695501247,0.9953230699461865,0.9998670885473279,1.0,0.9997710751999619,1.0083589932240868,1.006537646389107,1.0066279115573298,1.0112072470792628,1.002897331100626,1.0054483539405636,1.0024662250107064,1.0066513329194142,1.0019315818614811,1.00299708866008,1.0040459097606544,1.0031784626336875,1.0063743022295437,0.9994960957822728,0.9986110710232844,1.0010312404667556,1.0000350897714712,1.0021482298575937,0.9925036782205142,0.9956376794933552,0.9950412414711928
r301,0.9846159618869196,0.9867918978118528,0.9909419642260662,0.9851588931021612,0.9815994437057435,0.9746749127597653,0.9963947876864333,0.9791874600359239,0.9906250252541765,0.9879451046459061,0.9838354804511162,0.975514484998698,0.9852241435527704,0.9604308534676328,0.9914671070976736,0.9708100557895314,0.9752039647192977,0.9823907691581943,1.0013657846723394,0.9949606304128199,0.998239493818125,0.9852654824771482,1.0033605328563941,0.9996507699516632,1.000492768347769,0.9818822935190387,0.9758153602394897,1.0198234032644102,0.9846664100043577,0.9917023309706764,0.9817418369913236,0.9873258479792393,0.9843584375380685,0.9798215684624022,1.0034768746289349,0.9752843561637793,0.9857402517822734,0.9969337055745693,0.9876532716815533,0.9783254367167717,0.9920791939330259,1.006468974533255,0.9811348782338053,0.98808694699388,0.9923623687528108,0.9958092309294061,0.9952102809517761,0.999734247742228,0.9927607320648507,1.0,1.0116782480060462,0.9944159493373602,0.9868306846859437,1.0060983282405096,0.9940264117953996,0.9912155475657688,0.9892353829159096,1.0060110739131547,0.9976318386622777,0.9984163338740285,0.9984515771215092,0.9889156327645622,0.997218623689714,0.9935895641104213,0.9987979610538041,0.9956375709943157,0.9894946098350091,0.9872133279141624,0.9906112867545267,0.9763226429505294,0.99495647069151,0.9863411949653964
r299,2.0453322859390743,2.036014187730367,2.0393973691398033,2.0370891479015603,2.033237154991455,2.0358674376045824,2.015620031172343,2.006704460836714,2.0168846287848323,2.007513632717421,2.0193079583625697,2.0202830952377964,2.0259897017376294,2.033838122370951,2.0205378212121516,2.027483031247761,2.0276944856759944,2.029292414721384,2.0142052887702917,2.0142963679855073,2.015718706894307,2.014996967615299,2.0122931821431287,2.019291793403934,2.020024891533629,2.01974331639284,2.024482681984142,2.000823106473287,2.0097254011398116,2.0092923502207545,2.025992587608371,2.0241136083787,2.0161859285977943,2.019389458394462,2.031169022139264,2.0249912346462393,2.01872753499773,2.021998029974033,2.0204276972878237,2.0141514736090897,2.013054286633256,2.019774464273935,2.018105142759245,2.0164276364779736,2.017024501237131,1.9953164168828792,1.9905872633436688,1.99301750568514,2.0008332713689865,2.0,1.9986010750157412,2.0106954517506317,2.0050269977793347,2.0101815298812387,2.010567353416707,2.0037820432641062,1.9982294540165282,2.008368749584753,2.000597508403632,2.0143500863593182,2.0125345677282818,2.013263890043688,2.014116836583595,2.008246484879663,2.005322805576985,2.0064633033659467,2.0261041930407178,2.0178675625749927,2.0432576533210867,2.0105823981875504,2.004423145706051,2.001708186144481
r302,1.0021012312607023,0.9968516115641596,0.9943360898836342,1.0031396756829756,1.0091852954337694,1.0067344792086554,0.9976220779198072,0.9926750691039352,0.9989471830847932,1.0005407064625411,0.9972824942482209,1.0040332651599002,0.9994717706166785,1.0078654718265263,0.9976201214951635,0.9988894495420682,0.9991217537363795,0.9939751768964017,0.993550083956932,0.9923494711617341,1.0020919059916404,0.9965263854586927,0.995410922076701,0.9990741382349433,1.0025403061197466,1.0008047553907065,0.9941577892079574,0.9959699490296783,0.9994996565502087,1.0023848623689935,0.9888467277072572,0.9961543482351375,0.9947931769447932,0.9851983797872115,0.9946382841162538,0.9928626367426049,0.9954057140713295,0.9931134782745465,0.9915685182440409,0.9951236401598824,0.9972933712871871,0.9962110786302328,0.9972640455971816,1.0023762272019878,0.9994803642337247,0.9967782822072906,0.9919910801248718,0.9931524115215388,1.0080068977109482,1.0,1.0012153761700968,0.9961060739016891,0.993136817040468,0.9942603441828743,1.0031712630833851,0.9976031553530769,1.0016068012477137,1.0079708983129079,0.9938890519965556,0.9982705168830226,1.0013311632088986,1.0011731447157497,0.9953323372778875,1.0074161090425728,0.9962783325249207,1.00823569752318,1.0059230382787248,1.0103948463426915,1.004454992757183,0.9974754004079939,0.9947594331501783,0.9944236146406639
r303,1.0014589896633779,1.0022865206215354,1.0001908852055723,1.0012363815443508,1.0035992173532382,0.992658321151442,0.9942817589359252,0.994136504886311,0.9990052505044409,0.997086661764989,0.9988637780349587,0.9954873239990708,0.9927446095519168,0.9915573687194184,0.9933618301053246,0.9954040950795859,0.9945971564194556,0.9946626719175643,0.9954770766349618,1.0003707611236201,0.9960355924028015,0.9945855313762609,1.0002534571701942,0.9927508334795649,0.9923065842324913,0.992917406096282,1.0000462017187994,0.9962713266504537,0.99593851784617,0.9948169909636192,0.9979787706003296,0.9997383225375469,0.9975646555303205,0.99813133712762,1.0001322370116066,0.9981581987551089,0.9984641462623298,0.9949058121630615,0.9996512093331782,0.9937722034289656,0.9944334529750832,0.9950892769931473,0.9962333684494867,0.991458334194097,0.9939414649387153,0.9988115414737972,0.9974712316559391,1.0024783818623384,0.9991982226672214,1.0,0.9967135318374647,1.0014009115668692,1.0024442414155008,1.0014310822207304,1.0003170587744208,1.0010125253729667,0.996815186391957,1.0006093793383082,1.0053626411876848,0.9964028362425439,1.0026408936203597,1.001733954134735,1.0038124177676213,1.000468393096203,0.9983155203737438,1.0032890460917365,1.0017139153828796,1.0041528286151082,1.0030501794517772,0.9954939818748922,0.9947726241707354,0.99498733051703
r304,0.992602471121476,0.9943650833905449,0.9924348133405061,0.9913964658367547,0.9958779564888036,0.9921387698310692,0.9971138676369813,0.9998650298817107,1.0090024536434423,1.0001235814819924,1.00314389362203,1.0025102547166636,1.0014845256200093,0.9983157052844122,0.9959694492651735,1.000120411117427,0.9952853760093809,0.9963426718900141,0.9973413560537291,1.0048364967872723,1.0016961344917905,1.000463866433125,1.002685570577465,1.0017988115206842,1.0005879385943002,1.0021275012099968,1.0039811793758089,1.0020959199394164,1.004835766265614,1.0009715380949582,1.0060111558612865,1.003945140105019,0.9998420275634313,1.001664581079348,1.00497510221198,1.0095795134333716,1.0028747927314725,1.0022563015942654,1.0013792517023727,0.9987165450943035,0.997359534020925,1.004833796298704,1.000257735432399,1.0014323272512096,1.001211905637485,0.9982649198603964,0.9947273218507626,1.0007946434918196,0.9995111318341391,1.0,0.9946579505409904,0.9983483791624447,1.0013314164013962,1.0011782605234159,0.997416502061956,0.9946025494377965,1.000775483156392,1.0007885762103081,0.9966692344630962,0.9970377120050481,0.998658234083115,0.9924049381694255,0.9980489334803951,1.0020367341911482,0.9948772583525824,0.9968644332060804,0.9936913598971833,1.0004666513367915,0.9972850202894219,0.9991054101831572,0.9938810312800189,1.0043296594332003
r313m,1.005201340875195,1.004233071480301,1.0080317410621489,1.0164527848070994,1.019710422981367,1.019605860788105,1.0024009781681273,1.0012887972156561,1.0052765720969778,1.0008436623535018,1.0015799222623631,1.0019969704030396,1.0125432958818645,1.0108727307485534,1.0072435528038888,0.9969544701743479,1.0028508972066592,1.0029371998205674,1.0002370665215765,1.0011154856257234,1.002205487057783,1.0015562341597384,1.0017971241135017,1.0030598953810852,1.0047314755077283,1.0031655438167768,1.0129298724358924,1.0016982724582446,1.0046069467522472,1.0045624162128857,1.0052451090717434,1.0087884159288125,1.0064195147192379,1.0067426887993949,1.0085964353548817,1.0115925491597624,1.003853102258411,1.0020320420967144,1.005624997738775,1.0021904734823188,1.0036323011068276,1.0022545478613922,1.0000850447728893,1.005063933065066,1.0068256635991613,1.0075349385050798,1.0055120448743207,1.008675551249156,1.0128437164902533,1.0,1.0087830559576236,1.0146536582423034,1.0117998113859503,1.0150063700434262,1.0162616071098478,1.0145693340281854,1.016104388321167,1.014826773784885,1.0167311308266542,1.0144930246801251,1.016126247468517,1.0134804304074227,1.0142944740706448,1.01520874805616,1.0083135865531019,1.0158189476049901,1.015943809361253,1.0200179547721293,1.0233178058500383,1.0064243651648017,1.0010234026393363,1.0073998525145944
r316,3.0439050046292744,3.0638129110613797,3.05385937897208,3.0445267157634417,3.0513622772025597,3.055054301369551,3.0092725620089706,3.0125172572622025,3.009170989352993,3.0101177400084485,3.013988659717585,3.0096162545656835,3.0082943747462054,2.997694390018795,3.015791396087929,2.987264120200386,2.997167905743986,2.9953152501498566,3.0097667593472184,2.9864689778041313,2.995429194615279,3.0295330012880424,3.0108740634548807,3.005543705171795,3.026226487851936,2.996818726767393,3.026928072925786,2.991923810734625,3.006017441795107,3.016495952251118,2.9752679363165515,3.0134457328316397,2.9908153512290077,2.98922819728471,2.9903128729743416,2.979394003288298,3.007593688809238,3.013852144169773,2.995034865571148,3.0115321680073297,2.9869358561612227,2.997019468261608,3.0009037980608824,3.000062448611624,3.0138756696618474,3.007174031155552,3.0003910817025212,2.9948130135802034,3.002007364537077,3.0,3.0172857613136186,3.0200426547991057,3.028499745953131,3.0108064656273026,3.0192601650487667,3.002698252276214,3.011797801599421,3.005494837281042,3.016264139742126,3.001194464108109,3.0037261959855974,3.0139409134973296,3.0209860992792454,3.026406308640422,3.016288895181704,3.0059580670196784,3.0211468178437553,3.035317439042248,3.0234139424620157,3.000945162412468,3.000212507713598,3.000790636905069
r317,1.0103827863427415,1.0041933154863487,1.0090182930628115,1.0156226178981522,1.0182975120945663,1.0207461120505616,0.9974414285778612,0.9970066196861913,0.9993605428482595,0.9951469014925862,0.9968461231310356,1.0014385838360067,1.0084784557511273,1.0055310725388182,1.0060301476967932,1.0006088378573095,1.0020848320402953,0.997273021471672,1.0013889363722606,0.9924963952612841,0.9943826856406695,1.0021389496542965,1.0025406412060456,1.0032932690236962,1.0055285818921518,1.0013112924931555,1.0063467610383017,0.9972067600800337,0.9981599699605481,0.9993698115070004,0.9986596331552046,0.9961564478822118,1.000792233050023,0.997713682037387,1.0010139430693012,1.0013208821746669,1.0033736625747234,0.9966759583215875,0.9841717086559789,0.9997486572436447,0.9877439932913344,0.9984054336044892,0.9969198009926342,0.9989838159699901,0.9989292303044568,0.9983250225634028,0.9973099124728804,1.0023497345393562,1.001890001392419,1.0,0.9993413098478722,1.003280357530679,0.9976865751148858,0.9989380899863858,1.0042782068849543,1.0020021946185054,1.0044270873497145,0.9994532293905185,1.001115512603606,1.0011074880172124,1.0061457353731615,0.9982508736919324,0.998425053002195,1.0054903273754254,1.0044886140673628,0.9985252109441655,1.0038036242323378,1.0093517135684427,1.0057950377887146,0.9981964354149301,0.9984754235883911,0.9945432059706343
r318,1.0188338674253052,1.0203033474606622,1.0164606397559093,1.0164726200380685,1.0204681500994255,1.018338099429664,1.0036750935048582,1.004470443560241,1.0084351750363818,1.0030084841841316,1.005539170609312,1.0016627557997708,1.0018161373002292,1.0015713542660636,1.0026548959626596,1.0027685910443995,1.0046516919670603,0.9994859560349287,1.0026913528599648,1.0026927711747395,1.0012174321273817,1.0051496888783422,1.0064020933880466,1.0057514285912905,1.0079406902732135,1.0053433632880011,1.010240329893781,1.0044903890433685,1.0048290815374539,1.0036829878933453,0.9996276586935775,1.0005864543623442,0.9989582404946526,0.9930248241400644,1.0007229074079442,1.0007137832048119,1.0041267782782117,1.0107677116047578,1.0022597236326554,1.0003988261898191,1.0042964453806524,1.0002163005179845,1.005530410375501,1.000910051089082,1.008077335904536,1.0028994351913447,1.0010232012225715,1.0026352067823863,1.0030498521043523,1.0,0.9985340256988717,0.9992530186196273,0.9982286656759447,0.9988903543503591,0.9965518532620387,1.0010201800084657,0.9998226256262086,1.000040768561771,1.0011546550629682,0.9980612957070115,1.002015194211919,0.9999279699001431,1.0007164241292654,1.003343276306249,0.9996758470074449,1.005896149351786,1.0103670511175133,1.0142805051171537,1.0182918649441437,0.9993040757275944,0.997189498676868,0.9992716778476106
r319,1.0188338674253052,1.0203033474606622,1.0164606397559093,1.0164726200380685,1.0204681500994255,1.018338099429664,1.0036750935048582,1.004470443560241,1.0084351750363818,1.0030084841841316,1.005539170609312,1.0016627557997708,1.0018161373002292,1.0015713542660636,1.0026548959626596,1.0027685910443995,1.0046516919670603,0.9994859560349287,1.0026913528599648,1.0026927711747395,1.0012174321273817,1.0051496888783422,1.0064020933880466,1.0057514285912905,1.0079406902732135,1.0053433632880011,1.010240329893781,1.0044903890433685,1.0048290815374539,1.0036829878933453,0.9996276586935775,1.0005864543623442,0.9989582404946526,0.9930248241400644,1.0007229074079442,1.0007137832048119,1.0041267782782117,1.0107677116047578,1.0022597236326554,1.0003988261898191,1.0042964453806524,1.0002163005179845,1.005530410375501,1.000910051089082,1.008077335904536,1.0028994351913447,1.0010232012225715,1.0026352067823863,1.0030498521043523,1.0,0.9985340256988717,0.9992530186196273,0.9982286656759447,0.9988903543503591,0.9965518532620387,1.0010201800084657,0.9998226256262086,1.000040768561771,1.0011546550629682,0.9980612957070115,1.002015194211919,0.9999279699001431,1.0007164241292654,1.003343276306249,0.9996758470074449,1.005896149351786,1.0103670511175133,1.0142805051171537,1.0182918649441437,0.9993040757275944,0.997189498676868,0.9992716778476106
r320,0.986099657144582,0.989684270549043,0.985940424385457,0.9900515560371209,0.995914892047711,0.9766213307063601,1.0082418839906255,1.0030657225063107,0.996947212786712,0.9996580018511932,1.0018694468636251,1.005201453478845,0.9980151325358667,0.9946863497814661,0.9912771238318986,0.9958316128005438,1.0014395098993663,0.9932105661837808,0.9969527082781938,0.9932778472964032,0.9988478734074691,0.995364305267889,1.0065207939459984,1.0046060936412553,1.0006837831148991,0.9980422722190121,1.0029216409011237,0.9993737838732492,1.0030453342308532,1.0000151118986158,1.0046346275495233,0.9945281594723561,1.0006150958157778,0.9921346433242454,0.9992624589448788,1.003222778594019,1.002655294746908,1.0052050898407583,1.0048740219950476,1.0008527526259843,1.0013057406366774,0.9771421457773827,1.0046755854751233,0.9975437749648004,1.0037617926459454,1.0049066082817575,1.0003545829235718,0.9984185097868918,0.9950639699661771,1.0,0.9955393182382373,1.0037530080780994,0.9947396987817071,1.0048302557408009,1.000563697316924,0.9909041288624303,0.9995706581924152,0.9948885841581505,0.9947327394349152,1.001313518703205,1.0040916309444912,0.9846217082562876,0.9939276975329483,0.9839249285208013,1.0004412749049607,0.9987208290869553,0.9953901257313591,1.0002884245157975,0.9984385567189705,1.0019188840595328,1.0087332017127062,1.0041415997791354
r321,0.9934153794521173,0.9954481412322911,0.995737606721079,1.0065516979204099,1.0013818853925862,1.00397108926883,0.9977235562580683,0.9957167836483872,0.9978370183554637,0.9983983895310679,0.992165212039539,0.9998552772073969,1.0028084410672153,1.0003087318351676,0.9984510509052974,0.9939903211651061,1.0031203773431512,0.9929174998565795,0.9957933615970598,0.9945226656381787,0.9966634137037895,0.9924783938733774,0.9996667364105307,0.9988796749502648,0.9967696073512367,1.001020351520738,1.0004776662426467,0.9999880772013904,0.9991931642970272,0.9954673921430314,1.0013293154170504,1.0033727636860628,1.0027133263882217,0.9948478211065647,0.995667884202772,0.9990510735355329,0.9967982701481634,0.9981670907656516,1.0007142493479282,0.9965905888897616,1.0002776774773554,0.9940957324877596,1.0041300355117504,0.9999128870069756,1.0016007810087404,0.9960550079918986,0.9984616856612152,0.9991524710124537,0.9985382003054593,1.0,0.9971564246954604,0.9974897227816835,0.9967085330807526,0.9965233576047696,0.9979773252721238,1.0012076553695126,1.0005480539910512,0.9993737660213392,1.001040887902924,1.0058684220152352,1.0032847027097966,0.9990811016294608,0.9997451081671499,1.001931095587242,0.9995629159414762,1.0024961935912302,1.0094647543267166,0.9945842725854597,1.0110076411756788,0.9992228017202847,0.999092990910761,0.9976532247323157
r322,0.9944208804774465,0.988694618480569,0.9982680766131766,0.9942383008400116,0.9886561400232887,0.9971299001217724,0.9988997409005619,0.998386476964227,1.004078462679288,0.9980284328860487,0.9961736801371746,0.9978342026899479,0.9844210097794347,0.9964291154396182,0.9806891572076105,1.0,1.0,0.9932015117957909,0.9976715396691498,0.9881549558970842,0.9927352015310426,1.0005789100347766,0.994875475234677,0.9929243300531087,1.003181522364661,0.9886908148203285,0.9890607378345185,1.0018597331663208,0.9896811187595681,1.0032987392932404,0.9950070092388463,0.9963808058254682,0.9996544378362563,0.9999314884009866,1.0073613792632468,1.00448289465497,1.0037455378904345,0.9978482637676109,0.9897580302308984,0.999960475299884,0.9795773359737994,0.9767773258577348,0.9951446984111288,0.9972984349493923,1.001412388319209,1.0004711922534866,0.9921651136211325,0.9916612507358428,0.9888963097990354,1.0,0.9984411214527766,0.9958224602322293,1.004344037312306,0.9879187010669487,0.9866146376649159,0.98846756418297,0.9813308530414089,0.9900969922778062,0.9816889902781956,0.9958907582143869,0.9942555528498086,0.9966426157734743,0.9968641728057902,0.9903955537269185,1.001783896649049,0.9852708787654776,0.9986890388153529,1.002363218581398,0.9922805529256381,0.996886342862703,1.0010542444136117,0.9977060374745208
r323,0.9906060713457003,0.9918156506765422,0.9914043144158271,1.0034035569456086,1.0086928799306987,1.005883794045037,1.0028129659891634,0.9952389512898396,1.0034819312517587,0.9982128633240186,1.0015067075292232,1.004461779124848,1.002792472949527,1.002264073049809,1.0052262212605538,0.9986800525900393,1.002623257353577,1.000443612188535,1.0031175916465338,0.9994416801302971,1.001838835260031,1.0002174363627276,1.0035116763823302,1.005794463446467,1.0061925994052499,0.9971070844000463,1.011160933212167,1.0002597927826102,0.9990251906523847,0.9991386025255563,0.994734986978597,1.006493213096885,1.0094961512067044,0.9988820427066556,1.0035392761581836,1.003032610903385,1.0019486531813895,1.0024303864091826,0.9923501360887871,0.9993354634849394,1.0048619172134823,1.0048866072314793,1.0005409607489555,1.0036943298902639,1.0054796706063203,1.0008818712138043,1.0003514590709466,1.0027897591071064,1.001222589713244,1.0,1.0024498245879805,1.0033252162814272,1.004069738125071,0.999113284472895,1.006474528250648,1.004232010452602,1.0063199822113642,1.01003368968187,1.003600578343551,1.006876676182106,1.000437466910941,0.9988391618457535,1.0050813095116482,1.004652181490044,1.004522763139921,1.0002835101314345,1.0089205995434884,1.0102801478225787,1.0131174207501756,1.0019212562830697,0.9999851140993214,0.998185542877312
r324,0.9612749503628497,0.924690705678375,0.98829119576538,0.9917097271063523,0.9628050294535041,0.9658799131076053,0.9587485399845355,0.9780291625128921,0.9738654461697726,0.9668037818006536,0.9745982341319578,0.9833180666515908,0.9597495344012298,0.95812764547181,0.9245914542937487,0.9843998734586464,0.9621467379683106,0.9597467195789394,0.9684873602985958,0.9779651419879657,0.962835229571376,0.9675293148629349,0.9839017852033036,0.9716969220447258,0.9782862209566474,0.974139562007223,0.9680045949921233,0.9960756547906509,0.992806246501728,0.9933793801799372,0.9924668453534623,0.9815729919667593,0.9933152405306666,0.9877705447524409,0.99036187606453,0.9946607047419068,0.9615494178079543,0.971402255296394,1.0017969939202065,0.9751809567242697,0.9663920341092203,0.9738282098987916,0.9615514003379317,0.9648785238820317,0.961887078103169,0.9772114344040668,0.9749685884657477,0.9815889444187194,0.9669294697111958,1.0,0.9689294863668209,0.982020230919412,0.9828223167907407,0.9931797152478519,0.9402491216408557,0.9445672154491033,0.9595155373137245,0.9517547602425538,0.9783068455918841,0.9752989301770161,0.9475676527502783,0.9606910017127049,0.9551785029136816,0.9756388476946313,0.9850899330950522,0.9884272941570037,0.9400564504527763,0.9488335605424139,0.9575742344263739,0.98260042923105,0.9795353275220982,0.9817972749117106
r325,1.0188338674253052,1.0203033474606622,1.0164606397559093,1.0164726200380685,1.0204681500994255,1.018338099429664,1.0036750935048582,1.004470443560241,1.0084351750363818,1.0030084841841316,1.005539170609312,1.0016627557997708,1.0018161373002292,1.0015713542660636,1.0026548959626596,1.0027685910443995,1.0046516919670603,0.9994859560349287,1.0026913528599648,1.0026927711747395,1.0012174321273817,1.0051496888783422,1.0064020933880466,1.0057514285912905,1.0079406902732135,1.0053433632880011,1.010240329893781,1.0044903890433685,1.0048290815374539,1.0036829878933453,0.9996276586935775,1.0005864543623442,0.9989582404946526,0.9930248241400644,1.0007229074079442,1.0007137832048119,1.0041267782782117,1.0107677116047578,1.0022597236326554,1.0003988261898191,1.0042964453806524,1.0002163005179845,1.005530410375501,1.000910051089082,1.008077335904536,1.0028994351913447,1.0010232012225715,1.0026352067823863,1.0030498521043523,1.0,0.9985340256988717,0.9992530186196273,0.9982286656759447,0.9988903543503591,0.9965518532620387,1.0010201800084657,0.9998226256262086,1.000040768561771,1.0011546550629682,0.9980612957070115,1.002015194211919,0.9999279699001431,1.0007164241292654,1.003343276306249,0.9996758470074449,1.005896149351786,1.0103670511175133,1.0142805051171537,1.0182918649441437,0.9993040757275944,0.997189498676868,0.9992716778476106
r328,1.988208856348026,1.9864127189519403,1.9876981988816964,2.010707885093618,2.0154234584658237,2.0128613291504065,2.010089840892287,2.0040004614880917,2.0059751454646877,2.0008789788007233,2.00584225808929,2.0007459209878693,2.0064742641655426,2.004265630125683,2.006319795496169,1.993837632030651,1.9914690518333336,1.9913626401225248,2.006242876580898,1.998220779850652,2.0000622511606934,2.001832856403994,2.005880503227613,2.003908378593424,2.0051477365869106,2.00485562689996,2.0072270822416707,2.00542323506724,2.002681893001195,2.007795100023229,1.9907840980824618,2.0025150554160387,1.9957505938712967,1.991594198317164,2.001547528428532,2.002440893862495,1.9973064597298362,2.001434637680389,1.9967786652906918,2.0006908762377202,2.004506992792787,2.0052873211748303,2.00883338647395,1.9988175569069706,2.007055955812712,1.9950379604500617,1.995831413264455,1.999876360801109,1.9933487107280081,2.0,1.9932762828518533,1.9995056858983835,1.9939286597237764,1.9985998211210037,2.0024309800511166,1.9969267761410143,1.998313765882751,1.994061110392788,1.9997110392638544,1.9951402722282086,1.9966853473041135,2.0014428338877197,1.990114891587007,1.9983122212501288,1.9996278327139012,1.996181561613511,2.011644880332544,2.0064602385211696,2.00911624462759,1.9969937498444565,1.9946431794298118,1.995335504780239
r329,0.9834995189405681,0.9897570247574751,0.9900136741201403,0.9945741903790608,0.9934517305613519,0.9886829431824562,0.9918063156723784,0.9917000887068294,0.9950091088783914,0.9932983028328926,0.9952523772445321,0.9942874661769211,0.9971355571306538,0.9960424951736052,0.989400365849332,1.0052008031061255,1.0080406102181294,1.0049028390965116,0.9930924553665249,0.9933827587148337,0.9943524791581332,0.9932284996503414,0.9943031525527674,0.9936191617324696,0.9924553643919682,0.992281697669897,0.9937518092311919,0.9944698024263176,0.995699362474644,0.9976484456042394,1.0018991360769853,0.999719274137865,0.9978554486770725,0.9951219027836153,1.0021526617335923,1.0006279280159196,0.9937445033041491,0.9949124739839692,0.99499833608595,0.9971810378673831,0.9952572599656123,0.9931596068096302,0.9962854740370449,0.9922125019811822,0.9987037696528337,0.9964267194390765,0.9954480698338558,0.9967014532361167,0.998095730819495,1.0,0.9932373348867101,1.001901722592319,0.9997747095770285,0.9991554488978622,1.001789542771447,0.9966025667193887,0.9983170777266409,0.9982956446831776,1.001938936342376,1.0014316709599718,0.997960810272534,0.9992035513945303,0.9992055835610165,1.0035481628868919,0.9991843099086232,0.9982342163212569,1.0046469192903615,1.0020951985072566,1.0036584772749972,0.9959540114160332,0.9977492081543092,0.9939087317562815
r330,2.970199674609405,2.965359730658828,2.9717705601891335,2.973411502922927,2.9747894423010557,2.975642981944686,3.00037721104599,3.003628907736427,3.008177018956106,3.0095086931496153,3.0121468652653873,3.0012323847335365,2.9932914915475424,2.982260127602836,2.986203799617167,2.983044461662693,2.99129173077442,2.9902843407940827,3.012177727929176,3.0079463933359394,3.015386970960048,3.015442964202421,3.0083300207131134,3.0015567117355104,2.994449124455337,2.9914406453320446,3.0035982383162554,3.0129475839653383,3.0044185795760923,3.0085394414470783,3.0272158002651643,3.0337515688847554,3.0243167669929387,3.023681201925055,3.0379397583567065,3.0273543518804655,3.016642955626188,3.0073450619146627,3.007587496596741,3.000367922661149,2.997021041686864,3.000954854139958,3.0099215924749827,3.0039816204949075,3.014200217054331,3.0093247295722714,3.013816019858756,3.022225484789315,2.991598025555573,3.0,3.0102582445595036,3.012251681485283,3.00907680500013,3.012427387614136,3.01052811295125,3.0020783713041217,2.9956917172494544,3.00479301184695,3.0098720651934325,3.005754068445362,3.001668479385032,2.9968796136558487,2.9977686989903827,3.006037253011951,3.0000092985810256,3.007193814108983,3.004046430743218,2.9945508599830557,2.9936772524063446,3.012955386005032,3.01272790694064,3.019099855194228
r331,1.956019499891358,1.969951628256196,1.9795020418302824,2.025599192609691,2.017825063802425,2.0238265865143146,1.9870292542017602,1.9803083152316379,1.9773882501670474,1.9718291404579145,1.984966442722683,1.9768637936680786,1.9949692436359396,1.9999013578186615,1.984379576961023,1.9634057982440436,1.9671488464935059,1.9826114049987373,1.9769975698495035,1.9749557797164392,1.9683990365887665,1.9769295827359898,1.9821262349673638,1.986250327902521,1.9918009365531595,1.989992737100582,1.9943182290904367,1.9836694797661523,1.9830564904832237,1.986102501762892,2.008430910224916,2.0215409412024714,2.0096754389759064,2.0039986398963614,2.0143166837511552,2.014213175229898,1.9832664700876028,1.969520131810826,1.9700498942424203,1.9835288533074427,1.9881158077803263,1.981149005969837,1.9823748691603373,1.9782063621392205,1.975839113533607,1.995759056164149,2.0011381604952403,1.9956841790607553,1.9995317783615065,2.0,1.9862021249379347,2.018526158572661,2.0046384121962952,2.0115868449849086,2.0265310632578393,2.015856330204433,2.021127512092249,2.024592066446719,2.024938120260588,2.0233519061620076,2.0231315927227813,2.0195886232699847,2.0350130334945122,2.0357457965802555,2.035961867162026,2.0226398568644757,2.0407421330895894,2.038341913110443,2.042877385866657,1.9889785315392885,1.9928575631059087,1.9786913509642616
r337,0.9957687548679776,0.9968774426529963,0.9925629260545727,1.0087888932551239,1.007761364742015,1.0123434058070662,1.000437764266697,0.9992720232151481,1.0025630384930768,0.9972644204594642,0.9969977515380273,0.9981794956342296,1.0006926216552237,0.9984839261837006,0.9998549205678724,0.9979425922094859,0.9987431092380147,0.9988849123471617,1.0023543032808726,0.9983237138963729,1.001963800755403,0.9994423239023191,1.001854061183308,0.9992999764504432,1.002889623004433,1.0023123672453091,1.002200652148637,0.9967065699556075,0.9968207478026042,1.0004640315794928,1.0024702128349205,1.006384260338901,1.006463841211543,1.0029322089377888,1.003032824852831,1.002937062489866,0.9964205869298154,0.9999908560107774,0.9964261345969071,0.9979706090410552,1.000016043342181,0.9996994733414285,1.001023108956443,0.9948044091687654,0.9980670907786339,0.9992859293756943,1.002043468062129,1.0030858055440397,1.0030149904057355,1.0,1.003654388691828,1.0069383924661002,1.0061829854602704,1.0062213801173263,1.013825400129151,1.0116156631203468,1.0117588467536305,1.0088099860679363,1.0120229297848533,1.0079181398596435,1.0094459161944183,1.010441192786982,1.0143310998632158,1.0138127968905297,1.0098988748900628,1.0121707540036824,1.0109918899905297,1.0114399400906766,1.0133897123611033,0.9957049328591407,0.9963874417895489,0.9951815231838952
r338,2.00831087740075,2.0110927968155625,2.0163528237185075,2.0091531392365347,2.014556680962338,2.010489703962794,2.01332351459049,2.0096387105502247,2.0153584719740656,2.005483831034942,2.007508380170942,2.0089107573857397,2.0159934338510728,2.006008663952749,2.0088268090436525,2.000333692108213,2.00540446935455,2.008078841809371,2.0117146148809963,2.009696726287792,2.0142734362595767,2.0088649766846913,2.01300326868512,2.0128385847553574,2.0149222778208014,2.0118126733083255,2.016581824210676,2.024879065824286,2.0151662744092906,2.0154160879987426,2.0116581683961567,2.0087023928308434,2.0095459768146178,2.0074976155530186,2.0120937136993913,2.0123341651982054,2.009543487684357,2.016270683286872,2.0138064355504603,2.0115509417369566,2.0163158495476594,2.0088656394450553,2.012186696473842,2.013006192485804,2.010034620029873,2.007972866734211,2.0083816071779825,2.005647612962499,2.0089549939137425,2.0,2.009923158818312,2.011974610645697,2.0083656293441257,2.007487235230891,2.0076754839689293,2.0011770096837256,2.0057179971661148,2.0068701099322257,2.0087094032391564,2.0087398199284774,2.00885682269079,2.004462312980655,2.0068840719003247,2.002069085234987,2.00827671416849,2.0119683781121553,2.0084424652191126,2.0069712129684,2.018438244110043,2.012041334806846,2.013619501925406,2.004836912968689
r339,1.956019499891358,1.969951628256196,1.9795020418302824,2.025599192609691,2.017825063802425,2.0238265865143146,1.9870292542017602,1.9803083152316379,1.9773882501670474,1.9718291404579145,1.984966442722683,1.9768637936680786,1.9949692436359396,1.9999013578186615,1.984379576961023,1.9634057982440436,1.9671488464935059,1.9826114049987373,1.9769975698495035,1.9749557797164392,1.9683990365887665,1.9769295827359898,1.9821262349673638,1.986250327902521,1.9918009365531595,1.989992737100582,1.9943182290904367,1.9836694797661523,1.9830564904832237,1.986102501762892,2.008430910224916,2.0215409412024714,2.0096754389759064,2.0039986398963614,2.0143166837511552,2.014213175229898,1.9832664700876028,1.969520131810826,1.9700498942424203,1.9835288533074427,1.9881158077803263,1.981149005969837,1.9823748691603373,1.9782063621392205,1.975839113533607,1.995759056164149,2.0011381604952403,1.9956841790607553,1.9995317783615065,2.0,1.9862021249379347,2.018526158572661,2.0046384121962952,2.0115868449849086,2.0265310632578393,2.015856330204433,2.021127512092249,2.024592066446719,2.024938120260588,2.0233519061620076,2.0231315927227813,2.0195886232699847,2.0350130334945122,2.0357457965802555,2.035961867162026,2.0226398568644757,2.0407421330895894,2.038341913110443,2.042877385866657,1.9889785315392885,1.9928575631059087,1.9786913509642616
r332,0.9877516269026795,0.9891509051806113,0.9885716859851188,1.0065420912624101,1.0099592381182336,1.0037661700784555,1.0054975166273883,0.9996927919744402,1.0069342366303973,1.0004634961178107,1.0052731224675049,0.9997302350492822,1.0020164488459058,1.0046744606254332,1.0017868031840427,0.9949082264906846,0.9997151226466932,0.9969952452030695,1.001913828034211,0.9990080807138453,1.000286858003041,1.0012445883647727,1.0020846387403584,1.005064188024959,1.004988107440168,1.0053033315778963,1.0046572694893199,1.0059152828870188,1.0050108815904404,1.0078406139587743,1.0004746014266028,1.0040227818686553,0.9988630564162815,0.9966364512291048,0.9999492078729694,1.0029118417309322,1.0044067031405037,1.0030864892377298,1.0036003165547824,1.0021329625619866,1.0049532190328039,1.002874242668899,1.0056032218777542,1.0012181269549487,1.0064523702718002,0.9999716211448942,0.9971072351129044,0.9995394605392555,0.9981211933314782,1.0,0.9925577482776303,0.9991387651118933,0.9975222660009253,0.9993119386507758,0.9997721115092864,0.9969384736957705,0.9983245821326223,0.9948977394670205,1.0004632941908194,0.9995501283089906,0.9975355430113276,0.9952042839303528,0.9910536430272388,0.9983536204476582,1.000574144806555,0.9967561969778723,1.0041898613775286,1.0003885989766839,1.00495413671523,0.9980913221956985,0.998592225849816,0.9979774264137417
r333,0.9834995189405681,0.9897570247574751,0.9900136741201403,0.9945741903790608,0.9934517305613519,0.9886829431824562,0.9918063156723784,0.9917000887068294,0.9950091088783914,0.9932983028328926,0.9952523772445321,0.9942874661769211,0.9971355571306538,0.9960424951736052,0.989400365849332,1.0052008031061255,1.0080406102181294,1.0049028390965116,0.9930924553665249,0.9933827587148337,0.9943524791581332,0.9932284996503414,0.9943031525527674,0.9936191617324696,0.9924553643919682,0.992281697669897,0.9937518092311919,0.9944698024263176,0.995699362474644,0.9976484456042394,1.0018991360769853,0.999719274137865,0.9978554486770725,0.9951219027836153,1.0021526617335923,1.0006279280159196,0.9937445033041491,0.9949124739839692,0.99499833608595,0.9971810378673831,0.9952572599656123,0.9931596068096302,0.9962854740370449,0.9922125019811822,0.9987037696528337,0.9964267194390765,0.9954480698338558,0.9967014532361167,0.998095730819495,1.0,0.9932373348867101,1.001901722592319,0.9997747095770285,0.9991554488978622,1.001789542771447,0.9966025667193887,0.9983170777266409,0.9982956446831776,1.001938936342376,1.0014316709599718,0.997960810272534,0.9992035513945303,0.9992055835610165,1.0035481628868919,0.9991843099086232,0.9982342163212569,1.0046469192903615,1.0020951985072566,1.0036584772749972,0.9959540114160332,0.9977492081543092,0.9939087317562815
r334,2.970199674609405,2.965359730658828,2.9717705601891335,2.973411502922927,2.9747894423010557,2.975642981944686,3.00037721104599,3.003628907736427,3.008177018956106,3.0095086931496153,3.0121468652653873,3.0012323847335365,2.9932914915475424,2.982260127602836,2.986203799617167,2.983044461662693,2.99129173077442,2.9902843407940827,3.012177727929176,3.0079463933359394,3.015386970960048,3.015442964202421,3.0083300207131134,3.0015567117355104,2.994449124455337,2.9914406453320446,3.0035982383162554,3.0129475839653383,3.0044185795760923,3.0085394414470783,3.0272158002651643,3.0337515688847554,3.0243167669929387,3.023681201925055,3.0379397583567065,3.0273543518804655,3.016642955626188,3.0073450619146627,3.007587496596741,3.000367922661149,2.997021041686864,3.000954854139958,3.0099215924749827,3.0039816204949075,3.014200217054331,3.0093247295722714,3.013816019858756,3.022225484789315,2.991598025555573,3.0,3.0102582445595036,3.012251681485283,3.00907680500013,3.012427387614136,3.01052811295125,3.0020783713041217,2.9956917172494544,3.00479301184695,3.0098720651934325,3.005754068445362,3.001668479385032,2.9968796136558487,2.9977686989903827,3.006037253011951,3.0000092985810256,3.007193814108983,3.004046430743218,2.9945508599830557,2.9936772524063446,3.012955386005032,3.01272790694064,3.019099855194228
r335,1.956019499891358,1.969951628256196,1.9795020418302824,2.025599192609691,2.017825063802425,2.0238265865143146,1.9870292542017602,1.9803083152316379,1.9773882501670474,1.9718291404579145,1.984966442722683,1.9768637936680786,1.9949692436359396,1.9999013578186615,1.984379576961023,1.9634057982440436,1.9671488464935059,1.9826114049987373,1.9769975698495035,1.9749557797164392,1.9683990365887665,1.9769295827359898,1.9821262349673638,1.986250327902521,1.9918009365531595,1.989992737100582,1.9943182290904367,1.9836694797661523,1.9830564904832237,1.986102501762892,2.008430910224916,2.0215409412024714,2.0096754389759064,2.0039986398963614,2.0143166837511552,2.014213175229898,1.9832664700876028,1.969520131810826,1.9700498942424203,1.9835288533074427,1.9881158077803263,1.981149005969837,1.9823748691603373,1.9782063621392205,1.975839113533607,1.995759056164149,2.0011381604952403,1.9956841790607553,1.9995317783615065,2.0,1.9862021249379347,2.018526158572661,2.0046384121962952,2.0115868449849086,2.0265310632578393,2.015856330204433,2.021127512092249,2.024592066446719,2.024938120260588,2.0233519061620076,2.0231315927227813,2.0195886232699847,2.0350130334945122,2.0357457965802555,2.035961867162026,2.0226398568644757,2.0407421330895894,2.038341913110443,2.042877385866657,1.9889785315392885,1.9928575631059087,1.9786913509642616
r341,0.9865782927188429,0.9817802876182525,0.9767334283787794,1.00131359748127,0.9986847620855936,1.0032426427627186,0.9991148089538362,0.9948702004155131,0.9989813475640102,0.9928832945462154,0.9939229519745326,0.9940975068106179,0.9982764269396178,1.000103377493032,1.0021362163410723,1.0013850788978667,1.0015963899220228,1.0036855398834201,0.9969513399809403,0.9956012684694647,0.9952493858236622,0.9962850951747964,0.9970817580400593,0.9978605813503326,0.998538650994417,0.994890286385693,0.9985335563657631,0.9991715117095028,0.9958147239292697,0.9993806281239305,1.0045615612445953,1.0124635487696207,1.0093803576469305,1.0097367793468703,1.010067160958085,1.0107628018235844,0.9954258492285877,0.9935593332516877,0.9870864213343389,0.9988793564764286,0.9936487278579159,0.9982215933536347,0.9951054993454344,0.9944600106962187,0.9891113925619385,1.0003882678234244,1.0018711593215037,1.0057138287054912,1.00240224458499,1.0,0.9979162731653255,1.0140035027758776,1.0129725201442992,1.00873638983363,1.0112781978892733,1.0092454239054567,1.012208371095998,1.0101913774422793,1.011657039907909,1.0102286184223197,1.0081214948317367,1.0126836004714963,1.0145638018378482,1.0172846390064583,1.0117742992282328,1.0106483555060404,1.0115873272748062,1.0113409504146433,1.0070196967596279,0.9982682101088934,0.9997106078058845,0.994684918431332
r351,1.9939649933050754,1.999737582371345,1.998949262103333,2.0033384725925494,2.0045036775661864,2.002836227137738,1.9957732466949794,1.9937317773060732,1.99109591920573,1.9919601109420695,1.9938222908383705,1.9941220032005433,2.006976555210662,2.01382824034068,2.011347949940038,1.9984668391094738,1.9909885043331124,1.9976414387465204,1.9952022215086758,1.9869459757374046,1.9937683596866291,1.9895457417028528,1.990606693668937,1.9960929936259704,1.9948066393384072,1.9892112155795552,2.0016180740573546,1.985092683198712,1.9884872877622264,1.9895614929727437,1.9976485800029846,1.9931618122732986,1.993813633336772,1.9840452684267755,1.998807624436711,1.9946114961693144,1.9894209157732483,1.9967564468619101,1.9951790665082898,2.0010210034784683,1.9986241734501156,1.9909684208068614,1.99851108748841,1.9930600231528741,2.005908018866134,1.9940040590142831,1.9975257640150184,1.9913750711700604,1.9979439962758805,2.0,1.994322967256882,1.9929442215914617,1.995095941561427,1.9954098287453634,1.9954184236796055,1.9947818466973586,1.9907589317124499,1.9903456810085864,1.9894885215146412,1.9865937364442097,1.9924475903010817,1.9906039194659026,1.9886869204631468,1.9919188800283214,1.9893823939063056,1.9894148576749449,1.9998653444351242,2.005189981824104,2.004918738860489,1.9962755798432859,2.0012520342507356,1.9968958609958851
r352,1.0066698710036095,1.0055226594930409,1.00704649669713,1.0100735989833467,1.0079494465605061,1.0073270077071936,1.000478659981259,1.0010523379372074,1.0051220816131725,0.9985785178298568,0.9996361433899107,0.9981822400634452,0.999614712357247,1.0015995233461814,0.9960801688833033,0.9978153797206472,0.9985531170452406,0.9973401123685178,0.9970595800079142,0.9927957604913576,0.997251360613243,1.0004632815486632,0.9998427457280069,1.0019510890100378,0.9993952799852243,0.99966104901847,1.0023939077634172,1.0016048218329279,1.002335584339628,1.0002207238001075,1.0028177667533706,1.0035869858777833,1.001161155784077,0.9989442529029096,1.0050520315049292,1.009987625501837,0.9975392580049435,1.001447569547731,1.0012176237231967,1.0012497458739789,1.0008978995371054,0.9974831932782555,1.0004821270473354,0.9981571180346072,1.0001231524825838,1.000289234513849,1.0016552173384337,1.0010818595501756,1.0045240719218607,1.0,0.9964571979148661,1.0038284154811556,1.0022648786363582,1.0037475082161438,1.0013900513317628,1.0029539433406223,1.0011059534880395,0.9993425923078028,0.9994876684179214,1.0034818765113083,1.0032309114522104,1.0013493266738724,0.9979836376393879,1.0032976133065439,1.0010318082594432,1.0040529513760386,1.0135772724430394,1.011730210919101,1.019461543204602,0.9999500515277214,0.996291173345301,1.0027519035386023
r353,0.984169936334905,0.9856259766119366,0.9851725640990573,0.9947130347915774,0.9957975955188505,0.9947301811142313,0.9886918170047904,0.9875909445821754,0.9917667138228383,0.9897195518522733,0.9895234814395979,0.9921995062142702,0.9946273646530004,0.9909837952728667,0.9887742533608014,0.9936450390993952,0.9956659332752754,0.9910500385353929,0.9885499242828459,0.9883935384133907,0.9902037454559046,0.9911667338009592,0.9939075174586417,0.9927020408440738,0.9895932287483209,0.991552672506909,0.9916398513585059,0.9885702454853161,0.9889271476926279,0.9917151063974621,0.9949736920898674,0.9944478101466738,0.9950663727075897,0.992497080083948,0.99671289485927,0.9940562033183922,0.9907602518783285,0.9908519913102339,0.9906723726488336,0.9908416376371311,0.9921010288829629,0.9908084169684233,0.988959576594296,0.987673108559036,0.9908243789797346,0.9955095765341376,0.9977433126719835,0.9969931923806336,1.0001754952355477,1.0,1.000304342364868,1.0010315856831649,0.9989963570671421,1.0017164201443467,1.0054001298396555,1.0017393647694328,1.0025672206555694,0.9994484329959691,1.0026459933029748,0.999916422412727,1.00299672124615,1.0016345729077067,1.0007490048927816,1.0057546002149393,1.0014325561589397,1.0016054533108645,1.0024975047843352,1.0057017877113672,1.0052438538927906,0.9954366483062446,0.9934163104040523,0.9947413178245017
r346,0.9813204376638747,0.9544387399402298,0.9664005846856,1.0046815970582859,1.0106167779415607,0.9977021948959774,0.9812214677055083,0.9786300457216659,0.9829523851372677,0.9815474401906796,0.9820666007565847,0.9825627302589902,0.9932243939812718,0.9914623442894277,0.9938713847954539,0.9843911145093595,0.9884862730143363,0.9854492023328193,0.9930621866111013,0.9822096059250042,0.9943330084837999,0.9887738085423272,0.986175121564932,0.9863722114233231,0.989435743359101,0.9924083894183943,0.9893188216220188,0.9784388251134605,0.9831627639698123,0.9855268794280113,0.9927538714171438,1.0038129902448067,0.9965630387046498,0.9901819105862326,0.9923907984413822,0.9875222538415015,0.9964699536941558,0.9919259181225019,0.9777888316572985,0.9864894686189667,0.9908472014755232,0.9783626170329668,0.9949741972673067,0.9878911733859723,1.0010949661077084,0.9975671513528094,0.9975043599336094,0.9943277025934102,0.9970934885215944,1.0,1.0134265670519775,1.0066656273475123,0.9977000338317549,0.9947175720807719,1.0022822582065125,1.0043453452036777,1.0080269550487981,1.008553859918222,1.011323258733268,1.0120694036094553,1.012255453671983,1.0156827319013195,1.009608724488505,1.0099393412108766,0.9997791440010213,1.0047848505322414,1.0177721976039873,1.0132876454259079,1.0168624333854104,0.996045470792784,0.9952741897558856,0.9903953814363452
r348,1.9941128545305356,1.9933976898901964,1.9907212594410026,2.0019712476261047,2.0015887279374365,2.004599642046011,1.9951318695994975,1.9892052181880073,1.9971738641047558,1.9917267951166135,1.9923935878336847,1.9933226444819472,1.9934828774192224,1.994474865277326,1.9902664798709553,1.995582312960532,1.9935799667501874,1.993324558049895,1.9916564593975528,1.989447363848063,1.9890811112037248,1.995198900210781,1.994083900529415,1.9941692563191236,1.993471817670522,1.9983282978747248,1.9993813754626069,1.9925237820069537,1.9930213631574811,1.9969121507862422,1.9969816487105714,1.9973051313933698,1.9941158758611586,1.9947192547956285,1.9960256594410328,1.997060876276018,1.9943699501359347,1.9936214920245385,1.9943940816242816,1.9948681493358578,1.9940736952097522,1.9939699980083976,1.9940156980210226,1.9915469653022995,1.9936487905576212,1.9997474286716672,1.9967011353915392,1.9966075041325362,1.999925302059907,2.0,1.9959013139893873,2.0042934315418384,1.9986248958688915,2.002203125012314,2.0039074246869237,1.9979680292144688,2.003063081186398,2.001218597845774,2.004253484167344,2.0042498219526586,2.0038891730338158,2.0008606453524234,2.002212231149101,2.0030337701751497,2.003749193101487,2.0030829401715136,2.0047519110543517,2.0043372689631025,2.0083527348847507,1.9956328300974908,1.9950854880483475,1.9916259190086525
r349,2.000705862487312,1.9992372586143916,2.0002032308883044,2.019732569213337,2.0192667620304423,2.016296717200121,1.9939645611160328,1.9915727057929504,1.9949663568387423,1.9865383977778257,1.990244064008967,1.997107316017853,1.9922108619399963,1.991059411903207,1.9970110365788676,1.9929325835884026,1.9941451788083522,1.9935156049738738,1.999798262771097,1.9941424402141168,1.9919984742570327,1.996992054909058,1.9962347209763873,1.9970305003867306,2.0010889679290598,1.9769392915082793,2.002897074157568,1.9931982186561847,1.9980490793926975,1.9933432370161102,1.989722191161345,1.9995819421019259,1.9941653601082632,1.9921396692515123,1.9978425253172603,1.9939732430373145,1.9959155415686813,1.9934527378170803,1.9951050331233477,1.9865378565210583,1.9881990347544318,1.9884890719095998,1.9939563595546468,1.9966520912524626,1.996137332603943,1.999228366437868,1.9973279669988648,1.9999569673058775,2.000746695216905,2.0,1.9979551257667294,2.005660351725394,2.0000376251104273,1.9990295325904763,2.0092085655825658,1.9965237375646385,2.0092367334470467,2.0120206268294627,2.0041041000663284,2.0088183661485757,2.0054508459988334,2.0081292113387503,2.012113557192186,2.006642381611071,2.008626287460003,2.0133468373250047,2.0209881101978038,2.0225399436366645,2.034195388216169,1.9980791957154036,1.9989741847412321,1.9929290097933918
r350,1.0007517975649023,0.9974054074310744,0.9994316448835928,1.0057577434002887,1.0043932815785637,1.0035361943463859,1.0000285017632295,0.9972006717946265,1.0058245550229805,0.9940120353824105,0.9956718773387766,0.9931989978321495,0.9990798257773871,0.9929509511297923,0.9948624550895168,0.9965070583363413,1.000609130586974,0.9997214859389145,1.0012707041276394,0.9978959077794636,0.9987044016128567,0.9979174188484737,0.9988564759220686,1.002013604935086,1.0009641894481742,1.0013888231958077,0.9990620766976942,0.9991135858316544,0.9970787664119106,0.9997631182938537,0.9972965663325255,1.0057410031767418,0.9999906978126267,0.9964939760002107,1.0037417610661556,1.0028616612307633,1.0005111113324394,0.998179397878625,1.0001201814017755,0.9953633635028332,0.9930210391289781,1.0018384188715808,0.994640831779113,0.9933791334185563,0.9948575544779292,0.9972491990843856,0.9973648581822233,0.9987805439842713,0.9999084324051517,1.0,0.9955519017422795,1.0081072446800967,1.0055281954135318,1.0076561171149423,1.0069440591322287,1.0056363640369839,1.0055775156703632,1.0074336365614573,1.0076145888509842,1.0050078367797612,1.0062510625376504,1.0076422271954788,1.0067418622882862,1.0117238475474895,1.0103254593360795,1.0066101826259484,1.0140612579062434,1.0129101512462368,1.0104154646790156,0.9964722165271426,0.9990985920449079,0.9947952637826287
r355,0.9530521944357415,0.9619733908523541,0.9597535684844524,0.9811778617448899,0.9824185575790109,0.9838104293996672,0.9929261302091936,0.9976897295895064,0.99595319512952,0.9957711960974338,0.9956466985801703,0.9988764793441972,1.0000644011221704,1.0013317470562013,0.9989933139167255,0.9930443957698104,0.9926197917738134,0.9898875505937,0.9999066154009332,0.9922355927475898,0.9992670319087862,0.9959240116994302,0.9982811656494112,0.9977795973725105,0.9927047967258567,0.9941653253399165,0.9920352876336306,0.9893520466134947,0.9920688857584439,0.992848725636283,1.00718720392746,1.012684664740813,1.0072099009514046,1.008512386007227,1.0101840278771228,1.0073132592560696,0.9922836678303295,0.9991490675758687,0.9981442073772814,0.9971690576599322,0.9987859154364687,0.9917342629218088,0.9957952118679239,0.9950797642644656,0.996349498223075,1.0006111990577449,1.0064391710473828,1.006958382093909,1.0087150790503938,1.0,1.0063782566203194,1.007804977145972,1.0125375026052121,1.0122949244756034,1.0041823521370377,1.0061845291224336,1.0062583123911057,1.009148245057859,1.001678872451254,1.0045668265341998,1.011317442914161,0.9998453282613511,1.005427307635392,1.005469683021513,1.0088990953992862,1.0118865316605437,1.0023647117483705,0.9996926956662112,1.0001886577162213,1.006928441233478,1.0051208337146822,1.0083561438099111
r356r,1.9894111879803769,1.981890600878956,1.9746545221250913,2.0011279760363516,2.007417358060297,1.995893801761199,2.0066674721542546,2.0038281793829342,2.0169801000934244,2.0064587150553,2.008579779616323,2.010650538590061,2.0059106502437225,1.996980665930323,2.009640440240057,2.000648929448516,2.010593928595152,2.0039297095492885,2.023773341008265,1.998752750462705,2.015816339011291,2.026795445130363,2.0192214807674267,2.025582846281744,2.0184334301698383,2.004338058267676,2.0156532354518557,2.0254808096733017,2.0172141445125025,2.0016930139082083,2.0143102997326947,2.031162373178647,2.0192495741055514,2.0104396308002506,2.0191470502080353,2.0205850467192192,2.0122625080364793,2.0274868092046288,2.01404398401777,2.018647242221445,2.0143254485782762,2.0235874839476065,2.0126127935908,2.0122347861081713,2.0147432973532013,2.0088726361586406,2.0107165639027125,2.010776788333085,2.005512554355675,2.0,2.009836167144273,2.021015287993788,2.0142291605267344,2.023394283075156,2.0194983620297773,2.0204712113055394,2.0223012239399147,2.0244483016457284,2.0191459550846926,2.0139390263945307,2.016057010819538,2.021736140038379,2.0088750023604334,2.0263636278826413,2.0217486212432814,2.0249135445951687,2.0209765830576507,2.002305727801195,2.0256830024274546,2.006726990737938,2.009000791047903,2.012329273027916
r358,2.001257522267105,1.9955596193847915,1.9484406149466622,1.9978207448197844,1.9916566190823621,1.9224292523070847,1.992128945107295,2.032758515737827,1.9959890560331757,1.9890178403072294,2.0018394090858904,1.9873161508326835,1.984792876744678,1.9808678342200627,1.9986489469229238,1.992648543603474,1.9780866176951155,1.9757886554852668,2.0025483013291243,1.9974025178214783,2.012604515160004,2.001638151031578,1.967165471177441,1.988786076966908,1.987427488696838,2.0009236985301015,1.9996406386284153,1.990572067548737,2.0003461050360283,1.997452092179559,1.955139104101943,1.9963614055669434,1.997169525306272,2.0022487605440498,2.004554195937211,2.005432589319705,2.0007771238797414,1.9807027263205927,2.005677862139593,2.0014707580790314,1.9964136331963802,1.9960258657321202,2.004034252478732,1.9853691986020316,1.9888379116377584,2.003802122794513,2.015177142252626,2.012073861839357,2.007504411735246,2.0,2.0078759156130968,2.0098322531872403,2.0227999018352905,2.008830140645629,2.015753474539399,1.9981151766698342,2.001716140971894,2.0067117616039316,2.006822751950506,2.0072142310226004,2.011729020042651,2.0019137074509494,2.004979913227002,1.9896675985209098,1.9916664797493946,2.00748291765359,1.9932414178907534,2.01286082131217,1.9568084961481942,1.9847031584091472,1.9999264676090285,1.9939488875102047
r359,1.0435057511846895,1.038610299567266,1.0451639138409305,1.0289417056781125,1.0289084378427518,1.0308927371632133,1.0149723251997202,1.0130960549740022,1.0137877947253924,1.0093263712529867,1.0122730336830814,1.0129185551556386,1.0054144714901596,1.0058486906118527,1.007647996274418,1.0073167262740585,1.003391845383928,1.008466658586048,1.0114687611248732,1.0102721679557074,1.0047661762257412,1.0092623626547048,1.0122603701814712,1.0128002760108863,1.0129549765681434,1.0131383400734124,1.0136354006847343,1.0145404725972522,1.0079319129769617,1.0153625022663555,1.0112474115826062,1.0103277520500118,1.0068411393396934,1.009981361067026,1.0088362618967852,1.0137888104392638,1.0097929570902189,1.0110882655698916,1.012514349442187,1.0105656734515926,1.0108123577908799,1.0083937929020226,1.0110434182922163,1.0067827140824424,1.0116582479556024,1.0034152714976494,0.998615336563776,1.0023028599576154,1.0057314501887853,1.0,1.0038564860207686,1.0098131127685734,1.005994554120225,1.0098587936221763,1.0106730879591284,1.0086113517475115,1.012725275094589,1.0030711624251725,1.0096016852034995,1.0124043424668838,1.0109879972671254,1.0113894098440797,1.0102379019891754,1.0113032004825264,1.0098314674952282,1.0115842519283924,1.0208484070337331,1.0187571646687217,1.0249500975846921,1.0054757661000517,1.0029845564091455,1.003732045899073
r362,0.999723865141196,1.0014227606041712,1.0041523455347512,1.004909500567358,1.0032216193942132,1.0038204047419128,1.004416277772893,1.0019708993359273,1.0058277715479875,1.0036898650615298,1.0034931014278687,1.0031804535822624,1.0078529687144726,1.0054375030449776,1.0050423483646145,0.9961362118484665,0.999422470096427,0.9981163037394823,1.0043234361483544,1.0007068076526808,1.0030092211955426,1.001899061778771,1.0027303143117188,1.004150431490876,1.0060175690121327,1.0019660520516636,1.003889854328208,1.0000149400357607,1.0023385542643954,1.0052812841545546,1.0023393980942399,1.0017701749151566,0.9996956280121905,1.0002341037712508,1.002344860916211,1.0019932439267207,1.0060693197021247,1.0058989614325158,1.0051532390334803,1.0073381907754861,1.0006781414803447,1.0021593485978537,1.0055841592307937,1.003309876879485,1.0041310441213525,0.9990554706881275,1.0003153861413165,0.9979736285601801,1.0018163182375412,1.0,0.9990237426994584,1.00376504021862,1.002830562569615,1.001097224825406,1.006676923928946,1.000917750959713,0.9998891542732029,1.0001907678961317,1.0028845344045472,0.9978467243176852,0.9977086548007298,1.0011290297802944,1.0021285602949443,1.0031885920191341,0.9997389684753043,0.9973332525846156,1.0012321227495709,1.0020441604798993,0.9972382391863286,0.9995009002543566,0.9996258690463036,0.997414160830582
r363,0.9777834632571205,0.9744293551288279,0.9739876574259352,0.9791397680459543,0.9848100290713449,0.9764235954910724,0.9915556311763043,0.9888266207487959,0.9936084203582162,0.9950029358286325,0.99469914984847,0.995264748435735,0.978763180783566,0.9835763968100277,0.97437874969464,0.9890050462355712,0.9973482272636053,0.9926738888601794,0.9973671705979164,0.9928183724020229,0.9956568789055107,0.9918276147142144,0.9971367839029894,0.9968639365344533,0.9915644335420701,0.9909257997285308,0.9863984011856505,0.9957367573731134,0.9883009521230325,0.9858175167139099,1.0005209187072244,0.997451369679544,1.0015910146547247,0.9914276674229796,0.99954790297569,1.0010015150070075,0.9955479952395688,0.9969428278780806,0.9989069800895635,0.9888038977307797,0.9914101086791623,1.000298087727377,0.9946814252143764,0.9977152347802692,0.9954477068752521,0.9990391081714427,0.998359786549221,0.9991630008254087,0.995229640729275,1.0,0.9962046032924251,1.002333327836548,1.0005410671598984,1.0009205195016984,1.0039470703666888,0.9977706920221676,0.999895865470662,0.9996756435474122,1.0020524529172141,0.9999332645786062,1.000766063143329,1.0009641887076588,1.0025621732595624,1.0058940373621559,1.0013549124310486,1.0014385397143641,0.9897496004042372,0.9927222211200665,0.9989660153202597,0.9969197135408323,0.9957203146407674,0.9953637492901755
r365,1.016757773698678,1.0132356399326077,1.0124979461627859,1.0079094756118696,1.0148170356431259,1.0121368297423918,1.0025644235656188,1.0045092529083084,1.004102359634179,1.0002395627263831,1.0029161588210276,0.9998319110127383,1.0076113486427047,1.004633595625828,1.0044563934168758,0.9955338600873067,1.0006319084121735,1.0045442834728866,1.0059885697553794,1.0018096056834678,1.0056273094137123,1.004040975782909,1.0048079376890051,1.0034083714114983,1.0097718638193491,1.0046926051487,1.0070980236811078,1.01127538194666,1.0019324825643436,1.004647196254567,1.0010329082138762,1.0014256171705933,0.996321819033729,0.9963925523683856,1.000196188381423,0.9974295217692664,1.0051617453539445,1.008303442745839,0.9985367247851346,1.0020636909980205,1.0070200503170752,1.003869472032725,1.0037425607804955,1.0028338319585461,1.0037942055012754,1.0025621218423613,1.000299199046978,0.9983490009750038,0.9931189918793046,1.0,0.9995675544909892,0.997469774774583,0.9958065482917177,0.9951125586891776,1.0023535372625505,0.9968283839003749,0.9969992983919828,0.9969018713650064,0.998352338616142,0.9949592304680208,0.9936053145983575,0.9972367542540387,0.9992151065157412,1.0008797417094055,0.9939567817777285,0.9968560899846866,0.9970717776918626,0.9986566472288598,0.9984245618764748,0.9934850489776894,0.9975924427952688,0.9956725626506817
r367,1.0192700552622784,1.0171557378554021,1.0227173600616237,1.0167691965021515,1.030312842843346,1.0348109351076293,1.0193567092641236,1.0146477142476826,1.0150063153428734,1.009967736877599,1.0083249117816793,1.008492221994969,1.0110003459213697,1.0051101750611051,1.0101716162418064,1.0176832633998703,1.0095910243842574,1.015057450495756,1.0144242393396652,1.0117356966045432,1.0139476882138292,1.0125378106097642,1.013920970122287,1.0159806792251618,1.0186857885787308,1.0125946985564982,1.0191565865314005,1.0161731295944643,1.0118148158450933,1.0121519039412048,0.99726999285764,1.0153203054490378,1.008231727225319,1.007369824504501,1.014012664231334,1.0036263248068649,1.0039163171672687,1.0093196525737729,1.0172406192625842,1.0118226806182882,1.0093517623888337,1.0188760470325395,1.0180018438553469,1.0149864426625035,1.0082937430470402,1.002501262188069,1.0157746597298223,1.0060756388954897,1.0081574820314174,1.0,1.0115348331785219,1.008808095851955,1.0120334087016543,1.0116597107244274,1.0115766671322617,1.0143306429225147,1.0171993690221808,1.0167260835673133,1.0164287388263042,1.0132351673309123,1.0156120455141637,1.0138536378660705,1.0134974081094155,1.0179910857973555,1.008240902152882,1.0160067347302721,1.020466108835954,1.0208590273043976,1.0216412325560638,1.0035095042343962,0.9979291047909842,1.001697268466551
r368,0.9991758801924683,1.0019175061795291,1.0013554039390082,1.0089076605521379,1.0119464117558707,1.009248735257288,0.9958537726733029,0.989256419386835,0.9982009350262216,0.9932953102462689,0.9942569527701088,0.9923743899501453,0.9937621152196551,0.998005658564842,0.9916711453446869,0.9946907340718387,0.9979664410391992,0.9951748089840358,0.9922147543531457,0.9875472438726126,0.9912289037786821,0.9957864871869524,0.9958917294923654,0.9953949422749716,0.9978400177052242,1.0006835598185884,1.000105000698649,0.9896338861992744,0.9922076442451025,0.9948051362113277,1.0020439416639562,1.0025240517778817,0.997372385444798,0.9950943876339003,1.0012058143248974,0.9998604671242033,0.9947454601536756,0.9969639623143521,0.9967795817712284,0.9939541037515591,0.9957152068799283,0.9934406814297567,0.9955806911985737,0.9933415237963047,0.9951536310903161,0.9993044610619958,0.9982693016207189,0.9993528767340444,1.0012460043668996,1.0,0.9982348097650044,1.0042089288202884,1.0021750331738792,1.002769720514925,1.0065201832824238,1.0017074854435912,1.0027103256932288,1.0015530384767823,1.0067287797828337,1.004287268145904,1.0041123117436805,1.0038404206648766,1.0008577989414464,1.007439775316267,1.0034091432207486,1.002978836487852,1.0143346724048263,1.0087215080627205,1.016076490591216,0.9956128934185168,0.9978484301287122,0.9931247144341869
r369,0.9991758801924683,1.0019175061795291,1.0013554039390082,1.0089076605521379,1.0119464117558707,1.009248735257288,0.9958537726733029,0.989256419386835,0.9982009350262216,0.9932953102462689,0.9942569527701088,0.9923743899501453,0.9937621152196551,0.998005658564842,0.9916711453446869,0.9946907340718387,0.9979664410391992,0.9951748089840358,0.9922147543531457,0.9875472438726126,0.9912289037786821,0.9957864871869524,0.9958917294923654,0.9953949422749716,0.9978400177052242,1.0006835598185884,1.000105000698649,0.9896338861992744,0.9922076442451025,0.9948051362113277,1.0020439416639562,1.0025240517778817,0.997372385444798,0.9950943876339003,1.0012058143248974,0.9998604671242033,0.9947454601536756,0.9969639623143521,0.9967795817712284,0.9939541037515591,0.9957152068799283,0.9934406814297567,0.9955806911985737,0.9933415237963047,0.9951536310903161,0.9993044610619958,0.9982693016207189,0.9993528767340444,1.0012460043668996,1.0,0.9982348097650044,1.0042089288202884,1.0021750331738792,1.002769720514925,1.0065201832824238,1.0017074854435912,1.0027103256932288,1.0015530384767823,1.0067287797828337,1.004287268145904,1.0041123117436805,1.0038404206648766,1.0008577989414464,1.007439775316267,1.0034091432207486,1.002978836487852,1.0143346724048263,1.0087215080627205,1.016076490591216,0.9956128934185168,0.9978484301287122,0.9931247144341869
r371,0.9842025363198424,0.988651448746474,0.9699875807195784,0.98000269392927,0.9854512763942962,0.9841511658727231,0.9908186500535071,0.9933795547451248,0.993016512030122,0.9976144574569696,0.9957754465125496,0.9962020712744686,1.0026375262681575,0.9986394508329229,0.9977899325278932,0.9915119192261989,0.992337120894472,0.9887986645246252,0.9954432780249938,0.997804776822162,0.9926736667797844,0.9947705517466654,0.9933188680432224,0.992119670338977,0.991424952462228,0.9989027205115941,1.0020434621422658,0.9962987573177087,0.9980156873574139,0.9903156093511373,1.0027879876010075,0.9868974229613628,0.99337039824913,0.9935057819638331,0.9907066681056301,0.997637450933222,0.996832803943824,0.9981228753958905,1.000617791616755,0.9971833522353819,0.9981959886377092,0.9899490518790511,1.0045697689786097,0.9987981196807092,0.9955082925524654,0.9980632245296757,0.9946456665058798,0.9949281993049198,0.9996921756407946,1.0,1.0070420041353718,0.9987772507922332,0.9952117123501776,1.0040015760917849,0.9932387117513232,0.9991891882736977,0.9980534748108381,0.9992729370469461,1.0038346252569252,0.999480059702165,1.001221215806126,0.9933554851372886,0.9918353911311035,0.992042402197622,0.9973815931912241,1.0001126176431896,1.001937202430509,1.002865205944029,0.9923112656081288,1.0008086574170492,0.9947653829311607,1.0074130849036962
r373,0.9991758801924683,1.0019175061795291,1.0013554039390082,1.0089076605521379,1.0119464117558707,1.009248735257288,0.9958537726733029,0.989256419386835,0.9982009350262216,0.9932953102462689,0.9942569527701088,0.9923743899501453,0.9937621152196551,0.998005658564842,0.9916711453446869,0.9946907340718387,0.9979664410391992,0.9951748089840358,0.9922147543531457,0.9875472438726126,0.9912289037786821,0.9957864871869524,0.9958917294923654,0.9953949422749716,0.9978400177052242,1.0006835598185884,1.000105000698649,0.9896338861992744,0.9922076442451025,0.9948051362113277,1.0020439416639562,1.0025240517778817,0.997372385444798,0.9950943876339003,1.0012058143248974,0.9998604671242033,0.9947454601536756,0.9969639623143521,0.9967795817712284,0.9939541037515591,0.9957152068799283,0.9934406814297567,0.9955806911985737,0.9933415237963047,0.9951536310903161,0.9993044610619958,0.9982693016207189,0.9993528767340444,1.0012460043668996,1.0,0.9982348097650044,1.0042089288202884,1.0021750331738792,1.002769720514925,1.0065201832824238,1.0017074854435912,1.0027103256932288,1.0015530384767823,1.0067287797828337,1.004287268145904,1.0041123117436805,1.0038404206648766,1.0008577989414464,1.007439775316267,1.0034091432207486,1.002978836487852,1.0143346724048263,1.0087215080627205,1.016076490591216,0.9956128934185168,0.9978484301287122,0.9931247144341869
r374,0.9991758801924683,1.0019175061795291,1.0013554039390082,1.0089076605521379,1.0119464117558707,1.009248735257288,0.9958537726733029,0.989256419386835,0.9982009350262216,0.9932953102462689,0.9942569527701088,0.9923743899501453,0.9937621152196551,0.998005658564842,0.9916711453446869,0.9946907340718387,0.9979664410391992,0.9951748089840358,0.9922147543531457,0.9875472438726126,0.9912289037786821,0.9957864871869524,0.9958917294923654,0.9953949422749716,0.9978400177052242,1.0006835598185884,1.000105000698649,0.9896338861992744,0.9922076442451025,0.9948051362113277,1.0020439416639562,1.0025240517778817,0.997372385444798,0.9950943876339003,1.0012058143248974,0.9998604671242033,0.9947454601536756,0.9969639623143521,0.9967795817712284,0.9939541037515591,0.9957152068799283,0.9934406814297567,0.9955806911985737,0.9933415237963047,0.9951536310903161,0.9993044610619958,0.9982693016207189,0.9993528767340444,1.0012460043668996,1.0,0.9982348097650044,1.0042089288202884,1.0021750331738792,1.002769720514925,1.0065201832824238,1.0017074854435912,1.0027103256932288,1.0015530384767823,1.0067287797828337,1.004287268145904,1.0041123117436805,1.0038404206648766,1.0008577989414464,1.007439775316267,1.0034091432207486,1.002978836487852,1.0143346724048263,1.0087215080627205,1.016076490591216,0.9956128934185168,0.9978484301287122,0.9931247144341869
r375,1.021521386917149,1.0130505462444195,1.0125750666305775,1.014462498659257,1.0119157374106278,1.0118030943756824,1.0141754071956515,1.0086360577739433,1.01464286855025,1.0115607613748516,1.0106008854956272,1.008329449175778,1.009286790626175,1.0074991488806224,1.0101746227368427,1.0134955207772873,1.013956257396593,1.015640529093726,1.0172973192292494,1.007847310634431,1.0140856147244497,1.017921435382119,1.014190161212154,1.00937037165631,1.0226457531444553,1.0075005786057034,1.016495227725746,1.0144109769155676,1.0108448066765785,1.0066200030574095,1.0093427336169152,1.0174721732658274,1.0072834655290062,1.0113074276069876,1.0140442134320604,1.0117373299126546,1.0128894681449685,1.012252201478983,1.0110192548369688,1.003424519350417,1.0088612806699602,1.0075117316063606,1.0101726706998484,1.0129367068594326,1.015651116441714,1.0052812824521158,1.014653816472488,1.0072353704036459,0.9988987047168966,1.0,1.019842339882708,1.0168330826561343,1.0093030166762391,1.014945569487801,1.0097128101440682,1.007520932213972,1.01067139486522,1.009304542601215,1.0121953059342315,1.0038899562661308,1.008820152856203,1.0126538994066636,1.0080262385604741,1.0084176255119681,1.0050147066924306,1.0101170993975164,1.0101756960145298,1.0101270697419624,1.0079224304411207,1.0044758516984031,1.011635553604343,1.0049459048158162
r376,0.9958438841525417,1.0059861905637997,1.034011781012178,0.9885197303404746,1.0161095309322157,0.9878158022132661,1.0197778339032606,1.0173502669962164,1.0103713772838028,1.0097050719710936,1.0194074541398694,1.004762800176751,1.010153682013621,1.0086648230718482,1.0244338897742338,1.0092532040875746,1.004998389919433,1.0062356715040903,1.00055648957917,1.0116597010160588,1.0094707177357636,1.0064543993827426,1.0034949802552149,1.0032483951681281,1.0047138945251497,1.0068863398885406,1.0189662045161425,1.0060311825312296,1.0172209133261785,1.0132804926367733,1.0177050709625728,1.0169776211526833,1.0162971547071376,1.0078077657522493,1.010388196825169,1.0130078609734905,1.011781625746623,1.0198754420951264,1.0199691121718928,1.0072708493703173,1.0117457021523486,1.022252600537645,1.0104975150338613,1.019234267040865,1.0120414931354373,1.0091970030091066,1.0195167211112948,1.0094358711667872,1.005879290365149,1.0,1.0092412259821304,1.0090276879288498,1.009958865751639,1.0122128795177225,1.0005118010916279,1.010445216586243,1.0110027401827995,1.021549362147117,1.0019020449594678,1.0032295524700265,1.0140073997150878,0.9988775349400196,1.01499713458216,1.00617128642745,1.0037945282036334,1.0153755282051378,1.0054816456957938,1.0157883306796185,1.00167940745503,1.010040921671478,1.007884796236323,1.0103814157379822
r377,1.0113320511145667,1.0083314533979069,1.0022960975473783,0.9901346672122232,1.0018475950096297,0.9945112409407336,1.003129190172462,0.989571311420137,1.0058691282891992,1.0041118120295862,1.006888867670388,1.0021212996886035,1.0041667323883379,0.9988400500202566,1.0052586408939546,0.9979068600399538,0.993866972687074,0.9845197696750507,1.0062585835450748,1.0009850469490824,0.9991666122032976,1.0043907168517927,1.0177192439709333,1.0076211837909432,1.0070708292678021,0.9862141569448242,1.0061148371913349,1.022096124981849,1.0010877590652922,0.998587991858322,1.005936217457974,0.9925047474227058,1.0052670531555299,0.9908143465993139,1.0010439580683288,1.0053399183382814,1.0039036363261777,1.0166582386940695,0.9918427409857994,1.0010486095575744,1.0081505604862346,1.0020937675116801,1.002348565716016,1.0053803127505272,1.015237134105107,1.0055205187628284,1.0076086091788203,0.9971103705096048,0.9985265489931545,1.0,1.003933053494141,1.0005150651539882,0.9998919650874487,0.9929468275896954,1.012002060845663,1.0019793375693786,1.004805074437994,1.0021473820750642,1.0041623005316818,0.9968938344269112,0.9899262100385314,1.0037581950456582,0.99768571489091,0.9967212657129794,0.977753193245799,0.9855083387892363,0.9909566199460066,0.9978000204208312,1.0126405742562288,0.9943253200929345,1.003246271509348,1.0026632272847167
r378,4.990458810325621,5.007943802000304,4.940634858166155,4.947336585643028,4.982047079018512,4.976308261005319,4.985172231823603,4.980590733991101,4.988544631224897,4.988594111289909,4.982248422850031,4.976521425854803,5.009455849919053,5.012086239464118,5.006616837601559,5.180008880573816,5.1712444313547286,5.176674119099685,4.9910453758841244,4.9929136448138225,4.991887668007304,4.990161972895027,4.982395842254159,4.989614188173608,4.989459586983122,4.971495240568335,4.980411874697885,4.979051211299071,4.9643421303497535,4.983264109684215,4.977227703773176,4.977457301153832,4.980969385759451,4.970705390599182,4.954148247169989,4.977505532570403,4.990627013413017,4.987973503067625,4.974614818604765,4.944731732772423,4.979415905676306,4.954631761486207,4.983309286524521,4.98269378680992,4.954248475445901,5.000620665576541,5.015737444583761,4.999738284105921,4.986093063824907,5.0,5.019663039131353,5.000339234589262,5.013472519988748,5.0102244214814,5.02349919243731,5.020211034009694,5.0077038718176325,5.0163787864577145,5.0122123318414165,5.0135300748567415,5.017288831069077,5.020287304353043,5.027158293998063,5.025009213817203,5.014041822505539,4.993018756436653,5.026346542386325,5.025140221091279,4.9983592121272284,4.955728348390929,4.984229510710611,4.981722395511712
r379,1.0337399899793813,1.0272478245576935,1.0212351987789565,1.0189366857187774,1.0260799152290425,1.0180857364776723,1.0007866418219455,1.0045661913091533,1.001952259574559,0.9971887070124915,1.0078129007539933,1.0002222353077022,1.001371483305157,1.0039796965891505,1.0039348036097318,1.0007155302649424,0.9969322890442314,0.9991277526454754,1.0119996447560966,1.004265328667867,1.0138610632817668,1.0085209279004823,1.0088151212590863,1.006232244170578,1.0049352356538328,1.005297482412948,1.0131778397601718,1.0093320521075544,1.0023782476588474,1.0068246189896317,0.9912951404894196,0.9980206077875525,1.0093040878024881,0.9715979065702747,1.0136780216607466,1.0032366378361808,0.9994755755658847,1.0187278758069578,0.9987463556789836,0.9939545265422209,1.010599605771137,0.9999316559864717,1.0015410206632434,1.018305021129971,1.0056768581157942,1.0101793155909797,1.0131027274445106,1.014799552079778,1.00336427924692,1.0,1.0147334971210824,1.0080021177507268,1.0051300428589862,1.0146972081422554,1.0210205505528074,1.0175676960723807,1.0153949102282271,1.0139547170200431,1.0176205874257636,1.0047056489725255,1.0110289463348368,1.0096687768846435,1.010662111054716,1.0112521144351356,1.0041467641251904,1.0020154901413711,1.0106183358165672,1.0145602587825642,1.011059951434742,0.9874337120116441,1.0091741640339371,0.9979542347744512
r380,0.9813204376638747,0.9544387399402298,0.9664005846856,1.0046815970582859,1.0106167779415607,0.9977021948959774,0.9812214677055083,0.9786300457216659,0.9829523851372677,0.9815474401906796,0.9820666007565847,0.9825627302589902,0.9932243939812718,0.9914623442894277,0.9938713847954539,0.9843911145093595,0.9884862730143363,0.9854492023328193,0.9930621866111013,0.9822096059250042,0.9943330084837999,0.9887738085423272,0.986175121564932,0.9863722114233231,0.989435743359101,0.9924083894183943,0.9893188216220188,0.9784388251134605,0.9831627639698123,0.9855268794280113,0.9927538714171438,1.0038129902448067,0.9965630387046498,0.9901819105862326,0.9923907984413822,0.9875222538415015,0.9964699536941558,0.9919259181225019,0.9777888316572985,0.9864894686189667,0.9908472014755232,0.9783626170329668,0.9949741972673067,0.9878911733859723,1.0010949661077084,0.9975671513528094,0.9975043599336094,0.9943277025934102,0.9970934885215944,1.0,1.0134265670519775,1.0066656273475123,0.9977000338317549,0.9947175720807719,1.0022822582065125,1.0043453452036777,1.0080269550487981,1.008553859918222,1.011323258733268,1.0120694036094553,1.012255453671983,1.0156827319013195,1.009608724488505,1.0099393412108766,0.9997791440010213,1.0047848505322414,1.0177721976039873,1.0132876454259079,1.0168624333854104,0.996045470792784,0.9952741897558856,0.9903953814363452
r381,1.0109616187427672,1.0070477256702068,1.0055064615801148,1.0085358105362028,1.0073831392602617,1.009796427121535,1.0068609009636618,1.0038877426560855,1.0056298268428001,1.0061097262573957,1.0087910623404717,1.0066264048949718,1.006908647548679,1.0092408714779,1.0089056473756786,1.0021812065552869,1.0027000812212792,1.005339409820692,1.0071418892099921,1.0060578551053416,1.0069189262951106,1.0061394542446758,1.0078088439631319,1.0074946523471975,1.0070610197478709,1.0110940684930925,1.009040886911086,1.0075963303725994,1.0110471116653879,1.0066608145290978,1.0076676445561834,1.0062143912836878,1.0081413193136202,1.0065314292652645,1.006327986570575,1.0061025732507658,1.0066644509230283,1.0073989475214482,1.0063969600750808,1.0058719564918983,1.007850851326808,1.0083600073368968,1.0068463073106841,1.0024636145176278,1.0082433354378197,1.0089399478284615,1.0057752884863258,1.00508818226307,1.0080092747161067,1.0,1.0065932563063262,1.0065052965920982,1.0064893038228928,1.0082026190791304,1.0070821252774975,1.0041671825711291,1.0042545896027004,1.0036954866230474,1.0101315264414896,1.005281127797421,1.0086884743397502,1.0026044486059384,1.0081721808517583,1.005565776323729,1.0061589924508347,1.0075933069151273,1.0119778914071804,1.0062758624320292,1.012228719665784,1.0059094243206745,1.012099530657535,1.0036762400463641
r382,1.005525179989607,0.9984569577529742,1.0020043401484588,1.0059315755161813,1.0051280420674327,1.002856788177843,1.0042579819229378,1.0083620808377214,1.0105481253595658,1.0052092634898995,0.9957657116558848,1.0056161398381576,1.0029070616023177,0.996709942732132,1.0139368426428916,1.0080074298906283,1.007420356605351,0.9979764570153342,1.0059099948238353,1.0017322788491114,0.9994311494885953,0.9921166749592253,1.007241066210615,1.0008559733837694,1.0059760474871207,1.0097288598714733,1.0043359047229783,1.003653069627864,1.0036857089371631,1.0014309789987952,0.9938063758393786,0.9973423829637702,0.9985718718851304,0.9991747726964584,0.9984041909850061,1.009069193884606,1.005830953987037,1.0067402600480595,1.013030267555167,0.999841219197269,0.9975343244834656,1.003927235803571,1.0021793876027032,0.9964454584008942,0.9980346482337278,1.0075128202623997,0.9965400778060384,0.9992242758529153,0.9982892575415492,1.0,0.9949121266780586,1.008847458277295,1.0029981414316873,1.0038446296690182,0.9973972427775805,0.9996215215955759,1.0053146173395697,1.0028982315038026,0.9986658268245178,1.009363060164038,1.001166717040658,0.9999800853574888,1.0010811644071698,1.0100559373880058,0.9967441674634101,0.9867045110649377,1.0008412706110914,1.008792952945543,1.0000601227537362,0.9961480970122158,0.9916946937124934,0.9953606530623008
r383,1.0109616187427672,1.0070477256702068,1.0055064615801148,1.0085358105362028,1.0073831392602617,1.009796427121535,1.0068609009636618,1.0038877426560855,1.0056298268428001,1.0061097262573957,1.0087910623404717,1.0066264048949718,1.006908647548679,1.0092408714779,1.0089056473756786,1.0021812065552869,1.0027000812212792,1.005339409820692,1.0071418892099921,1.0060578551053416,1.0069189262951106,1.0061394542446758,1.0078088439631319,1.0074946523471975,1.0070610197478709,1.0110940684930925,1.009040886911086,1.0075963303725994,1.0110471116653879,1.0066608145290978,1.0076676445561834,1.0062143912836878,1.0081413193136202,1.0065314292652645,1.006327986570575,1.0061025732507658,1.0066644509230283,1.0073989475214482,1.0063969600750808,1.0058719564918983,1.007850851326808,1.0083600073368968,1.0068463073106841,1.0024636145176278,1.0082433354378197,1.0089399478284615,1.0057752884863258,1.00508818226307,1.0080092747161067,1.0,1.0065932563063262,1.0065052965920982,1.0064893038228928,1.0082026190791304,1.0070821252774975,1.0041671825711291,1.0042545896027004,1.0036954866230474,1.0101315264414896,1.005281127797421,1.0086884743397502,1.0026044486059384,1.0081721808517583,1.005565776323729,1.0061589924508347,1.0075933069151273,1.0119778914071804,1.0062758624320292,1.012228719665784,1.0059094243206745,1.012099530657535,1.0036762400463641
r384,1.0109616187427672,1.0070477256702068,1.0055064615801148,1.0085358105362028,1.0073831392602617,1.009796427121535,1.0068609009636618,1.0038877426560855,1.0056298268428001,1.0061097262573957,1.0087910623404717,1.0066264048949718,1.006908647548679,1.0092408714779,1.0089056473756786,1.0021812065552869,1.0027000812212792,1.005339409820692,1.0071418892099921,1.0060578551053416,1.0069189262951106,1.0061394542446758,1.0078088439631319,1.0074946523471975,1.0070610197478709,1.0110940684930925,1.009040886911086,1.0075963303725994,1.0110471116653879,1.0066608145290978,1.0076676445561834,1.0062143912836878,1.0081413193136202,1.0065314292652645,1.006327986570575,1.0061025732507658,1.0066644509230283,1.0073989475214482,1.0063969600750808,1.0058719564918983,1.007850851326808,1.0083600073368968,1.0068463073106841,1.0024636145176278,1.0082433354378197,1.0089399478284615,1.0057752884863258,1.00508818226307,1.0080092747161067,1.0,1.0065932563063262,1.0065052965920982,1.0064893038228928,1.0082026190791304,1.0070821252774975,1.0041671825711291,1.0042545896027004,1.0036954866230474,1.0101315264414896,1.005281127797421,1.0086884743397502,1.0026044486059384,1.0081721808517583,1.005565776323729,1.0061589924508347,1.0075933069151273,1.0119778914071804,1.0062758624320292,1.012228719665784,1.0059094243206745,1.012099530657535,1.0036762400463641
r385,2.979328962326074,2.965634087345782,2.9676609653321844,3.035488664006685,3.022094069888335,3.032521936286185,3.007110458990754,2.985034063113863,2.996859033375184,2.970552235959037,2.970345911850602,2.9708686504189874,2.9719289594023803,2.996611206555699,3.0114061345804677,2.9860805459287647,2.994756809595095,2.986468263931546,2.98666436626257,2.972831563338201,2.984996723233837,3.003027198852935,2.992569579018674,3.005908001697869,2.9866695188071715,2.9925564655549524,2.999970055235865,2.9735782331705987,2.991495550283141,2.9828079022177905,2.98367131647018,2.998509393237624,2.996749322642624,2.974099146192913,2.9893624878390277,3.017394284731195,2.981285419572817,3.0067324607794097,2.989846698686645,2.97855137734822,2.987176438754772,2.9965556444493107,2.9983801334234768,2.9929321485454343,2.9685300591900967,3.0042374883903626,3.0045424108375043,2.998742565175524,3.004470076649822,3.0,2.982894984602617,3.026780613177015,3.0053584362656656,3.0128154780098297,3.0211519112276193,3.022708653983848,3.01841487824699,3.025893584551615,3.03173149559703,3.0196186672475376,3.0106888331642576,3.0284502314865334,3.013798479092345,3.0413604716807203,3.0292247563998806,3.0106004629637377,3.035533922775464,3.0317943549448576,3.046152900045291,3.011626334774836,3.009888245902956,2.991874763447632
r412,1.029748245816065,1.0411030383916728,1.0387387513326585,1.0350140825125005,1.0354609390075524,1.0357127034185567,1.040902661252058,1.038880357182932,1.0393034299621753,1.0287248733707837,1.0345762007957953,1.0291869539088556,1.0121838342619325,1.0175500825981871,1.0109622687024566,1.03024995946891,1.024155993829766,1.0286629906077829,1.0278654414618855,1.0309055712357336,1.0298213014141522,1.0337309234217014,1.0332747329696752,1.0352834248926075,1.0291989328552247,1.026509007123402,1.0318581698491838,1.028472026266977,1.036785072316065,1.0341654084704748,0.9952761932230384,0.9915028306272968,0.9914207301517577,0.9913574303588947,1.0001394075668768,0.999474734632422,1.0322543670144237,1.0300842338071192,1.028675935206851,1.030851698364517,1.0328073898698313,1.034463407943314,1.0295117325569156,1.0344701269195062,1.0400254593388265,1.0041095281938373,1.0108061156680248,0.9997499405775763,0.9989550563032203,1.0,1.000086428272637,0.9922832745250014,0.9964275959173339,0.9941406885847134,0.992950506247372,0.9949156862514948,0.9915700719554638,0.9964755689132455,0.9928954153091659,0.9838945993272697,0.9906225710184504,0.9966719979761762,0.9928750734121,0.9827255591457917,0.9942188946629349,0.9945534146372553,0.992355612751274,0.993692990267469,1.0044976436348865,1.008710427629108,1.0087788679849827,1.0129613992842663
r413,1.0194450921576241,1.0124920418272734,1.0136233247411044,1.0090251209867123,1.0123150697989554,1.009260862116197,1.0107036624589452,1.0095721997869564,1.012294246123857,1.0101271667525267,1.0110200065580082,1.0125146077431333,1.0055179886443486,1.0055584536389979,1.007985478167726,1.0064494067143448,1.0060201125938086,1.007183456327729,1.015707450446196,1.0077048328026126,1.0106555459692648,1.0109244766147019,1.0136519617962578,1.0091521416288127,1.0139389062029,1.0105768397320267,1.0129855429052792,1.0146693613530242,1.0124136676842763,1.0089011271554,1.0085764661715229,1.011107118917969,1.0155470384619278,1.0144315337135477,1.0142636445979316,1.016242799877849,1.0121062590068213,1.016516588251562,1.0171587349759659,1.011155670644174,1.0127548567841609,1.0121988395735524,1.0113284471661361,1.0107229923856251,1.0094108137430025,1.0028801343118132,1.0081213372725966,1.008065397794011,1.0075157306434734,1.0,1.0017295483877378,1.009365274119347,1.0120882814372547,1.0112193766867248,1.0068143227215727,1.0046693308908978,1.0113803286173348,1.0099577169874228,1.007303841602673,1.0069704533175603,1.0033572620892237,1.0090373993862032,1.0063374961331055,1.0056825966297,1.0040910963932004,1.0062437702728257,1.0035504189976154,1.0082146750493541,1.010636723962153,1.0089651022652992,1.0083754850466602,1.0089977970920672
r416r,1.029748245816065,1.0411030383916728,1.0387387513326585,1.0350140825125005,1.0354609390075524,1.0357127034185567,1.040902661252058,1.038880357182932,1.0393034299621753,1.0287248733707837,1.0345762007957953,1.0291869539088556,1.0121838342619325,1.0175500825981871,1.0109622687024566,1.03024995946891,1.024155993829766,1.0286629906077829,1.0278654414618855,1.0309055712357336,1.0298213014141522,1.0337309234217014,1.0332747329696752,1.0352834248926075,1.0291989328552247,1.026509007123402,1.0318581698491838,1.028472026266977,1.036785072316065,1.0341654084704748,0.9952761932230384,0.9915028306272968,0.9914207301517577,0.9913574303588947,1.0001394075668768,0.999474734632422,1.0322543670144237,1.0300842338071192,1.028675935206851,1.030851698364517,1.0328073898698313,1.034463407943314,1.0295117325569156,1.0344701269195062,1.0400254593388265,1.0041095281938373,1.0108061156680248,0.9997499405775763,0.9989550563032203,1.0,1.000086428272637,0.9922832745250014,0.9964275959173339,0.9941406885847134,0.992950506247372,0.9949156862514948,0.9915700719554638,0.9964755689132455,0.9928954153091659,0.9838945993272697,0.9906225710184504,0.9966719979761762,0.9928750734121,0.9827255591457917,0.9942188946629349,0.9945534146372553,0.992355612751274,0.993692990267469,1.0044976436348865,1.008710427629108,1.0087788679849827,1.0129613992842663
PAND,1.862373753503085,1.856889975302644,1.8640643721513201,1.9817331937134577,1.979664465962651,1.9792144447190256,1.9945403229299687,1.9927579798626027,1.992840404647907,1.9907247908746037,1.9901137815261494,1.9882281162536253,1.9927640406198026,1.9917296105653932,1.9951277095615523,1.9827941906175637,1.9851400931575078,1.98603914282876,1.9931402088916872,1.9910646662838063,1.9934113600372325,1.991631456364525,1.9898889709357022,1.9909742132639903,1.9909162034740753,1.9891909896572326,1.989689630674326,1.990682575364285,1.99116383778492,1.9911480635545673,1.986754070823761,1.9911017769437316,1.9903741344401675,1.987765933812044,1.9922038124536716,1.9902702140798318,1.991750953143622,1.992608943351975,1.988578012575298,1.9948978098258836,1.991178159969198,1.9915227286750228,1.9915348998918978,1.9897755871918075,1.9920508954772582,1.9978150675135666,2.0010449043980705,1.998750131186274,1.9993167322130239,2.0,2.001680318748121,1.9957688117491261,1.9972340431588327,1.9981177641914103,1.9951978770297778,1.9944151761340307,1.9941861098004223,1.9951867269258123,1.9947942671314849,1.9901638816047353,1.9949791848207514,1.997626426886105,1.9960199105897671,1.9939684581855726,1.9923019121893772,1.9914081449427155,1.9777144711195627,1.983541632498432,1.9760887326811878,1.9963721788318498,1.9991851890326173,1.9982554825148944
r424,0.9839719963839479,0.9908413988087753,0.9855284127551176,0.9977255001450375,0.9996971360417525,0.9962811637529504,0.9975099294416951,0.9924800063239594,0.9942478710336878,0.9944449817789253,0.9939026839966212,0.991531528289787,0.9929358868591854,0.9973937339192958,0.9952306350986083,0.9898398048931971,0.9910177877197954,0.9948894765100889,0.9927453943004044,0.9907440733772872,0.9985645110203436,0.9915166145695143,1.0012192619200464,0.9944170703572206,0.9959829054798635,0.9942276074246423,0.9983047559091021,0.9991470475183878,0.9959921842030515,0.997497793006139,1.0046258605281255,1.0018227467490277,1.0002073848855535,0.9956409185932275,0.9941732929017006,1.0011523012888053,0.9921951629317871,0.9967461619338486,0.997302437617602,0.9950084012465393,0.9985875071501883,0.9957970600293142,0.9918933389938924,0.9967948356206423,0.996455054862094,0.9997836239869138,0.9987080142488322,0.9936663205620546,0.9935159141002032,1.0,0.9900909404262558,0.9950952084188923,0.9961060826146616,0.9974653524001347,1.0004094155303054,0.995090872482566,1.000895882788776,0.9970018708348495,1.003775326076353,1.0019981032229857,0.9961972734928035,0.9973802321491863,0.9939645200726969,1.001598996334956,0.9908949587581359,0.9955505667628987,1.0018747946685944,0.9962603256194236,1.0062516010697602,0.9907870644129027,0.9929614649810946,0.990794831174123
r425,1.0123907959238145,1.0124821245489417,1.0119908491183187,1.0124884522947615,1.0137315544775465,1.0120119212859513,1.0066795545079759,1.0055488873058454,1.0109338510489174,1.0039304628142154,1.0073859795360278,1.0042323423912025,1.0088023701856297,1.001572724737756,1.0056135185336799,1.0007562664346292,1.0009582671369248,1.0009573184076164,1.0068530443375088,1.0046881004023962,1.001287849708936,1.0044132853176366,1.0088129979606975,1.0055468141133448,1.0076641347064819,1.0055070047192443,1.0115873705844212,1.008278215365807,1.0059896121397345,1.0101718079913529,1.00686888694341,1.0041900031132163,1.0031227964115894,1.0025840150173615,1.006251568096898,1.006052800790223,1.0063540840573373,1.0044262274481417,1.0071388722769756,1.0064785898957689,1.0012915693875653,1.004778527303165,1.0040794098423607,1.003754679592007,1.0019776905616518,1.0020952717218599,1.0021798243557083,0.9983630420499938,0.9977711748725809,1.0,0.9980765865096893,1.0023582468377488,1.0032097265528337,1.002263608532445,1.0023449271673,1.0030273476425688,1.004387720371603,0.9990382637057296,1.0013569085499259,0.9980732476647599,1.0014610560943442,1.0014327659315088,1.0019609966222787,0.9999189575590226,0.9993355496159069,1.0052230346189377,1.0031559278298132,1.006608576530452,1.0083604591039037,1.0026200267410663,1.000295882985792,0.9982451451520266
r427,1.0057651955131615,1.011363820367801,1.012251580825556,1.0165274975335854,1.0211904815599426,1.0184629895560975,1.0083718273368123,1.0057157819851679,1.0095680835369745,1.0075371313057193,1.0016051585622636,1.0038480187165717,1.002747824667666,1.002066574220234,1.0046329730158334,1.0028959198269396,1.0041022521055334,1.0076104556380223,1.0087491630187666,1.0051621229577388,1.0009002064875558,1.0052430407227335,1.0078241395715497,1.009667818795713,1.0131745784126835,1.0073223506576068,1.0150241783509848,1.010670840197637,1.0106129279561726,1.0056600890800786,1.0058280225093588,1.007607719163101,1.0052963766557284,1.0001416254825863,1.0065285963767907,1.0074370829217942,1.0107894488093725,1.0063531479838883,1.0124437107772226,1.0055834048770245,1.0062456197429284,1.0112231454636496,1.0053946893291326,1.0040595625247026,1.0070246660711022,1.0079479718683626,1.004459717482185,1.0057357868746242,1.0032501762943038,1.0,1.0017405693672257,0.9996201618527817,1.0049574940320294,1.0052355342964452,1.0120120574319482,1.0053439426031334,1.0058916613552595,1.0062999723431703,1.005882336764952,1.0027632243382687,1.0047414956072322,1.011137065425901,1.0086251773560522,1.0148299366346274,1.0068372632903049,1.004038900408598,1.0100671677374078,1.012265848837021,1.0086165271856509,1.001721521602481,1.0024458086367527,1.0025941790069977
r428,1.0123907959238145,1.0124821245489417,1.0119908491183187,1.0124884522947615,1.0137315544775465,1.0120119212859513,1.0066795545079759,1.0055488873058454,1.0109338510489174,1.0039304628142154,1.0073859795360278,1.0042323423912025,1.0088023701856297,1.001572724737756,1.0056135185336799,1.0007562664346292,1.0009582671369248,1.0009573184076164,1.0068530443375088,1.0046881004023962,1.001287849708936,1.0044132853176366,1.0088129979606975,1.0055468141133448,1.0076641347064819,1.0055070047192443,1.0115873705844212,1.008278215365807,1.0059896121397345,1.0101718079913529,1.00686888694341,1.0041900031132163,1.0031227964115894,1.0025840150173615,1.006251568096898,1.006052800790223,1.0063540840573373,1.0044262274481417,1.0071388722769756,1.0064785898957689,1.0012915693875653,1.004778527303165,1.0040794098423607,1.003754679592007,1.0019776905616518,1.0020952717218599,1.0021798243557083,0.9983630420499938,0.9977711748725809,1.0,0.9980765865096893,1.0023582468377488,1.0032097265528337,1.002263608532445,1.0023449271673,1.0030273476425688,1.004387720371603,0.9990382637057296,1.0013569085499259,0.9980732476647599,1.0014610560943442,1.0014327659315088,1.0019609966222787,0.9999189575590226,0.9993355496159069,1.0052230346189377,1.0031559278298132,1.006608576530452,1.0083604591039037,1.0026200267410663,1.000295882985792,0.9982451451520266
r429,1.001052017186468,1.004546916615807,1.0019527937645225,1.0042738817736876,1.0040317651264616,1.0056358600386235,1.0061585047994634,0.9991160305084587,1.0073951875479448,1.001338471535834,1.0028246003183532,1.003758925470618,0.9964776834541845,0.9964251923183882,1.000843392319447,1.0049447630823651,1.0005719253435268,0.9982176289905692,1.0030836689303435,1.0010522599065668,0.9987402598785096,1.0024977954232992,1.0069533900014105,0.9966066791237349,1.0041379955056442,1.0043783235605628,1.0050838286523402,1.000132745863053,1.0044086988884255,1.0000813856383421,1.005559911203099,1.0024153434194145,0.9988355458103927,0.9969219331261596,1.0021990391518307,1.0008630977485655,1.0038570449886846,1.005728523897991,1.0076857396353727,0.996852638852285,1.0025372780840345,0.9988986087956792,1.0016121628574446,1.0038997312704454,0.9980714492258131,1.0014461981739258,1.0014945618917908,0.9961408504361509,1.004268824748422,1.0,0.9989154555777695,1.0040511492921884,1.0051061521931846,1.0060382590559938,1.0007761463050775,0.9994343501161238,1.0034930987555395,1.0022166016564233,1.003446622850823,1.0049257327834924,1.0069583492941734,0.9981934901964709,1.0024281517395548,1.0064030633358125,0.9998286806609321,1.0068738747444985,1.002514731237038,1.004550139211403,1.0060608355582434,1.0023808193150108,1.0014554847242054,1.0008685244153925
r430,0.9966730423722232,0.993099271399859,0.995915216018996,1.0031743715584054,1.0041036830830026,1.0042406119171339,1.0042497792539107,1.00755199018537,0.9958761274635243,1.0008604114291186,0.9959814920419257,0.9968220249464784,1.0035192470849938,0.9946397418513321,1.0005956964191516,0.9955373121936046,0.9990485937791598,0.9953921391710084,1.0031021622388128,0.9974706155203461,1.000425819353618,0.9960345986477855,0.998932250522991,1.0054246812690344,1.007975768249456,0.9938557758065657,0.9995182431347832,0.9853795136018404,0.9930698467401537,0.9987874202059136,0.9806547126300033,1.00250933278825,0.9987699331638714,0.9964271961456114,0.9996279316605374,0.9974717742322429,1.000143927815397,0.9995534820554701,0.9865231721000115,1.0034806094686402,1.0000555581407835,1.0050339102883297,1.0032020013686638,0.9913308788607027,0.9980414774628459,1.0011457054472015,0.9945271201549815,0.9993967997507508,0.9960596635521206,1.0,0.9894064439852106,0.9965296813425717,0.9999021064548881,0.997738607480059,1.0007775522510731,1.0012464787104312,0.9967032833250623,0.9944825555223163,0.9989315915925691,0.9923740349643148,0.9958156953977424,0.9976610767273763,0.9980415454505196,1.0033063214119562,1.0044235892544837,0.9945669103273294,1.0004520797030354,1.0039883638053029,1.000653730365677,0.9984644069383525,0.9964614114154696,0.991419508565801
r431,1.011795520767146,1.0095705308383711,1.0149056145292434,1.0067944479773094,1.012351914242627,1.0149441202289098,1.018617744307226,1.0108121431658694,1.0176139698539741,1.0116687375001199,1.0138994091394598,1.012788087823264,1.0193993094143237,1.0101275176490578,1.0126733259598024,1.0111305785557132,1.0076891682301643,1.010894691609425,1.0172484002996636,1.012234140457147,1.012985942949608,1.0180126882654146,1.014882410754413,1.0142380422236783,1.0173003586007499,1.0080320010100299,1.0186394559289,1.0089504209436782,1.0144618019756024,1.0164978194914271,1.0067240537320967,1.0144793389721283,1.0179202742492819,1.0157050301249524,1.0104769713811472,1.0117001034795567,1.0151241632801316,1.0134523266190631,1.0133208573598766,1.0138555960019415,1.01377318788121,1.0102561917632755,1.0129259855194992,1.0113850102774604,1.0073376269257261,1.0058380115609453,1.0137268160015822,1.011152199205663,1.0031514091610112,1.0,1.006733305013664,1.0075986118437459,1.011852945843913,1.0090019351431103,1.016191807720837,1.00695214722744,1.0091140865568196,1.0113888996272344,1.0138672874345946,1.0089923336676074,1.010497502523567,1.005511969472475,1.0119662888307552,1.0116300597593664,1.0075623903482727,1.0055498943765904,1.0068545375068716,1.0087168023780686,1.007754551989065,1.0078385798095677,1.0074827687233705,1.0067819712465684
r432,1.0075136761945764,1.0123050508225258,1.011640473567604,1.014695591275281,1.0139833184285727,1.0105543273089375,1.0000925197269113,0.9965641105093841,1.0035458960257033,0.9989624842150875,0.9995970078305227,0.9979885241424865,0.9972666426142481,0.9982881797474992,0.9969474433257027,0.9975203441947166,0.9999005733453715,0.9980485988945628,0.9980344712968526,0.9961676187209036,0.9958034184017014,0.9990646757518454,0.9994522148061201,1.0013465436446252,1.0028899202167234,1.0049360651578618,1.0025260275639756,1.0011914084144982,0.9992629736605207,1.0001088860009582,1.0015515717805328,0.9995111161993192,0.9975803618103012,0.9968270924499262,0.9972719806565954,1.0007767689501508,0.9992942488138072,1.0015907071229173,1.0024275516311658,0.9978827711692806,0.9990843811523611,0.9989025542641985,0.9991619580117622,0.9992472706199056,1.0004220794186347,1.0006915384844532,0.9988317292736941,1.0016515755452495,1.00321114326986,1.0,0.9989660863122037,1.0023829568959244,1.0024232250652494,1.00398790150585,1.0081426277128922,1.0061601630463772,1.0059127209396168,1.0063452815240153,1.0100632854606486,1.0061556408290147,1.00684379294182,1.004412919892482,1.0041056416479104,1.0108847053642425,1.0049452271526313,1.0089857082801763,1.0135957705196468,1.0104568761258284,1.0146506330864549,0.9964128609364202,0.9952693888545082,0.9973215789371863
r433,1.0075136761945764,1.0123050508225258,1.011640473567604,1.014695591275281,1.0139833184285727,1.0105543273089375,1.0000925197269113,0.9965641105093841,1.0035458960257033,0.9989624842150875,0.9995970078305227,0.9979885241424865,0.9972666426142481,0.9982881797474992,0.9969474433257027,0.9975203441947166,0.9999005733453715,0.9980485988945628,0.9980344712968526,0.9961676187209036,0.9958034184017014,0.9990646757518454,0.9994522148061201,1.0013465436446252,1.0028899202167234,1.0049360651578618,1.0025260275639756,1.0011914084144982,0.9992629736605207,1.0001088860009582,1.0015515717805328,0.9995111161993192,0.9975803618103012,0.9968270924499262,0.9972719806565954,1.0007767689501508,0.9992942488138072,1.0015907071229173,1.0024275516311658,0.9978827711692806,0.9990843811523611,0.9989025542641985,0.9991619580117622,0.9992472706199056,1.0004220794186347,1.0006915384844532,0.9988317292736941,1.0016515755452495,1.00321114326986,1.0,0.9989660863122037,1.0023829568959244,1.0024232250652494,1.00398790150585,1.0081426277128922,1.0061601630463772,1.0059127209396168,1.0063452815240153,1.0100632854606486,1.0061556408290147,1.00684379294182,1.004412919892482,1.0041056416479104,1.0108847053642425,1.0049452271526313,1.0089857082801763,1.0135957705196468,1.0104568761258284,1.0146506330864549,0.9964128609364202,0.9952693888545082,0.9973215789371863
r434,1.0001106119340992,1.0055942722111038,0.9987541559221201,1.0051299032504564,1.008146536680997,1.007467283223667,0.9974460209934692,0.9919052090504175,0.9982824425023141,0.9961173285829169,0.9941961924939001,0.9959215747900348,0.996735856580301,0.9978467115622164,0.9931767023220451,0.9956730298130013,0.9961001514626453,0.9968844507141525,1.000277194700266,0.9953193396422221,0.996701019190858,0.9942328086030334,1.0020018880123445,1.0012300292756717,1.006589888325711,0.994306549428715,0.9990125501705043,0.9949316980601055,0.9972862067069606,0.994450325918698,0.9993206235612453,0.9964547144530549,1.0031182190499444,1.0007951252190914,1.002511921303629,1.000838888561697,0.9947345811630289,0.9960128530201479,0.9950722892038748,0.992884803330881,0.9968986622135988,0.9985577148260358,0.9940376368860704,0.9926370227758795,0.9917714359222,0.994828486865731,0.9996363583907621,1.001836293586036,0.9999111310877353,1.0,0.9984392441344541,1.0045638940566848,1.0003048965016081,1.0003749565091615,1.007037142124518,1.0025432285323215,1.0062403668905335,1.0044388460485743,1.0072669242742565,1.006919761746718,1.0043496563215906,1.003567037566583,1.0061545340415035,1.009448270528204,1.0089945686745276,1.0088449070387748,1.0020254366962984,1.0060633567713086,1.008368813360726,0.9958533254549004,0.9943453651827814,0.9959784209102396
r435,1.011795520767146,1.0095705308383711,1.0149056145292434,1.0067944479773094,1.012351914242627,1.0149441202289098,1.018617744307226,1.0108121431658694,1.0176139698539741,1.0116687375001199,1.0138994091394598,1.012788087823264,1.0193993094143237,1.0101275176490578,1.0126733259598024,1.0111305785557132,1.0076891682301643,1.010894691609425,1.0172484002996636,1.012234140457147,1.012985942949608,1.0180126882654146,1.014882410754413,1.0142380422236783,1.0173003586007499,1.0080320010100299,1.0186394559289,1.0089504209436782,1.0144618019756024,1.0164978194914271,1.0067240537320967,1.0144793389721283,1.0179202742492819,1.0157050301249524,1.0104769713811472,1.0117001034795567,1.0151241632801316,1.0134523266190631,1.0133208573598766,1.0138555960019415,1.01377318788121,1.0102561917632755,1.0129259855194992,1.0113850102774604,1.0073376269257261,1.0058380115609453,1.0137268160015822,1.011152199205663,1.0031514091610112,1.0,1.006733305013664,1.0075986118437459,1.011852945843913,1.0090019351431103,1.016191807720837,1.00695214722744,1.0091140865568196,1.0113888996272344,1.0138672874345946,1.0089923336676074,1.010497502523567,1.005511969472475,1.0119662888307552,1.0116300597593664,1.0075623903482727,1.0055498943765904,1.0068545375068716,1.0087168023780686,1.007754551989065,1.0078385798095677,1.0074827687233705,1.0067819712465684
r436,1.982955496868103,1.9717641845577196,1.9864155574263531,1.9708937018171768,1.974128031364266,1.9953993293113093,1.982459592033381,1.970167165974513,1.9991279166258815,1.9874592753710667,1.9849954158739873,1.984750707409306,1.9908619715905012,1.9687501651631885,1.9948648406681468,1.986268412902651,1.9901914068648294,1.9935184955095142,1.9874596519889325,1.9866573408237405,1.9889596850352609,1.9921227899344554,1.9916765051738108,1.980907909064777,1.9780568768964142,1.994138263791458,1.980889647965089,1.987161808970109,1.985167116740183,1.9830981148698679,1.9880866925013088,1.97974916530135,1.9772833967692627,1.979510652406588,1.9894512709958958,1.982650532777347,1.986907006700723,1.9903073558169466,1.9926095529100478,1.9922059111036243,1.9891119156926091,1.9804930566019587,1.986148819793931,1.9963548712405688,1.9871750819056455,1.9971840300257366,1.984755025896157,1.988972165821481,1.9977485935595602,2.0,1.9853249593039388,1.98914986966279,1.9870679204270454,1.9902328433496361,1.9994683472279364,1.9917007995130196,1.9900228836023683,1.9901154786655766,1.9904901505666865,1.9965906384201375,1.9959920186741116,1.9979183137021836,1.9920617979452513,1.9948100740547847,1.9958781537997454,1.9909562863186365,1.9899077446540674,1.9846546985128666,1.9899842717570406,1.981075292327187,1.980716504413073,1.9813572734083311
r437,1.0403049526324677,1.0208763374835041,1.0211647459336308,0.9889797654329833,0.9856133078970808,0.9903200835949549,1.0090958685415727,1.0048161029335365,1.0057192409841869,1.0114229164500166,1.0014711596212726,1.0098531388114145,0.9825607268529758,0.9774794503995639,0.9750704401254773,1.0068640765827594,1.0025345345940224,1.0078800610652365,1.0067557549883501,1.0026508491190587,0.9992210749529096,0.9995648504169264,1.0060658022834335,1.0050025050030853,1.0057945284655208,0.9874448515824422,1.0126825603831833,1.011460164436845,1.0142755991295815,0.99369998348352,0.9997385925700455,1.009866526850764,1.004493763164138,1.0060761582921836,1.0009876791073566,0.988937349850729,1.0055924681920148,1.0086276329019632,0.9947499621659176,1.007493078398892,0.9914506305484018,0.9967983932229416,0.9997418219139044,1.009239564006593,1.0074080832455015,1.0174294532727914,1.0117342395015316,1.002491212056184,0.9954266581955654,1.0,0.9964515513841831,1.007859066010036,1.0074132585173212,1.003139598701741,0.9905957699617205,1.0000418358161565,0.9971943158296496,1.002792190600289,0.9968385418672472,1.0062702698426722,1.0,1.002722594372747,1.004586401734056,1.0009295378789416,1.0051781159267226,1.0,0.985957558404872,0.9883904729495625,0.9900384012530088,0.9993608024008903,1.001297566889182,1.0073510441170215
r438r,1.0,0.981722251117982,1.0,0.9733295022278545,0.975892470886004,1.0,0.9878877101846639,0.9829178649302509,0.9993333381328944,0.9948293944593476,0.9890771365853932,0.9907600916386905,0.9918410148064202,0.9721832778469512,1.0,0.9928384609976376,0.9957735929038246,1.0,0.999125646425949,0.9929721711877614,0.9920000309864418,1.0015452106148734,0.9997282780299962,0.9857063977239726,0.9836464097244656,0.9978989182861103,0.9866537181580196,0.9878277549620126,0.9916981511168582,0.987327228332796,0.9934714453272637,0.9861176804813574,0.9854242101915821,0.9921920592864313,0.9900936437135635,0.9891067477727075,0.9946991883795767,0.9983181870381047,0.9946330792952,0.9989828012818976,0.9901833936971831,0.991631590349792,0.9895358874591303,1.0,0.989186504331069,1.001522477125305,0.9871703012543641,0.9923160650515201,1.0,1.0,0.9842718481838051,0.9924811213422805,0.9926152023420641,0.9912165616433634,1.0014997727675374,0.9932519154225302,0.9903923630947968,0.9945269924174899,0.9918182814468754,0.998688737778272,0.9977970335480445,0.996444251148966,0.9963995804036287,0.9973492796573816,1.0,0.9931163523175062,0.9868058786460444,0.9854146794980594,0.986962900316183,0.9863778857704482,0.9855745357904647,0.9866403351936339
r439,0.9903571282242649,0.9984541596647816,0.9952152949926527,0.9932294119369556,1.001324874296293,0.9998946302279538,1.011535949906439,1.0012880652904983,1.0058327066233368,1.0056180375741919,1.0046264678049532,1.003442006181657,1.0061646397751813,1.0024773802382623,1.0061735280445268,1.0011989744110992,0.9963922140188988,1.0007910271574405,1.0045214578412698,1.0025067663549385,1.0073854424833149,1.001988070631208,1.0009607746690308,1.008709260403818,1.002451212055238,0.9927727689289154,1.0038071630226042,1.004767616998686,1.0041987724237056,1.0028193459642225,0.9953174339243889,0.9964676757766034,0.996789213315707,0.9982851405730568,1.003116316713244,0.9986864450114248,0.9995010954157546,1.0042978141858863,1.0016313176712128,1.0000202621100858,1.0038545019646579,1.0020191468773372,0.9984127564868019,1.004142084969973,1.0013673288873928,1.0023479879783936,1.0035244131669885,1.00370558050587,0.9998377598003813,1.0,0.9978621952382074,1.0012157583722339,1.0020749264047184,0.9964030180461683,1.0075398434935015,1.0076179508961347,1.005402975196124,1.0037915203860013,1.0012878951610917,0.9989154354637926,1.0038841006891022,1.0023548791809644,1.0015304816652593,1.006985968936673,1.0010643907144132,1.0022364733545162,1.0036891235794105,1.0031955257298275,1.000318699488731,0.9944210155405044,0.9964659463372394,0.9979373020711307
r440,0.9962794790634341,1.0012083723861915,1.0012540564112782,0.9971903305990172,0.9997476079227404,1.0011356734731902,1.0132727249461766,1.0083742140739158,1.0117819361064242,1.0069264733809344,1.0120332488845099,1.0124483272112335,1.0077377287971179,1.0007309524659471,1.0059936217979624,1.002153234798847,1.00107431031347,1.0030749369527103,1.0130442948151623,1.0103596901890173,1.0119407991410543,1.0133981047255451,1.0132690839999703,1.0069555169061772,1.0092928889500337,1.0063873879230247,1.0123231558298653,1.0147419392171564,1.018315275854741,1.0142883876638291,1.0081126348399891,1.006600274358378,1.006921466942637,1.007570464169535,1.0094635263825378,1.010760174155869,1.0117659717264762,1.0152174446060929,1.0164111047912856,1.00891371281049,1.0123672596389033,1.010336770495495,1.0068363037564991,1.0112743303166372,1.0107109737962223,0.9990013440679428,1.0046447051008391,0.9990477391308089,0.9962569166786002,1.0,0.996136248886393,1.007888203161544,0.9981890413802125,1.0076674856350578,1.0021694241857502,0.9961759579334555,1.0024045144800864,0.9989837803116013,1.0025348054335323,0.9962499157533578,0.9929923681802489,1.0013615330744394,1.0002891060190704,1.0019170243551787,0.9905135438134891,0.9931031473812855,0.9966224499841446,0.9967401676681298,0.9985871671171491,1.0036900729066374,1.0075752195937493,1.0023614707251014
r441,1.0154379600469565,1.02301215332488,1.0251924039499736,1.0255377780397745,1.0264722510817856,1.0233156705255557,1.014246668827098,1.006624922495165,1.0161164590600569,1.0067556662350123,1.0084008056950162,1.008656002113278,1.0150140887585273,1.0068325946509884,1.00948886748795,1.0056765774628542,1.0043678810608458,1.0062280912035868,1.013638979735225,1.0097257589638566,1.0057704921353483,1.0066323922869698,1.0106326182647398,1.015596310294857,1.022793362922198,1.0118744613562922,1.0161232591857332,0.9966006994876169,1.0103155274640383,1.0122004229402028,0.9916310826959541,1.0097404360857902,1.011035633407937,1.0077317754054043,1.009239998600177,1.004503141764766,1.0109812893437475,1.0081177104159933,1.0079248852489038,1.0117847524972634,1.0087335291769124,1.0103158011291469,1.0082525915515093,1.0081842086730268,1.0070649693653233,1.0085064577490999,1.0090669183837457,1.0110946846789102,1.0034279123764611,1.0,1.0073413361614645,1.0012321599713496,1.0081279924306241,1.0051714123155904,1.0099617501818938,1.0035242002751081,1.0097986169024107,1.0070296853788694,1.0044229144126346,1.0003828450439645,1.0062320878895292,1.0070188158077196,1.009234434314853,1.0138761399189935,1.0030965419038362,1.0057981058478256,1.014010076222252,1.0180518841830382,1.010843858494827,1.0042187249186165,1.000589699159062,1.0058386563606116
r442,1.0101668605328562,1.0199169554751069,1.0349025550973294,1.0004828435585313,0.9944304483036965,1.0115438774866174,1.0093615593087435,1.001888080067189,1.0213781126043706,1.0015722755456706,1.012511115422142,1.0099109239636237,1.0041073127327524,1.0088429909233338,1.0155757175198787,1.0060441903969846,1.0132758320670854,1.0101392394304594,1.0114980081467686,1.0073915312184056,1.003030434212739,1.016523492099274,1.0095232439530164,1.0114811813627,1.0498588775746025,1.0124589198558136,1.0095390067324188,1.0185694602139337,1.0100026979375143,1.0097023835828232,1.0177412497074418,1.006242211705343,1.0103665749952728,1.014229689758145,1.0235972180930621,1.0110680534145686,1.0104726943113365,1.0071083869377988,1.0134072682375808,1.0112496829920055,1.0108452454357462,1.0020274653796049,1.0146016001400235,1.0104415055921394,1.0120680920181595,0.99899320373842,1.015536822687959,1.0124234033615227,1.0101224298319273,1.0,0.995212393523338,1.003226094727276,1.0094237090773344,1.0125016689412172,1.001395125647992,1.0318063661182206,1.0103997800076907,1.0150504604353126,1.0177781737716687,0.9926330490066068,1.0079305506440157,1.0049660712031405,1.0062128437560685,1.0126693163750915,1.009173730423029,1.0222507625586463,0.9961403100851878,0.998314594592461,1.0010792181074817,1.0178509255126822,0.9990360653433188,1.0076475576772097
r443,0.9903571282242649,0.9984541596647816,0.9952152949926527,0.9932294119369556,1.001324874296293,0.9998946302279538,1.011535949906439,1.0012880652904983,1.0058327066233368,1.0056180375741919,1.0046264678049532,1.003442006181657,1.0061646397751813,1.0024773802382623,1.0061735280445268,1.0011989744110992,0.9963922140188988,1.0007910271574405,1.0045214578412698,1.0025067663549385,1.0073854424833149,1.001988070631208,1.0009607746690308,1.008709260403818,1.002451212055238,0.9927727689289154,1.0038071630226042,1.004767616998686,1.0041987724237056,1.0028193459642225,0.9953174339243889,0.9964676757766034,0.996789213315707,0.9982851405730568,1.003116316713244,0.9986864450114248,0.9995010954157546,1.0042978141858863,1.0016313176712128,1.0000202621100858,1.0038545019646579,1.0020191468773372,0.9984127564868019,1.004142084969973,1.0013673288873928,1.0023479879783936,1.0035244131669885,1.00370558050587,0.9998377598003813,1.0,0.9978621952382074,1.0012157583722339,1.0020749264047184,0.9964030180461683,1.0075398434935015,1.0076179508961347,1.005402975196124,1.0037915203860013,1.0012878951610917,0.9989154354637926,1.0038841006891022,1.0023548791809644,1.0015304816652593,1.006985968936673,1.0010643907144132,1.0022364733545162,1.0036891235794105,1.0031955257298275,1.000318699488731,0.9944210155405044,0.9964659463372394,0.9979373020711307
r444,1.982955496868103,1.9717641845577196,1.9864155574263531,1.9708937018171768,1.974128031364266,1.9953993293113093,1.982459592033381,1.970167165974513,1.9991279166258815,1.9874592753710667,1.9849954158739873,1.984750707409306,1.9908619715905012,1.9687501651631885,1.9948648406681468,1.986268412902651,1.9901914068648294,1.9935184955095142,1.9874596519889325,1.9866573408237405,1.9889596850352609,1.9921227899344554,1.9916765051738108,1.980907909064777,1.9780568768964142,1.994138263791458,1.980889647965089,1.987161808970109,1.985167116740183,1.9830981148698679,1.9880866925013088,1.97974916530135,1.9772833967692627,1.979510652406588,1.9894512709958958,1.982650532777347,1.986907006700723,1.9903073558169466,1.9926095529100478,1.9922059111036243,1.9891119156926091,1.9804930566019587,1.986148819793931,1.9963548712405688,1.9871750819056455,1.9971840300257366,1.984755025896157,1.988972165821481,1.9977485935595602,2.0,1.9853249593039388,1.98914986966279,1.9870679204270454,1.9902328433496361,1.9994683472279364,1.9917007995130196,1.9900228836023683,1.9901154786655766,1.9904901505666865,1.9965906384201375,1.9959920186741116,1.9979183137021836,1.9920617979452513,1.9948100740547847,1.9958781537997454,1.9909562863186365,1.9899077446540674,1.9846546985128666,1.9899842717570406,1.981075292327187,1.980716504413073,1.9813572734083311
r445,1.0403049526324677,1.0208763374835041,1.0211647459336308,0.9889797654329833,0.9856133078970808,0.9903200835949549,1.0090958685415727,1.0048161029335365,1.0057192409841869,1.0114229164500166,1.0014711596212726,1.0098531388114145,0.9825607268529758,0.9774794503995639,0.9750704401254773,1.0068640765827594,1.0025345345940224,1.0078800610652365,1.0067557549883501,1.0026508491190587,0.9992210749529096,0.9995648504169264,1.0060658022834335,1.0050025050030853,1.0057945284655208,0.9874448515824422,1.0126825603831833,1.011460164436845,1.0142755991295815,0.99369998348352,0.9997385925700455,1.009866526850764,1.004493763164138,1.0060761582921836,1.0009876791073566,0.988937349850729,1.0055924681920148,1.0086276329019632,0.9947499621659176,1.007493078398892,0.9914506305484018,0.9967983932229416,0.9997418219139044,1.009239564006593,1.0074080832455015,1.0174294532727914,1.0117342395015316,1.002491212056184,0.9954266581955654,1.0,0.9964515513841831,1.007859066010036,1.0074132585173212,1.003139598701741,0.9905957699617205,1.0000418358161565,0.9971943158296496,1.002792190600289,0.9968385418672472,1.0062702698426722,1.0,1.002722594372747,1.004586401734056,1.0009295378789416,1.0051781159267226,1.0,0.985957558404872,0.9883904729495625,0.9900384012530088,0.9993608024008903,1.001297566889182,1.0073510441170215
r447,1.0101668605328562,1.0199169554751069,1.0349025550973294,1.0004828435585313,0.9944304483036965,1.0115438774866174,1.0093615593087435,1.001888080067189,1.0213781126043706,1.0015722755456706,1.012511115422142,1.0099109239636237,1.0041073127327524,1.0088429909233338,1.0155757175198787,1.0060441903969846,1.0132758320670854,1.0101392394304594,1.0114980081467686,1.0073915312184056,1.003030434212739,1.016523492099274,1.0095232439530164,1.0114811813627,1.0498588775746025,1.0124589198558136,1.0095390067324188,1.0185694602139337,1.0100026979375143,1.0097023835828232,1.0177412497074418,1.006242211705343,1.0103665749952728,1.014229689758145,1.0235972180930621,1.0110680534145686,1.0104726943113365,1.0071083869377988,1.0134072682375808,1.0112496829920055,1.0108452454357462,1.0020274653796049,1.0146016001400235,1.0104415055921394,1.0120680920181595,0.99899320373842,1.015536822687959,1.0124234033615227,1.0101224298319273,1.0,0.995212393523338,1.003226094727276,1.0094237090773344,1.0125016689412172,1.001395125647992,1.0318063661182206,1.0103997800076907,1.0150504604353126,1.0177781737716687,0.9926330490066068,1.0079305506440157,1.0049660712031405,1.0062128437560685,1.0126693163750915,1.009173730423029,1.0222507625586463,0.9961403100851878,0.998314594592461,1.0010792181074817,1.0178509255126822,0.9990360653433188,1.0076475576772097
r450,1.0101668605328562,1.0199169554751069,1.0349025550973294,1.0004828435585313,0.9944304483036965,1.0115438774866174,1.0093615593087435,1.001888080067189,1.0213781126043706,1.0015722755456706,1.012511115422142,1.0099109239636237,1.0041073127327524,1.0088429909233338,1.0155757175198787,1.0060441903969846,1.0132758320670854,1.0101392394304594,1.0114980081467686,1.0073915312184056,1.003030434212739,1.016523492099274,1.0095232439530164,1.0114811813627,1.0498588775746025,1.0124589198558136,1.0095390067324188,1.0185694602139337,1.0100026979375143,1.0097023835828232,1.0177412497074418,1.006242211705343,1.0103665749952728,1.014229689758145,1.0235972180930621,1.0110680534145686,1.0104726943113365,1.0071083869377988,1.0134072682375808,1.0112496829920055,1.0108452454357462,1.0020274653796049,1.0146016001400235,1.0104415055921394,1.0120680920181595,0.99899320373842,1.015536822687959,1.0124234033615227,1.0101224298319273,1.0,0.995212393523338,1.003226094727276,1.0094237090773344,1.0125016689412172,1.001395125647992,1.0318063661182206,1.0103997800076907,1.0150504604353126,1.0177781737716687,0.9926330490066068,1.0079305506440157,1.0049660712031405,1.0062128437560685,1.0126693163750915,1.009173730423029,1.0222507625586463,0.9961403100851878,0.998314594592461,1.0010792181074817,1.0178509255126822,0.9990360653433188,1.0076475576772097
r452r,1.0103518807357705,1.02010802349299,1.0172595621266836,1.0020294653480566,1.0152121943664034,1.0069619029541401,1.0098141807949217,1.0007559025177375,1.0107882527511103,1.0028634991375749,1.0055789650977047,1.0017618262817392,0.9957474862585649,0.9903776087759689,0.9955709742977702,1.0079244952923512,1.007216366125442,1.009242031899639,1.0115045434515952,1.0031370102950066,1.0111204107095584,1.0108852303620568,1.015297575705818,1.0062712631980617,1.0090870623986545,0.9935145658831718,1.0064270851762869,1.008321751567657,1.0029132175962856,1.0028937044480897,0.9950231416482039,1.0060207539376695,0.9961586187590183,1.0035355739848035,0.9997922105466134,1.005377145466959,1.0072111718958654,1.01045449933385,1.0044378321395573,1.0012719285775888,1.006308722319298,1.0091428399240374,1.0006696544040659,1.0050659806118174,1.000809369816305,1.0116823322689885,1.0099322163358826,1.001816876839654,0.9890420757688436,1.0,1.0022984318957695,1.0036426788040638,1.0077305458890347,1.0000008764640422,1.0054923442342136,1.008522146185912,1.0003607048985825,1.002302148285735,1.0037270462787768,0.9967514783648219,1.0012200558363982,1.0045869858001333,1.0033539403766008,1.008934488281202,0.9991129336176691,1.0034598525062173,1.0027810299918671,1.0067401684014279,0.9984346473856847,0.9893953446901287,0.9925897993679552,1.0005949949027961
r453,1.0103518807357705,1.02010802349299,1.0172595621266836,1.0020294653480566,1.0152121943664034,1.0069619029541401,1.0098141807949217,1.0007559025177375,1.0107882527511103,1.0028634991375749,1.0055789650977047,1.0017618262817392,0.9957474862585649,0.9903776087759689,0.9955709742977702,1.0079244952923512,1.007216366125442,1.009242031899639,1.0115045434515952,1.0031370102950066,1.0111204107095584,1.0108852303620568,1.015297575705818,1.0062712631980617,1.0090870623986545,0.9935145658831718,1.0064270851762869,1.008321751567657,1.0029132175962856,1.0028937044480897,0.9950231416482039,1.0060207539376695,0.9961586187590183,1.0035355739848035,0.9997922105466134,1.005377145466959,1.0072111718958654,1.01045449933385,1.0044378321395573,1.0012719285775888,1.006308722319298,1.0091428399240374,1.0006696544040659,1.0050659806118174,1.000809369816305,1.0116823322689885,1.0099322163358826,1.001816876839654,0.9890420757688436,1.0,1.0022984318957695,1.0036426788040638,1.0077305458890347,1.0000008764640422,1.0054923442342136,1.008522146185912,1.0003607048985825,1.002302148285735,1.0037270462787768,0.9967514783648219,1.0012200558363982,1.0045869858001333,1.0033539403766008,1.008934488281202,0.9991129336176691,1.0034598525062173,1.0027810299918671,1.0067401684014279,0.9984346473856847,0.9893953446901287,0.9925897993679552,1.0005949949027961
r479,0.9876978734091473,0.9859707642739018,0.9885422128202282,1.0000919414112888,0.9988727583884723,0.9974222685485505,0.9969415082289648,0.9944772587427605,0.997346207811611,0.9942149411286803,0.9957372614767883,0.9970357005591964,0.9932483312686464,0.9927665917910771,0.9891124809616832,0.9955037335923873,0.9974261375476986,0.9968459699851255,0.9955055259775542,0.9945621522118374,0.9959070280274681,0.9942401607651238,0.9979989866750609,0.9974141107655157,0.9961235923838663,0.9964852269559082,0.9961433254808452,0.9941586379056665,0.9953913658098398,0.9961176469874796,0.9994841853190812,1.0024129815102423,1.0000484316953673,0.9957377159798012,1.001172213028527,1.0007875899803358,0.9954161252586915,0.9949225023415711,0.999597459954836,0.994643037596113,0.9961632325330367,0.9958697038254853,0.9948476163922535,0.9923743748583461,0.9958627901691659,0.9930005551396387,0.9976139311453208,1.0005112012938244,0.993133135464078,1.0,0.9999496745672227,1.0058753815626402,1.0056903409566111,1.0064632395664261,1.0084618567546437,1.0047223380107522,1.0061030522059589,1.0047844011987748,1.0082514902939386,1.0069324377228892,1.0057962546783443,1.0066041768059635,1.0077124734809297,1.00746436537377,1.0064940058687084,1.0055462328552918,1.00638208409195,1.0065974916891718,1.0060080680720618,0.9965290574276247,0.9957618092135418,0.9844861582206066
r480,1.014847852342073,1.0170301995843685,1.0167748603776068,1.0186219164975294,1.0154229550954976,1.0155039721660497,0.9996002655769642,0.9975547413656803,1.0013144757673589,0.9985971303917893,0.9978191286004249,1.0004119872816946,1.0144835289456002,1.016733714066095,1.0084828138327828,1.0035781973205091,1.004521122534603,1.0022597873758776,1.0002613929109372,0.9960469007604094,0.9975009943187413,0.9982909641579504,1.003906035623047,1.0010404145767453,1.0053813064913908,1.0046156813408313,1.004915504153782,1.0022192929834417,1.0024122799601836,1.0054959672337906,1.000216659187512,0.9966004554023169,0.9960406248886615,0.992349287209569,0.9937382922154209,0.9978464453033845,0.9996730253330554,1.0010487095881355,1.0057977388912238,1.0019029641542168,1.0034336019573538,0.999022861131627,1.0032515375853712,1.000575500581012,1.0018413084546962,1.0014318888885487,0.998607323411801,0.9993839178339223,1.0037982358252908,1.0,0.9977109998275367,0.993798535107525,0.994038772261599,0.9919447828344264,1.0002591073584404,0.9942165508425328,0.9956210803427087,0.9960659575287202,0.9983606999892989,0.9962108893466527,0.9968076889800146,0.9952965579538581,0.9929262163598497,1.001662038995775,0.9992428161476277,0.995042607909638,1.0019091334692871,1.0043962668526694,1.0092142223495504,0.9980221887090858,1.0003201477259498,0.9983896832535442
r481,2.002210605661412,2.0134626086786014,2.013691873273582,2.0068521553266327,2.008154857343273,1.999836292824284,2.0011710242512613,1.999195345428396,2.0058853963856578,2.0038172995254735,2.0015295996799107,2.0036971043929634,2.02270978973534,2.0222596457883917,2.008610954459267,2.0020430694220943,2.006864872018049,2.00892672146173,2.0065854643786873,1.9986405747881146,2.003708436301961,2.0040085927841527,2.013511823729006,2.004046009147726,2.0033176083714177,2.00748172556629,2.0068970947984934,2.0062006501283003,2.0061498383135548,2.011907705625456,2.012070547982109,1.996731977918676,2.0025094516938995,2.00039327126943,2.0042722080777033,2.0110022343644247,2.0060457279975887,2.0187943165343065,2.0088973182040357,2.006713977576175,2.0010404366453893,2.000335133713926,2.007644205807078,2.0108023089535845,2.004250954571905,1.9941470859009598,1.9918784097762794,1.9985380678395706,2.002779048473136,2.0,1.999615426165446,1.9966646111538293,1.9883471779833517,1.9977408680320812,2.0007861974057355,1.992763413724223,1.997843459495091,1.9895319568001104,1.9921619254813805,1.9936176402476429,2.0007177381896497,1.9951697623535602,1.989366328889269,2.0040321892544934,1.9959114731354006,1.9930345085943881,1.9932972372383913,1.999785265723771,2.009062523564229,2.005476246598449,2.002071830788156,1.9982167702648184
r482,0.9892583743267994,0.9978932792699609,0.998281018220292,0.9940967550063068,0.9947611847764494,0.9986275957199412,0.9852730685721941,0.985028813218913,0.9922975489388559,0.988462174806612,0.987856951671297,0.9888052321910742,0.9909988008288302,0.98839396669795,0.9856996330008106,0.9926159667726318,0.9899400846453407,0.9866965017580671,0.9878469375363219,0.9902558287126185,0.9883515659193495,0.9872581297674483,0.9918001869754911,0.9888723289342846,0.9928614029986257,0.996696434990319,0.9934360366438048,0.9867850520204975,0.9919372364263132,0.9886518345721484,0.9951843659929304,0.9902567641177323,0.9899511490795582,0.9891795782865359,0.9941865051337675,0.992529714033127,0.9883102074168906,0.9907467218561693,0.9932790656554028,0.9863404309008996,0.9898305484623361,0.9901156588542803,0.9903931203484097,0.9938131194567043,0.9920722728860685,0.9929574898295515,0.9942059205967951,0.9953975788916577,1.0017739668342107,1.0,0.9945324816823469,0.9950238089719521,0.9970580216102679,0.9996392304226158,1.0035434146299802,1.0018244491727222,1.0009370461220752,1.0032071906235835,1.0064209235785713,0.9995397437038204,1.0013568383866445,1.0021773448236209,1.0019375398054138,1.0042251907215256,1.0007812770263045,1.0059647599264456,1.0014823503632768,1.0056227495073895,1.0070649576229151,0.995255543326815,0.99683934689565,0.9946262259721423
r483,1.0157726006515446,1.0307061393185362,1.029152758469098,1.0145337167652637,1.024524089922555,1.0210002840188703,1.0005969308767313,1.0195314784500662,1.0117764244969039,1.0184710102147254,1.0003752565018456,1.0179241893379294,0.9956039847785872,1.0004575296326248,1.0030490571194906,1.0141418215127023,1.0185483807604145,1.0202540913606766,0.998829546593981,1.0032586559139203,1.0126756916726611,1.02009178938738,1.0038524599889795,1.0117547489007122,0.9961781014052885,1.004476017983698,1.0214191215215984,1.0284636252650863,1.0113999209550748,0.9988099670384756,1.0226143849196108,1.0092549826894974,0.9856579827066643,0.9983569557565065,1.0172623245456371,1.0019438306062216,1.0042066240590022,1.0100227969607507,1.0050546121957344,1.0041871497124812,1.0150400474060852,1.0069657617466319,1.0181542567873312,0.9980438155041734,1.0200914695724168,1.0001278071302797,1.0105417565344752,0.9963274093043559,0.9991279963485626,1.0,0.9988219897892233,1.0076156411042125,0.994852754078992,1.0037324113242034,1.0059349235236912,1.0054528263249156,0.9923765911904172,1.0091645333503545,1.020237877839572,1.0131681331696232,1.0050574233426313,1.0078128655943392,1.0045960864468226,1.0147038909908168,1.0038161219449908,1.0008323428246704,1.004481488434349,1.0100593565682516,1.012049545170362,1.0030890125047551,1.0137112361734844,0.9963010670229548
r484,0.9978050678900953,1.0071104149856995,1.0031874097491122,1.0030661728262018,1.0011924739096916,0.9979818936555445,1.0062963180912823,1.0068203545225956,1.004349162908232,1.0069866120052766,1.0050678262200825,1.0071674995111952,1.001859662259832,0.9980975376923037,0.9942808318629421,1.0009607925540578,1.0071743812404497,1.0033546879376603,1.0026138277027503,1.0025161201558341,1.0054364804615046,1.0039633394250675,1.0065317733111239,1.009198305470943,1.0018040764883742,1.0047704497213268,1.0042619127520915,1.0044967834865242,1.0049021257583322,1.005910047342808,1.0106394876539901,1.0061384621030354,1.0099680391793309,1.0053933390154302,1.0071755361929144,1.0083615286448,1.0048856217859032,1.004531785781953,1.0076404986967322,1.0030026786214068,1.0036517392948743,1.010258022259811,1.0009492248651792,1.0035084935580254,1.0055059253149663,1.0096924829822744,0.9973101360115234,1.005760651990892,1.0016538037926421,1.0,1.000815286130695,1.0044421716731644,1.0018897086040193,1.007134143236576,0.9980847778336918,1.0008494937805676,1.0018662939033454,1.0006164442464276,0.9984511468957054,1.0006565129950424,1.0027754221627472,0.9943723652096352,0.9978890773122595,1.0064475232285046,1.003849439223602,1.0021536513444071,1.0009505051273724,1.000849284283587,0.999122572815214,1.000612553331503,1.003075581127826,1.0041497316693913
r485r,1.0131136502336782,1.0241449113435248,0.9931932670788575,1.0102360725909523,1.0180852718934756,1.0077552147406927,1.0107274289979227,1.009960694609533,1.0146425738795497,1.0048917936093937,1.0022589927908867,1.018142953015863,1.009056206101802,1.005428137189413,0.9958511923184257,1.0169921224258411,1.016506726665536,1.0107218613168032,1.0023253219019577,1.0054333486673903,1.0053234300303775,1.00900698466493,1.0168706704272392,1.0074345954688133,1.0087574985883474,1.0054722654223902,1.006148821158012,1.011882033916219,0.9932717211595397,1.0016252577118543,1.0207472626654355,1.0145749686666334,1.014597283542291,0.9941209470307465,1.0187057359945988,1.0106191620923644,1.0126661995417874,1.0074728070474999,0.9998084062720528,0.9962767859526563,1.0062088320459341,1.0022738396784632,1.0074108107702144,1.010723525796993,0.9990870966262112,0.9764043906451152,0.9956797726682738,1.0096423236118213,1.0047234805751664,1.0,1.007855265378189,1.0084197153911314,1.0054484755949147,1.0045976212246497,1.0039055736736047,1.0074204545328942,1.0139560561107785,1.0043407918635177,1.006917753416595,0.9965783677702014,1.0084503333824817,1.007328888839534,1.0051117118430855,1.0113892353087706,1.0114540863993926,1.0128475077001142,1.0049716492632006,1.0102016240635934,0.990200866494661,0.9902917901861346,1.008803001790288,1.000174769028612
r486,1.982955496868103,1.9717641845577196,1.9864155574263531,1.9708937018171768,1.974128031364266,1.9953993293113093,1.982459592033381,1.970167165974513,1.9991279166258815,1.9874592753710667,1.9849954158739873,1.984750707409306,1.9908619715905012,1.9687501651631885,1.9948648406681468,1.986268412902651,1.9901914068648294,1.9935184955095142,1.9874596519889325,1.9866573408237405,1.9889596850352609,1.9921227899344554,1.9916765051738108,1.980907909064777,1.9780568768964142,1.994138263791458,1.980889647965089,1.987161808970109,1.985167116740183,1.9830981148698679,1.9880866925013088,1.97974916530135,1.9772833967692627,1.979510652406588,1.9894512709958958,1.982650532777347,1.986907006700723,1.9903073558169466,1.9926095529100478,1.9922059111036243,1.9891119156926091,1.9804930566019587,1.986148819793931,1.9963548712405688,1.9871750819056455,1.9971840300257366,1.984755025896157,1.988972165821481,1.9977485935595602,2.0,1.9853249593039388,1.98914986966279,1.9870679204270454,1.9902328433496361,1.9994683472279364,1.9917007995130196,1.9900228836023683,1.9901154786655766,1.9904901505666865,1.9965906384201375,1.9959920186741116,1.9979183137021836,1.9920617979452513,1.9948100740547847,1.9958781537997454,1.9909562863186365,1.9899077446540674,1.9846546985128666,1.9899842717570406,1.981075292327187,1.980716504413073,1.9813572734083311
r487,0.9903571282242649,0.9984541596647816,0.9952152949926527,0.9932294119369556,1.001324874296293,0.9998946302279538,1.011535949906439,1.0012880652904983,1.0058327066233368,1.0056180375741919,1.0046264678049532,1.003442006181657,1.0061646397751813,1.0024773802382623,1.0061735280445268,1.0011989744110992,0.9963922140188988,1.0007910271574405,1.0045214578412698,1.0025067663549385,1.0073854424833149,1.001988070631208,1.0009607746690308,1.008709260403818,1.002451212055238,0.9927727689289154,1.0038071630226042,1.004767616998686,1.0041987724237056,1.0028193459642225,0.9953174339243889,0.9964676757766034,0.996789213315707,0.9982851405730568,1.003116316713244,0.9986864450114248,0.9995010954157546,1.0042978141858863,1.0016313176712128,1.0000202621100858,1.0038545019646579,1.0020191468773372,0.9984127564868019,1.004142084969973,1.0013673288873928,1.0023479879783936,1.0035244131669885,1.00370558050587,0.9998377598003813,1.0,0.9978621952382074,1.0012157583722339,1.0020749264047184,0.9964030180461683,1.0075398434935015,1.0076179508961347,1.005402975196124,1.0037915203860013,1.0012878951610917,0.9989154354637926,1.0038841006891022,1.0023548791809644,1.0015304816652593,1.006985968936673,1.0010643907144132,1.0022364733545162,1.0036891235794105,1.0031955257298275,1.000318699488731,0.9944210155405044,0.9964659463372394,0.9979373020711307
r488,1.0246094620268797,1.0239441675027505,1.022949841531792,1.0156596978405197,1.0149364197546193,1.0184010166637887,1.003138186858966,1.008238652764778,1.0083427441597832,1.0056078061011577,1.0053780785856226,1.0046576525198732,1.0035744991075637,1.0010267291964907,1.000925148058879,1.0067221180410044,1.0065339493592964,1.0137946696008289,1.005269145383691,1.0028235354964163,1.005736618556141,1.0067176378839229,1.004634828658707,1.0048844226635942,1.0057891887340216,1.0035384422707239,1.0077199938711185,1.0094882246343313,1.0087793741548863,1.0088196216906424,1.0076648873421277,1.0040520198363982,1.0023852497330499,1.0043124344153764,1.0057340651825417,1.0084779361380332,1.0071038472349403,1.0083014495248048,1.005964593757474,1.0002147541999744,1.0091611975422108,0.9967877074676971,1.0022336768756777,1.0035024186845865,1.007730373275291,1.0025480332586667,0.9986321798259764,0.9998306402065146,1.0048179306103295,1.0,1.0018974471935809,0.9999030614880824,0.9981023063987128,0.9999480105903478,0.9999788668623752,1.0019538339771517,0.9954549711298664,0.9988071028229599,1.0008649339415145,0.9962764500590287,0.994728430373022,1.0004397973579948,1.0053359051298796,1.0056507772064613,0.9966000214792722,0.9984560401264954,1.0090368518499857,1.0097967682780336,1.0071397028484175,1.0005618333633322,1.0045056189793173,1.0041301663149966
r489,1.0246094620268797,1.0239441675027505,1.022949841531792,1.0156596978405197,1.0149364197546193,1.0184010166637887,1.003138186858966,1.008238652764778,1.0083427441597832,1.0056078061011577,1.0053780785856226,1.0046576525198732,1.0035744991075637,1.0010267291964907,1.000925148058879,1.0067221180410044,1.0065339493592964,1.0137946696008289,1.005269145383691,1.0028235354964163,1.005736618556141,1.0067176378839229,1.004634828658707,1.0048844226635942,1.0057891887340216,1.0035384422707239,1.0077199938711185,1.0094882246343313,1.0087793741548863,1.0088196216906424,1.0076648873421277,1.0040520198363982,1.0023852497330499,1.0043124344153764,1.0057340651825417,1.0084779361380332,1.0071038472349403,1.0083014495248048,1.005964593757474,1.0002147541999744,1.0091611975422108,0.9967877074676971,1.0022336768756777,1.0035024186845865,1.007730373275291,1.0025480332586667,0.9986321798259764,0.9998306402065146,1.0048179306103295,1.0,1.0018974471935809,0.9999030614880824,0.9981023063987128,0.9999480105903478,0.9999788668623752,1.0019538339771517,0.9954549711298664,0.9988071028229599,1.0008649339415145,0.9962764500590287,0.994728430373022,1.0004397973579948,1.0053359051298796,1.0056507772064613,0.9966000214792722,0.9984560401264954,1.0090368518499857,1.0097967682780336,1.0071397028484175,1.0005618333633322,1.0045056189793173,1.0041301663149966
r490r,0.9903571282242649,0.9984541596647816,0.9952152949926527,0.9932294119369556,1.001324874296293,0.9998946302279538,1.011535949906439,1.0012880652904983,1.0058327066233368,1.0056180375741919,1.0046264678049532,1.003442006181657,1.0061646397751813,1.0024773802382623,1.0061735280445268,1.0011989744110992,0.9963922140188988,1.0007910271574405,1.0045214578412698,1.0025067663549385,1.0073854424833149,1.001988070631208,1.0009607746690308,1.008709260403818,1.002451212055238,0.9927727689289154,1.0038071630226042,1.004767616998686,1.0041987724237056,1.0028193459642225,0.9953174339243889,0.9964676757766034,0.996789213315707,0.9982851405730568,1.003116316713244,0.9986864450114248,0.9995010954157546,1.0042978141858863,1.0016313176712128,1.0000202621100858,1.0038545019646579,1.0020191468773372,0.9984127564868019,1.004142084969973,1.0013673288873928,1.0023479879783936,1.0035244131669885,1.00370558050587,0.9998377598003813,1.0,0.9978621952382074,1.0012157583722339,1.0020749264047184,0.9964030180461683,1.0075398434935015,1.0076179508961347,1.005402975196124,1.0037915203860013,1.0012878951610917,0.9989154354637926,1.0038841006891022,1.0023548791809644,1.0015304816652593,1.006985968936673,1.0010643907144132,1.0022364733545162,1.0036891235794105,1.0031955257298275,1.000318699488731,0.9944210155405044,0.9964659463372394,0.9979373020711307
r491,1.982955496868103,1.9717641845577196,1.9864155574263531,1.9708937018171768,1.974128031364266,1.9953993293113093,1.982459592033381,1.970167165974513,1.9991279166258815,1.9874592753710667,1.9849954158739873,1.984750707409306,1.9908619715905012,1.9687501651631885,1.9948648406681468,1.986268412902651,1.9901914068648294,1.9935184955095142,1.9874596519889325,1.9866573408237405,1.9889596850352609,1.9921227899344554,1.9916765051738108,1.980907909064777,1.9780568768964142,1.994138263791458,1.980889647965089,1.987161808970109,1.985167116740183,1.9830981148698679,1.9880866925013088,1.97974916530135,1.9772833967692627,1.979510652406588,1.9894512709958958,1.982650532777347,1.986907006700723,1.9903073558169466,1.9926095529100478,1.9922059111036243,1.9891119156926091,1.9804930566019587,1.986148819793931,1.9963548712405688,1.9871750819056455,1.9971840300257366,1.984755025896157,1.988972165821481,1.9977485935595602,2.0,1.9853249593039388,1.98914986966279,1.9870679204270454,1.9902328433496361,1.9994683472279364,1.9917007995130196,1.9900228836023683,1.9901154786655766,1.9904901505666865,1.9965906384201375,1.9959920186741116,1.9979183137021836,1.9920617979452513,1.9948100740547847,1.9958781537997454,1.9909562863186365,1.9899077446540674,1.9846546985128666,1.9899842717570406,1.981075292327187,1.980716504413073,1.9813572734083311
r492r,1.0131136502336782,1.0241449113435248,0.9931932670788575,1.0102360725909523,1.0180852718934756,1.0077552147406927,1.0107274289979227,1.009960694609533,1.0146425738795497,1.0048917936093937,1.0022589927908867,1.018142953015863,1.009056206101802,1.005428137189413,0.9958511923184257,1.0169921224258411,1.016506726665536,1.0107218613168032,1.0023253219019577,1.0054333486673903,1.0053234300303775,1.00900698466493,1.0168706704272392,1.0074345954688133,1.0087574985883474,1.0054722654223902,1.006148821158012,1.011882033916219,0.9932717211595397,1.0016252577118543,1.0207472626654355,1.0145749686666334,1.014597283542291,0.9941209470307465,1.0187057359945988,1.0106191620923644,1.0126661995417874,1.0074728070474999,0.9998084062720528,0.9962767859526563,1.0062088320459341,1.0022738396784632,1.0074108107702144,1.010723525796993,0.9990870966262112,0.9764043906451152,0.9956797726682738,1.0096423236118213,1.0047234805751664,1.0,1.007855265378189,1.0084197153911314,1.0054484755949147,1.0045976212246497,1.0039055736736047,1.0074204545328942,1.0139560561107785,1.0043407918635177,1.006917753416595,0.9965783677702014,1.0084503333824817,1.007328888839534,1.0051117118430855,1.0113892353087706,1.0114540863993926,1.0128475077001142,1.0049716492632006,1.0102016240635934,0.990200866494661,0.9902917901861346,1.008803001790288,1.000174769028612
r493,1.0403049526324677,1.0208763374835041,1.0211647459336308,0.9889797654329833,0.9856133078970808,0.9903200835949549,1.0090958685415727,1.0048161029335365,1.0057192409841869,1.0114229164500166,1.0014711596212726,1.0098531388114145,0.9825607268529758,0.9774794503995639,0.9750704401254773,1.0068640765827594,1.0025345345940224,1.0078800610652365,1.0067557549883501,1.0026508491190587,0.9992210749529096,0.9995648504169264,1.0060658022834335,1.0050025050030853,1.0057945284655208,0.9874448515824422,1.0126825603831833,1.011460164436845,1.0142755991295815,0.99369998348352,0.9997385925700455,1.009866526850764,1.004493763164138,1.0060761582921836,1.0009876791073566,0.988937349850729,1.0055924681920148,1.0086276329019632,0.9947499621659176,1.007493078398892,0.9914506305484018,0.9967983932229416,0.9997418219139044,1.009239564006593,1.0074080832455015,1.0174294532727914,1.0117342395015316,1.002491212056184,0.9954266581955654,1.0,0.9964515513841831,1.007859066010036,1.0074132585173212,1.003139598701741,0.9905957699617205,1.0000418358161565,0.9971943158296496,1.002792190600289,0.9968385418672472,1.0062702698426722,1.0,1.002722594372747,1.004586401734056,1.0009295378789416,1.0051781159267226,1.0,0.985957558404872,0.9883904729495625,0.9900384012530088,0.9993608024008903,1.001297566889182,1.0073510441170215
r494,1.0403049526324677,1.0208763374835041,1.0211647459336308,0.9889797654329833,0.9856133078970808,0.9903200835949549,1.0090958685415727,1.0048161029335365,1.0057192409841869,1.0114229164500166,1.0014711596212726,1.0098531388114145,0.9825607268529758,0.9774794503995639,0.9750704401254773,1.0068640765827594,1.0025345345940224,1.0078800610652365,1.0067557549883501,1.0026508491190587,0.9992210749529096,0.9995648504169264,1.0060658022834335,1.0050025050030853,1.0057945284655208,0.9874448515824422,1.0126825603831833,1.011460164436845,1.0142755991295815,0.99369998348352,0.9997385925700455,1.009866526850764,1.004493763164138,1.0060761582921836,1.0009876791073566,0.988937349850729,1.0055924681920148,1.0086276329019632,0.9947499621659176,1.007493078398892,0.9914506305484018,0.9967983932229416,0.9997418219139044,1.009239564006593,1.0074080832455015,1.0174294532727914,1.0117342395015316,1.002491212056184,0.9954266581955654,1.0,0.9964515513841831,1.007859066010036,1.0074132585173212,1.003139598701741,0.9905957699617205,1.0000418358161565,0.9971943158296496,1.002792190600289,0.9968385418672472,1.0062702698426722,1.0,1.002722594372747,1.004586401734056,1.0009295378789416,1.0051781159267226,1.0,0.985957558404872,0.9883904729495625,0.9900384012530088,0.9993608024008903,1.001297566889182,1.0073510441170215
r495,1.0247999835416512,1.0266066578619657,1.0190913108011148,0.9967369215793146,0.9914652569770086,1.0024795545509593,1.0109197050064438,0.9973001753839313,1.0082408980039752,1.0061919823496643,1.010020066529927,1.008835293682117,0.9929082916588747,0.9889015082874681,0.9946721278006331,1.0061582387023822,1.0077046333664315,1.0123759616119925,0.9989222600772818,1.007245456143068,1.0019271582898794,1.0100143806586834,1.0140050993544418,1.0029024864974052,1.013304630460996,0.9901616758225235,1.0031586909261767,1.0021062383365669,1.0100839634767915,1.0028432945378503,1.002507626556635,1.0211888797824054,1.019236460045491,1.0217994779645678,1.020661727627467,1.019206684809408,1.0131518105230946,1.00216491595628,1.0062756002092759,1.0045005324583165,1.0003348771106069,1.0070189983976159,1.0011924461993527,0.9991437454716954,1.003582653287544,1.001517127718602,1.0057130866352189,1.0229645475196487,1.0068888258587345,1.0,0.997481156615348,1.0209890606939613,1.0175902961007277,1.0157893120996624,0.9983818535653444,1.0108333338759448,1.0129276420451891,1.0149715516169129,1.0166271583163777,1.0007579157705235,1.0121731939300158,1.0061735799700815,1.0109610056784217,1.012079968572903,1.0043467110756432,1.0167109906365868,0.9977171276493401,1.0026137292878572,1.0034069554075746,1.0093569493085703,1.010092808460469,1.0085502085476565
r497r,1.0131136502336782,1.0241449113435248,0.9931932670788575,1.0102360725909523,1.0180852718934756,1.0077552147406927,1.0107274289979227,1.009960694609533,1.0146425738795497,1.0048917936093937,1.0022589927908867,1.018142953015863,1.009056206101802,1.005428137189413,0.9958511923184257,1.0169921224258411,1.016506726665536,1.0107218613168032,1.0023253219019577,1.0054333486673903,1.0053234300303775,1.00900698466493,1.0168706704272392,1.0074345954688133,1.0087574985883474,1.0054722654223902,1.006148821158012,1.011882033916219,0.9932717211595397,1.0016252577118543,1.0207472626654355,1.0145749686666334,1.014597283542291,0.9941209470307465,1.0187057359945988,1.0106191620923644,1.0126661995417874,1.0074728070474999,0.9998084062720528,0.9962767859526563,1.0062088320459341,1.0022738396784632,1.0074108107702144,1.010723525796993,0.9990870966262112,0.9764043906451152,0.9956797726682738,1.0096423236118213,1.0047234805751664,1.0,1.007855265378189,1.0084197153911314,1.0054484755949147,1.0045976212246497,1.0039055736736047,1.0074204545328942,1.0139560561107785,1.0043407918635177,1.006917753416595,0.9965783677702014,1.0084503333824817,1.007328888839534,1.0051117118430855,1.0113892353087706,1.0114540863993926,1.0128475077001142,1.0049716492632006,1.0102016240635934,0.990200866494661,0.9902917901861346,1.008803001790288,1.000174769028612
r499r,1.0194482689721716,1.0186931193832711,1.0182454284364861,1.002963127035607,1.0172947119327926,1.019048569452349,1.017262676419808,1.0,1.007022045049012,1.007866259704697,1.0053332134818351,1.0012800705491836,1.0006399615343615,0.9936380996728339,1.000257641577712,1.0214928497255555,1.0,1.0052290585601766,1.0095699249849424,1.0089717973446117,1.0123933937822553,1.0205675057304961,1.0121227693993733,1.0162038349850007,1.0130272884126046,0.9990214346566929,1.0104783828094537,1.0106386420472944,1.0062028956845712,1.0035612752571823,0.9998552920332552,1.0073014571843633,1.009455484609138,1.017276630380099,1.006797985409061,1.0206384891947922,1.0104983714902773,1.0107257050879899,0.9997769686218758,1.0016173376615545,1.0078557832763448,1.0113704042612093,0.9983868764071738,1.000733285417986,1.0156760786940102,1.0055701707651454,1.0184269570206452,1.0098257050449049,0.9975297513207706,1.0,1.0100572002024133,1.0,1.0023130538368656,1.0141209205400035,1.0138082472451095,1.0208744385477202,1.0052084451408365,1.0125337697767505,1.0028817421205203,1.0030774615552807,1.0082640185189826,1.0063393316161782,1.0163434051519178,1.006028830325948,1.0055055410302483,1.010013646431602,1.000834830444674,1.016534352544509,1.0005781932596636,1.002733279266315,1.0017147787269776,1.0067772524690322
r508,1.0026441916381756,0.997098668885049,0.9908745436883579,1.0070307308918587,1.0082138548409683,0.9974608145941026,0.9962646554956319,0.9967763678343647,1.0046032361966073,0.9978583989776819,1.004771704744095,1.0103781294686094,1.0120272817153935,1.0072816414977204,1.00359737259017,1.0071723465905031,1.004674836135244,1.001931025398166,1.005390698836169,0.9976689274093865,1.0025231224779854,1.0020941487303987,1.0044556934603295,0.9959557567980404,1.0014042197820021,1.0048127405384517,1.0024956538379615,0.9978673653286909,1.0023069610591788,1.0085475417211598,1.0216633362919043,1.0070270612558985,1.0049165967533547,1.0092640720779784,1.0120105530218266,1.007354576284257,1.0034058147998917,1.0022144306788876,1.005344126931697,1.0046088055873237,1.0035918093844236,0.9984602929502462,1.0038518582302562,0.999419666610045,0.9990543437939874,1.001249542264482,1.007025882904873,1.0053971562353217,0.9955555439961193,1.0,1.0037113534867144,1.0062168111012562,1.0058166489707026,1.0082880155850549,1.0049219384831896,1.0025365935125055,1.0010571857037653,1.012410421519148,1.0048491997948492,1.01336895517604,1.0047955104974227,1.0070284884283065,1.0080324254457067,1.0034425568672047,1.0074436262708555,1.0042799547415566,1.0083034209465076,1.0049024154304116,1.0109483876859584,1.0061982703430639,1.0025116753618277,1.0011955725237907
r531,1.0134081674656563,1.0176194452588372,1.011134777518885,1.0093401620477191,1.018640058545336,1.0173699776083993,1.006441819144955,1.0017616615391411,1.0074241591245223,1.0051461669667339,1.0030475547340585,1.0029979172769892,1.0136594874082347,1.0130016225813618,1.0060432706982723,1.0004395184332495,1.0031428393982331,1.004133711672406,1.013014528277202,1.0007523536562128,1.008070614761563,1.0078164744045979,1.0083170014822298,1.0081680064973595,1.008996048755312,1.0065574875789272,1.0103445487535727,1.0042770659078872,1.0076840655380264,1.0118807060268171,1.0101450008939568,1.011017992377782,1.0083857401743828,1.0067224196810123,1.012896414463951,1.0121184672789556,1.0041573779239044,1.01673264277803,1.0047267167247111,1.0091376814992874,1.008299239194187,1.0100927535581443,1.0103821201733345,1.0136836338765847,1.0090424698687324,1.0048201052783101,1.0110085101615205,1.004155785640631,0.994518392853549,1.0,1.007720046212161,1.0050544677209186,1.0092407736205877,1.0073641401122144,1.012443895373106,1.0048000917763624,1.0052592113156638,1.0106934413726032,1.0116181939661915,1.0027236044288466,0.9997300996446951,1.0090052090226636,1.0056417571873622,1.0037208603550298,1.0067682735448489,0.9980181311715789,1.0096555885172263,1.0038411522012987,1.0090112172706491,1.0014887300888542,1.002915558150415,0.9937087230047944
r541,1.982955496868103,1.9717641845577196,1.9864155574263531,1.9708937018171768,1.974128031364266,1.9953993293113093,1.982459592033381,1.970167165974513,1.9991279166258815,1.9874592753710667,1.9849954158739873,1.984750707409306,1.9908619715905012,1.9687501651631885,1.9948648406681468,1.986268412902651,1.9901914068648294,1.9935184955095142,1.9874596519889325,1.9866573408237405,1.9889596850352609,1.9921227899344554,1.9916765051738108,1.980907909064777,1.9780568768964142,1.994138263791458,1.980889647965089,1.987161808970109,1.985167116740183,1.9830981148698679,1.9880866925013088,1.97974916530135,1.9772833967692627,1.979510652406588,1.9894512709958958,1.982650532777347,1.986907006700723,1.9903073558169466,1.9926095529100478,1.9922059111036243,1.9891119156926091,1.9804930566019587,1.986148819793931,1.9963548712405688,1.9871750819056455,1.9971840300257366,1.984755025896157,1.988972165821481,1.9977485935595602,2.0,1.9853249593039388,1.98914986966279,1.9870679204270454,1.9902328433496361,1.9994683472279364,1.9917007995130196,1.9900228836023683,1.9901154786655766,1.9904901505666865,1.9965906384201375,1.9959920186741116,1.9979183137021836,1.9920617979452513,1.9948100740547847,1.9958781537997454,1.9909562863186365,1.9899077446540674,1.9846546985128666,1.9899842717570406,1.981075292327187,1.980716504413073,1.9813572734083311
r542r,1.982955496868103,1.9717641845577196,1.9864155574263531,1.9708937018171768,1.974128031364266,1.9953993293113093,1.982459592033381,1.970167165974513,1.9991279166258815,1.9874592753710667,1.9849954158739873,1.984750707409306,1.9908619715905012,1.9687501651631885,1.9948648406681468,1.986268412902651,1.9901914068648294,1.9935184955095142,1.9874596519889325,1.9866573408237405,1.9889596850352609,1.9921227899344554,1.9916765051738108,1.980907909064777,1.9780568768964142,1.994138263791458,1.980889647965089,1.987161808970109,1.985167116740183,1.9830981148698679,1.9880866925013088,1.97974916530135,1.9772833967692627,1.979510652406588,1.9894512709958958,1.982650532777347,1.986907006700723,1.9903073558169466,1.9926095529100478,1.9922059111036243,1.9891119156926091,1.9804930566019587,1.986148819793931,1.9963548712405688,1.9871750819056455,1.9971840300257366,1.984755025896157,1.988972165821481,1.9977485935595602,2.0,1.9853249593039388,1.98914986966279,1.9870679204270454,1.9902328433496361,1.9994683472279364,1.9917007995130196,1.9900228836023683,1.9901154786655766,1.9904901505666865,1.9965906384201375,1.9959920186741116,1.9979183137021836,1.9920617979452513,1.9948100740547847,1.9958781537997454,1.9909562863186365,1.9899077446540674,1.9846546985128666,1.9899842717570406,1.981075292327187,1.980716504413073,1.9813572734083311
r545,1.0019596371011197,1.0108639960601016,1.0085616952516119,1.0030259096921232,1.0036547677281682,1.005174625295533,1.0060183785780739,0.9988889325535413,1.008290008626795,1.0045270193371054,1.0048221664223789,1.0045485785070716,0.9962449545528453,0.995811189276429,0.9963424288234409,0.9938607356363277,1.0008974812139924,1.0008710812302575,1.0072254254676316,0.9984315384505364,1.002957289105171,1.0006799519603873,1.0039059966814479,1.0089950084997186,1.0054526969777164,1.0008985595459376,1.002449451651003,0.9986361823475067,0.9972410977794078,1.001127309870145,1.000171674068544,1.0052577364491364,1.0040000080338622,1.00045618250345,1.003725436274014,1.0026446065352028,1.0017233556229812,1.000212963927147,1.000782929687114,0.9986649357291052,1.0007101523339723,1.0000305951693904,1.00290934590943,1.0023024525530781,1.0014251143643937,1.0008262992356507,1.0005654405355113,1.0033020315204608,1.0033560324794208,1.0,0.9958943638613553,0.999251194506151,0.9977730576697308,0.9994888719987234,0.9992539907376055,1.002076506059701,1.0007160905822556,0.9988846943248091,1.002041506077358,0.9959994070302397,0.9932783951585462,0.9970756326060063,1.0057809117768954,1.0051359844234395,1.0033666954910048,0.9945295912572201,1.0075675551320469,1.007599075135821,1.0068314214651939,1.000318435015895,1.0073723414048714,1.0038793545828701
r548,1.0,1.0,1.0,1.0,1.0,1.0,1.0,1.0,1.0,1.0,1.0,1.0,1.0,1.0,1.0,1.0,1.0,1.0,1.0,1.0,1.0,1.0,1.0,1.0,1.0,1.0,1.0,1.0,1.0,1.0,1.0,1.0,1.0,1.0,1.0,1.0,1.0,1.0,1.0,1.0,1.0,1.0,1.0,1.0,1.0,1.0,1.0,1.0,1.0,1.0,1.0,1.0,1.0,1.0,1.0,1.0,1.0,1.0,1.0,1.0,1.0,1.0,1.0,1.0,1.0,1.0,1.0,1.0,1.0,1.0,1.0,1.0
r549,0.982180347607846,0.9872456983729057,0.9848781857475245,1.0049369691123735,1.0042059396762624,1.0044730910955493,0.9941468584317731,0.9935730094892136,0.9993881199631004,0.992790477491163,0.9973177214699415,0.992390981505801,0.9928523448990538,0.9966586150168679,0.9979150591206518,0.985157740529953,0.992505590079799,0.9969284903238892,0.9956875423963742,0.9980208607007222,0.9952868316614244,0.9986272903103257,0.9949080858577246,0.9912088895637412,1.0018387890496294,0.9995819269368891,1.000660997578567,0.993538736795921,0.9952487561893161,1.0000452512078724,1.0049815306607468,0.9992458863904151,1.0015359449375405,1.001542416963742,0.997616879798779,1.0013118264946044,0.996790910014801,0.9963495433983822,1.001414596390394,1.003202789568804,0.9989391310381719,0.9957960649425195,0.9920110317400597,1.0028219594986507,0.9974858538901147,0.9985943577698361,1.0017188839355644,1.001945846653955,1.0024029508934909,1.0,0.9965391453380208,1.0052871919487483,1.000847566695151,1.0017293538172993,1.006131813861514,0.9989525927894986,1.0020094025762911,1.0054844051126257,1.0039506265365525,1.0029605049716672,1.0042778463365598,1.0034165510741104,1.0022674319315217,1.0032097848544224,1.0003198573459167,1.0031826322428081,1.0084247547918805,1.0079718158199569,1.0037837475261617,0.9994910439652236,1.0016910318938688,0.9971290398481425
r550,2.0,2.0,2.0,2.0,2.0,2.0,2.0,2.0,2.0,2.0,2.0,2.0,2.0,2.0,2.0,2.0,2.0,2.0,2.0,2.0,2.0,2.0,2.0,2.0,2.0,2.0,2.0,2.0,2.0,2.0,2.0,2.0,2.0,2.0,2.0,2.0,2.0,2.0,2.0,2.0,2.0,2.0,2.0,2.0,2.0,2.0,2.0,2.0,2.0,2.0,2.0,2.0,2.0,2.0,2.0,2.0,2.0,2.0,2.0,2.0,2.0,2.0,2.0,2.0,2.0,2.0,2.0,2.0,2.0,2.0,2.0,2.0
r559,1.0096468784505135,1.0107781937867109,1.0109173670835696,1.0159994387234876,1.0126519977830788,1.018129097697493,1.0070968612245554,1.0082762847694875,1.010763641915529,1.006612337518334,1.002865183181081,1.0072249648047924,1.012690625543327,1.0092729234606534,1.0087891982482553,1.008763331231737,1.0101721809340896,1.0063203348965348,1.003815726738559,1.005255693077845,1.002100589047164,1.0063850016723161,1.0072018156414242,1.0052929197692662,1.0113308720188128,1.0126141983479415,1.0120627540940554,1.0083626398750059,1.0140666788688975,1.0123919008856996,1.013305234120087,1.0081452809893585,1.0083408899064576,1.0037724961145686,1.0035457443507192,1.004234124632504,1.0063239695145532,1.0101779347249769,1.0094890931025755,1.006166168462612,1.003893647231877,1.0026888510371132,1.0070867103322558,1.0068179023075563,1.0087952482758447,1.0050227978594162,1.003269195490535,1.004945934044652,1.0031275434790592,1.0,0.9985076739627764,1.0043243412079204,0.9992226462799518,1.0014090339149495,1.0058344419774263,1.00218588009066,1.002870340483989,1.0025549846109658,1.002444886666365,1.0044381700489127,1.0009403112570079,1.0009773418192756,1.0013778841067549,1.00640038375302,1.0052120859531481,1.0017177045702854,1.0078404077862297,1.0061196261948222,1.0071594276082816,0.9987103450802368,1.0005532357244855,0.9998196289772672
r560,1.0096468784505135,1.0107781937867109,1.0109173670835696,1.0159994387234876,1.0126519977830788,1.018129097697493,1.0070968612245554,1.0082762847694875,1.010763641915529,1.006612337518334,1.002865183181081,1.0072249648047924,1.012690625543327,1.0092729234606534,1.0087891982482553,1.008763331231737,1.0101721809340896,1.0063203348965348,1.003815726738559,1.005255693077845,1.002100589047164,1.0063850016723161,1.0072018156414242,1.0052929197692662,1.0113308720188128,1.0126141983479415,1.0120627540940554,1.0083626398750059,1.0140666788688975,1.0123919008856996,1.013305234120087,1.0081452809893585,1.0083408899064576,1.0037724961145686,1.0035457443507192,1.004234124632504,1.0063239695145532,1.0101779347249769,1.0094890931025755,1.006166168462612,1.003893647231877,1.0026888510371132,1.0070867103322558,1.0068179023075563,1.0087952482758447,1.0050227978594162,1.003269195490535,1.004945934044652,1.0031275434790592,1.0,0.9985076739627764,1.0043243412079204,0.9992226462799518,1.0014090339149495,1.0058344419774263,1.00218588009066,1.002870340483989,1.0025549846109658,1.002444886666365,1.0044381700489127,1.0009403112570079,1.0009773418192756,1.0013778841067549,1.00640038375302,1.0052120859531481,1.0017177045702854,1.0078404077862297,1.0061196261948222,1.0071594276082816,0.9987103450802368,1.0005532357244855,0.9998196289772672
r561,0.98936809903536,0.9696335448126879,0.9765802769702729,0.9582582627397445,0.986340632402997,0.9655434241129386,1.0051636499548615,0.997256237587617,1.0004080663837625,0.9951448960062599,1.0047055536323874,1.0052615530439961,0.999041921762668,1.000922086475292,0.9953065504357386,0.999878820564759,1.005865319213435,0.9971092481058622,1.009019533744684,1.000778035529479,1.0089018634592164,0.9970423293849533,1.0135368947847494,1.0025897747841797,0.9998042917674458,0.9964043190935621,1.0011202160343968,1.0047725920505364,1.0020936065974952,1.0014622907755515,1.0020101952959777,0.9875656235934379,0.9940283096094444,0.9854379921573494,0.9813459001032967,0.9881027426708465,0.9983907764073926,1.0067467582265828,0.9992754105678788,0.9789030812200383,1.0102436114322928,1.003482543586291,1.0108625903640127,1.0055139522928622,1.0048579078343318,1.012064000170569,1.0054298663036967,1.0006725813269923,1.002559033524744,1.0,1.0088240127898593,1.002472247128028,0.9888450823994198,0.9854825985235529,0.9839456251156391,0.9888976414522722,0.9969907763971344,0.9871320849278183,0.9768656923416307,1.0006011577186507,0.9995736376164267,0.9777390307653578,0.9867492240777357,0.9952102888271716,1.0027977863293351,1.0035487043826787,0.9645256652728974,0.9798633841900857,0.9753020367024758,1.0161665125273311,1.0161522838393828,1.000723612469418
r562,1.0247676109002704,1.0,1.025800512262273,1.0172767001111322,1.0287623768734822,1.0,0.9866448773084058,1.0,1.0133802060702153,1.0,0.9874633984863287,1.0170579359130791,1.0021661458033426,1.0,0.993036291782297,1.0004027351579785,1.018703114664295,1.0266007984962415,1.002509406685288,1.0,1.005059332841746,0.9945786664794418,1.0,1.0,1.0,1.0006096623819067,1.0097766685483582,1.002302018160437,0.9952102201560861,1.0,1.0324135823391358,1.0242457220806778,1.0,1.0,0.9979440491584057,1.0,0.9975399399247954,1.0171253957340933,0.9986354114351648,1.0016531544522136,1.022179184954346,1.0,1.0,1.0,1.0,1.002745067698989,0.9961299744590283,1.0017704683463784,0.9976610448924229,1.0,1.0008893282749451,0.9862198612730487,0.9901483788321657,0.9866424099620736,0.9952263458901324,0.988708505396773,1.0123609020090742,1.0037718257834354,0.9883216377517557,1.0165904634521665,0.9992766033603849,0.9956614862829462,1.0037466512114728,1.0006682348594127,1.0083155127362127,1.014698925031844,1.0,1.0081062180742002,1.0105340114896244,1.0004579145582422,1.006907546493984,1.0052236598758404
r564,3.9701684383594062,4.0108477226959405,4.014528121544144,3.988982665605093,3.992144596253805,3.9261865214914753,4.027918976656379,4.031599069673491,4.05297717215419,4.0516432634580895,4.061565638286594,4.025582957977922,4.0077620482462155,4.030006542447591,4.0337696824480265,4.039056349407576,4.042073449384646,4.059706598110054,4.071358767095299,4.054317025238758,4.0686927869307805,4.052895966326638,4.071873695134133,4.061001223745887,4.050907601896913,4.005754373577294,4.060444847015619,4.026677202149211,4.045344749382402,4.038606285607846,4.020536176904855,4.031355091098551,4.0063069060017344,4.034024711452491,4.045459079864888,4.050012017611974,4.0503356782816144,4.059138619486468,4.064487168565638,4.032936284176612,4.047067895171072,4.072997176583323,4.028038674477364,4.039749670915978,4.057667375629846,4.044913642247982,4.027751478750211,4.039954218764028,4.019991535092132,4.0,4.015662223077118,4.022633548611047,4.048246497077045,4.031009893882466,4.022761966971176,4.0442544389651465,4.024930105602527,4.047467744211893,4.038566078070592,4.009757928571946,4.020531964713805,4.0182378387392905,4.0328605135978925,4.034943623841951,4.01623363089867,4.0075272803663635,3.9840692815596745,4.002296168124642,3.9923325216768015,4.008872808817706,4.035418751232299,4.039065859961968
r565,1.0,0.9938252386010776,1.0,1.0,1.0,1.0,0.9966131808222306,0.9994654606159491,0.9744634930990178,0.997799180755453,0.9932855021607768,0.9999720427740951,1.0,1.0,1.0,0.979671028255619,0.9845520758565289,0.9802375694557618,1.0,0.9950707335733732,0.9987409083771983,1.0,1.0,1.0,1.0,0.9937674383758723,0.9815748959883912,0.9995867361336873,0.9950539412469606,0.9968207994738216,1.0,0.9956373373519655,0.9895089092304228,0.9830782637300642,0.9880734336604353,0.9973463282316886,0.9948165311392837,1.0,0.9906128193887812,0.9915128077629671,1.0,0.9811003307292004,0.9986490575637034,0.9885303132060494,0.9965463983451579,0.9969566632561437,0.998250100376431,0.9953080595321258,1.0,1.0,1.0,0.9959952845731196,0.9952971636095351,0.9784342237111953,1.0,1.0,1.0,1.0,0.9973508844906307,0.9912859712288253,1.0,1.0,0.9758940444673071,1.0,1.0,0.9956229815377424,1.0,0.9843199023680141,0.9973695614640371,1.0,0.9976421615606431,0.9903538988673848
r566,1.9450816720084636,1.9413534205161818,1.9370741244754202,1.9919839497672684,1.9889231120544384,1.9884564327444836,2.003647783322394,2.007508575343617,2.006256578739212,2.005484522106071,2.009371649960281,2.0151119421104284,1.997936961621201,2.014120082733889,2.0070135200617685,2.024588806468959,2.005121139855011,2.0126692864675,2.0068678155530595,2.0069647753513067,2.0087342585098606,2.0071866003457908,1.9925777988140327,2.0027323143966016,1.9969757941109758,2.0046445168967133,2.0160355281213214,1.9980204054144282,2.005708890371218,2.001442127773758,1.9986862784171544,2.0148028932168183,2.018256795691668,2.000955443772527,2.0170405400044444,1.9983616456964355,2.004664812772895,2.0071322718836115,2.0141863472326405,2.035325888826499,2.051708523859609,2.0413010249099934,2.011208273736438,2.012087035321062,2.025845805053578,1.9941258007539138,1.9931516719098565,1.9960434591913248,2.011302385786143,2.0,1.9992378600157505,2.0058297613405167,2.002463313178086,2.0087298479896964,1.988008058774118,1.9949307799106815,1.9786196184405367,1.9766406891836117,1.994932080052907,1.9755145709235968,1.9950986853052246,1.979082651380112,1.9987717461666312,1.9914460902387396,1.986551639718785,1.994061038774303,1.9825897547329472,1.9793995246482818,1.985266614157429,2.0003580925021414,1.9996956655245672,2.0157327617377545
r567,1.0,0.9938252386010776,1.0,1.0,1.0,1.0,0.9966131808222306,0.9994654606159491,0.9744634930990178,0.997799180755453,0.9932855021607768,0.9999720427740951,1.0,1.0,1.0,0.979671028255619,0.9845520758565289,0.9802375694557618,1.0,0.9950707335733732,0.9987409083771983,1.0,1.0,1.0,1.0,0.9937674383758723,0.9815748959883912,0.9995867361336873,0.9950539412469606,0.9968207994738216,1.0,0.9956373373519655,0.9895089092304228,0.9830782637300642,0.9880734336604353,0.9973463282316886,0.9948165311392837,1.0,0.9906128193887812,0.9915128077629671,1.0,0.9811003307292004,0.9986490575637034,0.9885303132060494,0.9965463983451579,0.9969566632561437,0.998250100376431,0.9953080595321258,1.0,1.0,1.0,0.9959952845731196,0.9952971636095351,0.9784342237111953,1.0,1.0,1.0,1.0,0.9973508844906307,0.9912859712288253,1.0,1.0,0.9758940444673071,1.0,1.0,0.9956229815377424,1.0,0.9843199023680141,0.9973695614640371,1.0,0.9976421615606431,0.9903538988673848
r569,3.9701684383594062,4.0108477226959405,4.014528121544144,3.988982665605093,3.992144596253805,3.9261865214914753,4.027918976656379,4.031599069673491,4.05297717215419,4.0516432634580895,4.061565638286594,4.025582957977922,4.0077620482462155,4.030006542447591,4.0337696824480265,4.039056349407576,4.042073449384646,4.059706598110054,4.071358767095299,4.054317025238758,4.0686927869307805,4.052895966326638,4.071873695134133,4.061001223745887,4.050907601896913,4.005754373577294,4.060444847015619,4.026677202149211,4.045344749382402,4.038606285607846,4.020536176904855,4.031355091098551,4.0063069060017344,4.034024711452491,4.045459079864888,4.050012017611974,4.0503356782816144,4.059138619486468,4.064487168565638,4.032936284176612,4.047067895171072,4.072997176583323,4.028038674477364,4.039749670915978,4.057667375629846,4.044913642247982,4.027751478750211,4.039954218764028,4.019991535092132,4.0,4.015662223077118,4.022633548611047,4.048246497077045,4.031009893882466,4.022761966971176,4.0442544389651465,4.024930105602527,4.047467744211893,4.038566078070592,4.009757928571946,4.020531964713805,4.0182378387392905,4.0328605135978925,4.034943623841951,4.01623363089867,4.0075272803663635,3.9840692815596745,4.002296168124642,3.9923325216768015,4.008872808817706,4.035418751232299,4.039065859961968
r570,1.0,0.9938252386010776,1.0,1.0,1.0,1.0,0.9966131808222306,0.9994654606159491,0.9744634930990178,0.997799180755453,0.9932855021607768,0.9999720427740951,1.0,1.0,1.0,0.979671028255619,0.9845520758565289,0.9802375694557618,1.0,0.9950707335733732,0.9987409083771983,1.0,1.0,1.0,1.0,0.9937674383758723,0.9815748959883912,0.9995867361336873,0.9950539412469606,0.9968207994738216,1.0,0.9956373373519655,0.9895089092304228,0.9830782637300642,0.9880734336604353,0.9973463282316886,0.9948165311392837,1.0,0.9906128193887812,0.9915128077629671,1.0,0.9811003307292004,0.9986490575637034,0.9885303132060494,0.9965463983451579,0.9969566632561437,0.998250100376431,0.9953080595321258,1.0,1.0,1.0,0.9959952845731196,0.9952971636095351,0.9784342237111953,1.0,1.0,1.0,1.0,0.9973508844906307,0.9912859712288253,1.0,1.0,0.9758940444673071,1.0,1.0,0.9956229815377424,1.0,0.9843199023680141,0.9973695614640371,1.0,0.9976421615606431,0.9903538988673848
r571,1.9450816720084636,1.9413534205161818,1.9370741244754202,1.9919839497672684,1.9889231120544384,1.9884564327444836,2.003647783322394,2.007508575343617,2.006256578739212,2.005484522106071,2.009371649960281,2.0151119421104284,1.997936961621201,2.014120082733889,2.0070135200617685,2.024588806468959,2.005121139855011,2.0126692864675,2.0068678155530595,2.0069647753513067,2.0087342585098606,2.0071866003457908,1.9925777988140327,2.0027323143966016,1.9969757941109758,2.0046445168967133,2.0160355281213214,1.9980204054144282,2.005708890371218,2.001442127773758,1.9986862784171544,2.0148028932168183,2.018256795691668,2.000955443772527,2.0170405400044444,1.9983616456964355,2.004664812772895,2.0071322718836115,2.0141863472326405,2.035325888826499,2.051708523859609,2.0413010249099934,2.011208273736438,2.012087035321062,2.025845805053578,1.9941258007539138,1.9931516719098565,1.9960434591913248,2.011302385786143,2.0,1.9992378600157505,2.0058297613405167,2.002463313178086,2.0087298479896964,1.988008058774118,1.9949307799106815,1.9786196184405367,1.9766406891836117,1.994932080052907,1.9755145709235968,1.9950986853052246,1.979082651380112,1.9987717461666312,1.9914460902387396,1.986551639718785,1.994061038774303,1.9825897547329472,1.9793995246482818,1.985266614157429,2.0003580925021414,1.9996956655245672,2.0157327617377545
r572,1.0,0.9938252386010776,1.0,1.0,1.0,1.0,0.9966131808222306,0.9994654606159491,0.9744634930990178,0.997799180755453,0.9932855021607768,0.9999720427740951,1.0,1.0,1.0,0.979671028255619,0.9845520758565289,0.9802375694557618,1.0,0.9950707335733732,0.9987409083771983,1.0,1.0,1.0,1.0,0.9937674383758723,0.9815748959883912,0.9995867361336873,0.9950539412469606,0.9968207994738216,1.0,0.9956373373519655,0.9895089092304228,0.9830782637300642,0.9880734336604353,0.9973463282316886,0.9948165311392837,1.0,0.9906128193887812,0.9915128077629671,1.0,0.9811003307292004,0.9986490575637034,0.9885303132060494,0.9965463983451579,0.9969566632561437,0.998250100376431,0.9953080595321258,1.0,1.0,1.0,0.9959952845731196,0.9952971636095351,0.9784342237111953,1.0,1.0,1.0,1.0,0.9973508844906307,0.9912859712288253,1.0,1.0,0.9758940444673071,1.0,1.0,0.9956229815377424,1.0,0.9843199023680141,0.9973695614640371,1.0,0.9976421615606431,0.9903538988673848
r574,3.9701684383594062,4.0108477226959405,4.014528121544144,3.988982665605093,3.992144596253805,3.9261865214914753,4.027918976656379,4.031599069673491,4.05297717215419,4.0516432634580895,4.061565638286594,4.025582957977922,4.0077620482462155,4.030006542447591,4.0337696824480265,4.039056349407576,4.042073449384646,4.059706598110054,4.071358767095299,4.054317025238758,4.0686927869307805,4.052895966326638,4.071873695134133,4.061001223745887,4.050907601896913,4.005754373577294,4.060444847015619,4.026677202149211,4.045344749382402,4.038606285607846,4.020536176904855,4.031355091098551,4.0063069060017344,4.034024711452491,4.045459079864888,4.050012017611974,4.0503356782816144,4.059138619486468,4.064487168565638,4.032936284176612,4.047067895171072,4.072997176583323,4.028038674477364,4.039749670915978,4.057667375629846,4.044913642247982,4.027751478750211,4.039954218764028,4.019991535092132,4.0,4.015662223077118,4.022633548611047,4.048246497077045,4.031009893882466,4.022761966971176,4.0442544389651465,4.024930105602527,4.047467744211893,4.038566078070592,4.009757928571946,4.020531964713805,4.0182378387392905,4.0328605135978925,4.034943623841951,4.01623363089867,4.0075272803663635,3.9840692815596745,4.002296168124642,3.9923325216768015,4.008872808817706,4.035418751232299,4.039065859961968
r575,1.0,0.9938252386010776,1.0,1.0,1.0,1.0,0.9966131808222306,0.9994654606159491,0.9744634930990178,0.997799180755453,0.9932855021607768,0.9999720427740951,1.0,1.0,1.0,0.979671028255619,0.9845520758565289,0.9802375694557618,1.0,0.9950707335733732,0.9987409083771983,1.0,1.0,1.0,1.0,0.9937674383758723,0.9815748959883912,0.9995867361336873,0.9950539412469606,0.9968207994738216,1.0,0.9956373373519655,0.9895089092304228,0.9830782637300642,0.9880734336604353,0.9973463282316886,0.9948165311392837,1.0,0.9906128193887812,0.9915128077629671,1.0,0.9811003307292004,0.9986490575637034,0.9885303132060494,0.9965463983451579,0.9969566632561437,0.998250100376431,0.9953080595321258,1.0,1.0,1.0,0.9959952845731196,0.9952971636095351,0.9784342237111953,1.0,1.0,1.0,1.0,0.9973508844906307,0.9912859712288253,1.0,1.0,0.9758940444673071,1.0,1.0,0.9956229815377424,1.0,0.9843199023680141,0.9973695614640371,1.0,0.9976421615606431,0.9903538988673848
r576,1.9450816720084636,1.9413534205161818,1.9370741244754202,1.9919839497672684,1.9889231120544384,1.9884564327444836,2.003647783322394,2.007508575343617,2.006256578739212,2.005484522106071,2.009371649960281,2.0151119421104284,1.997936961621201,2.014120082733889,2.0070135200617685,2.024588806468959,2.005121139855011,2.0126692864675,2.0068678155530595,2.0069647753513067,2.0087342585098606,2.0071866003457908,1.9925777988140327,2.0027323143966016,1.9969757941109758,2.0046445168967133,2.0160355281213214,1.9980204054144282,2.005708890371218,2.001442127773758,1.9986862784171544,2.0148028932168183,2.018256795691668,2.000955443772527,2.0170405400044444,1.9983616456964355,2.004664812772895,2.0071322718836115,2.0141863472326405,2.035325888826499,2.051708523859609,2.0413010249099934,2.011208273736438,2.012087035321062,2.025845805053578,1.9941258007539138,1.9931516719098565,1.9960434591913248,2.011302385786143,2.0,1.9992378600157505,2.0058297613405167,2.002463313178086,2.0087298479896964,1.988008058774118,1.9949307799106815,1.9786196184405367,1.9766406891836117,1.994932080052907,1.9755145709235968,1.9950986853052246,1.979082651380112,1.9987717461666312,1.9914460902387396,1.986551639718785,1.994061038774303,1.9825897547329472,1.9793995246482818,1.985266614157429,2.0003580925021414,1.9996956655245672,2.0157327617377545
r577,1.0,0.9938252386010776,1.0,1.0,1.0,1.0,0.9966131808222306,0.9994654606159491,0.9744634930990178,0.997799180755453,0.9932855021607768,0.9999720427740951,1.0,1.0,1.0,0.979671028255619,0.9845520758565289,0.9802375694557618,1.0,0.9950707335733732,0.9987409083771983,1.0,1.0,1.0,1.0,0.9937674383758723,0.9815748959883912,0.9995867361336873,0.9950539412469606,0.9968207994738216,1.0,0.9956373373519655,0.9895089092304228,0.9830782637300642,0.9880734336604353,0.9973463282316886,0.9948165311392837,1.0,0.9906128193887812,0.9915128077629671,1.0,0.9811003307292004,0.9986490575637034,0.9885303132060494,0.9965463983451579,0.9969566632561437,0.998250100376431,0.9953080595321258,1.0,1.0,1.0,0.9959952845731196,0.9952971636095351,0.9784342237111953,1.0,1.0,1.0,1.0,0.9973508844906307,0.9912859712288253,1.0,1.0,0.9758940444673071,1.0,1.0,0.9956229815377424,1.0,0.9843199023680141,0.9973695614640371,1.0,0.9976421615606431,0.9903538988673848
r579,3.9701684383594062,4.0108477226959405,4.014528121544144,3.988982665605093,3.992144596253805,3.9261865214914753,4.027918976656379,4.031599069673491,4.05297717215419,4.0516432634580895,4.061565638286594,4.025582957977922,4.0077620482462155,4.030006542447591,4.0337696824480265,4.039056349407576,4.042073449384646,4.059706598110054,4.071358767095299,4.054317025238758,4.0686927869307805,4.052895966326638,4.071873695134133,4.061001223745887,4.050907601896913,4.005754373577294,4.060444847015619,4.026677202149211,4.045344749382402,4.038606285607846,4.020536176904855,4.031355091098551,4.0063069060017344,4.034024711452491,4.045459079864888,4.050012017611974,4.0503356782816144,4.059138619486468,4.064487168565638,4.032936284176612,4.047067895171072,4.072997176583323,4.028038674477364,4.039749670915978,4.057667375629846,4.044913642247982,4.027751478750211,4.039954218764028,4.019991535092132,4.0,4.015662223077118,4.022633548611047,4.048246497077045,4.031009893882466,4.022761966971176,4.0442544389651465,4.024930105602527,4.047467744211893,4.038566078070592,4.009757928571946,4.020531964713805,4.0182378387392905,4.0328605135978925,4.034943623841951,4.01623363089867,4.0075272803663635,3.9840692815596745,4.002296168124642,3.9923325216768015,4.008872808817706,4.035418751232299,4.039065859961968
r580,1.0,0.9938252386010776,1.0,1.0,1.0,1.0,0.9966131808222306,0.9994654606159491,0.9744634930990178,0.997799180755453,0.9932855021607768,0.9999720427740951,1.0,1.0,1.0,0.979671028255619,0.9845520758565289,0.9802375694557618,1.0,0.9950707335733732,0.9987409083771983,1.0,1.0,1.0,1.0,0.9937674383758723,0.9815748959883912,0.9995867361336873,0.9950539412469606,0.9968207994738216,1.0,0.9956373373519655,0.9895089092304228,0.9830782637300642,0.9880734336604353,0.9973463282316886,0.9948165311392837,1.0,0.9906128193887812,0.9915128077629671,1.0,0.9811003307292004,0.9986490575637034,0.9885303132060494,0.9965463983451579,0.9969566632561437,0.998250100376431,0.9953080595321258,1.0,1.0,1.0,0.9959952845731196,0.9952971636095351,0.9784342237111953,1.0,1.0,1.0,1.0,0.9973508844906307,0.9912859712288253,1.0,1.0,0.9758940444673071,1.0,1.0,0.9956229815377424,1.0,0.9843199023680141,0.9973695614640371,1.0,0.9976421615606431,0.9903538988673848
r581,1.9450816720084636,1.9413534205161818,1.9370741244754202,1.9919839497672684,1.9889231120544384,1.9884564327444836,2.003647783322394,2.007508575343617,2.006256578739212,2.005484522106071,2.009371649960281,2.0151119421104284,1.997936961621201,2.014120082733889,2.0070135200617685,2.024588806468959,2.005121139855011,2.0126692864675,2.0068678155530595,2.0069647753513067,2.0087342585098606,2.0071866003457908,1.9925777988140327,2.0027323143966016,1.9969757941109758,2.0046445168967133,2.0160355281213214,1.9980204054144282,2.005708890371218,2.001442127773758,1.9986862784171544,2.0148028932168183,2.018256795691668,2.000955443772527,2.0170405400044444,1.9983616456964355,2.004664812772895,2.0071322718836115,2.0141863472326405,2.035325888826499,2.051708523859609,2.0413010249099934,2.011208273736438,2.012087035321062,2.025845805053578,1.9941258007539138,1.9931516719098565,1.9960434591913248,2.011302385786143,2.0,1.9992378600157505,2.0058297613405167,2.002463313178086,2.0087298479896964,1.988008058774118,1.9949307799106815,1.9786196184405367,1.9766406891836117,1.994932080052907,1.9755145709235968,1.9950986853052246,1.979082651380112,1.9987717461666312,1.9914460902387396,1.986551639718785,1.994061038774303,1.9825897547329472,1.9793995246482818,1.985266614157429,2.0003580925021414,1.9996956655245672,2.0157327617377545
r582,1.0,0.9938252386010776,1.0,1.0,1.0,1.0,0.9966131808222306,0.9994654606159491,0.9744634930990178,0.997799180755453,0.9932855021607768,0.9999720427740951,1.0,1.0,1.0,0.979671028255619,0.9845520758565289,0.9802375694557618,1.0,0.9950707335733732,0.9987409083771983,1.0,1.0,1.0,1.0,0.9937674383758723,0.9815748959883912,0.9995867361336873,0.9950539412469606,0.9968207994738216,1.0,0.9956373373519655,0.9895089092304228,0.9830782637300642,0.9880734336604353,0.9973463282316886,0.9948165311392837,1.0,0.9906128193887812,0.9915128077629671,1.0,0.9811003307292004,0.9986490575637034,0.9885303132060494,0.9965463983451579,0.9969566632561437,0.998250100376431,0.9953080595321258,1.0,1.0,1.0,0.9959952845731196,0.9952971636095351,0.9784342237111953,1.0,1.0,1.0,1.0,0.9973508844906307,0.9912859712288253,1.0,1.0,0.9758940444673071,1.0,1.0,0.9956229815377424,1.0,0.9843199023680141,0.9973695614640371,1.0,0.9976421615606431,0.9903538988673848
r584,3.9701684383594062,4.0108477226959405,4.014528121544144,3.988982665605093,3.992144596253805,3.9261865214914753,4.027918976656379,4.031599069673491,4.05297717215419,4.0516432634580895,4.061565638286594,4.025582957977922,4.0077620482462155,4.030006542447591,4.0337696824480265,4.039056349407576,4.042073449384646,4.059706598110054,4.071358767095299,4.054317025238758,4.0686927869307805,4.052895966326638,4.071873695134133,4.061001223745887,4.050907601896913,4.005754373577294,4.060444847015619,4.026677202149211,4.045344749382402,4.038606285607846,4.020536176904855,4.031355091098551,4.0063069060017344,4.034024711452491,4.045459079864888,4.050012017611974,4.0503356782816144,4.059138619486468,4.064487168565638,4.032936284176612,4.047067895171072,4.072997176583323,4.028038674477364,4.039749670915978,4.057667375629846,4.044913642247982,4.027751478750211,4.039954218764028,4.019991535092132,4.0,4.015662223077118,4.022633548611047,4.048246497077045,4.031009893882466,4.022761966971176,4.0442544389651465,4.024930105602527,4.047467744211893,4.038566078070592,4.009757928571946,4.020531964713805,4.0182378387392905,4.0328605135978925,4.034943623841951,4.01623363089867,4.0075272803663635,3.9840692815596745,4.002296168124642,3.9923325216768015,4.008872808817706,4.035418751232299,4.039065859961968
r585,1.0,0.9938252386010776,1.0,1.0,1.0,1.0,0.9966131808222306,0.9994654606159491,0.9744634930990178,0.997799180755453,0.9932855021607768,0.9999720427740951,1.0,1.0,1.0,0.979671028255619,0.9845520758565289,0.9802375694557618,1.0,0.9950707335733732,0.9987409083771983,1.0,1.0,1.0,1.0,0.9937674383758723,0.9815748959883912,0.9995867361336873,0.9950539412469606,0.9968207994738216,1.0,0.9956373373519655,0.9895089092304228,0.9830782637300642,0.9880734336604353,0.9973463282316886,0.9948165311392837,1.0,0.9906128193887812,0.9915128077629671,1.0,0.9811003307292004,0.9986490575637034,0.9885303132060494,0.9965463983451579,0.9969566632561437,0.998250100376431,0.9953080595321258,1.0,1.0,1.0,0.9959952845731196,0.9952971636095351,0.9784342237111953,1.0,1.0,1.0,1.0,0.9973508844906307,0.9912859712288253,1.0,1.0,0.9758940444673071,1.0,1.0,0.9956229815377424,1.0,0.9843199023680141,0.9973695614640371,1.0,0.9976421615606431,0.9903538988673848
r586,1.9450816720084636,1.9413534205161818,1.9370741244754202,1.9919839497672684,1.9889231120544384,1.9884564327444836,2.003647783322394,2.007508575343617,2.006256578739212,2.005484522106071,2.009371649960281,2.0151119421104284,1.997936961621201,2.014120082733889,2.0070135200617685,2.024588806468959,2.005121139855011,2.0126692864675,2.0068678155530595,2.0069647753513067,2.0087342585098606,2.0071866003457908,1.9925777988140327,2.0027323143966016,1.9969757941109758,2.0046445168967133,2.0160355281213214,1.9980204054144282,2.005708890371218,2.001442127773758,1.9986862784171544,2.0148028932168183,2.018256795691668,2.000955443772527,2.0170405400044444,1.9983616456964355,2.004664812772895,2.0071322718836115,2.0141863472326405,2.035325888826499,2.051708523859609,2.0413010249099934,2.011208273736438,2.012087035321062,2.025845805053578,1.9941258007539138,1.9931516719098565,1.9960434591913248,2.011302385786143,2.0,1.9992378600157505,2.0058297613405167,2.002463313178086,2.0087298479896964,1.988008058774118,1.9949307799106815,1.9786196184405367,1.9766406891836117,1.994932080052907,1.9755145709235968,1.9950986853052246,1.979082651380112,1.9987717461666312,1.9914460902387396,1.986551639718785,1.994061038774303,1.9825897547329472,1.9793995246482818,1.985266614157429,2.0003580925021414,1.9996956655245672,2.0157327617377545
r587,1.0,0.9938252386010776,1.0,1.0,1.0,1.0,0.9966131808222306,0.9994654606159491,0.9744634930990178,0.997799180755453,0.9932855021607768,0.9999720427740951,1.0,1.0,1.0,0.979671028255619,0.9845520758565289,0.9802375694557618,1.0,0.9950707335733732,0.9987409083771983,1.0,1.0,1.0,1.0,0.9937674383758723,0.9815748959883912,0.9995867361336873,0.9950539412469606,0.9968207994738216,1.0,0.9956373373519655,0.9895089092304228,0.9830782637300642,0.9880734336604353,0.9973463282316886,0.9948165311392837,1.0,0.9906128193887812,0.9915128077629671,1.0,0.9811003307292004,0.9986490575637034,0.9885303132060494,0.9965463983451579,0.9969566632561437,0.998250100376431,0.9953080595321258,1.0,1.0,1.0,0.9959952845731196,0.9952971636095351,0.9784342237111953,1.0,1.0,1.0,1.0,0.9973508844906307,0.9912859712288253,1.0,1.0,0.9758940444673071,1.0,1.0,0.9956229815377424,1.0,0.9843199023680141,0.9973695614640371,1.0,0.9976421615606431,0.9903538988673848
r589,3.9701684383594062,4.0108477226959405,4.014528121544144,3.988982665605093,3.992144596253805,3.9261865214914753,4.027918976656379,4.031599069673491,4.05297717215419,4.0516432634580895,4.061565638286594,4.025582957977922,4.0077620482462155,4.030006542447591,4.0337696824480265,4.039056349407576,4.042073449384646,4.059706598110054,4.071358767095299,4.054317025238758,4.0686927869307805,4.052895966326638,4.071873695134133,4.061001223745887,4.050907601896913,4.005754373577294,4.060444847015619,4.026677202149211,4.045344749382402,4.038606285607846,4.020536176904855,4.031355091098551,4.0063069060017344,4.034024711452491,4.045459079864888,4.050012017611974,4.0503356782816144,4.059138619486468,4.064487168565638,4.032936284176612,4.047067895171072,4.072997176583323,4.028038674477364,4.039749670915978,4.057667375629846,4.044913642247982,4.027751478750211,4.039954218764028,4.019991535092132,4.0,4.015662223077118,4.022633548611047,4.048246497077045,4.031009893882466,4.022761966971176,4.0442544389651465,4.024930105602527,4.047467744211893,4.038566078070592,4.009757928571946,4.020531964713805,4.0182378387392905,4.0328605135978925,4.034943623841951,4.01623363089867,4.0075272803663635,3.9840692815596745,4.002296168124642,3.9923325216768015,4.008872808817706,4.035418751232299,4.039065859961968
r590,1.0247676109002704,1.0,1.025800512262273,1.0172767001111322,1.0287623768734822,1.0,0.9866448773084058,1.0,1.0133802060702153,1.0,0.9874633984863287,1.0170579359130791,1.0021661458033426,1.0,0.993036291782297,1.0004027351579785,1.018703114664295,1.0266007984962415,1.002509406685288,1.0,1.005059332841746,0.9945786664794418,1.0,1.0,1.0,1.0006096623819067,1.0097766685483582,1.002302018160437,0.9952102201560861,1.0,1.0324135823391358,1.0242457220806778,1.0,1.0,0.9979440491584057,1.0,0.9975399399247954,1.0171253957340933,0.9986354114351648,1.0016531544522136,1.022179184954346,1.0,1.0,1.0,1.0,1.002745067698989,0.9961299744590283,1.0017704683463784,0.9976610448924229,1.0,1.0008893282749451,0.9862198612730487,0.9901483788321657,0.9866424099620736,0.9952263458901324,0.988708505396773,1.0123609020090742,1.0037718257834354,0.9883216377517557,1.0165904634521665,0.9992766033603849,0.9956614862829462,1.0037466512114728,1.0006682348594127,1.0083155127362127,1.014698925031844,1.0,1.0081062180742002,1.0105340114896244,1.0004579145582422,1.006907546493984,1.0052236598758404
r591,1.9450816720084636,1.9413534205161818,1.9370741244754202,1.9919839497672684,1.9889231120544384,1.9884564327444836,2.003647783322394,2.007508575343617,2.006256578739212,2.005484522106071,2.009371649960281,2.0151119421104284,1.997936961621201,2.014120082733889,2.0070135200617685,2.024588806468959,2.005121139855011,2.0126692864675,2.0068678155530595,2.0069647753513067,2.0087342585098606,2.0071866003457908,1.9925777988140327,2.0027323143966016,1.9969757941109758,2.0046445168967133,2.0160355281213214,1.9980204054144282,2.005708890371218,2.001442127773758,1.9986862784171544,2.0148028932168183,2.018256795691668,2.000955443772527,2.0170405400044444,1.9983616456964355,2.004664812772895,2.0071322718836115,2.0141863472326405,2.035325888826499,2.051708523859609,2.0413010249099934,2.011208273736438,2.012087035321062,2.025845805053578,1.9941258007539138,1.9931516719098565,1.9960434591913248,2.011302385786143,2.0,1.9992378600157505,2.0058297613405167,2.002463313178086,2.0087298479896964,1.988008058774118,1.9949307799106815,1.9786196184405367,1.9766406891836117,1.994932080052907,1.9755145709235968,1.9950986853052246,1.979082651380112,1.9987717461666312,1.9914460902387396,1.986551639718785,1.994061038774303,1.9825897547329472,1.9793995246482818,1.985266614157429,2.0003580925021414,1.9996956655245672,2.0157327617377545
r592,1.0,0.9938252386010776,1.0,1.0,1.0,1.0,0.9866448773084058,0.9994654606159491,0.9744634930990178,0.997799180755453,0.9874633984863287,0.9999720427740951,1.0,1.0,0.993036291782297,0.979671028255619,0.9845520758565289,0.9802375694557618,1.0,0.9950707335733732,0.9987409083771983,0.9945786664794418,1.0,1.0,1.0,0.9937674383758723,0.9815748959883912,0.9995867361336873,0.9950539412469606,0.9968207994738216,1.0,0.9956373373519655,0.9895089092304228,0.9830782637300642,0.9880734336604353,0.9973463282316886,0.9948165311392837,1.0,0.9906128193887812,0.9915128077629671,1.0,0.9811003307292004,0.9986490575637034,0.9885303132060494,0.9965463983451579,0.9969566632561437,0.9961299744590283,0.9953080595321258,0.9976610448924229,1.0,1.0,0.9862198612730487,0.9901483788321657,0.9784342237111953,0.9952263458901324,0.988708505396773,1.0,1.0,0.9883216377517557,0.9912859712288253,0.9992766033603849,0.9956614862829462,0.9758940444673071,1.0,1.0,0.9956229815377424,1.0,0.9843199023680141,0.9973695614640371,1.0,0.9976421615606431,0.9903538988673848
r599,3.9701684383594062,4.0108477226959405,4.014528121544144,3.988982665605093,3.992144596253805,3.9261865214914753,4.027918976656379,4.031599069673491,4.05297717215419,4.0516432634580895,4.061565638286594,4.025582957977922,4.0077620482462155,4.030006542447591,4.0337696824480265,4.039056349407576,4.042073449384646,4.059706598110054,4.071358767095299,4.054317025238758,4.0686927869307805,4.052895966326638,4.071873695134133,4.061001223745887,4.050907601896913,4.005754373577294,4.060444847015619,4.026677202149211,4.045344749382402,4.038606285607846,4.020536176904855,4.031355091098551,4.0063069060017344,4.034024711452491,4.045459079864888,4.050012017611974,4.0503356782816144,4.059138619486468,4.064487168565638,4.032936284176612,4.047067895171072,4.072997176583323,4.028038674477364,4.039749670915978,4.057667375629846,4.044913642247982,4.027751478750211,4.039954218764028,4.019991535092132,4.0,4.015662223077118,4.022633548611047,4.048246497077045,4.031009893882466,4.022761966971176,4.0442544389651465,4.024930105602527,4.047467744211893,4.038566078070592,4.009757928571946,4.020531964713805,4.0182378387392905,4.0328605135978925,4.034943623841951,4.01623363089867,4.0075272803663635,3.9840692815596745,4.002296168124642,3.9923325216768015,4.008872808817706,4.035418751232299,4.039065859961968
r600,1.0247676109002704,1.0,1.025800512262273,1.0172767001111322,1.0287623768734822,1.0,0.9866448773084058,1.0,1.0133802060702153,1.0,0.9874633984863287,1.0170579359130791,1.0021661458033426,1.0,0.993036291782297,1.0004027351579785,1.018703114664295,1.0266007984962415,1.002509406685288,1.0,1.005059332841746,0.9945786664794418,1.0,1.0,1.0,1.0006096623819067,1.0097766685483582,1.002302018160437,0.9952102201560861,1.0,1.0324135823391358,1.0242457220806778,1.0,1.0,0.9979440491584057,1.0,0.9975399399247954,1.0171253957340933,0.9986354114351648,1.0016531544522136,1.022179184954346,1.0,1.0,1.0,1.0,1.002745067698989,0.9961299744590283,1.0017704683463784,0.9976610448924229,1.0,1.0008893282749451,0.9862198612730487,0.9901483788321657,0.9866424099620736,0.9952263458901324,0.988708505396773,1.0123609020090742,1.0037718257834354,0.9883216377517557,1.0165904634521665,0.9992766033603849,0.9956614862829462,1.0037466512114728,1.0006682348594127,1.0083155127362127,1.014698925031844,1.0,1.0081062180742002,1.0105340114896244,1.0004579145582422,1.006907546493984,1.0052236598758404
r601,1.9450816720084636,1.9413534205161818,1.9370741244754202,1.9919839497672684,1.9889231120544384,1.9884564327444836,2.003647783322394,2.007508575343617,2.006256578739212,2.005484522106071,2.009371649960281,2.0151119421104284,1.997936961621201,2.014120082733889,2.0070135200617685,2.024588806468959,2.005121139855011,2.0126692864675,2.0068678155530595,2.0069647753513067,2.0087342585098606,2.0071866003457908,1.9925777988140327,2.0027323143966016,1.9969757941109758,2.0046445168967133,2.0160355281213214,1.9980204054144282,2.005708890371218,2.001442127773758,1.9986862784171544,2.0148028932168183,2.018256795691668,2.000955443772527,2.0170405400044444,1.9983616456964355,2.004664812772895,2.0071322718836115,2.0141863472326405,2.035325888826499,2.051708523859609,2.0413010249099934,2.011208273736438,2.012087035321062,2.025845805053578,1.9941258007539138,1.9931516719098565,1.9960434591913248,2.011302385786143,2.0,1.9992378600157505,2.0058297613405167,2.002463313178086,2.0087298479896964,1.988008058774118,1.9949307799106815,1.9786196184405367,1.9766406891836117,1.994932080052907,1.9755145709235968,1.9950986853052246,1.979082651380112,1.9987717461666312,1.9914460902387396,1.986551639718785,1.994061038774303,1.9825897547329472,1.9793995246482818,1.985266614157429,2.0003580925021414,1.9996956655245672,2.0157327617377545
r602,1.0,0.9938252386010776,1.0,1.0,1.0,1.0,0.9866448773084058,0.9994654606159491,0.9744634930990178,0.997799180755453,0.9874633984863287,0.9999720427740951,1.0,1.0,0.993036291782297,0.979671028255619,0.9845520758565289,0.9802375694557618,1.0,0.9950707335733732,0.9987409083771983,0.9945786664794418,1.0,1.0,1.0,0.9937674383758723,0.9815748959883912,0.9995867361336873,0.9950539412469606,0.9968207994738216,1.0,0.9956373373519655,0.9895089092304228,0.9830782637300642,0.9880734336604353,0.9973463282316886,0.9948165311392837,1.0,0.9906128193887812,0.9915128077629671,1.0,0.9811003307292004,0.9986490575637034,0.9885303132060494,0.9965463983451579,0.9969566632561437,0.9961299744590283,0.9953080595321258,0.9976610448924229,1.0,1.0,0.9862198612730487,0.9901483788321657,0.9784342237111953,0.9952263458901324,0.988708505396773,1.0,1.0,0.9883216377517557,0.9912859712288253,0.9992766033603849,0.9956614862829462,0.9758940444673071,1.0,1.0,0.9956229815377424,1.0,0.9843199023680141,0.9973695614640371,1.0,0.9976421615606431,0.9903538988673848
r609,3.9701684383594062,4.0108477226959405,4.014528121544144,3.988982665605093,3.992144596253805,3.9261865214914753,4.027918976656379,4.031599069673491,4.05297717215419,4.0516432634580895,4.061565638286594,4.025582957977922,4.0077620482462155,4.030006542447591,4.0337696824480265,4.039056349407576,4.042073449384646,4.059706598110054,4.071358767095299,4.054317025238758,4.0686927869307805,4.052895966326638,4.071873695134133,4.061001223745887,4.050907601896913,4.005754373577294,4.060444847015619,4.026677202149211,4.045344749382402,4.038606285607846,4.020536176904855,4.031355091098551,4.0063069060017344,4.034024711452491,4.045459079864888,4.050012017611974,4.0503356782816144,4.059138619486468,4.064487168565638,4.032936284176612,4.047067895171072,4.072997176583323,4.028038674477364,4.039749670915978,4.057667375629846,4.044913642247982,4.027751478750211,4.039954218764028,4.019991535092132,4.0,4.015662223077118,4.022633548611047,4.048246497077045,4.031009893882466,4.022761966971176,4.0442544389651465,4.024930105602527,4.047467744211893,4.038566078070592,4.009757928571946,4.020531964713805,4.0182378387392905,4.0328605135978925,4.034943623841951,4.01623363089867,4.0075272803663635,3.9840692815596745,4.002296168124642,3.9923325216768015,4.008872808817706,4.035418751232299,4.039065859961968
r610,1.0247676109002704,1.0,1.025800512262273,1.0172767001111322,1.0287623768734822,1.0,0.9866448773084058,1.0,1.0133802060702153,1.0,0.9874633984863287,1.0170579359130791,1.0021661458033426,1.0,0.993036291782297,1.0004027351579785,1.018703114664295,1.0266007984962415,1.002509406685288,1.0,1.005059332841746,0.9945786664794418,1.0,1.0,1.0,1.0006096623819067,1.0097766685483582,1.002302018160437,0.9952102201560861,1.0,1.0324135823391358,1.0242457220806778,1.0,1.0,0.9979440491584057,1.0,0.9975399399247954,1.0171253957340933,0.9986354114351648,1.0016531544522136,1.022179184954346,1.0,1.0,1.0,1.0,1.002745067698989,0.9961299744590283,1.0017704683463784,0.9976610448924229,1.0,1.0008893282749451,0.9862198612730487,0.9901483788321657,0.9866424099620736,0.9952263458901324,0.988708505396773,1.0123609020090742,1.0037718257834354,0.9883216377517557,1.0165904634521665,0.9992766033603849,0.9956614862829462,1.0037466512114728,1.0006682348594127,1.0083155127362127,1.014698925031844,1.0,1.0081062180742002,1.0105340114896244,1.0004579145582422,1.006907546493984,1.0052236598758404
r611,1.9450816720084636,1.9413534205161818,1.9370741244754202,1.9919839497672684,1.9889231120544384,1.9884564327444836,2.003647783322394,2.007508575343617,2.006256578739212,2.005484522106071,2.009371649960281,2.0151119421104284,1.997936961621201,2.014120082733889,2.0070135200617685,2.024588806468959,2.005121139855011,2.0126692864675,2.0068678155530595,2.0069647753513067,2.0087342585098606,2.0071866003457908,1.9925777988140327,2.0027323143966016,1.9969757941109758,2.0046445168967133,2.0160355281213214,1.9980204054144282,2.005708890371218,2.001442127773758,1.9986862784171544,2.0148028932168183,2.018256795691668,2.000955443772527,2.0170405400044444,1.9983616456964355,2.004664812772895,2.0071322718836115,2.0141863472326405,2.035325888826499,2.051708523859609,2.0413010249099934,2.011208273736438,2.012087035321062,2.025845805053578,1.9941258007539138,1.9931516719098565,1.9960434591913248,2.011302385786143,2.0,1.9992378600157505,2.0058297613405167,2.002463313178086,2.0087298479896964,1.988008058774118,1.9949307799106815,1.9786196184405367,1.9766406891836117,1.994932080052907,1.9755145709235968,1.9950986853052246,1.979082651380112,1.9987717461666312,1.9914460902387396,1.986551639718785,1.994061038774303,1.9825897547329472,1.9793995246482818,1.985266614157429,2.0003580925021414,1.9996956655245672,2.0157327617377545
r612,1.0,0.9938252386010776,1.0,1.0,1.0,1.0,0.9866448773084058,0.9994654606159491,0.9744634930990178,0.997799180755453,0.9874633984863287,0.9999720427740951,1.0,1.0,0.993036291782297,0.979671028255619,0.9845520758565289,0.9802375694557618,1.0,0.9950707335733732,0.9987409083771983,0.9945786664794418,1.0,1.0,1.0,0.9937674383758723,0.9815748959883912,0.9995867361336873,0.9950539412469606,0.9968207994738216,1.0,0.9956373373519655,0.9895089092304228,0.9830782637300642,0.9880734336604353,0.9973463282316886,0.9948165311392837,1.0,0.9906128193887812,0.9915128077629671,1.0,0.9811003307292004,0.9986490575637034,0.9885303132060494,0.9965463983451579,0.9969566632561437,0.9961299744590283,0.9953080595321258,0.9976610448924229,1.0,1.0,0.9862198612730487,0.9901483788321657,0.9784342237111953,0.9952263458901324,0.988708505396773,1.0,1.0,0.9883216377517557,0.9912859712288253,0.9992766033603849,0.9956614862829462,0.9758940444673071,1.0,1.0,0.9956229815377424,1.0,0.9843199023680141,0.9973695614640371,1.0,0.9976421615606431,0.9903538988673848
r619,3.9701684383594062,4.0108477226959405,4.014528121544144,3.988982665605093,3.992144596253805,3.9261865214914753,4.027918976656379,4.031599069673491,4.05297717215419,4.0516432634580895,4.061565638286594,4.025582957977922,4.0077620482462155,4.030006542447591,4.0337696824480265,4.039056349407576,4.042073449384646,4.059706598110054,4.071358767095299,4.054317025238758,4.0686927869307805,4.052895966326638,4.071873695134133,4.061001223745887,4.050907601896913,4.005754373577294,4.060444847015619,4.026677202149211,4.045344749382402,4.038606285607846,4.020536176904855,4.031355091098551,4.0063069060017344,4.034024711452491,4.045459079864888,4.050012017611974,4.0503356782816144,4.059138619486468,4.064487168565638,4.032936284176612,4.047067895171072,4.072997176583323,4.028038674477364,4.039749670915978,4.057667375629846,4.044913642247982,4.027751478750211,4.039954218764028,4.019991535092132,4.0,4.015662223077118,4.022633548611047,4.048246497077045,4.031009893882466,4.022761966971176,4.0442544389651465,4.024930105602527,4.047467744211893,4.038566078070592,4.009757928571946,4.020531964713805,4.0182378387392905,4.0328605135978925,4.034943623841951,4.01623363089867,4.0075272803663635,3.9840692815596745,4.002296168124642,3.9923325216768015,4.008872808817706,4.035418751232299,4.039065859961968
r620,1.0247676109002704,1.0,1.025800512262273,1.0172767001111322,1.0287623768734822,1.0,0.9866448773084058,1.0,1.0133802060702153,1.0,0.9874633984863287,1.0170579359130791,1.0021661458033426,1.0,0.993036291782297,1.0004027351579785,1.018703114664295,1.0266007984962415,1.002509406685288,1.0,1.005059332841746,0.9945786664794418,1.0,1.0,1.0,1.0006096623819067,1.0097766685483582,1.002302018160437,0.9952102201560861,1.0,1.0324135823391358,1.0242457220806778,1.0,1.0,0.9979440491584057,1.0,0.9975399399247954,1.0171253957340933,0.9986354114351648,1.0016531544522136,1.022179184954346,1.0,1.0,1.0,1.0,1.002745067698989,0.9961299744590283,1.0017704683463784,0.9976610448924229,1.0,1.0008893282749451,0.9862198612730487,0.9901483788321657,0.9866424099620736,0.9952263458901324,0.988708505396773,1.0123609020090742,1.0037718257834354,0.9883216377517557,1.0165904634521665,0.9992766033603849,0.9956614862829462,1.0037466512114728,1.0006682348594127,1.0083155127362127,1.014698925031844,1.0,1.0081062180742002,1.0105340114896244,1.0004579145582422,1.006907546493984,1.0052236598758404
r621,1.9450816720084636,1.9413534205161818,1.9370741244754202,1.9919839497672684,1.9889231120544384,1.9884564327444836,2.003647783322394,2.007508575343617,2.006256578739212,2.005484522106071,2.009371649960281,2.0151119421104284,1.997936961621201,2.014120082733889,2.0070135200617685,2.024588806468959,2.005121139855011,2.0126692864675,2.0068678155530595,2.0069647753513067,2.0087342585098606,2.0071866003457908,1.9925777988140327,2.0027323143966016,1.9969757941109758,2.0046445168967133,2.0160355281213214,1.9980204054144282,2.005708890371218,2.001442127773758,1.9986862784171544,2.0148028932168183,2.018256795691668,2.000955443772527,2.0170405400044444,1.9983616456964355,2.004664812772895,2.0071322718836115,2.0141863472326405,2.035325888826499,2.051708523859609,2.0413010249099934,2.011208273736438,2.012087035321062,2.025845805053578,1.9941258007539138,1.9931516719098565,1.9960434591913248,2.011302385786143,2.0,1.9992378600157505,2.0058297613405167,2.002463313178086,2.0087298479896964,1.988008058774118,1.9949307799106815,1.9786196184405367,1.9766406891836117,1.994932080052907,1.9755145709235968,1.9950986853052246,1.979082651380112,1.9987717461666312,1.9914460902387396,1.986551639718785,1.994061038774303,1.9825897547329472,1.9793995246482818,1.985266614157429,2.0003580925021414,1.9996956655245672,2.0157327617377545
r622,1.0,0.9938252386010776,1.0,1.0,1.0,1.0,0.9866448773084058,0.9994654606159491,0.9744634930990178,0.997799180755453,0.9874633984863287,0.9999720427740951,1.0,1.0,0.993036291782297,0.979671028255619,0.9845520758565289,0.9802375694557618,1.0,0.9950707335733732,0.9987409083771983,0.9945786664794418,1.0,1.0,1.0,0.9937674383758723,0.9815748959883912,0.9995867361336873,0.9950539412469606,0.9968207994738216,1.0,0.9956373373519655,0.9895089092304228,0.9830782637300642,0.9880734336604353,0.9973463282316886,0.9948165311392837,1.0,0.9906128193887812,0.9915128077629671,1.0,0.9811003307292004,0.9986490575637034,0.9885303132060494,0.9965463983451579,0.9969566632561437,0.9961299744590283,0.9953080595321258,0.9976610448924229,1.0,1.0,0.9862198612730487,0.9901483788321657,0.9784342237111953,0.9952263458901324,0.988708505396773,1.0,1.0,0.9883216377517557,0.9912859712288253,0.9992766033603849,0.9956614862829462,0.9758940444673071,1.0,1.0,0.9956229815377424,1.0,0.9843199023680141,0.9973695614640371,1.0,0.9976421615606431,0.9903538988673848
r1224,1.0247676109002704,1.0,1.025800512262273,1.0172767001111322,1.0287623768734822,1.0,0.9866448773084058,1.0,1.0133802060702153,1.0,0.9874633984863287,1.0170579359130791,1.0021661458033426,1.0,0.993036291782297,1.0004027351579785,1.018703114664295,1.0266007984962415,1.002509406685288,1.0,1.005059332841746,0.9945786664794418,1.0,1.0,1.0,1.0006096623819067,1.0097766685483582,1.002302018160437,0.9952102201560861,1.0,1.0324135823391358,1.0242457220806778,1.0,1.0,0.9979440491584057,1.0,0.9975399399247954,1.0171253957340933,0.9986354114351648,1.0016531544522136,1.022179184954346,1.0,1.0,1.0,1.0,1.002745067698989,0.9961299744590283,1.0017704683463784,0.9976610448924229,1.0,1.0008893282749451,0.9862198612730487,0.9901483788321657,0.9866424099620736,0.9952263458901324,0.988708505396773,1.0123609020090742,1.0037718257834354,0.9883216377517557,1.0165904634521665,0.9992766033603849,0.9956614862829462,1.0037466512114728,1.0006682348594127,1.0083155127362127,1.014698925031844,1.0,1.0081062180742002,1.0105340114896244,1.0004579145582422,1.006907546493984,1.0052236598758404
r1226,3.9701684383594062,4.0108477226959405,4.014528121544144,3.988982665605093,3.992144596253805,3.9261865214914753,4.027918976656379,4.031599069673491,4.05297717215419,4.0516432634580895,4.061565638286594,4.025582957977922,4.0077620482462155,4.030006542447591,4.0337696824480265,4.039056349407576,4.042073449384646,4.059706598110054,4.071358767095299,4.054317025238758,4.0686927869307805,4.052895966326638,4.071873695134133,4.061001223745887,4.050907601896913,4.005754373577294,4.060444847015619,4.026677202149211,4.045344749382402,4.038606285607846,4.020536176904855,4.031355091098551,4.0063069060017344,4.034024711452491,4.045459079864888,4.050012017611974,4.0503356782816144,4.059138619486468,4.064487168565638,4.032936284176612,4.047067895171072,4.072997176583323,4.028038674477364,4.039749670915978,4.057667375629846,4.044913642247982,4.027751478750211,4.039954218764028,4.019991535092132,4.0,4.015662223077118,4.022633548611047,4.048246497077045,4.031009893882466,4.022761966971176,4.0442544389651465,4.024930105602527,4.047467744211893,4.038566078070592,4.009757928571946,4.020531964713805,4.0182378387392905,4.0328605135978925,4.034943623841951,4.01623363089867,4.0075272803663635,3.9840692815596745,4.002296168124642,3.9923325216768015,4.008872808817706,4.035418751232299,4.039065859961968
r1227,1.0,0.9938252386010776,1.0,1.0,1.0,1.0,0.9966131808222306,0.9994654606159491,0.9744634930990178,0.997799180755453,0.9932855021607768,0.9999720427740951,1.0,1.0,1.0,0.979671028255619,0.9845520758565289,0.9802375694557618,1.0,0.9950707335733732,0.9987409083771983,1.0,1.0,1.0,1.0,0.9937674383758723,0.9815748959883912,0.9995867361336873,0.9950539412469606,0.9968207994738216,1.0,0.9956373373519655,0.9895089092304228,0.9830782637300642,0.9880734336604353,0.9973463282316886,0.9948165311392837,1.0,0.9906128193887812,0.9915128077629671,1.0,0.9811003307292004,0.9986490575637034,0.9885303132060494,0.9965463983451579,0.9969566632561437,0.998250100376431,0.9953080595321258,1.0,1.0,1.0,0.9959952845731196,0.9952971636095351,0.9784342237111953,1.0,1.0,1.0,1.0,0.9973508844906307,0.9912859712288253,1.0,1.0,0.9758940444673071,1.0,1.0,0.9956229815377424,1.0,0.9843199023680141,0.9973695614640371,1.0,0.9976421615606431,0.9903538988673848
r1228,1.9450816720084636,1.9413534205161818,1.9370741244754202,1.9919839497672684,1.9889231120544384,1.9884564327444836,2.003647783322394,2.007508575343617,2.006256578739212,2.005484522106071,2.009371649960281,2.0151119421104284,1.997936961621201,2.014120082733889,2.0070135200617685,2.024588806468959,2.005121139855011,2.0126692864675,2.0068678155530595,2.0069647753513067,2.0087342585098606,2.0071866003457908,1.9925777988140327,2.0027323143966016,1.9969757941109758,2.0046445168967133,2.0160355281213214,1.9980204054144282,2.005708890371218,2.001442127773758,1.9986862784171544,2.0148028932168183,2.018256795691668,2.000955443772527,2.0170405400044444,1.9983616456964355,2.004664812772895,2.0071322718836115,2.0141863472326405,2.035325888826499,2.051708523859609,2.0413010249099934,2.011208273736438,2.012087035321062,2.025845805053578,1.9941258007539138,1.9931516719098565,1.9960434591913248,2.011302385786143,2.0,1.9992378600157505,2.0058297613405167,2.002463313178086,2.0087298479896964,1.988008058774118,1.9949307799106815,1.9786196184405367,1.9766406891836117,1.994932080052907,1.9755145709235968,1.9950986853052246,1.979082651380112,1.9987717461666312,1.9914460902387396,1.986551639718785,1.994061038774303,1.9825897547329472,1.9793995246482818,1.985266614157429,2.0003580925021414,1.9996956655245672,2.0157327617377545
r1229,1.0,0.9938252386010776,1.0,1.0,1.0,1.0,0.9966131808222306,0.9994654606159491,0.9744634930990178,0.997799180755453,0.9932855021607768,0.9999720427740951,1.0,1.0,1.0,0.979671028255619,0.9845520758565289,0.9802375694557618,1.0,0.9950707335733732,0.9987409083771983,1.0,1.0,1.0,1.0,0.9937674383758723,0.9815748959883912,0.9995867361336873,0.9950539412469606,0.9968207994738216,1.0,0.9956373373519655,0.9895089092304228,0.9830782637300642,0.9880734336604353,0.9973463282316886,0.9948165311392837,1.0,0.9906128193887812,0.9915128077629671,1.0,0.9811003307292004,0.9986490575637034,0.9885303132060494,0.9965463983451579,0.9969566632561437,0.998250100376431,0.9953080595321258,1.0,1.0,1.0,0.9959952845731196,0.9952971636095351,0.9784342237111953,1.0,1.0,1.0,1.0,0.9973508844906307,0.9912859712288253,1.0,1.0,0.9758940444673071,1.0,1.0,0.9956229815377424,1.0,0.9843199023680141,0.9973695614640371,1.0,0.9976421615606431,0.9903538988673848
r1231,3.9701684383594062,4.0108477226959405,4.014528121544144,3.988982665605093,3.992144596253805,3.9261865214914753,4.027918976656379,4.031599069673491,4.05297717215419,4.0516432634580895,4.061565638286594,4.025582957977922,4.0077620482462155,4.030006542447591,4.0337696824480265,4.039056349407576,4.042073449384646,4.059706598110054,4.071358767095299,4.054317025238758,4.0686927869307805,4.052895966326638,4.071873695134133,4.061001223745887,4.050907601896913,4.005754373577294,4.060444847015619,4.026677202149211,4.045344749382402,4.038606285607846,4.020536176904855,4.031355091098551,4.0063069060017344,4.034024711452491,4.045459079864888,4.050012017611974,4.0503356782816144,4.059138619486468,4.064487168565638,4.032936284176612,4.047067895171072,4.072997176583323,4.028038674477364,4.039749670915978,4.057667375629846,4.044913642247982,4.027751478750211,4.039954218764028,4.019991535092132,4.0,4.015662223077118,4.022633548611047,4.048246497077045,4.031009893882466,4.022761966971176,4.0442544389651465,4.024930105602527,4.047467744211893,4.038566078070592,4.009757928571946,4.020531964713805,4.0182378387392905,4.0328605135978925,4.034943623841951,4.01623363089867,4.0075272803663635,3.9840692815596745,4.002296168124642,3.9923325216768015,4.008872808817706,4.035418751232299,4.039065859961968
r1232,1.0,0.9938252386010776,1.0,1.0,1.0,1.0,0.9966131808222306,0.9994654606159491,0.9744634930990178,0.997799180755453,0.9932855021607768,0.9999720427740951,1.0,1.0,1.0,0.979671028255619,0.9845520758565289,0.9802375694557618,1.0,0.9950707335733732,0.9987409083771983,1.0,1.0,1.0,1.0,0.9937674383758723,0.9815748959883912,0.9995867361336873,0.9950539412469606,0.9968207994738216,1.0,0.9956373373519655,0.9895089092304228,0.9830782637300642,0.9880734336604353,0.9973463282316886,0.9948165311392837,1.0,0.9906128193887812,0.9915128077629671,1.0,0.9811003307292004,0.9986490575637034,0.9885303132060494,0.9965463983451579,0.9969566632561437,0.998250100376431,0.9953080595321258,1.0,1.0,1.0,0.9959952845731196,0.9952971636095351,0.9784342237111953,1.0,1.0,1.0,1.0,0.9973508844906307,0.9912859712288253,1.0,1.0,0.9758940444673071,1.0,1.0,0.9956229815377424,1.0,0.9843199023680141,0.9973695614640371,1.0,0.9976421615606431,0.9903538988673848
r1233,1.9450816720084636,1.9413534205161818,1.9370741244754202,1.9919839497672684,1.9889231120544384,1.9884564327444836,2.003647783322394,2.007508575343617,2.006256578739212,2.005484522106071,2.009371649960281,2.0151119421104284,1.997936961621201,2.014120082733889,2.0070135200617685,2.024588806468959,2.005121139855011,2.0126692864675,2.0068678155530595,2.0069647753513067,2.0087342585098606,2.0071866003457908,1.9925777988140327,2.0027323143966016,1.9969757941109758,2.0046445168967133,2.0160355281213214,1.9980204054144282,2.005708890371218,2.001442127773758,1.9986862784171544,2.0148028932168183,2.018256795691668,2.000955443772527,2.0170405400044444,1.9983616456964355,2.004664812772895,2.0071322718836115,2.0141863472326405,2.035325888826499,2.051708523859609,2.0413010249099934,2.011208273736438,2.012087035321062,2.025845805053578,1.9941258007539138,1.9931516719098565,1.9960434591913248,2.011302385786143,2.0,1.9992378600157505,2.0058297613405167,2.002463313178086,2.0087298479896964,1.988008058774118,1.9949307799106815,1.9786196184405367,1.9766406891836117,1.994932080052907,1.9755145709235968,1.9950986853052246,1.979082651380112,1.9987717461666312,1.9914460902387396,1.986551639718785,1.994061038774303,1.9825897547329472,1.9793995246482818,1.985266614157429,2.0003580925021414,1.9996956655245672,2.0157327617377545
r1234,1.0,0.9938252386010776,1.0,1.0,1.0,1.0,0.9966131808222306,0.9994654606159491,0.9744634930990178,0.997799180755453,0.9932855021607768,0.9999720427740951,1.0,1.0,1.0,0.979671028255619,0.9845520758565289,0.9802375694557618,1.0,0.9950707335733732,0.9987409083771983,1.0,1.0,1.0,1.0,0.9937674383758723,0.9815748959883912,0.9995867361336873,0.9950539412469606,0.9968207994738216,1.0,0.9956373373519655,0.9895089092304228,0.9830782637300642,0.9880734336604353,0.9973463282316886,0.9948165311392837,1.0,0.9906128193887812,0.9915128077629671,1.0,0.9811003307292004,0.9986490575637034,0.9885303132060494,0.9965463983451579,0.9969566632561437,0.998250100376431,0.9953080595321258,1.0,1.0,1.0,0.9959952845731196,0.9952971636095351,0.9784342237111953,1.0,1.0,1.0,1.0,0.9973508844906307,0.9912859712288253,1.0,1.0,0.9758940444673071,1.0,1.0,0.9956229815377424,1.0,0.9843199023680141,0.9973695614640371,1.0,0.9976421615606431,0.9903538988673848
r1236,3.9701684383594062,4.0108477226959405,4.014528121544144,3.988982665605093,3.992144596253805,3.9261865214914753,4.027918976656379,4.031599069673491,4.05297717215419,4.0516432634580895,4.061565638286594,4.025582957977922,4.0077620482462155,4.030006542447591,4.0337696824480265,4.039056349407576,4.042073449384646,4.059706598110054,4.071358767095299,4.054317025238758,4.0686927869307805,4.052895966326638,4.071873695134133,4.061001223745887,4.050907601896913,4.005754373577294,4.060444847015619,4.026677202149211,4.045344749382402,4.038606285607846,4.020536176904855,4.031355091098551,4.0063069060017344,4.034024711452491,4.045459079864888,4.050012017611974,4.0503356782816144,4.059138619486468,4.064487168565638,4.032936284176612,4.047067895171072,4.072997176583323,4.028038674477364,4.039749670915978,4.057667375629846,4.044913642247982,4.027751478750211,4.039954218764028,4.019991535092132,4.0,4.015662223077118,4.022633548611047,4.048246497077045,4.031009893882466,4.022761966971176,4.0442544389651465,4.024930105602527,4.047467744211893,4.038566078070592,4.009757928571946,4.020531964713805,4.0182378387392905,4.0328605135978925,4.034943623841951,4.01623363089867,4.0075272803663635,3.9840692815596745,4.002296168124642,3.9923325216768015,4.008872808817706,4.035418751232299,4.039065859961968
r1237,1.0,0.9938252386010776,1.0,1.0,1.0,1.0,0.9966131808222306,0.9994654606159491,0.9744634930990178,0.997799180755453,0.9932855021607768,0.9999720427740951,1.0,1.0,1.0,0.979671028255619,0.9845520758565289,0.9802375694557618,1.0,0.9950707335733732,0.9987409083771983,1.0,1.0,1.0,1.0,0.9937674383758723,0.9815748959883912,0.9995867361336873,0.9950539412469606,0.9968207994738216,1.0,0.9956373373519655,0.9895089092304228,0.9830782637300642,0.9880734336604353,0.9973463282316886,0.9948165311392837,1.0,0.9906128193887812,0.9915128077629671,1.0,0.9811003307292004,0.9986490575637034,0.9885303132060494,0.9965463983451579,0.9969566632561437,0.998250100376431,0.9953080595321258,1.0,1.0,1.0,0.9959952845731196,0.9952971636095351,0.9784342237111953,1.0,1.0,1.0,1.0,0.9973508844906307,0.9912859712288253,1.0,1.0,0.9758940444673071,1.0,1.0,0.9956229815377424,1.0,0.9843199023680141,0.9973695614640371,1.0,0.9976421615606431,0.9903538988673848
r1238,1.9450816720084636,1.9413534205161818,1.9370741244754202,1.9919839497672684,1.9889231120544384,1.9884564327444836,2.003647783322394,2.007508575343617,2.006256578739212,2.005484522106071,2.009371649960281,2.0151119421104284,1.997936961621201,2.014120082733889,2.0070135200617685,2.024588806468959,2.005121139855011,2.0126692864675,2.0068678155530595,2.0069647753513067,2.0087342585098606,2.0071866003457908,1.9925777988140327,2.0027323143966016,1.9969757941109758,2.0046445168967133,2.0160355281213214,1.9980204054144282,2.005708890371218,2.001442127773758,1.9986862784171544,2.0148028932168183,2.018256795691668,2.000955443772527,2.0170405400044444,1.9983616456964355,2.004664812772895,2.0071322718836115,2.0141863472326405,2.035325888826499,2.051708523859609,2.0413010249099934,2.011208273736438,2.012087035321062,2.025845805053578,1.9941258007539138,1.9931516719098565,1.9960434591913248,2.011302385786143,2.0,1.9992378600157505,2.0058297613405167,2.002463313178086,2.0087298479896964,1.988008058774118,1.9949307799106815,1.9786196184405367,1.9766406891836117,1.994932080052907,1.9755145709235968,1.9950986853052246,1.979082651380112,1.9987717461666312,1.9914460902387396,1.986551639718785,1.994061038774303,1.9825897547329472,1.9793995246482818,1.985266614157429,2.0003580925021414,1.9996956655245672,2.0157327617377545
r1239,1.0,0.9938252386010776,1.0,1.0,1.0,1.0,0.9966131808222306,0.9994654606159491,0.9744634930990178,0.997799180755453,0.9932855021607768,0.9999720427740951,1.0,1.0,1.0,0.979671028255619,0.9845520758565289,0.9802375694557618,1.0,0.9950707335733732,0.9987409083771983,1.0,1.0,1.0,1.0,0.9937674383758723,0.9815748959883912,0.9995867361336873,0.9950539412469606,0.9968207994738216,1.0,0.9956373373519655,0.9895089092304228,0.9830782637300642,0.9880734336604353,0.9973463282316886,0.9948165311392837,1.0,0.9906128193887812,0.9915128077629671,1.0,0.9811003307292004,0.9986490575637034,0.9885303132060494,0.9965463983451579,0.9969566632561437,0.998250100376431,0.9953080595321258,1.0,1.0,1.0,0.9959952845731196,0.9952971636095351,0.9784342237111953,1.0,1.0,1.0,1.0,0.9973508844906307,0.9912859712288253,1.0,1.0,0.9758940444673071,1.0,1.0,0.9956229815377424,1.0,0.9843199023680141,0.9973695614640371,1.0,0.9976421615606431,0.9903538988673848
r1241,3.9701684383594062,4.0108477226959405,4.014528121544144,3.988982665605093,3.992144596253805,3.9261865214914753,4.027918976656379,4.031599069673491,4.05297717215419,4.0516432634580895,4.061565638286594,4.025582957977922,4.0077620482462155,4.030006542447591,4.0337696824480265,4.039056349407576,4.042073449384646,4.059706598110054,4.071358767095299,4.054317025238758,4.0686927869307805,4.052895966326638,4.071873695134133,4.061001223745887,4.050907601896913,4.005754373577294,4.060444847015619,4.026677202149211,4.045344749382402,4.038606285607846,4.020536176904855,4.031355091098551,4.0063069060017344,4.034024711452491,4.045459079864888,4.050012017611974,4.0503356782816144,4.059138619486468,4.064487168565638,4.032936284176612,4.047067895171072,4.072997176583323,4.028038674477364,4.039749670915978,4.057667375629846,4.044913642247982,4.027751478750211,4.039954218764028,4.019991535092132,4.0,4.015662223077118,4.022633548611047,4.048246497077045,4.031009893882466,4.022761966971176,4.0442544389651465,4.024930105602527,4.047467744211893,4.038566078070592,4.009757928571946,4.020531964713805,4.0182378387392905,4.0328605135978925,4.034943623841951,4.01623363089867,4.0075272803663635,3.9840692815596745,4.002296168124642,3.9923325216768015,4.008872808817706,4.035418751232299,4.039065859961968
r1242,1.0,0.9938252386010776,1.0,1.0,1.0,1.0,0.9966131808222306,0.9994654606159491,0.9744634930990178,0.997799180755453,0.9932855021607768,0.9999720427740951,1.0,1.0,1.0,0.979671028255619,0.9845520758565289,0.9802375694557618,1.0,0.9950707335733732,0.9987409083771983,1.0,1.0,1.0,1.0,0.9937674383758723,0.9815748959883912,0.9995867361336873,0.9950539412469606,0.9968207994738216,1.0,0.9956373373519655,0.9895089092304228,0.9830782637300642,0.9880734336604353,0.9973463282316886,0.9948165311392837,1.0,0.9906128193887812,0.9915128077629671,1.0,0.9811003307292004,0.9986490575637034,0.9885303132060494,0.9965463983451579,0.9969566632561437,0.998250100376431,0.9953080595321258,1.0,1.0,1.0,0.9959952845731196,0.9952971636095351,0.9784342237111953,1.0,1.0,1.0,1.0,0.9973508844906307,0.9912859712288253,1.0,1.0,0.9758940444673071,1.0,1.0,0.9956229815377424,1.0,0.9843199023680141,0.9973695614640371,1.0,0.9976421615606431,0.9903538988673848
r1243,1.9450816720084636,1.9413534205161818,1.9370741244754202,1.9919839497672684,1.9889231120544384,1.9884564327444836,2.003647783322394,2.007508575343617,2.006256578739212,2.005484522106071,2.009371649960281,2.0151119421104284,1.997936961621201,2.014120082733889,2.0070135200617685,2.024588806468959,2.005121139855011,2.0126692864675,2.0068678155530595,2.0069647753513067,2.0087342585098606,2.0071866003457908,1.9925777988140327,2.0027323143966016,1.9969757941109758,2.0046445168967133,2.0160355281213214,1.9980204054144282,2.005708890371218,2.001442127773758,1.9986862784171544,2.0148028932168183,2.018256795691668,2.000955443772527,2.0170405400044444,1.9983616456964355,2.004664812772895,2.0071322718836115,2.0141863472326405,2.035325888826499,2.051708523859609,2.0413010249099934,2.011208273736438,2.012087035321062,2.025845805053578,1.9941258007539138,1.9931516719098565,1.9960434591913248,2.011302385786143,2.0,1.9992378600157505,2.0058297613405167,2.002463313178086,2.0087298479896964,1.988008058774118,1.9949307799106815,1.9786196184405367,1.9766406891836117,1.994932080052907,1.9755145709235968,1.9950986853052246,1.979082651380112,1.9987717461666312,1.9914460902387396,1.986551639718785,1.994061038774303,1.9825897547329472,1.9793995246482818,1.985266614157429,2.0003580925021414,1.9996956655245672,2.0157327617377545
r1244,1.0,0.9938252386010776,1.0,1.0,1.0,1.0,0.9966131808222306,0.9994654606159491,0.9744634930990178,0.997799180755453,0.9932855021607768,0.9999720427740951,1.0,1.0,1.0,0.979671028255619,0.9845520758565289,0.9802375694557618,1.0,0.9950707335733732,0.9987409083771983,1.0,1.0,1.0,1.0,0.9937674383758723,0.9815748959883912,0.9995867361336873,0.9950539412469606,0.9968207994738216,1.0,0.9956373373519655,0.9895089092304228,0.9830782637300642,0.9880734336604353,0.9973463282316886,0.9948165311392837,1.0,0.9906128193887812,0.9915128077629671,1.0,0.9811003307292004,0.9986490575637034,0.9885303132060494,0.9965463983451579,0.9969566632561437,0.998250100376431,0.9953080595321258,1.0,1.0,1.0,0.9959952845731196,0.9952971636095351,0.9784342237111953,1.0,1.0,1.0,1.0,0.9973508844906307,0.9912859712288253,1.0,1.0,0.9758940444673071,1.0,1.0,0.9956229815377424,1.0,0.9843199023680141,0.9973695614640371,1.0,0.9976421615606431,0.9903538988673848
r1246,3.9701684383594062,4.0108477226959405,4.014528121544144,3.988982665605093,3.992144596253805,3.9261865214914753,4.027918976656379,4.031599069673491,4.05297717215419,4.0516432634580895,4.061565638286594,4.025582957977922,4.0077620482462155,4.030006542447591,4.0337696824480265,4.039056349407576,4.042073449384646,4.059706598110054,4.071358767095299,4.054317025238758,4.0686927869307805,4.052895966326638,4.071873695134133,4.061001223745887,4.050907601896913,4.005754373577294,4.060444847015619,4.026677202149211,4.045344749382402,4.038606285607846,4.020536176904855,4.031355091098551,4.0063069060017344,4.034024711452491,4.045459079864888,4.050012017611974,4.0503356782816144,4.059138619486468,4.064487168565638,4.032936284176612,4.047067895171072,4.072997176583323,4.028038674477364,4.039749670915978,4.057667375629846,4.044913642247982,4.027751478750211,4.039954218764028,4.019991535092132,4.0,4.015662223077118,4.022633548611047,4.048246497077045,4.031009893882466,4.022761966971176,4.0442544389651465,4.024930105602527,4.047467744211893,4.038566078070592,4.009757928571946,4.020531964713805,4.0182378387392905,4.0328605135978925,4.034943623841951,4.01623363089867,4.0075272803663635,3.9840692815596745,4.002296168124642,3.9923325216768015,4.008872808817706,4.035418751232299,4.039065859961968
r1247,1.0,0.9938252386010776,1.0,1.0,1.0,1.0,0.9966131808222306,0.9994654606159491,0.9744634930990178,0.997799180755453,0.9932855021607768,0.9999720427740951,1.0,1.0,1.0,0.979671028255619,0.9845520758565289,0.9802375694557618,1.0,0.9950707335733732,0.9987409083771983,1.0,1.0,1.0,1.0,0.9937674383758723,0.9815748959883912,0.9995867361336873,0.9950539412469606,0.9968207994738216,1.0,0.9956373373519655,0.9895089092304228,0.9830782637300642,0.9880734336604353,0.9973463282316886,0.9948165311392837,1.0,0.9906128193887812,0.9915128077629671,1.0,0.9811003307292004,0.9986490575637034,0.9885303132060494,0.9965463983451579,0.9969566632561437,0.998250100376431,0.9953080595321258,1.0,1.0,1.0,0.9959952845731196,0.9952971636095351,0.9784342237111953,1.0,1.0,1.0,1.0,0.9973508844906307,0.9912859712288253,1.0,1.0,0.9758940444673071,1.0,1.0,0.9956229815377424,1.0,0.9843199023680141,0.9973695614640371,1.0,0.9976421615606431,0.9903538988673848
r1248,1.9450816720084636,1.9413534205161818,1.9370741244754202,1.9919839497672684,1.9889231120544384,1.9884564327444836,2.003647783322394,2.007508575343617,2.006256578739212,2.005484522106071,2.009371649960281,2.0151119421104284,1.997936961621201,2.014120082733889,2.0070135200617685,2.024588806468959,2.005121139855011,2.0126692864675,2.0068678155530595,2.0069647753513067,2.0087342585098606,2.0071866003457908,1.9925777988140327,2.0027323143966016,1.9969757941109758,2.0046445168967133,2.0160355281213214,1.9980204054144282,2.005708890371218,2.001442127773758,1.9986862784171544,2.0148028932168183,2.018256795691668,2.000955443772527,2.0170405400044444,1.9983616456964355,2.004664812772895,2.0071322718836115,2.0141863472326405,2.035325888826499,2.051708523859609,2.0413010249099934,2.011208273736438,2.012087035321062,2.025845805053578,1.9941258007539138,1.9931516719098565,1.9960434591913248,2.011302385786143,2.0,1.9992378600157505,2.0058297613405167,2.002463313178086,2.0087298479896964,1.988008058774118,1.9949307799106815,1.9786196184405367,1.9766406891836117,1.994932080052907,1.9755145709235968,1.9950986853052246,1.979082651380112,1.9987717461666312,1.9914460902387396,1.986551639718785,1.994061038774303,1.9825897547329472,1.9793995246482818,1.985266614157429,2.0003580925021414,1.9996956655245672,2.0157327617377545
r1249,1.0,0.9938252386010776,1.0,1.0,1.0,1.0,0.9966131808222306,0.9994654606159491,0.9744634930990178,0.997799180755453,0.9932855021607768,0.9999720427740951,1.0,1.0,1.0,0.979671028255619,0.9845520758565289,0.9802375694557618,1.0,0.9950707335733732,0.9987409083771983,1.0,1.0,1.0,1.0,0.9937674383758723,0.9815748959883912,0.9995867361336873,0.9950539412469606,0.9968207994738216,1.0,0.9956373373519655,0.9895089092304228,0.9830782637300642,0.9880734336604353,0.9973463282316886,0.9948165311392837,1.0,0.9906128193887812,0.9915128077629671,1.0,0.9811003307292004,0.9986490575637034,0.9885303132060494,0.9965463983451579,0.9969566632561437,0.998250100376431,0.9953080595321258,1.0,1.0,1.0,0.9959952845731196,0.9952971636095351,0.9784342237111953,1.0,1.0,1.0,1.0,0.9973508844906307,0.9912859712288253,1.0,1.0,0.9758940444673071,1.0,1.0,0.9956229815377424,1.0,0.9843199023680141,0.9973695614640371,1.0,0.9976421615606431,0.9903538988673848
r1251,3.9701684383594062,4.0108477226959405,4.014528121544144,3.988982665605093,3.992144596253805,3.9261865214914753,4.027918976656379,4.031599069673491,4.05297717215419,4.0516432634580895,4.061565638286594,4.025582957977922,4.0077620482462155,4.030006542447591,4.0337696824480265,4.039056349407576,4.042073449384646,4.059706598110054,4.071358767095299,4.054317025238758,4.0686927869307805,4.052895966326638,4.071873695134133,4.061001223745887,4.050907601896913,4.005754373577294,4.060444847015619,4.026677202149211,4.045344749382402,4.038606285607846,4.020536176904855,4.031355091098551,4.0063069060017344,4.034024711452491,4.045459079864888,4.050012017611974,4.0503356782816144,4.059138619486468,4.064487168565638,4.032936284176612,4.047067895171072,4.072997176583323,4.028038674477364,4.039749670915978,4.057667375629846,4.044913642247982,4.027751478750211,4.039954218764028,4.019991535092132,4.0,4.015662223077118,4.022633548611047,4.048246497077045,4.031009893882466,4.022761966971176,4.0442544389651465,4.024930105602527,4.047467744211893,4.038566078070592,4.009757928571946,4.020531964713805,4.0182378387392905,4.0328605135978925,4.034943623841951,4.01623363089867,4.0075272803663635,3.9840692815596745,4.002296168124642,3.9923325216768015,4.008872808817706,4.035418751232299,4.039065859961968
r1252,1.0,0.9938252386010776,1.0,1.0,1.0,1.0,0.9966131808222306,0.9994654606159491,0.9744634930990178,0.997799180755453,0.9932855021607768,0.9999720427740951,1.0,1.0,1.0,0.979671028255619,0.9845520758565289,0.9802375694557618,1.0,0.9950707335733732,0.9987409083771983,1.0,1.0,1.0,1.0,0.9937674383758723,0.9815748959883912,0.9995867361336873,0.9950539412469606,0.9968207994738216,1.0,0.9956373373519655,0.9895089092304228,0.9830782637300642,0.9880734336604353,0.9973463282316886,0.9948165311392837,1.0,0.9906128193887812,0.9915128077629671,1.0,0.9811003307292004,0.9986490575637034,0.9885303132060494,0.9965463983451579,0.9969566632561437,0.998250100376431,0.9953080595321258,1.0,1.0,1.0,0.9959952845731196,0.9952971636095351,0.9784342237111953,1.0,1.0,1.0,1.0,0.9973508844906307,0.9912859712288253,1.0,1.0,0.9758940444673071,1.0,1.0,0.9956229815377424,1.0,0.9843199023680141,0.9973695614640371,1.0,0.9976421615606431,0.9903538988673848
r1253,1.9450816720084636,1.9413534205161818,1.9370741244754202,1.9919839497672684,1.9889231120544384,1.9884564327444836,2.003647783322394,2.007508575343617,2.006256578739212,2.005484522106071,2.009371649960281,2.0151119421104284,1.997936961621201,2.014120082733889,2.0070135200617685,2.024588806468959,2.005121139855011,2.0126692864675,2.0068678155530595,2.0069647753513067,2.0087342585098606,2.0071866003457908,1.9925777988140327,2.0027323143966016,1.9969757941109758,2.0046445168967133,2.0160355281213214,1.9980204054144282,2.005708890371218,2.001442127773758,1.9986862784171544,2.0148028932168183,2.018256795691668,2.000955443772527,2.0170405400044444,1.9983616456964355,2.004664812772895,2.0071322718836115,2.0141863472326405,2.035325888826499,2.051708523859609,2.0413010249099934,2.011208273736438,2.012087035321062,2.025845805053578,1.9941258007539138,1.9931516719098565,1.9960434591913248,2.011302385786143,2.0,1.9992378600157505,2.0058297613405167,2.002463313178086,2.0087298479896964,1.988008058774118,1.9949307799106815,1.9786196184405367,1.9766406891836117,1.994932080052907,1.9755145709235968,1.9950986853052246,1.979082651380112,1.9987717461666312,1.9914460902387396,1.986551639718785,1.994061038774303,1.9825897547329472,1.9793995246482818,1.985266614157429,2.0003580925021414,1.9996956655245672,2.0157327617377545
r1254,1.0,0.9938252386010776,1.0,1.0,1.0,1.0,0.9966131808222306,0.9994654606159491,0.9744634930990178,0.997799180755453,0.9932855021607768,0.9999720427740951,1.0,1.0,1.0,0.979671028255619,0.9845520758565289,0.9802375694557618,1.0,0.9950707335733732,0.9987409083771983,1.0,1.0,1.0,1.0,0.9937674383758723,0.9815748959883912,0.9995867361336873,0.9950539412469606,0.9968207994738216,1.0,0.9956373373519655,0.9895089092304228,0.9830782637300642,0.9880734336604353,0.9973463282316886,0.9948165311392837,1.0,0.9906128193887812,0.9915128077629671,1.0,0.9811003307292004,0.9986490575637034,0.9885303132060494,0.9965463983451579,0.9969566632561437,0.998250100376431,0.9953080595321258,1.0,1.0,1.0,0.9959952845731196,0.9952971636095351,0.9784342237111953,1.0,1.0,1.0,1.0,0.9973508844906307,0.9912859712288253,1.0,1.0,0.9758940444673071,1.0,1.0,0.9956229815377424,1.0,0.9843199023680141,0.9973695614640371,1.0,0.9976421615606431,0.9903538988673848
r1256,3.9701684383594062,4.0108477226959405,4.014528121544144,3.988982665605093,3.992144596253805,3.9261865214914753,4.027918976656379,4.031599069673491,4.05297717215419,4.0516432634580895,4.061565638286594,4.025582957977922,4.0077620482462155,4.030006542447591,4.0337696824480265,4.039056349407576,4.042073449384646,4.059706598110054,4.071358767095299,4.054317025238758,4.0686927869307805,4.052895966326638,4.071873695134133,4.061001223745887,4.050907601896913,4.005754373577294,4.060444847015619,4.026677202149211,4.045344749382402,4.038606285607846,4.020536176904855,4.031355091098551,4.0063069060017344,4.034024711452491,4.045459079864888,4.050012017611974,4.0503356782816144,4.059138619486468,4.064487168565638,4.032936284176612,4.047067895171072,4.072997176583323,4.028038674477364,4.039749670915978,4.057667375629846,4.044913642247982,4.027751478750211,4.039954218764028,4.019991535092132,4.0,4.015662223077118,4.022633548611047,4.048246497077045,4.031009893882466,4.022761966971176,4.0442544389651465,4.024930105602527,4.047467744211893,4.038566078070592,4.009757928571946,4.020531964713805,4.0182378387392905,4.0328605135978925,4.034943623841951,4.01623363089867,4.0075272803663635,3.9840692815596745,4.002296168124642,3.9923325216768015,4.008872808817706,4.035418751232299,4.039065859961968
r1257,1.0,0.9938252386010776,1.0,1.0,1.0,1.0,0.9966131808222306,0.9994654606159491,0.9744634930990178,0.997799180755453,0.9932855021607768,0.9999720427740951,1.0,1.0,1.0,0.979671028255619,0.9845520758565289,0.9802375694557618,1.0,0.9950707335733732,0.9987409083771983,1.0,1.0,1.0,1.0,0.9937674383758723,0.9815748959883912,0.9995867361336873,0.9950539412469606,0.9968207994738216,1.0,0.9956373373519655,0.9895089092304228,0.9830782637300642,0.9880734336604353,0.9973463282316886,0.9948165311392837,1.0,0.9906128193887812,0.9915128077629671,1.0,0.9811003307292004,0.9986490575637034,0.9885303132060494,0.9965463983451579,0.9969566632561437,0.998250100376431,0.9953080595321258,1.0,1.0,1.0,0.9959952845731196,0.9952971636095351,0.9784342237111953,1.0,1.0,1.0,1.0,0.9973508844906307,0.9912859712288253,1.0,1.0,0.9758940444673071,1.0,1.0,0.9956229815377424,1.0,0.9843199023680141,0.9973695614640371,1.0,0.9976421615606431,0.9903538988673848
r1258,1.9450816720084636,1.9413534205161818,1.9370741244754202,1.9919839497672684,1.9889231120544384,1.9884564327444836,2.003647783322394,2.007508575343617,2.006256578739212,2.005484522106071,2.009371649960281,2.0151119421104284,1.997936961621201,2.014120082733889,2.0070135200617685,2.024588806468959,2.005121139855011,2.0126692864675,2.0068678155530595,2.0069647753513067,2.0087342585098606,2.0071866003457908,1.9925777988140327,2.0027323143966016,1.9969757941109758,2.0046445168967133,2.0160355281213214,1.9980204054144282,2.005708890371218,2.001442127773758,1.9986862784171544,2.0148028932168183,2.018256795691668,2.000955443772527,2.0170405400044444,1.9983616456964355,2.004664812772895,2.0071322718836115,2.0141863472326405,2.035325888826499,2.051708523859609,2.0413010249099934,2.011208273736438,2.012087035321062,2.025845805053578,1.9941258007539138,1.9931516719098565,1.9960434591913248,2.011302385786143,2.0,1.9992378600157505,2.0058297613405167,2.002463313178086,2.0087298479896964,1.988008058774118,1.9949307799106815,1.9786196184405367,1.9766406891836117,1.994932080052907,1.9755145709235968,1.9950986853052246,1.979082651380112,1.9987717461666312,1.9914460902387396,1.986551639718785,1.994061038774303,1.9825897547329472,1.9793995246482818,1.985266614157429,2.0003580925021414,1.9996956655245672,2.0157327617377545
r1259,1.0,0.9938252386010776,1.0,1.0,1.0,1.0,0.9966131808222306,0.9994654606159491,0.9744634930990178,0.997799180755453,0.9932855021607768,0.9999720427740951,1.0,1.0,1.0,0.979671028255619,0.9845520758565289,0.9802375694557618,1.0,0.9950707335733732,0.9987409083771983,1.0,1.0,1.0,1.0,0.9937674383758723,0.9815748959883912,0.9995867361336873,0.9950539412469606,0.9968207994738216,1.0,0.9956373373519655,0.9895089092304228,0.9830782637300642,0.9880734336604353,0.9973463282316886,0.9948165311392837,1.0,0.9906128193887812,0.9915128077629671,1.0,0.9811003307292004,0.9986490575637034,0.9885303132060494,0.9965463983451579,0.9969566632561437,0.998250100376431,0.9953080595321258,1.0,1.0,1.0,0.9959952845731196,0.9952971636095351,0.9784342237111953,1.0,1.0,1.0,1.0,0.9973508844906307,0.9912859712288253,1.0,1.0,0.9758940444673071,1.0,1.0,0.9956229815377424,1.0,0.9843199023680141,0.9973695614640371,1.0,0.9976421615606431,0.9903538988673848
r625,1.0503539767591668,1.0641008489830766,1.0640615246065446,1.0458273845793737,1.040001075356384,1.042744727005191,1.005137464667084,1.0076177782336042,1.0174945437029732,1.0053355816486136,1.0009575733506166,1.0135874698428258,1.0050518617249873,1.0022446293487735,0.9871234583889156,1.0188888787243309,1.0259535062963168,1.0209291592670762,1.007737943888416,1.0018413394748675,0.9972584593898497,1.01383009472169,1.0250393360467558,1.0141724679561053,1.0242707096248953,1.0166277386875182,1.0178473465264948,1.009445724137621,1.0060111402637513,1.0127895803639027,1.0208801311368423,1.0271967666145727,1.0280991145183287,1.0205293201725634,1.020000585183296,1.0292137962875323,1.0124674677541607,1.0118196308808671,1.0203526794355293,1.012727532497859,1.0111614410484981,1.006607691005285,1.0079956570585715,1.0135912200812327,1.0096004348657444,1.0061241381614419,1.005741295841024,1.0092071736907162,1.0030715414290374,1.0,0.9975069783285125,1.0304023055232205,1.0179119039643245,1.0157588878297934,1.0282129668180928,1.022948501503127,1.0240287533920327,1.0229092470780425,1.026491726857745,1.025781954751881,1.0242894388178558,1.033080346532519,1.0283305607438071,1.0423188932627137,1.0428298154117484,1.0309393983950652,1.0367350652560634,1.0350389941314537,1.02705330594833,0.9990870268125888,0.9958893849558342,0.9898136086129325
r626,3.0,3.0,3.0,3.0,3.0,3.0,3.0,3.0,3.0,3.0,3.0,3.0,3.0,3.0,3.0,3.0,3.0,3.0,3.0,3.0,3.0,3.0,3.0,3.0,3.0,3.0,3.0,3.0,3.0,3.0,3.0,3.0,3.0,3.0,3.0,3.0,3.0,3.0,3.0,3.0,3.0,3.0,3.0,3.0,3.0,3.0,3.0,3.0,3.0,3.0,3.0,3.0,3.0,3.0,3.0,3.0,3.0,3.0,3.0,3.0,3.0,3.0,3.0,3.0,3.0,3.0,3.0,3.0,3.0,3.0,3.0,3.0
r988,1.0503539767591668,1.0641008489830766,1.0640615246065446,1.0458273845793737,1.040001075356384,1.042744727005191,1.005137464667084,1.0076177782336042,1.0174945437029732,1.0053355816486136,1.0009575733506166,1.0135874698428258,1.0050518617249873,1.0022446293487735,0.9871234583889156,1.0188888787243309,1.0259535062963168,1.0209291592670762,1.007737943888416,1.0018413394748675,0.9972584593898497,1.01383009472169,1.0250393360467558,1.0141724679561053,1.0242707096248953,1.0166277386875182,1.0178473465264948,1.009445724137621,1.0060111402637513,1.0127895803639027,1.0208801311368423,1.0271967666145727,1.0280991145183287,1.0205293201725634,1.020000585183296,1.0292137962875323,1.0124674677541607,1.0118196308808671,1.0203526794355293,1.012727532497859,1.0111614410484981,1.006607691005285,1.0079956570585715,1.0135912200812327,1.0096004348657444,1.0061241381614419,1.005741295841024,1.0092071736907162,1.0030715414290374,1.0,0.9975069783285125,1.0304023055232205,1.0179119039643245,1.0157588878297934,1.0282129668180928,1.022948501503127,1.0240287533920327,1.0229092470780425,1.026491726857745,1.025781954751881,1.0242894388178558,1.033080346532519,1.0283305607438071,1.0423188932627137,1.0428298154117484,1.0309393983950652,1.0367350652560634,1.0350389941314537,1.02705330594833,0.9990870268125888,0.9958893849558342,0.9898136086129325
r628,1.0503539767591668,1.0641008489830766,1.0640615246065446,1.0458273845793737,1.040001075356384,1.042744727005191,1.005137464667084,1.0076177782336042,1.0174945437029732,1.0053355816486136,1.0009575733506166,1.0135874698428258,1.0050518617249873,1.0022446293487735,0.9871234583889156,1.0188888787243309,1.0259535062963168,1.0209291592670762,1.007737943888416,1.0018413394748675,0.9972584593898497,1.01383009472169,1.0250393360467558,1.0141724679561053,1.0242707096248953,1.0166277386875182,1.0178473465264948,1.009445724137621,1.0060111402637513,1.0127895803639027,1.0208801311368423,1.0271967666145727,1.0280991145183287,1.0205293201725634,1.020000585183296,1.0292137962875323,1.0124674677541607,1.0118196308808671,1.0203526794355293,1.012727532497859,1.0111614410484981,1.006607691005285,1.0079956570585715,1.0135912200812327,1.0096004348657444,1.0061241381614419,1.005741295841024,1.0092071736907162,1.0030715414290374,1.0,0.9975069783285125,1.0304023055232205,1.0179119039643245,1.0157588878297934,1.0282129668180928,1.022948501503127,1.0240287533920327,1.0229092470780425,1.026491726857745,1.025781954751881,1.0242894388178558,1.033080346532519,1.0283305607438071,1.0423188932627137,1.0428298154117484,1.0309393983950652,1.0367350652560634,1.0350389941314537,1.02705330594833,0.9990870268125888,0.9958893849558342,0.9898136086129325
r629,2.0,2.0,2.0,2.0,2.0,2.0,2.0,2.0,2.0,2.0,2.0,2.0,2.0,2.0,2.0,2.0,2.0,2.0,2.0,2.0,2.0,2.0,2.0,2.0,2.0,2.0,2.0,2.0,2.0,2.0,2.0,2.0,2.0,2.0,2.0,2.0,2.0,2.0,2.0,2.0,2.0,2.0,2.0,2.0,2.0,2.0,2.0,2.0,2.0,2.0,2.0,2.0,2.0,2.0,2.0,2.0,2.0,2.0,2.0,2.0,2.0,2.0,2.0,2.0,2.0,2.0,2.0,2.0,2.0,2.0,2.0,2.0
r630,1.0503539767591668,1.0641008489830766,1.0640615246065446,1.0458273845793737,1.040001075356384,1.042744727005191,1.005137464667084,1.0076177782336042,1.0174945437029732,1.0053355816486136,1.0009575733506166,1.0135874698428258,1.0050518617249873,1.0022446293487735,0.9871234583889156,1.0188888787243309,1.0259535062963168,1.0209291592670762,1.007737943888416,1.0018413394748675,0.9972584593898497,1.01383009472169,1.0250393360467558,1.0141724679561053,1.0242707096248953,1.0166277386875182,1.0178473465264948,1.009445724137621,1.0060111402637513,1.0127895803639027,1.0208801311368423,1.0271967666145727,1.0280991145183287,1.0205293201725634,1.020000585183296,1.0292137962875323,1.0124674677541607,1.0118196308808671,1.0203526794355293,1.012727532497859,1.0111614410484981,1.006607691005285,1.0079956570585715,1.0135912200812327,1.0096004348657444,1.0061241381614419,1.005741295841024,1.0092071736907162,1.0030715414290374,1.0,0.9975069783285125,1.0304023055232205,1.0179119039643245,1.0157588878297934,1.0282129668180928,1.022948501503127,1.0240287533920327,1.0229092470780425,1.026491726857745,1.025781954751881,1.0242894388178558,1.033080346532519,1.0283305607438071,1.0423188932627137,1.0428298154117484,1.0309393983950652,1.0367350652560634,1.0350389941314537,1.02705330594833,0.9990870268125888,0.9958893849558342,0.9898136086129325
r639,1.0247676109002704,1.0,1.025800512262273,1.0172767001111322,1.0287623768734822,1.0,0.9866448773084058,1.0,1.0133802060702153,1.0,0.9874633984863287,1.0170579359130791,1.0021661458033426,1.0,0.993036291782297,1.0004027351579785,1.018703114664295,1.0266007984962415,1.002509406685288,1.0,1.005059332841746,0.9945786664794418,1.0,1.0,1.0,1.0006096623819067,1.0097766685483582,1.002302018160437,0.9952102201560861,1.0,1.0324135823391358,1.0242457220806778,1.0,1.0,0.9979440491584057,1.0,0.9975399399247954,1.0171253957340933,0.9986354114351648,1.0016531544522136,1.022179184954346,1.0,1.0,1.0,1.0,1.002745067698989,0.9961299744590283,1.0017704683463784,0.9976610448924229,1.0,1.0008893282749451,0.9862198612730487,0.9901483788321657,0.9866424099620736,0.9952263458901324,0.988708505396773,1.0123609020090742,1.0037718257834354,0.9883216377517557,1.0165904634521665,0.9992766033603849,0.9956614862829462,1.0037466512114728,1.0006682348594127,1.0083155127362127,1.014698925031844,1.0,1.0081062180742002,1.0105340114896244,1.0004579145582422,1.006907546493984,1.0052236598758404
r985,1.0247676109002704,1.0,1.025800512262273,1.0172767001111322,1.0287623768734822,1.0,0.9866448773084058,1.0,1.0133802060702153,1.0,0.9874633984863287,1.0170579359130791,1.0021661458033426,1.0,0.993036291782297,1.0004027351579785,1.018703114664295,1.0266007984962415,1.002509406685288,1.0,1.005059332841746,0.9945786664794418,1.0,1.0,1.0,1.0006096623819067,1.0097766685483582,1.002302018160437,0.9952102201560861,1.0,1.0324135823391358,1.0242457220806778,1.0,1.0,0.9979440491584057,1.0,0.9975399399247954,1.0171253957340933,0.9986354114351648,1.0016531544522136,1.022179184954346,1.0,1.0,1.0,1.0,1.002745067698989,0.9961299744590283,1.0017704683463784,0.9976610448924229,1.0,1.0008893282749451,0.9862198612730487,0.9901483788321657,0.9866424099620736,0.9952263458901324,0.988708505396773,1.0123609020090742,1.0037718257834354,0.9883216377517557,1.0165904634521665,0.9992766033603849,0.9956614862829462,1.0037466512114728,1.0006682348594127,1.0083155127362127,1.014698925031844,1.0,1.0081062180742002,1.0105340114896244,1.0004579145582422,1.006907546493984,1.0052236598758404
r643,1.0247676109002704,1.0,1.025800512262273,1.0172767001111322,1.0287623768734822,1.0,0.9866448773084058,1.0,1.0133802060702153,1.0,0.9874633984863287,1.0170579359130791,1.0021661458033426,1.0,0.993036291782297,1.0004027351579785,1.018703114664295,1.0266007984962415,1.002509406685288,1.0,1.005059332841746,0.9945786664794418,1.0,1.0,1.0,1.0006096623819067,1.0097766685483582,1.002302018160437,0.9952102201560861,1.0,1.0324135823391358,1.0242457220806778,1.0,1.0,0.9979440491584057,1.0,0.9975399399247954,1.0171253957340933,0.9986354114351648,1.0016531544522136,1.022179184954346,1.0,1.0,1.0,1.0,1.002745067698989,0.9961299744590283,1.0017704683463784,0.9976610448924229,1.0,1.0008893282749451,0.9862198612730487,0.9901483788321657,0.9866424099620736,0.9952263458901324,0.988708505396773,1.0123609020090742,1.0037718257834354,0.9883216377517557,1.0165904634521665,0.9992766033603849,0.9956614862829462,1.0037466512114728,1.0006682348594127,1.0083155127362127,1.014698925031844,1.0,1.0081062180742002,1.0105340114896244,1.0004579145582422,1.006907546493984,1.0052236598758404
r644,1.0247676109002704,1.0,1.025800512262273,1.0172767001111322,1.0287623768734822,1.0,0.9866448773084058,1.0,1.0133802060702153,1.0,0.9874633984863287,1.0170579359130791,1.0021661458033426,1.0,0.993036291782297,1.0004027351579785,1.018703114664295,1.0266007984962415,1.002509406685288,1.0,1.005059332841746,0.9945786664794418,1.0,1.0,1.0,1.0006096623819067,1.0097766685483582,1.002302018160437,0.9952102201560861,1.0,1.0324135823391358,1.0242457220806778,1.0,1.0,0.9979440491584057,1.0,0.9975399399247954,1.0171253957340933,0.9986354114351648,1.0016531544522136,1.022179184954346,1.0,1.0,1.0,1.0,1.002745067698989,0.9961299744590283,1.0017704683463784,0.9976610448924229,1.0,1.0008893282749451,0.9862198612730487,0.9901483788321657,0.9866424099620736,0.9952263458901324,0.988708505396773,1.0123609020090742,1.0037718257834354,0.9883216377517557,1.0165904634521665,0.9992766033603849,0.9956614862829462,1.0037466512114728,1.0006682348594127,1.0083155127362127,1.014698925031844,1.0,1.0081062180742002,1.0105340114896244,1.0004579145582422,1.006907546493984,1.0052236598758404
r645r,1.0247676109002704,1.0,1.025800512262273,1.0172767001111322,1.0287623768734822,1.0,0.9866448773084058,1.0,1.0133802060702153,1.0,0.9874633984863287,1.0170579359130791,1.0021661458033426,1.0,0.993036291782297,1.0004027351579785,1.018703114664295,1.0266007984962415,1.002509406685288,1.0,1.005059332841746,0.9945786664794418,1.0,1.0,1.0,1.0006096623819067,1.0097766685483582,1.002302018160437,0.9952102201560861,1.0,1.0324135823391358,1.0242457220806778,1.0,1.0,0.9979440491584057,1.0,0.9975399399247954,1.0171253957340933,0.9986354114351648,1.0016531544522136,1.022179184954346,1.0,1.0,1.0,1.0,1.002745067698989,0.9961299744590283,1.0017704683463784,0.9976610448924229,1.0,1.0008893282749451,0.9862198612730487,0.9901483788321657,0.9866424099620736,0.9952263458901324,0.988708505396773,1.0123609020090742,1.0037718257834354,0.9883216377517557,1.0165904634521665,0.9992766033603849,0.9956614862829462,1.0037466512114728,1.0006682348594127,1.0083155127362127,1.014698925031844,1.0,1.0081062180742002,1.0105340114896244,1.0004579145582422,1.006907546493984,1.0052236598758404
r664,0.9488050958130139,0.9604745794787283,0.9537193167976623,0.9905193511696578,0.9959797472398324,0.9846860623172069,0.9877716702545178,0.9915045902331365,0.987163293273589,0.9895856841235344,0.9917989537111848,0.9871067034000905,1.0003037339752385,0.9999782451735336,0.998644237687101,0.9893691108339167,0.9918386601538336,0.9899769626798605,0.9875346583253236,0.9895138280074076,0.9914987871690578,0.9879038374176197,0.9905993356710747,0.9890540942814279,0.9874422635585305,0.9920475382018804,0.9902706489811057,0.9887502213267133,0.9880515884121163,0.9882871080045599,0.9877770764619426,0.9940904940293173,0.9897199234856005,0.9901880332829118,0.9943330420622335,0.9909517352493465,0.9876615133347577,0.9889476373003098,0.9891644674904514,0.9990877524974507,1.0008540565742199,0.9949628911747139,0.9928821594520053,0.9910499739181702,0.9956772791940575,0.9913737358175359,0.9920152284588953,0.9892563373817097,0.9972574075015906,1.0,0.9984668923337419,0.9932400021164253,0.9918990318537776,0.9908646030649921,0.990873419849159,0.9854708159823936,0.9865133556786009,0.9884019739654738,0.9830135666430966,0.9856997138506404,0.9840577137195528,0.9816513698887025,0.9889181976066418,0.982272968153776,0.9818295111762556,0.9841433611213035,0.9872025514765125,0.9873131946305949,0.9912271190409412,0.9950427674552015,0.9950406550021823,0.9927218115213529
r665,0.9488050958130139,0.9604745794787283,0.9537193167976623,0.9905193511696578,0.9959797472398324,0.9846860623172069,0.9877716702545178,0.9915045902331365,0.987163293273589,0.9895856841235344,0.9917989537111848,0.9871067034000905,1.0003037339752385,0.9999782451735336,0.998644237687101,0.9893691108339167,0.9918386601538336,0.9899769626798605,0.9875346583253236,0.9895138280074076,0.9914987871690578,0.9879038374176197,0.9905993356710747,0.9890540942814279,0.9874422635585305,0.9920475382018804,0.9902706489811057,0.9887502213267133,0.9880515884121163,0.9882871080045599,0.9877770764619426,0.9940904940293173,0.9897199234856005,0.9901880332829118,0.9943330420622335,0.9909517352493465,0.9876615133347577,0.9889476373003098,0.9891644674904514,0.9990877524974507,1.0008540565742199,0.9949628911747139,0.9928821594520053,0.9910499739181702,0.9956772791940575,0.9913737358175359,0.9920152284588953,0.9892563373817097,0.9972574075015906,1.0,0.9984668923337419,0.9932400021164253,0.9918990318537776,0.9908646030649921,0.990873419849159,0.9854708159823936,0.9865133556786009,0.9884019739654738,0.9830135666430966,0.9856997138506404,0.9840577137195528,0.9816513698887025,0.9889181976066418,0.982272968153776,0.9818295111762556,0.9841433611213035,0.9872025514765125,0.9873131946305949,0.9912271190409412,0.9950427674552015,0.9950406550021823,0.9927218115213529
r671,1.0074817730442023,1.0090728641963267,1.0035067430520366,1.0000650757798386,0.999588247319354,1.0010860644920365,1.0029067648859367,1.003272445718077,1.0069303409966128,1.004344184353564,1.0072430085917081,1.0018051235249668,1.0063110660139498,1.0022701232996054,1.0074815925244318,0.9993277617965849,0.9995049523729846,1.0014077148218095,1.0070118136217336,1.00627882982616,1.0028195144852714,1.004069844792919,1.0071219789574857,1.008934511380413,1.004570905729922,1.0014153505378562,1.0090150534438393,1.0096812735757659,1.0083287737738784,1.0045799781452411,1.0038089623510777,1.005283592432,1.0038107841807,1.0040191047779472,1.006052708980332,1.006861856236246,1.0033518994016253,1.004563364106516,1.0039415510058238,1.0024370364907338,1.00515677699789,1.0063926180772509,1.0036757079607164,1.0024653666220322,1.0072039066919096,1.0013153358877822,1.000938267038439,1.001724851323113,0.995590290665135,1.0,0.9987116031480192,1.004922170652642,1.0020705247304607,1.0043919352752508,1.0069862130949094,1.0027175995851272,1.005419996137855,1.0017338509681626,1.0057862791850174,1.0022371693858898,1.00340925010255,1.0008375265085991,1.0042908656016003,1.003018147478995,0.998483314571967,1.0014672120533454,0.9997783150942728,1.0048193826031349,1.0008860062818563,1.0014354024690097,0.9993285707165118,1.0021660783263644
r794,1.0064275933321092,1.0006381877153132,1.0065592119589686,1.0109635675727673,1.0024588216399284,1.0098850619549278,0.985829933203309,0.9731439161128714,0.9881247928994092,1.0,0.9878898076354232,1.0,1.0,0.9978073639173176,0.9920505468068528,0.9906003666335881,0.9952621261781102,0.9940058712323694,1.0,1.000317422967572,1.0,0.9695375552538749,0.9817095951589297,0.9812505118323985,1.0,0.995500994870876,0.9766618549928585,0.9756724645527367,1.0,0.9882335513841629,0.980705740476654,1.0193793098131312,1.0,1.0,1.0,1.0,1.0,1.0,1.0011952529951118,0.9931452352294432,1.0067635647146744,0.909027923626513,1.0054642688044941,1.0,0.9920446287663822,1.0,1.0032020052570594,0.9828261080398623,1.0,1.0,0.9959744514847482,0.9851889771409079,1.0,0.9662776669189921,1.0,0.9935594026069284,0.9922048897527318,1.0,1.0,1.0332010445808275,1.0,1.0,0.9992369014905269,0.9777926263693207,0.9900377321471869,1.0,1.0,0.987063777968135,1.0006367266890692,0.9974739067289153,1.0003289185592295,0.9847354238337392
r797,0.9446576170125942,0.9609047590523961,1.0,1.0,1.0,1.0,0.9801092597525555,0.96083425929407,0.9683007438742047,0.9815103286861373,0.994710311792878,0.9732956955379181,0.9787373522658581,0.9674428811471011,0.9772451391264069,0.961273302941209,1.0033875215718284,0.9833134697414854,0.9799210216597677,0.9820603795924417,0.9930786904560992,0.9810902395332118,0.9888672209015481,0.9996386693064635,0.9785203199878532,0.9724622219573319,0.9811392527657437,0.9810062574087812,0.9831919731978027,0.9831972179913819,0.9806070009642891,0.969573448814536,0.9767682105075741,0.9795958987554647,0.989993866134066,0.9743228687129689,0.9864821970145938,0.9760062981198744,0.9732157742397683,0.9762431450210421,0.9592841798890708,0.9812351479784756,0.9628996482130044,0.9624971304604556,0.9825111316111603,0.9936510954761374,0.9849245965258625,0.9714945798988566,1.0,1.0,0.9695933194733876,0.9754564719917606,0.9829323937305873,0.975621389450779,0.9871640858714968,0.9801972154050055,0.9727452894461169,0.9594970648418403,0.9849139357300082,0.9653153792912498,1.0,0.9696118715727623,0.9743571037193195,0.9856900120579907,0.9653704248102045,0.9759974716790167,0.9599280180667555,0.9807645493615532,0.9546201193195251,0.9789609657179252,0.9760386300264312,0.9796398157160804
r798,0.998954487765533,1.0032535244051364,1.0049337237514004,1.0028123077447464,0.9990576088121814,0.9998323682158723,1.0107544865678098,1.0052094658655955,1.0072245096336183,1.0038815042758862,1.0088991929588094,1.0102717600311046,1.0093754661695196,1.0070564998166602,1.0033098322382834,1.0164828991330683,1.0111996218888077,0.9990180935502789,1.0143915096609724,1.0083088356246288,1.0079917411976214,1.0084427829783404,1.0199254270136109,1.010942408988523,1.0088548889897873,0.9962024708685167,1.0111329533766766,1.0048703236473708,1.0085431489298433,1.0056988738101151,1.0141051760381978,1.015646386239658,1.0118425480312863,0.9983426679973716,1.0066755205312776,1.0072581939925689,1.0070034915388062,1.0069832828126999,1.0155809197765637,1.0062471601454472,1.0153341983674142,1.010384335098069,1.0056995271732887,1.0110624399486985,1.0038106651060923,1.0002952221469354,0.9959918554425662,1.0048124833963987,1.0126274431024016,1.0,0.9825707158143496,0.9949812999395612,1.0037428390006167,1.0047766253454358,0.9949790033376537,0.993757195866093,0.9945360459171974,1.0004741179360135,1.0033321411097282,0.9981086008219633,0.9982546018307423,0.9861678984985651,0.9977354245418606,1.0006852793110188,1.0123475523727257,1.0062382911294967,0.9949703877429646,0.9911862698585224,1.0003618309215496,1.0083055139040913,1.0145461662991158,1.0089705483422091
r799,1.9895660732110165,1.9793250505821498,1.9938670033905561,1.947208117598266,1.9566630099089322,1.980273521235857,1.9758397134014107,2.0,1.9763555306196607,1.9705077823763588,1.9817037055020696,2.0094635604789923,1.987009122392558,1.9859595757947983,1.967992411191058,2.0164825256418135,2.008760554325813,1.9327091591507082,2.000276025198696,1.9838148263838202,2.0064175144115066,1.9846215475866555,1.9860077390434716,1.9863480264937698,1.9723929086670955,1.9387457664959258,1.95114877870433,1.997401613012122,1.998100869810664,1.9667381019316532,2.034569155491503,1.9993960969256837,2.006573916038419,1.9782051659849365,1.9820290922520774,1.9776187871981563,1.986364559942427,1.9843621440744372,1.9766747715862492,2.012118936960929,2.025149885149732,1.9944151538381019,1.9895883575959037,2.0112326121204407,1.9720010400543162,2.0018878331645436,1.971589886187755,1.9926411171348484,2.0099008248414414,2.0,2.0254944208000234,1.989570391838912,1.9896292191475704,2.011865029256188,1.9881005916942969,1.9817715157326505,1.9818714494136458,1.9950962949925202,1.9775493821424188,1.9657145564979377,1.9958275403706525,1.9602159306465938,1.9649854517952063,1.9735153141064539,1.962643805840881,2.0088484085691194,1.9867667248726408,1.9938956082761505,1.9611028383594196,2.013182133054616,2.001513170610233,1.9737614247493114
r800,1.0064275933321092,1.0006381877153132,1.0065592119589686,1.0109635675727673,1.0024588216399284,1.0098850619549278,0.985829933203309,0.9731439161128714,0.9881247928994092,1.0,0.9878898076354232,1.0,1.0,0.9978073639173176,0.9920505468068528,0.9906003666335881,0.9952621261781102,0.9940058712323694,1.0,1.000317422967572,1.0,0.9695375552538749,0.9817095951589297,0.9812505118323985,1.0,0.995500994870876,0.9766618549928585,0.9756724645527367,1.0,0.9882335513841629,0.980705740476654,1.0193793098131312,1.0,1.0,1.0,1.0,1.0,1.0,1.0011952529951118,0.9931452352294432,1.0067635647146744,0.909027923626513,1.0054642688044941,1.0,0.9920446287663822,1.0,1.0032020052570594,0.9828261080398623,1.0,1.0,0.9959744514847482,0.9851889771409079,1.0,0.9662776669189921,1.0,0.9935594026069284,0.9922048897527318,1.0,1.0,1.0332010445808275,1.0,1.0,0.9992369014905269,0.9777926263693207,0.9900377321471869,1.0,1.0,0.987063777968135,1.0006367266890692,0.9974739067289153,1.0003289185592295,0.9847354238337392
r803,0.9446576170125942,0.9609047590523961,1.0,1.0,1.0,1.0,0.9801092597525555,0.96083425929407,0.9683007438742047,0.9815103286861373,0.994710311792878,0.9732956955379181,0.9787373522658581,0.9674428811471011,0.9772451391264069,0.961273302941209,1.0033875215718284,0.9833134697414854,0.9799210216597677,0.9820603795924417,0.9930786904560992,0.9810902395332118,0.9888672209015481,0.9996386693064635,0.9785203199878532,0.9724622219573319,0.9811392527657437,0.9810062574087812,0.9831919731978027,0.9831972179913819,0.9806070009642891,0.969573448814536,0.9767682105075741,0.9795958987554647,0.989993866134066,0.9743228687129689,0.9864821970145938,0.9760062981198744,0.9732157742397683,0.9762431450210421,0.9592841798890708,0.9812351479784756,0.9628996482130044,0.9624971304604556,0.9825111316111603,0.9936510954761374,0.9849245965258625,0.9714945798988566,1.0,1.0,0.9695933194733876,0.9754564719917606,0.9829323937305873,0.975621389450779,0.9871640858714968,0.9801972154050055,0.9727452894461169,0.9594970648418403,0.9849139357300082,0.9653153792912498,1.0,0.9696118715727623,0.9743571037193195,0.9856900120579907,0.9653704248102045,0.9759974716790167,0.9599280180667555,0.9807645493615532,0.9546201193195251,0.9789609657179252,0.9760386300264312,0.9796398157160804
r804,0.998954487765533,1.0032535244051364,1.0049337237514004,1.0028123077447464,0.9990576088121814,0.9998323682158723,1.0107544865678098,1.0052094658655955,1.0072245096336183,1.0038815042758862,1.0088991929588094,1.0102717600311046,1.0093754661695196,1.0070564998166602,1.0033098322382834,1.0164828991330683,1.0111996218888077,0.9990180935502789,1.0143915096609724,1.0083088356246288,1.0079917411976214,1.0084427829783404,1.0199254270136109,1.010942408988523,1.0088548889897873,0.9962024708685167,1.0111329533766766,1.0048703236473708,1.0085431489298433,1.0056988738101151,1.0141051760381978,1.015646386239658,1.0118425480312863,0.9983426679973716,1.0066755205312776,1.0072581939925689,1.0070034915388062,1.0069832828126999,1.0155809197765637,1.0062471601454472,1.0153341983674142,1.010384335098069,1.0056995271732887,1.0110624399486985,1.0038106651060923,1.0002952221469354,0.9959918554425662,1.0048124833963987,1.0126274431024016,1.0,0.9825707158143496,0.9949812999395612,1.0037428390006167,1.0047766253454358,0.9949790033376537,0.993757195866093,0.9945360459171974,1.0004741179360135,1.0033321411097282,0.9981086008219633,0.9982546018307423,0.9861678984985651,0.9977354245418606,1.0006852793110188,1.0123475523727257,1.0062382911294967,0.9949703877429646,0.9911862698585224,1.0003618309215496,1.0083055139040913,1.0145461662991158,1.0089705483422091
r805,0.990647080001355,0.9911092880675845,0.9786535677825657,0.9658441638724148,0.9780849085356884,0.9732746919973879,0.9815020164850767,1.0,0.991123618686771,0.9739958966578751,0.9903272015403516,1.0,0.9847706601886438,1.0,0.9726478142400737,1.0,0.9867060391907818,0.9182379296540358,0.9928029933764759,0.9837881061313207,0.9964563581725476,0.9774868461860662,0.9866498050213001,0.9815784116502285,0.982216609458192,0.9531492599702613,0.9699120352266499,1.0053939596651604,1.0,0.9767617610275365,1.0131749872887232,0.9887718423834322,1.0,0.9650526946655712,0.9794695213055925,0.9901474096936755,1.0,1.0038484103477034,1.0,1.0,1.013804165535828,1.003478477164573,1.0,1.0,0.9976904291732173,0.9884400826286024,0.9785288140594501,0.9748297128308846,0.9989473659810495,1.0,1.0159667391556804,0.9862802188682477,0.9927313833387282,1.0,0.9812155007676355,0.9790776059078541,0.9885964100041325,0.9830983353983103,0.9801637701086172,0.9687370629279115,0.9879030035051996,0.9661924974793974,0.9794689188864998,0.9722988800909842,0.9549925835313577,1.0,0.9790360243391613,0.9938956082761506,0.9838691347937225,1.0,0.9762694319183239,0.9808541285347119
r806,3.007484321231341,3.0004706688803178,2.9995009607244816,2.9980908467091476,2.999952739709122,2.994532910061255,3.000667248371072,2.999221915654423,3.0003521108006432,2.9928097804083573,3.002713116237324,3.004180532713642,2.9974076020932436,2.999340178479787,2.995395684802883,3.0078851231382466,3.005222421852613,2.993528090735798,3.0009790759776642,2.992038683205322,2.9965741048648065,3.0011603449256006,3.00973934991519,3.0032051310489507,2.9957995210524717,2.9977450889431463,2.9974533269270025,2.99667055520854,2.9970282271745807,2.994756949327708,2.9959123786549586,2.9954476585463228,2.99272419455371,2.9878955278126518,2.9894384760332846,2.9954799768141047,3.0008418152778473,3.0051544735814266,3.0071444443498887,2.9998749226182753,3.005076339826408,3.0046776439950698,3.0045336681491768,3.006842273021843,2.997114694127577,3.007625688483642,3.000782914558092,3.002210098755109,3.0062807241289025,3.0,3.0009873874573607,2.997277539035273,2.9916351473254696,2.9964808210554854,2.9955338701893006,3.004161669458903,3.0051390470068444,3.002426511146075,2.9956356662171864,2.997125054948493,3.0028204661266766,2.994370376813176,2.994907906978472,2.9984439714747957,3.0052417004436336,3.002058587356027,3.0062745095705488,3.001618826088709,3.009409144639765,3.005519274144632,3.0060935341793105,3.000883613426528
r807,1.0064275933321092,1.0006381877153132,1.0065592119589686,1.0109635675727673,1.0024588216399284,1.0098850619549278,0.985829933203309,0.9731439161128714,0.9881247928994092,1.0,0.9878898076354232,1.0,1.0,0.9978073639173176,0.9920505468068528,0.9906003666335881,0.9952621261781102,0.9940058712323694,1.0,1.000317422967572,1.0,0.9695375552538749,0.9817095951589297,0.9812505118323985,1.0,0.995500994870876,0.9766618549928585,0.9756724645527367,1.0,0.9882335513841629,0.980705740476654,1.0193793098131312,1.0,1.0,1.0,1.0,1.0,1.0,1.0011952529951118,0.9931452352294432,1.0067635647146744,0.909027923626513,1.0054642688044941,1.0,0.9920446287663822,1.0,1.0032020052570594,0.9828261080398623,1.0,1.0,0.9959744514847482,0.9851889771409079,1.0,0.9662776669189921,1.0,0.9935594026069284,0.9922048897527318,1.0,1.0,1.0332010445808275,1.0,1.0,0.9992369014905269,0.9777926263693207,0.9900377321471869,1.0,1.0,0.987063777968135,1.0006367266890692,0.9974739067289153,1.0003289185592295,0.9847354238337392
r810,0.9446576170125942,0.9609047590523961,1.0,1.0,1.0,1.0,0.9801092597525555,0.96083425929407,0.9683007438742047,0.9815103286861373,0.994710311792878,0.9732956955379181,0.9787373522658581,0.9674428811471011,0.9772451391264069,0.961273302941209,1.0033875215718284,0.9833134697414854,0.9799210216597677,0.9820603795924417,0.9930786904560992,0.9810902395332118,0.9888672209015481,0.9996386693064635,0.9785203199878532,0.9724622219573319,0.9811392527657437,0.9810062574087812,0.9831919731978027,0.9831972179913819,0.9806070009642891,0.969573448814536,0.9767682105075741,0.9795958987554647,0.989993866134066,0.9743228687129689,0.9864821970145938,0.9760062981198744,0.9732157742397683,0.9762431450210421,0.9592841798890708,0.9812351479784756,0.9628996482130044,0.9624971304604556,0.9825111316111603,0.9936510954761374,0.9849245965258625,0.9714945798988566,1.0,1.0,0.9695933194733876,0.9754564719917606,0.9829323937305873,0.975621389450779,0.9871640858714968,0.9801972154050055,0.9727452894461169,0.9594970648418403,0.9849139357300082,0.9653153792912498,1.0,0.9696118715727623,0.9743571037193195,0.9856900120579907,0.9653704248102045,0.9759974716790167,0.9599280180667555,0.9807645493615532,0.9546201193195251,0.9789609657179252,0.9760386300264312,0.9796398157160804
r811,0.998954487765533,1.0032535244051364,1.0049337237514004,1.0028123077447464,0.9990576088121814,0.9998323682158723,1.0107544865678098,1.0052094658655955,1.0072245096336183,1.0038815042758862,1.0088991929588094,1.0102717600311046,1.0093754661695196,1.0070564998166602,1.0033098322382834,1.0164828991330683,1.0111996218888077,0.9990180935502789,1.0143915096609724,1.0083088356246288,1.0079917411976214,1.0084427829783404,1.0199254270136109,1.010942408988523,1.0088548889897873,0.9962024708685167,1.0111329533766766,1.0048703236473708,1.0085431489298433,1.0056988738101151,1.0141051760381978,1.015646386239658,1.0118425480312863,0.9983426679973716,1.0066755205312776,1.0072581939925689,1.0070034915388062,1.0069832828126999,1.0155809197765637,1.0062471601454472,1.0153341983674142,1.010384335098069,1.0056995271732887,1.0110624399486985,1.0038106651060923,1.0002952221469354,0.9959918554425662,1.0048124833963987,1.0126274431024016,1.0,0.9825707158143496,0.9949812999395612,1.0037428390006167,1.0047766253454358,0.9949790033376537,0.993757195866093,0.9945360459171974,1.0004741179360135,1.0033321411097282,0.9981086008219633,0.9982546018307423,0.9861678984985651,0.9977354245418606,1.0006852793110188,1.0123475523727257,1.0062382911294967,0.9949703877429646,0.9911862698585224,1.0003618309215496,1.0083055139040913,1.0145461662991158,1.0089705483422091
r812,0.990647080001355,0.9911092880675845,0.9786535677825657,0.9658441638724148,0.9780849085356884,0.9732746919973879,0.9815020164850767,1.0,0.991123618686771,0.9739958966578751,0.9903272015403516,1.0,0.9847706601886438,1.0,0.9726478142400737,1.0,0.9867060391907818,0.9182379296540358,0.9928029933764759,0.9837881061313207,0.9964563581725476,0.9774868461860662,0.9866498050213001,0.9815784116502285,0.982216609458192,0.9531492599702613,0.9699120352266499,1.0053939596651604,1.0,0.9767617610275365,1.0131749872887232,0.9887718423834322,1.0,0.9650526946655712,0.9794695213055925,0.9901474096936755,1.0,1.0038484103477034,1.0,1.0,1.013804165535828,1.003478477164573,1.0,1.0,0.9976904291732173,0.9884400826286024,0.9785288140594501,0.9748297128308846,0.9989473659810495,1.0,1.0159667391556804,0.9862802188682477,0.9927313833387282,1.0,0.9812155007676355,0.9790776059078541,0.9885964100041325,0.9830983353983103,0.9801637701086172,0.9687370629279115,0.9879030035051996,0.9661924974793974,0.9794689188864998,0.9722988800909842,0.9549925835313577,1.0,0.9790360243391613,0.9938956082761506,0.9838691347937225,1.0,0.9762694319183239,0.9808541285347119
r813,3.007484321231341,3.0004706688803178,2.9995009607244816,2.9980908467091476,2.999952739709122,2.994532910061255,3.000667248371072,2.999221915654423,3.0003521108006432,2.9928097804083573,3.002713116237324,3.004180532713642,2.9974076020932436,2.999340178479787,2.995395684802883,3.0078851231382466,3.005222421852613,2.993528090735798,3.0009790759776642,2.992038683205322,2.9965741048648065,3.0011603449256006,3.00973934991519,3.0032051310489507,2.9957995210524717,2.9977450889431463,2.9974533269270025,2.99667055520854,2.9970282271745807,2.994756949327708,2.9959123786549586,2.9954476585463228,2.99272419455371,2.9878955278126518,2.9894384760332846,2.9954799768141047,3.0008418152778473,3.0051544735814266,3.0071444443498887,2.9998749226182753,3.005076339826408,3.0046776439950698,3.0045336681491768,3.006842273021843,2.997114694127577,3.007625688483642,3.000782914558092,3.002210098755109,3.0062807241289025,3.0,3.0009873874573607,2.997277539035273,2.9916351473254696,2.9964808210554854,2.9955338701893006,3.004161669458903,3.0051390470068444,3.002426511146075,2.9956356662171864,2.997125054948493,3.0028204661266766,2.994370376813176,2.994907906978472,2.9984439714747957,3.0052417004436336,3.002058587356027,3.0062745095705488,3.001618826088709,3.009409144639765,3.005519274144632,3.0060935341793105,3.000883613426528
r814,0.9987996841287902,1.0084250073296397,1.019061214557474,1.0148596373766816,1.0122146930952511,1.0112285397832828,1.0018848895521777,1.0050325731553922,0.9995895975514655,1.0004715877940455,0.9997312243536028,1.0045874217330573,1.0129918902895272,1.007805366401061,0.9939553124838734,0.9959664376334137,0.9933319593448637,0.9971482049042234,1.002647547816861,0.9956647760290425,0.9993344227516393,0.9905499775987038,1.003679753940617,1.0043582201114654,1.0039709188283448,1.000563028687895,1.00049806230839,0.9964881136474222,0.9905813253268582,0.996640451147591,1.0114345006727123,1.0059535456324338,1.0091795147321245,1.0040247488047402,1.0035981722198635,1.0101888119781555,1.0049203887375857,1.005704820168983,1.003427170241936,0.9964596610892787,1.0091179421684875,0.9999580698729014,0.9989548944296749,0.9974115284503267,1.0044776239599449,1.007644957043177,0.993716404609437,1.001962889385803,0.9964524797367657,1.0,0.9901642821701208,0.998663437003564,0.995756355856044,1.0003467063651084,1.0017528403915767,0.9959126017850158,1.003237141538221,1.0032599770605217,1.0079318832917383,1.001712082992153,1.0020304288043749,1.0005236443276526,1.003449299641445,1.0173608242582315,1.005164321281704,1.00713228582032,1.0061236623925298,1.0026555516542126,1.0046409308628863,0.9951167419361112,0.9928828291512376,0.9963912179380792
r817,1.0064275933321092,1.0006381877153132,1.0065592119589686,1.0109635675727673,1.0024588216399284,1.0098850619549278,0.985829933203309,0.9731439161128714,0.9881247928994092,1.0,0.9878898076354232,1.0,1.0,0.9978073639173176,0.9920505468068528,0.9906003666335881,0.9952621261781102,0.9940058712323694,1.0,1.000317422967572,1.0,0.9695375552538749,0.9817095951589297,0.9812505118323985,1.0,0.995500994870876,0.9766618549928585,0.9756724645527367,1.0,0.9882335513841629,0.980705740476654,1.0193793098131312,1.0,1.0,1.0,1.0,1.0,1.0,1.0011952529951118,0.9931452352294432,1.0067635647146744,0.909027923626513,1.0054642688044941,1.0,0.9920446287663822,1.0,1.0032020052570594,0.9828261080398623,1.0,1.0,0.9959744514847482,0.9851889771409079,1.0,0.9662776669189921,1.0,0.9935594026069284,0.9922048897527318,1.0,1.0,1.0332010445808275,1.0,1.0,0.9992369014905269,0.9777926263693207,0.9900377321471869,1.0,1.0,0.987063777968135,1.0006367266890692,0.9974739067289153,1.0003289185592295,0.9847354238337392
r818,0.9446576170125942,0.9609047590523961,1.0,1.0,1.0,1.0,0.9801092597525555,0.96083425929407,0.9683007438742047,0.9815103286861373,0.994710311792878,0.9732956955379181,0.9787373522658581,0.9674428811471011,0.9772451391264069,0.961273302941209,1.0033875215718284,0.9833134697414854,0.9799210216597677,0.9820603795924417,0.9930786904560992,0.9810902395332118,0.9888672209015481,0.9996386693064635,0.9785203199878532,0.9724622219573319,0.9811392527657437,0.9810062574087812,0.9831919731978027,0.9831972179913819,0.9806070009642891,0.969573448814536,0.9767682105075741,0.9795958987554647,0.989993866134066,0.9743228687129689,0.9864821970145938,0.9760062981198744,0.9732157742397683,0.9762431450210421,0.9592841798890708,0.9812351479784756,0.9628996482130044,0.9624971304604556,0.9825111316111603,0.9936510954761374,0.9849245965258625,0.9714945798988566,1.0,1.0,0.9695933194733876,0.9754564719917606,0.9829323937305873,0.975621389450779,0.9871640858714968,0.9801972154050055,0.9727452894461169,0.9594970648418403,0.9849139357300082,0.9653153792912498,1.0,0.9696118715727623,0.9743571037193195,0.9856900120579907,0.9653704248102045,0.9759974716790167,0.9599280180667555,0.9807645493615532,0.9546201193195251,0.9789609657179252,0.9760386300264312,0.9796398157160804
r819,0.998954487765533,1.0032535244051364,1.0049337237514004,1.0028123077447464,0.9990576088121814,0.9998323682158723,1.0107544865678098,1.0052094658655955,1.0072245096336183,1.0038815042758862,1.0088991929588094,1.0102717600311046,1.0093754661695196,1.0070564998166602,1.0033098322382834,1.0164828991330683,1.0111996218888077,0.9990180935502789,1.0143915096609724,1.0083088356246288,1.0079917411976214,1.0084427829783404,1.0199254270136109,1.010942408988523,1.0088548889897873,0.9962024708685167,1.0111329533766766,1.0048703236473708,1.0085431489298433,1.0056988738101151,1.0141051760381978,1.015646386239658,1.0118425480312863,0.9983426679973716,1.0066755205312776,1.0072581939925689,1.0070034915388062,1.0069832828126999,1.0155809197765637,1.0062471601454472,1.0153341983674142,1.010384335098069,1.0056995271732887,1.0110624399486985,1.0038106651060923,1.0002952221469354,0.9959918554425662,1.0048124833963987,1.0126274431024016,1.0,0.9825707158143496,0.9949812999395612,1.0037428390006167,1.0047766253454358,0.9949790033376537,0.993757195866093,0.9945360459171974,1.0004741179360135,1.0033321411097282,0.9981086008219633,0.9982546018307423,0.9861678984985651,0.9977354245418606,1.0006852793110188,1.0123475523727257,1.0062382911294967,0.9949703877429646,0.9911862698585224,1.0003618309215496,1.0083055139040913,1.0145461662991158,1.0089705483422091
r820,0.990647080001355,0.9911092880675845,0.9786535677825657,0.9658441638724148,0.9780849085356884,0.9732746919973879,0.9815020164850767,1.0,0.991123618686771,0.9739958966578751,0.9903272015403516,1.0,0.9847706601886438,1.0,0.9726478142400737,1.0,0.9867060391907818,0.9182379296540358,0.9928029933764759,0.9837881061313207,0.9964563581725476,0.9774868461860662,0.9866498050213001,0.9815784116502285,0.982216609458192,0.9531492599702613,0.9699120352266499,1.0053939596651604,1.0,0.9767617610275365,1.0131749872887232,0.9887718423834322,1.0,0.9650526946655712,0.9794695213055925,0.9901474096936755,1.0,1.0038484103477034,1.0,1.0,1.013804165535828,1.003478477164573,1.0,1.0,0.9976904291732173,0.9884400826286024,0.9785288140594501,0.9748297128308846,0.9989473659810495,1.0,1.0159667391556804,0.9862802188682477,0.9927313833387282,1.0,0.9812155007676355,0.9790776059078541,0.9885964100041325,0.9830983353983103,0.9801637701086172,0.9687370629279115,0.9879030035051996,0.9661924974793974,0.9794689188864998,0.9722988800909842,0.9549925835313577,1.0,0.9790360243391613,0.9938956082761506,0.9838691347937225,1.0,0.9762694319183239,0.9808541285347119
r821,1.0,1.071118698372526,1.0,1.0589363497856452,1.0585043266361773,1.0528670253045695,1.069262411677321,1.0415446825685428,1.0,1.0734305532735702,1.0581461004423511,1.045972518145501,1.059686703768487,1.0,1.0518360616746463,1.1346011897620405,1.040589829504915,1.0667077201908872,1.0706917859493204,1.0666896126961676,1.0580695710581378,1.0568439304843342,1.0677781004448048,1.0559906449485974,1.0632055663974957,1.0,1.070353594713287,1.095213876565685,1.070456545489881,1.0443035873458377,1.0731260125276274,1.0742432861021967,1.0406065798930275,1.0,1.0733361466867624,1.0666085628981952,1.0,1.089070533297527,1.0746948570142558,1.0563963538075059,1.055640437427113,1.0658535592778065,1.0541452709272974,1.0,1.0624258038307046,1.091085627037343,1.0486459910173587,1.0647002452009384,1.060799455067899,1.0,1.0746972087562972,1.0640982296436947,1.068852731731373,1.0729915628833622,1.05714819011247,1.0519894408342652,1.0658407952826001,1.0740583891561304,1.0639607286531365,1.063320413518231,1.0628295966427599,1.0423539185529593,1.0733106787081161,1.0589134174139776,1.0643134603332773,1.0628555054786646,1.0678228522766902,1.0613342515695785,1.0,1.0383619191922826,1.0660938311163248,1.0684009538006563
r822,1.0,1.0,0.9743430590933186,1.0,1.0,1.0,1.0,1.0,1.0,1.0,1.0,1.0,1.0,1.0,1.0,1.0,1.0,1.0,1.0,1.0089202149693128,1.0,1.0,1.0,1.0,1.0,1.0,0.9918235767228076,1.0,1.0,0.996692894681807,0.9771044503563755,1.0,1.0,1.0,1.0,0.9936590487388091,1.0,0.9773820650131992,1.0,1.0,1.0,1.0,1.0,1.0,0.9961922707447766,0.9943293318274412,1.0,1.010592347638494,1.0,1.0,0.9850719728581776,1.0,1.0,1.0,0.9960197039692784,1.0,1.0,0.9834575794137737,1.0,1.0,1.0,1.0,1.0,1.0,1.0,1.0,1.0,1.0,0.9687124767447156,1.0,1.0036342767602024,0.9817473869128972
r825,0.9811699952711748,0.9793841441560653,0.9752304866042021,0.9913510857077755,0.9957303888728188,0.9925730938892147,0.9885830691463102,0.9846116929189237,0.9906859443184728,0.9894205701499339,0.9934956675428896,0.9904904913626551,1.0044212144491644,1.0007883594665596,0.9982663278454103,0.9814932095843371,0.9781867610087086,0.9784757284392631,0.9895197242021313,0.9881156927279308,0.9893745639434094,0.9895864597899667,0.9908456224172089,0.9916987411088188,0.994627352057265,0.9931378221300817,0.9974998772088919,0.9935401815568731,0.9903716702376428,0.9927277846012473,0.985497251349172,0.9842340916453131,0.97896578107851,0.9792355345735554,0.9805834513970284,0.9816237009986052,0.9918316690153328,0.9920046683138954,0.9951792483317824,0.9911503720485668,0.9929905024125041,0.9906098617687974,0.9922816104416595,0.9914336240313496,0.9944458553705638,0.9990060275624115,1.000270401462289,0.9977183541908127,0.997335777963327,1.0,0.9942726464673971,0.9938862715224783,0.9937698654120797,0.9938769711925628,0.9985049124665574,0.9929666462225374,0.9933898148400736,0.9910254838457973,0.9962114707864317,0.9910277418412956,0.9966006982217502,0.996610392003476,0.9943386924738341,0.9904234855788352,0.9890060151011625,0.9906858634732941,0.9916147166489494,0.9926025370672112,0.9934930213294243,0.9957904790030231,0.9947370738374844,0.9882825778913698
r826,0.989315353569475,1.0058934221356932,1.0074205049632703,1.0086361492572433,1.0119998552771137,1.0104183645712348,1.0055885978949064,0.991842753011828,0.997631278847681,0.990638581218427,0.9934834805450523,0.9889575857522215,0.9869623698243096,0.9711980407116714,0.9858400746823188,0.9926363916531482,0.9947449663922338,0.9964573758454333,0.9943048937981059,0.9915559491766961,0.9916773683637343,0.9916842045638258,0.9980864169288506,0.99503527625719,1.0028285411792213,0.9931551793253754,0.9953099576584508,0.9955767997541882,0.9998766011531617,0.9942499449043628,0.9948602979398067,0.997829512970585,0.9971029772998142,0.9904044889974805,1.0012546083950766,0.9990221303771991,0.9927480314830016,0.9967739921291555,0.9928895793624263,0.9944786258396627,0.9928133401991076,0.9906940015455972,0.9943623171529651,0.9881356457155376,0.988527093718604,0.9976496831503422,0.9922753328564565,0.9975388416750289,1.0009115139671534,1.0,0.9925135162325585,0.9932734769524408,1.0017564103674232,1.0073048519487533,1.0048133352772821,1.0019796452556184,0.9994168786890322,1.0021600267081276,1.0041156675341671,1.0013065083160613,1.0064467232442436,1.0032714224666366,0.9990165589776607,0.995634029074488,1.0153110015723732,1.0131685373537902,1.0132414141167898,1.014885194958338,1.0096111304607802,0.9932668405939554,0.9923973256543654,0.9923242897458769
r828,0.9714983220884383,0.9740696735903968,0.9834677125755095,0.9937584395236871,0.979490697871937,0.9936989519511399,1.0120009180922722,0.9995873496682628,1.0049184076362725,1.0068500913580605,1.0012867088331716,1.006658260725075,1.0158098606382095,1.0099735191154324,1.0069617928376393,1.005717022337332,1.014375398069133,1.001018448822918,0.998368999024932,0.9984231414733648,1.008278601102989,0.9997946441819774,1.0109189094021616,1.01398285157654,1.0040396508159852,0.9695678152669277,1.0087477874531279,1.0179870685423655,1.0187186906410945,1.0057086642113064,1.008972860830699,1.0059557959715544,1.00578209668593,0.9957619241437986,1.0000989122073833,1.0203541341674829,1.0126644921877523,1.0069975599065109,1.006429956003631,1.0041760116911598,1.0025716099847881,1.0081872699111873,1.0010737308473734,0.9977531497475239,1.003900415105513,1.0145462820557818,1.004023522545465,1.0079372099611223,1.007663114420887,1.0,0.9996388196844431,1.0082762680405186,0.9941448254536869,1.013438405597418,0.9955036285694614,1.0000903103439995,0.9984214717254518,1.0062185191689448,0.9964915280071904,0.9982088323570358,1.0064959530013027,0.9998383778333026,1.0113158007603664,1.0225572770216678,1.0092796932147294,1.0115397785767641,1.0021143080066384,0.9974670567372543,0.9992209648029506,1.0008321776217457,0.9962823415132384,1.0086745810107993
r830,1.0157392631980888,1.0187634077127652,1.0209232614073276,1.0167144325836424,1.0094973660092768,1.015080336541403,1.0181561351424584,1.0092044522090846,1.0128451398400666,1.0136014410435303,1.0123176736248993,1.0140986188566632,1.024967021506413,1.0288489248634252,1.0283110198071568,1.0131248805101916,1.0086614836321168,1.0133551735748523,1.0101958666957034,1.000839212309657,1.0096481791445306,1.0067811174579118,1.0105825380193603,1.0127902820544887,1.0141188284136367,1.016720820150879,1.0091046522412972,1.02117656158812,1.0221977364314698,1.0200281227269856,1.0138817355463279,1.0165392196965397,1.0211518666227246,1.0139562081110016,1.0082896414105729,1.0170820148744326,1.0149870986180654,1.018620070479476,1.02357723576004,1.0088199128320658,1.0199814369470517,1.0141499673748546,1.0088931107008516,1.0128555598014293,1.0171745700057497,0.9896251216207611,1.0134802334310595,1.0110899381622895,1.0129803673478144,1.0,1.0103819517055477,1.012919454825206,1.0016014908613902,1.01033583027335,1.0032989443329707,0.9984452445948511,1.0025826117702126,1.006119577910067,0.9996376456892243,1.0117022441069738,1.0048715976086333,1.0020291172001314,0.9956355015492124,1.0146179386413714,0.9740091204126963,1.0152936582892123,1.0092570931053568,1.0136971279330218,1.0013042249042026,1.003354375559309,1.0114926737390324,1.0084884199674238
r832,1.0,1.0,1.0,1.0,1.0,1.0,1.0,1.0,1.0,1.0,1.0,1.0,1.0,1.0,1.0,1.0,1.0,1.0,1.0,1.0,1.0,1.0,1.0,1.0,1.0,1.0,1.0,1.0,1.0,1.0,1.0,1.0,1.0,1.0,1.0,1.0,1.0,1.0,1.0,1.0,1.0,1.0,1.0,1.0,1.0,1.0,1.0,1.0,1.0,1.0,1.0,1.0,1.0,1.0,1.0,1.0,1.0,1.0,1.0,1.0,1.0,1.0,1.0,1.0,1.0,1.0,1.0,1.0,1.0,1.0,1.0,1.0
r833,1.0157392631980888,1.0187634077127652,1.0209232614073276,1.0167144325836424,1.0094973660092768,1.015080336541403,1.0181561351424584,1.0092044522090846,1.0128451398400666,1.0136014410435303,1.0123176736248993,1.0140986188566632,1.024967021506413,1.0288489248634252,1.0283110198071568,1.0131248805101916,1.0086614836321168,1.0133551735748523,1.0101958666957034,1.000839212309657,1.0096481791445306,1.0067811174579118,1.0105825380193603,1.0127902820544887,1.0141188284136367,1.016720820150879,1.0091046522412972,1.02117656158812,1.0221977364314698,1.0200281227269856,1.0138817355463279,1.0165392196965397,1.0211518666227246,1.0139562081110016,1.0082896414105729,1.0170820148744326,1.0149870986180654,1.018620070479476,1.02357723576004,1.0088199128320658,1.0199814369470517,1.0141499673748546,1.0088931107008516,1.0128555598014293,1.0171745700057497,0.9896251216207611,1.0134802334310595,1.0110899381622895,1.0129803673478144,1.0,1.0103819517055477,1.012919454825206,1.0016014908613902,1.01033583027335,1.0032989443329707,0.9984452445948511,1.0025826117702126,1.006119577910067,0.9996376456892243,1.0117022441069738,1.0048715976086333,1.0020291172001314,0.9956355015492124,1.0146179386413714,0.9740091204126963,1.0152936582892123,1.0092570931053568,1.0136971279330218,1.0013042249042026,1.003354375559309,1.0114926737390324,1.0084884199674238
r835,1.0,1.0,1.0,1.0,1.0,1.0,1.0,1.0,1.0,1.0,1.0,1.0,1.0,1.0,1.0,1.0,1.0,1.0,1.0,1.0,1.0,1.0,1.0,1.0,1.0,1.0,1.0,1.0,1.0,1.0,1.0,1.0,1.0,1.0,1.0,1.0,1.0,1.0,1.0,1.0,1.0,1.0,1.0,1.0,1.0,1.0,1.0,1.0,1.0,1.0,1.0,1.0,1.0,1.0,1.0,1.0,1.0,1.0,1.0,1.0,1.0,1.0,1.0,1.0,1.0,1.0,1.0,1.0,1.0,1.0,1.0,1.0
r836,1.0157392631980888,1.0187634077127652,1.0209232614073276,1.0167144325836424,1.0094973660092768,1.015080336541403,1.0181561351424584,1.0092044522090846,1.0128451398400666,1.0136014410435303,1.0123176736248993,1.0140986188566632,1.024967021506413,1.0288489248634252,1.0283110198071568,1.0131248805101916,1.0086614836321168,1.0133551735748523,1.0101958666957034,1.000839212309657,1.0096481791445306,1.0067811174579118,1.0105825380193603,1.0127902820544887,1.0141188284136367,1.016720820150879,1.0091046522412972,1.02117656158812,1.0221977364314698,1.0200281227269856,1.0138817355463279,1.0165392196965397,1.0211518666227246,1.0139562081110016,1.0082896414105729,1.0170820148744326,1.0149870986180654,1.018620070479476,1.02357723576004,1.0088199128320658,1.0199814369470517,1.0141499673748546,1.0088931107008516,1.0128555598014293,1.0171745700057497,0.9896251216207611,1.0134802334310595,1.0110899381622895,1.0129803673478144,1.0,1.0103819517055477,1.012919454825206,1.0016014908613902,1.01033583027335,1.0032989443329707,0.9984452445948511,1.0025826117702126,1.006119577910067,0.9996376456892243,1.0117022441069738,1.0048715976086333,1.0020291172001314,0.9956355015492124,1.0146179386413714,0.9740091204126963,1.0152936582892123,1.0092570931053568,1.0136971279330218,1.0013042249042026,1.003354375559309,1.0114926737390324,1.0084884199674238
r838,1.0,1.0,1.0,1.0,1.0,1.0,1.0,1.0,1.0,1.0,1.0,1.0,1.0,1.0,1.0,1.0,1.0,1.0,1.0,1.0,1.0,1.0,1.0,1.0,1.0,1.0,1.0,1.0,1.0,1.0,1.0,1.0,1.0,1.0,1.0,1.0,1.0,1.0,1.0,1.0,1.0,1.0,1.0,1.0,1.0,1.0,1.0,1.0,1.0,1.0,1.0,1.0,1.0,1.0,1.0,1.0,1.0,1.0,1.0,1.0,1.0,1.0,1.0,1.0,1.0,1.0,1.0,1.0,1.0,1.0,1.0,1.0
r839,1.0,1.0,1.0,1.0,1.0,1.0,1.0,1.0,1.0,1.0,1.0,1.0,1.0,1.0,1.0,1.0,1.0,1.0,1.0,1.0,1.0,1.0,1.0,1.0,1.0,1.0,1.0,1.0,1.0,1.0,1.0,1.0,1.0,1.0,1.0,1.0,1.0,1.0,1.0,1.0,1.0,1.0,1.0,1.0,1.0,1.0,1.0,1.0,1.0,1.0,1.0,1.0,1.0,1.0,1.0,1.0,1.0,1.0,1.0,1.0,1.0,1.0,1.0,1.0,1.0,1.0,1.0,1.0,1.0,1.0,1.0,1.0
r840,1.0,1.0,1.0,1.0,1.0,1.0,1.0,1.0,1.0,1.0,1.0,1.0,1.0,1.0,1.0,1.0,1.0,1.0,1.0,1.0,1.0,1.0,1.0,1.0,1.0,1.0,1.0,1.0,1.0,1.0,1.0,1.0,1.0,1.0,1.0,1.0,1.0,1.0,1.0,1.0,1.0,1.0,1.0,1.0,1.0,1.0,1.0,1.0,1.0,1.0,1.0,1.0,1.0,1.0,1.0,1.0,1.0,1.0,1.0,1.0,1.0,1.0,1.0,1.0,1.0,1.0,1.0,1.0,1.0,1.0,1.0,1.0
r841,1.0,1.0,1.0,1.0,1.0,1.0,1.0,1.0,1.0,1.0,1.0,1.0,1.0,1.0,1.0,1.0,1.0,1.0,1.0,1.0,1.0,1.0,1.0,1.0,1.0,1.0,1.0,1.0,1.0,1.0,1.0,1.0,1.0,1.0,1.0,1.0,1.0,1.0,1.0,1.0,1.0,1.0,1.0,1.0,1.0,1.0,1.0,1.0,1.0,1.0,1.0,1.0,1.0,1.0,1.0,1.0,1.0,1.0,1.0,1.0,1.0,1.0,1.0,1.0,1.0,1.0,1.0,1.0,1.0,1.0,1.0,1.0
r843,1.0,1.0,1.0,1.0,1.0,1.0,1.0,1.0,1.0,1.0,1.0,1.0,1.0,1.0,1.0,1.0,1.0,1.0,1.0,1.0,1.0,1.0,1.0,1.0,1.0,1.0,1.0,1.0,1.0,1.0,1.0,1.0,1.0,1.0,1.0,1.0,1.0,1.0,1.0,1.0,1.0,1.0,1.0,1.0,1.0,1.0,1.0,1.0,1.0,1.0,1.0,1.0,1.0,1.0,1.0,1.0,1.0,1.0,1.0,1.0,1.0,1.0,1.0,1.0,1.0,1.0,1.0,1.0,1.0,1.0,1.0,1.0
r844,1.0,1.0,1.0,1.0,1.0,1.0,1.0,1.0,1.0,1.0,1.0,1.0,1.0,1.0,1.0,1.0,1.0,1.0,1.0,1.0,1.0,1.0,1.0,1.0,1.0,1.0,1.0,1.0,1.0,1.0,1.0,1.0,1.0,1.0,1.0,1.0,1.0,1.0,1.0,1.0,1.0,1.0,1.0,1.0,1.0,1.0,1.0,1.0,1.0,1.0,1.0,1.0,1.0,1.0,1.0,1.0,1.0,1.0,1.0,1.0,1.0,1.0,1.0,1.0,1.0,1.0,1.0,1.0,1.0,1.0,1.0,1.0
r845,1.0,1.0,1.0,1.0,1.0,1.0,1.0,1.0,1.0,1.0,1.0,1.0,1.0,1.0,1.0,1.0,1.0,1.0,1.0,1.0,1.0,1.0,1.0,1.0,1.0,1.0,1.0,1.0,1.0,1.0,1.0,1.0,1.0,1.0,1.0,1.0,1.0,1.0,1.0,1.0,1.0,1.0,1.0,1.0,1.0,1.0,1.0,1.0,1.0,1.0,1.0,1.0,1.0,1.0,1.0,1.0,1.0,1.0,1.0,1.0,1.0,1.0,1.0,1.0,1.0,1.0,1.0,1.0,1.0,1.0,1.0,1.0
r846,1.0,1.0,1.0,1.0,1.0,1.0,1.0,1.0,1.0,1.0,1.0,1.0,1.0,1.0,1.0,1.0,1.0,1.0,1.0,1.0,1.0,1.0,1.0,1.0,1.0,1.0,1.0,1.0,1.0,1.0,1.0,1.0,1.0,1.0,1.0,1.0,1.0,1.0,1.0,1.0,1.0,1.0,1.0,1.0,1.0,1.0,1.0,1.0,1.0,1.0,1.0,1.0,1.0,1.0,1.0,1.0,1.0,1.0,1.0,1.0,1.0,1.0,1.0,1.0,1.0,1.0,1.0,1.0,1.0,1.0,1.0,1.0
r851,1.0,1.0,1.0,1.0,1.0,1.0,1.0,1.0,1.0,1.0,1.0,1.0,1.0,1.0,1.0,1.0,1.0,1.0,1.0,1.0,1.0,1.0,1.0,1.0,1.0,1.0,1.0,1.0,1.0,1.0,1.0,1.0,1.0,1.0,1.0,1.0,1.0,1.0,1.0,1.0,1.0,1.0,1.0,1.0,1.0,1.0,1.0,1.0,1.0,1.0,1.0,1.0,1.0,1.0,1.0,1.0,1.0,1.0,1.0,1.0,1.0,1.0,1.0,1.0,1.0,1.0,1.0,1.0,1.0,1.0,1.0,1.0
r852,1.0078311813196343,0.9837223920028659,0.9769709442192112,0.9783434002146751,0.9838389681183216,1.029473456357863,1.0008273298607664,0.9945533644268229,1.0046729267270154,0.9987412664885095,1.0004334439076934,0.9879784245901034,1.0331791059583246,0.9990293067409367,1.0148575730076388,1.0,0.9862018497115825,1.0,0.9806771170798438,0.984703400112801,0.9894589552143422,1.010933484709631,0.9795193902257278,1.0021975125698566,0.9914363740032506,1.0126993069574641,1.0055729271871925,0.9994208039073387,1.0061984823718588,1.0103706531541987,1.0030422669759156,0.9960749581043729,0.9934259978631763,1.0224316796365482,1.0050534757674185,1.0019897737661467,0.9949051640055826,1.003286891497639,0.9984812731053686,1.0021360758458986,0.9879523996340502,1.0503804610895051,0.9881445904046945,1.030580591761102,0.9819716199707771,1.0,0.9770192256748885,1.1348934083848683,0.9841984742681902,1.0,0.9683843215892151,0.9807172700830852,1.0517676478678069,1.0022766811577246,1.0029526895346943,0.9633565231036447,0.9767317225441934,0.964231961523759,1.0,0.9783057881540048,0.9805484130915469,1.0004547689614804,0.9825291456188563,0.9740492077382954,0.9902201376661359,1.0,0.9931468256144723,0.9812078073435289,1.0017892366858105,1.0,0.9985025670092132,0.994384240892195
r853,1.0,1.0,1.0,1.0,1.0,1.0,1.0,1.0,1.0,1.0,1.0,1.0,1.0,1.0,1.0,1.0,1.0,1.0,1.0,1.0,1.0,1.0,1.0,1.0,1.0,1.0,1.0,1.0,1.0,1.0,1.0,1.0,1.0,1.0,1.0,1.0,1.0,1.0,1.0,1.0,1.0,1.0,1.0,1.0,1.0,1.0,1.0,1.0,1.0,1.0,1.0,1.0,1.0,1.0,1.0,1.0,1.0,1.0,1.0,1.0,1.0,1.0,1.0,1.0,1.0,1.0,1.0,1.0,1.0,1.0,1.0,1.0
r854,1.0078311813196343,0.9837223920028659,0.9769709442192112,0.9783434002146751,0.9838389681183216,1.029473456357863,1.0008273298607664,0.9945533644268229,1.0046729267270154,0.9987412664885095,1.0004334439076934,0.9879784245901034,1.0331791059583246,0.9990293067409367,1.0148575730076388,1.0,0.9862018497115825,1.0,0.9806771170798438,0.984703400112801,0.9894589552143422,1.010933484709631,0.9795193902257278,1.0021975125698566,0.9914363740032506,1.0126993069574641,1.0055729271871925,0.9994208039073387,1.0061984823718588,1.0103706531541987,1.0030422669759156,0.9960749581043729,0.9934259978631763,1.0224316796365482,1.0050534757674185,1.0019897737661467,0.9949051640055826,1.003286891497639,0.9984812731053686,1.0021360758458986,0.9879523996340502,1.0503804610895051,0.9881445904046945,1.030580591761102,0.9819716199707771,1.0,0.9770192256748885,1.1348934083848683,0.9841984742681902,1.0,0.9683843215892151,0.9807172700830852,1.0517676478678069,1.0022766811577246,1.0029526895346943,0.9633565231036447,0.9767317225441934,0.964231961523759,1.0,0.9783057881540048,0.9805484130915469,1.0004547689614804,0.9825291456188563,0.9740492077382954,0.9902201376661359,1.0,0.9931468256144723,0.9812078073435289,1.0017892366858105,1.0,0.9985025670092132,0.994384240892195
r856,1.0,1.0,1.0,1.0,1.0,1.0,1.0,1.0,1.0,1.0,1.0,1.0,1.0,1.0,1.0,1.0,1.0,1.0,1.0,1.0,1.0,1.0,1.0,1.0,1.0,1.0,1.0,1.0,1.0,1.0,1.0,1.0,1.0,1.0,1.0,1.0,1.0,1.0,1.0,1.0,1.0,1.0,1.0,1.0,1.0,1.0,1.0,1.0,1.0,1.0,1.0,1.0,1.0,1.0,1.0,1.0,1.0,1.0,1.0,1.0,1.0,1.0,1.0,1.0,1.0,1.0,1.0,1.0,1.0,1.0,1.0,1.0
r857,1.0,1.0,1.0,1.0,1.0,1.0,1.0,1.0,1.0,1.0,1.0,1.0,1.0,1.0,1.0,1.0,1.0,1.0,1.0,1.0,1.0,1.0,1.0,1.0,1.0,1.0,1.0,1.0,1.0,1.0,1.0,1.0,1.0,1.0,1.0,1.0,1.0,1.0,1.0,1.0,1.0,1.0,1.0,1.0,1.0,1.0,1.0,1.0,1.0,1.0,1.0,1.0,1.0,1.0,1.0,1.0,1.0,1.0,1.0,1.0,1.0,1.0,1.0,1.0,1.0,1.0,1.0,1.0,1.0,1.0,1.0,1.0
r858,1.0,1.0,1.0,1.0,1.0,1.0,1.0,1.0,1.0,1.0,1.0,1.0,1.0,1.0,1.0,1.0,1.0,1.0,1.0,1.0,1.0,1.0,1.0,1.0,1.0,1.0,1.0,1.0,1.0,1.0,1.0,1.0,1.0,1.0,1.0,1.0,1.0,1.0,1.0,1.0,1.0,1.0,1.0,1.0,1.0,1.0,1.0,1.0,1.0,1.0,1.0,1.0,1.0,1.0,1.0,1.0,1.0,1.0,1.0,1.0,1.0,1.0,1.0,1.0,1.0,1.0,1.0,1.0,1.0,1.0,1.0,1.0
r859,1.0,1.0,1.0,1.0,1.0,1.0,1.0,1.0,1.0,1.0,1.0,1.0,1.0,1.0,1.0,1.0,1.0,1.0,1.0,1.0,1.0,1.0,1.0,1.0,1.0,1.0,1.0,1.0,1.0,1.0,1.0,1.0,1.0,1.0,1.0,1.0,1.0,1.0,1.0,1.0,1.0,1.0,1.0,1.0,1.0,1.0,1.0,1.0,1.0,1.0,1.0,1.0,1.0,1.0,1.0,1.0,1.0,1.0,1.0,1.0,1.0,1.0,1.0,1.0,1.0,1.0,1.0,1.0,1.0,1.0,1.0,1.0
r860,1.0,1.0,1.0,1.0,1.0,1.0,1.0,1.0,1.0,1.0,1.0,1.0,1.0,1.0,1.0,1.0,1.0,1.0,1.0,1.0,1.0,1.0,1.0,1.0,1.0,1.0,1.0,1.0,1.0,1.0,1.0,1.0,1.0,1.0,1.0,1.0,1.0,1.0,1.0,1.0,1.0,1.0,1.0,1.0,1.0,1.0,1.0,1.0,1.0,1.0,1.0,1.0,1.0,1.0,1.0,1.0,1.0,1.0,1.0,1.0,1.0,1.0,1.0,1.0,1.0,1.0,1.0,1.0,1.0,1.0,1.0,1.0
r861,2.0380101786055533,2.0309548614447586,2.026595730811864,2.029255255816606,2.0254318128803197,2.0271962122983127,2.0368529691342214,2.0340585111004694,2.0334850898688375,2.032173456169014,2.0249108393550888,2.0312211166959413,2.053241590584772,2.044644241146525,2.0253699341086735,1.9949103564498079,1.9857785987775798,2.002887180839384,2.022249283212009,2.006084108372812,2.0305618640185843,2.0097692357899897,2.0160514001779353,2.021165251379427,2.036432196449906,2.0326588671249377,2.0363218256725197,2.016810535959577,2.019476559833317,2.0236020685936738,2.0440594212928893,2.044505275790266,2.0451613529211845,2.042063402148845,2.0420719385343684,2.0599351301095714,2.0223737498143297,2.0315168156211336,2.006402976514985,2.0223266894238363,2.028562373849205,2.0189524320573398,2.0116688283673834,2.0192303053421643,2.0139211759845677,2.0004068057541113,1.981694242411558,2.0239814816180335,2.0245104911772636,2.0,1.9993021666287782,2.0412299664209677,2.035242405407458,2.03545387033512,2.0364192376310686,2.0172831399477382,2.0345710716496357,2.0236586935163667,2.034721628102693,2.0266596978270024,2.03219249164467,2.036641433984762,2.026041560573396,2.0415424396014714,2.0115635689339992,2.021262075276942,2.0345778262314194,2.0341808810628867,2.0420164164322565,1.9913211450154935,2.0131825793475158,1.9896193186986173
r862,2.0256544091720947,2.0351091824713743,2.0383996808662337,2.0272398357448855,2.0255415765547538,2.0321310247260307,2.011018326366628,2.009709234063328,2.014135929242175,2.015288366577172,2.013281813946926,2.0133133697159846,2.0112731877316867,2.0153423545868874,2.0100151213710697,2.012690309328821,2.020560195983612,2.013131912033109,2.012760904319432,2.0120687281830083,2.009326260467196,2.0104679606979188,2.010157991869488,2.0103640472498463,2.0166401433293,2.0018624591487573,2.0188894701487086,2.021797800840683,2.0229831660656563,2.016196941709783,2.021554159759778,2.004719035522159,2.0052423178774896,2.0032620575088234,2.0115374381662203,2.0152220218430053,2.011335304474823,2.0111666690055374,2.0093160220248105,2.0043933616166827,2.00374026156743,2.0206758624917343,2.0130191576658008,2.010104377472672,2.016250783157898,2.004553245315736,1.9996381628876587,2.0040538630998004,1.9980128143601301,2.0,1.9699847028859363,2.0005723118750875,2.0077314587683874,2.015062955230146,2.0079907007826954,1.9990544260615017,1.9984289286970043,2.004123746893001,2.0074778932830726,1.9977048408739453,1.9986608780432693,2.0073974085432136,2.0060702242872797,2.0050854616791236,2.0047657699147816,2.0111556296820248,2.0102035866282835,2.012150853260778,2.007198303235196,2.0148551981321177,2.0023640964410143,1.993836321971484
r863,1.0095949242497448,1.0383604372072308,1.0352075024699257,1.0405131018778777,1.0303636661721276,1.0293732338617325,1.0025030525983114,1.011967080540623,1.0288795421163455,1.0226854393290574,1.0160723977312371,1.039762691102397,1.0325134040839452,1.023698105161386,1.0230335322283166,1.0025099079535118,1.018932748685365,1.0114184945544915,1.027345940673186,1.015967685716616,1.023162429564681,1.0282238469942349,1.0329897788311875,1.0256516596769456,1.033556154041428,1.017756035453218,1.0257953185689646,1.0,1.0053505823232416,1.0230602204982684,1.0105767716217051,1.0163359336750082,0.9914701191013192,1.0233495763687774,1.0135100584688579,1.0308949384317976,1.0204244255414276,1.023878794956596,1.0,1.0038157109104322,1.0069712216465638,1.0323016427319658,1.0149032346110305,1.0136224551962192,1.0092857770963921,1.0,1.0038993267917176,0.9880141715678356,1.0,1.0,1.0050550078142262,1.0163091353158076,1.0038553164985224,1.011536408290606,1.0085339094969914,1.0110164784611224,1.0074158559262572,1.0010893565154892,0.9954082436862737,1.0017328855296372,0.980282949185178,1.002797214297366,1.0044813486872153,1.010430763734865,0.9645011259654522,0.9768964249588323,1.00723586224839,1.014191528026594,1.0052067921641354,1.0035471109944585,1.0,1.005864041964464
r864,1.0057240540847254,1.0102094342851142,1.0081492955355582,1.0053671845459937,1.0108360691540357,1.005469406877841,0.9975184880605955,0.995401545821849,0.9992828950867572,0.9955701664222525,1.0028242922959167,0.9984823668352588,1.0007324618453064,0.9997938682059272,1.0031705370950175,0.998482901439264,0.9980053772500315,0.9986448528114663,0.9998492143598721,0.9970764392756145,1.0036421461895049,1.0005438243636042,1.0026716453278377,1.0052389163679305,1.0080117436039353,1.0061174811963698,1.007088079229961,0.9975387415141337,1.003841856844879,0.9966208802995277,0.9867923707762415,1.0016789921004414,1.0046642629096962,1.0002546194760384,1.0042329793165183,1.0008220154931804,1.0016687476376542,0.9993715771238869,0.9933515756254401,1.0026522300569747,0.9985065853675648,1.0002413293348669,0.9983132938320146,0.9958912020992077,0.9990528619082563,1.0045538152751083,0.9951528980020076,1.0005655397137885,0.9956298154427858,1.0,0.9894312130752929,0.9978124880768556,0.9982502258332708,0.9948043771005005,0.9935880438567382,0.9942347489806542,0.9901523086118823,1.0023926070423617,0.9910823428933214,0.9926476952351401,0.988784883261049,0.987628709510908,0.9912409534615422,0.9998046843395269,1.0029228870825548,1.0000579836479133,0.9996863075442124,1.0045681571789942,0.9915538539336102,0.9956777235984794,0.996609333812961,1.0007532140542486
r865,1.0235984469110937,1.0206776490307663,1.0244953389189877,1.0100649620318949,1.0139802542606262,1.0126471309285476,1.00044478544406,0.9994004276119224,1.004860712483525,1.0026857742190332,1.0015038141916857,1.0075631258683617,1.0088529700299596,1.0115174422365025,1.0045298799624849,1.0103337656103633,1.0071157585844415,0.9974043581052782,1.0038972940554163,1.0010715890361856,1.0047494898011267,1.00341079451569,1.0029104678580898,1.0035976219035752,1.005555338628742,1.0070145885335022,1.0057126620281844,0.9961256861737586,1.007138370236154,1.004890832882894,1.0062745174276622,0.9999904725289417,1.0023503560696116,1.0010593379257189,1.0006983534617935,1.005698455111245,1.0030257662253947,1.0077576548538159,1.012889465569646,0.9996551602086545,1.0054961146219041,1.0010338209586176,1.0046642369002825,1.008192684818203,1.0047627689998346,1.0073879324705226,1.0008455826004008,0.9994556233338455,1.006112024651419,1.0,1.0016102919302512,1.010225690598578,1.0036489078485487,1.0062409146913913,1.0059031361997381,1.00025360356772,0.9999496900173368,1.0031055512678004,1.0031853032917963,1.0034382175831125,1.0015016445364164,0.9992454905040705,0.9972959380477643,1.0075258635303024,1.0074645913126752,0.9996193705304389,1.0065837103868505,1.0043050264165423,1.0123720024758136,1.0037353948992762,1.004850434572999,1.0015604987305704
r866,1.0185851010804612,1.0147975821396682,1.0253860168547944,1.0029184416495611,1.0132105047104334,1.0081786779042734,0.999260831959085,0.9993894561941522,1.0004297030305003,0.9952284201420301,1.003436351829815,0.9952411830120617,1.017331878861706,1.0054621004276663,0.9915580376555684,1.008253096987868,0.9861571961017697,0.9913181665062114,0.9821986791421264,0.9956319320705149,0.9910378640116011,1.001947301208623,0.9975245002131213,1.0028327724171784,0.9970941751209308,0.9948562676752855,0.9912865506945392,1.0010304626545101,0.9959180541731196,0.9988569219351972,0.986687120415949,0.9940111324134222,1.0006125207244505,1.0018740810978668,0.9996704599464717,0.9992262903745651,0.9928058278154475,0.9841113029224535,0.9999119656402853,1.0071199635174657,0.9992837611111043,1.0097736395936778,0.9923293921017877,0.9956406968230389,0.990470105549619,0.9897231177238262,0.9997252828703148,0.9917745171462815,0.9899272103734092,1.0,0.9723878988500371,0.9884656251740271,0.9925736805306328,0.988365431787862,1.0033183879367786,0.9799460171610336,0.9950544263869519,0.9900936374688243,0.9864177100382756,0.9884795634444647,0.992695535695331,0.9839818232417178,0.9813678983974579,1.0001094759768019,0.9829926155735558,0.9950252477482007,1.001272024899809,0.9989462724088415,1.0018687014154184,0.9965842732843357,0.995870827248799,1.0009789004484306
r870,1.0920082554422652,1.0764426786097936,1.0820359733469203,1.0491766767337325,1.0478439632592749,1.052045738229862,1.0114575264157872,1.0079045209928907,1.0105094700702,1.005234170828427,1.0020991202451734,1.0173651716834586,1.0197041600692678,1.0212557305665992,1.0155805094199921,1.0257073877644718,1.0263145066933368,1.0257322874664858,1.0120184762598217,1.0056408004097581,1.01255736679286,1.0120031969972365,1.0142055644286674,1.0118211802336747,1.0239163160391236,1.0157392376350391,1.0172410888106291,1.0297493439264147,1.0241973559301334,1.0171902825436774,1.02213132826008,1.0204176205177724,1.0177870489605518,1.020272588389087,1.0129840257535283,1.0206255168394867,1.0136182932940254,1.012423337506931,1.0144013039806283,1.007278098474023,1.0153299655126513,1.0062583441086639,1.0095440254405357,1.0174498357353612,1.0120964215488533,1.0007593776595682,0.9970193612822024,0.9972395254265227,1.0063122002679061,1.0,0.9932306371185854,1.0177337657404668,1.0056135646053794,1.0059924269444123,1.015266527841886,1.0054540491796191,1.0113087564595926,1.0036941051015449,1.0135491089370294,1.012458600338582,1.0080676086689622,1.0082639595520164,1.0092473281159453,1.0114142074920611,1.0090438286818684,1.009133555750008,1.0417592239485796,1.0367357918066469,1.0428753063612224,0.9962295172715022,1.0040501084984121,1.0008868774352262
r872,1.063311241732566,1.0510851446698828,1.045887859387709,1.0216250787534626,1.0097408402178911,1.0150415372323902,1.0070241646298785,1.0043758297245775,1.0193695047890237,1.005152459007836,0.9994889460473043,1.0109124325819165,1.0038579972576884,0.9955507690423817,0.9963221197061387,1.0285410080238462,1.0313364521047699,1.0216154694174644,1.0166676152688332,1.0152661593339896,1.0215627247778918,1.0118291050653054,1.0181452559463482,1.0144653888936337,1.0103896718952865,1.0217205413047339,1.014955207754639,1.0167094793939218,1.0208402054441679,1.0200350926511468,1.0092757159002514,1.0145469144016317,1.0284964537685977,1.0245867785341651,1.014503666002672,1.014010364353672,1.0163854577513898,1.0152091484775072,1.0127778956337041,1.00960250342574,1.0034346828631089,1.0136544946433232,1.012958016282004,1.0171193789674797,1.0062348028757326,1.00648096495708,0.9999079255483688,1.010767241714231,0.9950117933458824,1.0,0.9926689922181778,1.0149879596683082,1.0112902863663065,1.0069191462635931,1.0089975081892892,0.9960745528931639,1.0025297118170493,1.01286050465715,1.0090157805016038,1.011908706274205,1.002781444499434,1.0006399290881394,1.0063024730392556,1.00576440194924,1.0037008306141082,1.0022995283118172,1.0185882408104636,1.0134277177620639,1.0236577189748257,1.010307272625876,1.0138982004122419,0.9908183517149813
r873,1.072306964734129,1.0554608943164836,1.061309632412619,1.0042503374862477,1.0145887697250826,1.0229154163662,1.0313554358216919,1.0145029202380371,1.0335364086069048,1.0275458380316969,1.0281372760670129,1.0242832407016835,1.0260019721714226,1.0237520380632736,1.0177993107160919,1.0337857531518528,1.0433202464739797,1.0310259242291855,1.0231870957467653,1.0298168125130385,1.02616341808689,1.0,1.0288220990672305,1.0301686039502396,1.0206479760710825,1.0265535848521081,1.0278917983188371,0.9486774231099069,1.0394166731308252,1.038676309472859,1.0334066508017834,1.025985066893791,1.0375617608279317,1.0352669015879061,1.035332491407928,1.023648831320351,1.0269250629662394,1.0269488027596523,1.0292172030169675,1.0254487295870396,1.0238489776038149,1.0260984319443163,1.0231209426962247,1.0284721700440695,1.0189737495518474,1.0185453339002997,1.0163370075425715,1.0170484584292587,1.0015425026587352,1.0,0.9955539458548007,1.0152869070650667,1.0258089379622504,1.0096028620339108,1.0066502557892876,1.0088993684315015,1.008195760795574,1.0155503304342093,1.0111919188474083,0.9985963646289212,1.0113733093420745,1.0014618832228754,1.0,1.0061341665571406,1.00983474507239,1.0044577054369994,0.9984319117967743,1.007929685808608,1.0104644295719816,1.0195908824503972,1.019221524477846,1.0174630663920365
r874,1.0681074759146283,1.0309454850173911,1.05455204946321,1.0005627184540937,1.0058148000496367,1.0007004801513546,1.0063499548332397,0.9720571073209373,1.0102765419828916,1.004371566546936,0.9643110829670963,0.995704404641434,0.9877682021055093,0.984022803431352,0.9755497571513357,0.9721518717363098,1.0200508596859863,0.9985044801648877,0.9921234763508249,0.9973396344975318,1.0022324871472985,0.9936788809597058,1.0059655735017106,0.9979492636807383,1.0068857634935433,1.0046810532754444,0.9999428945594071,1.008248400693754,1.0146498664246852,1.0158573969755944,1.0199005127814893,1.0223107629184782,1.0175391487947127,1.016165008902041,1.012152037228081,1.0181717475608325,1.0008315463841566,1.0087385941401785,1.015783761113258,1.0119110726410567,1.0021186195509209,1.0028557625576402,1.006321862704682,1.000171119559113,0.9990550072680936,1.010445632880355,1.0027260930031057,1.015316429463769,0.9847448941396688,1.0,0.9815645841555671,1.003681445048544,1.0115438520154338,0.9952145276531495,1.0138254427770996,1.0085627052525175,0.9997158304492308,1.0005840676663607,0.9991473800793582,1.0132607273978542,0.9986501131908123,1.0064609751340357,0.9765584722497556,1.0116094660081396,1.003169063407132,0.9778928753936074,1.0101958913281655,1.0073569787689354,0.980131366067617,0.9717669388632141,0.9944212825986406,1.000437112504612
r875,1.0292784642045898,1.0303490156974766,1.0279195240514136,1.0258552028646324,1.0267867535360664,1.0262890696522282,1.0189984198459592,1.0179330172708507,1.018141431784786,1.017201825125169,1.0171301792856329,1.0183443710091584,1.0180597747758244,1.0195145244674513,1.012921480828357,1.0142387256911347,1.0120628278080515,1.015171917938309,1.013186896934765,1.0105151935424368,1.014797713093193,1.012769897036728,1.014622438718427,1.0148365436100744,1.0224122903950608,1.0191279891605272,1.0224892997637414,1.0172441319608034,1.0217667791946048,1.0215328530454435,1.0151501577714723,1.0062710872403617,1.0151462461986727,1.0143993887086915,1.0120293547794006,1.0118845911192742,1.0185916333325298,1.0173033354167509,1.0117855208193223,1.0206438739652852,1.0174464858960417,1.011632196019254,1.0194715011981008,1.0152172786188618,1.018221613151881,1.0104506951624346,1.0102082935078756,1.0008348353185332,1.013097628019107,1.0,1.0063630501065857,1.016578980464704,1.0231456423980692,1.0152712210590755,1.006602046482365,1.0052328859973436,1.0069840629066094,1.011646647518249,1.0092294056375817,1.0134017913410551,1.010422694261292,1.007209191773476,1.0110913366468433,1.014322314423086,1.001811726944064,1.0042564291373146,1.0185783327157332,1.015718256969946,1.0160894034081902,1.0158088847544227,1.0069799490240072,1.0133641932510602
r876,1.0681074759146283,1.0309454850173911,1.05455204946321,1.0005627184540937,1.0058148000496367,1.0007004801513546,1.0063499548332397,0.9720571073209373,1.0102765419828916,1.004371566546936,0.9643110829670963,0.995704404641434,0.9877682021055093,0.984022803431352,0.9755497571513357,0.9721518717363098,1.0200508596859863,0.9985044801648877,0.9921234763508249,0.9973396344975318,1.0022324871472985,0.9936788809597058,1.0059655735017106,0.9979492636807383,1.0068857634935433,1.0046810532754444,0.9999428945594071,1.008248400693754,1.0146498664246852,1.0158573969755944,1.0199005127814893,1.0223107629184782,1.0175391487947127,1.016165008902041,1.012152037228081,1.0181717475608325,1.0008315463841566,1.0087385941401785,1.015783761113258,1.0119110726410567,1.0021186195509209,1.0028557625576402,1.006321862704682,1.000171119559113,0.9990550072680936,1.010445632880355,1.0027260930031057,1.015316429463769,0.9847448941396688,1.0,0.9815645841555671,1.003681445048544,1.0115438520154338,0.9952145276531495,1.0138254427770996,1.0085627052525175,0.9997158304492308,1.0005840676663607,0.9991473800793582,1.0132607273978542,0.9986501131908123,1.0064609751340357,0.9765584722497556,1.0116094660081396,1.003169063407132,0.9778928753936074,1.0101958913281655,1.0073569787689354,0.980131366067617,0.9717669388632141,0.9944212825986406,1.000437112504612
r877,1.0292784642045898,1.0303490156974766,1.0279195240514136,1.0258552028646324,1.0267867535360664,1.0262890696522282,1.0189984198459592,1.0179330172708507,1.018141431784786,1.017201825125169,1.0171301792856329,1.0183443710091584,1.0180597747758244,1.0195145244674513,1.012921480828357,1.0142387256911347,1.0120628278080515,1.015171917938309,1.013186896934765,1.0105151935424368,1.014797713093193,1.012769897036728,1.014622438718427,1.0148365436100744,1.0224122903950608,1.0191279891605272,1.0224892997637414,1.0172441319608034,1.0217667791946048,1.0215328530454435,1.0151501577714723,1.0062710872403617,1.0151462461986727,1.0143993887086915,1.0120293547794006,1.0118845911192742,1.0185916333325298,1.0173033354167509,1.0117855208193223,1.0206438739652852,1.0174464858960417,1.011632196019254,1.0194715011981008,1.0152172786188618,1.018221613151881,1.0104506951624346,1.0102082935078756,1.0008348353185332,1.013097628019107,1.0,1.0063630501065857,1.016578980464704,1.0231456423980692,1.0152712210590755,1.006602046482365,1.0052328859973436,1.0069840629066094,1.011646647518249,1.0092294056375817,1.0134017913410551,1.010422694261292,1.007209191773476,1.0110913366468433,1.014322314423086,1.001811726944064,1.0042564291373146,1.0185783327157332,1.015718256969946,1.0160894034081902,1.0158088847544227,1.0069799490240072,1.0133641932510602
r879,2.0411573572769917,2.0434642899482753,2.042283606878314,2.0246430130121578,2.0347371994680596,2.0478643502327536,2.0130769967461477,1.9799830963971394,1.999942125642812,1.990298349708614,2.0090777793482864,1.99336829878426,2.0297446302160953,2.0320992520022125,2.025448666409196,2.008041274912249,1.9997094536370748,2.0104680437560787,2.0055924766997117,2.0319253933436805,1.9932820996482978,2.0240378345825096,2.005789013232137,2.015171468628031,2.022921532622,1.998626933775412,2.0196783863616408,2.01962703678365,2.009884333180149,2.011477855789691,2.0245075288257097,2.0172849806294613,2.0181239632159444,2.026016608712135,2.0176855002304226,2.0263289878650648,1.9967579424379784,2.0127374049108937,1.973998927824974,1.9992531535167593,2.002613126397718,1.982613690180467,1.9966522927722228,1.9988185495611486,1.9999032501845093,2.0128969476314573,2.0030321180721993,2.0320182804485576,2.0013744725706064,2.0,1.9847370554423414,2.011024148899288,2.0456861159341777,2.0028602615329962,2.007507590745621,2.012743972562511,1.9994953493110814,2.0316620321871675,2.0158785525890277,2.0062671144616884,2.000241321393304,2.005562258422459,2.0511021060717205,2.0248679047901614,2.0027589046694523,2.0595804600564573,2.0290407566910167,2.021171064666084,2.017470332694076,1.9858812316648653,1.9884205013860117,1.9874367063773732
r880,1.0665775262063963,1.0322939532765945,1.0321092503636997,0.994548333007087,1.0284413683087448,1.0273031236783559,0.9993908216957504,1.0009522232726173,1.0046946211013514,1.007631141349857,0.9763803138505797,0.971630291201466,1.0094999987145472,1.00245602074454,1.0088666338845145,0.9995788702246468,1.017544243953593,0.9944560963249969,0.9914497475816464,0.9746902334461678,1.0016147473258632,1.0121720268533112,1.013382116852811,0.9998914443496392,1.0249558817271083,1.0016807314330582,1.0211478502205436,1.0097901622398018,0.9937416276283465,1.0044125864704279,0.9872090647445539,1.0072506465626492,1.0144139767390008,1.0043353991895025,1.005213660199395,0.995661175473207,1.0057904217113531,1.0120593828891622,0.983259836750234,0.9955197415236829,1.0024771472304301,1.0004681023211053,1.0010107819486158,1.0093374925379914,1.0089196747695526,1.0081997269371643,1.0093537986449126,0.9851788818190566,0.9972538162684249,1.0,0.9949115398574744,1.0051752866571915,0.9941553670908783,0.9993301472907814,1.0138079643676323,0.9686773850616269,1.0011688136933943,0.9831426795080072,0.9877898338970431,0.9951700504555939,1.0034256430963313,0.9946811105512835,0.9784796739308441,0.9926292778837693,0.9893500353415992,1.0038409873033658,1.0153884443416874,1.0122684249780245,1.014903602747465,0.9985730821000429,0.9987183190425488,1.012445334110568
r882,1.0,1.0,1.0,1.0,1.0,1.0,1.0,1.0,1.0,1.0,1.0,1.0,1.0,1.0,1.0,1.0,1.0,1.0,1.0,1.0,1.0,1.0,1.0,1.0,1.0,1.0,1.0,1.0,1.0,1.0,1.0,1.0,1.0,1.0,1.0,1.0,1.0,1.0,1.0,1.0,1.0,1.0,1.0,1.0,1.0,1.0,1.0,1.0,1.0,1.0,1.0,1.0,1.0,1.0,1.0,1.0,1.0,1.0,1.0,1.0,1.0,1.0,1.0,1.0,1.0,1.0,1.0,1.0,1.0,1.0,1.0,1.0
r884,1.0064275933321092,1.0006381877153132,1.0065592119589686,1.0109635675727673,1.0024588216399284,1.0098850619549278,0.985829933203309,0.9731439161128714,0.9881247928994092,1.0,0.9878898076354232,1.0,1.0,0.9978073639173176,0.9920505468068528,0.9906003666335881,0.9952621261781102,0.9940058712323694,1.0,1.000317422967572,1.0,0.9695375552538749,0.9817095951589297,0.9812505118323985,1.0,0.995500994870876,0.9766618549928585,0.9756724645527367,1.0,0.9882335513841629,0.980705740476654,1.0193793098131312,1.0,1.0,1.0,1.0,1.0,1.0,1.0011952529951118,0.9931452352294432,1.0067635647146744,0.909027923626513,1.0054642688044941,1.0,0.9920446287663822,1.0,1.0032020052570594,0.9828261080398623,1.0,1.0,0.9959744514847482,0.9851889771409079,1.0,0.9662776669189921,1.0,0.9935594026069284,0.9922048897527318,1.0,1.0,1.0332010445808275,1.0,1.0,0.9992369014905269,0.9777926263693207,0.9900377321471869,1.0,1.0,0.987063777968135,1.0006367266890692,0.9974739067289153,1.0003289185592295,0.9847354238337392
r885,0.9446576170125942,0.9609047590523961,1.0,1.0,1.0,1.0,0.9801092597525555,0.96083425929407,0.9683007438742047,0.9815103286861373,0.994710311792878,0.9732956955379181,0.9787373522658581,0.9674428811471011,0.9772451391264069,0.961273302941209,1.0033875215718284,0.9833134697414854,0.9799210216597677,0.9820603795924417,0.9930786904560992,0.9810902395332118,0.9888672209015481,0.9996386693064635,0.9785203199878532,0.9724622219573319,0.9811392527657437,0.9810062574087812,0.9831919731978027,0.9831972179913819,0.9806070009642891,0.969573448814536,0.9767682105075741,0.9795958987554647,0.989993866134066,0.9743228687129689,0.9864821970145938,0.9760062981198744,0.9732157742397683,0.9762431450210421,0.9592841798890708,0.9812351479784756,0.9628996482130044,0.9624971304604556,0.9825111316111603,0.9936510954761374,0.9849245965258625,0.9714945798988566,1.0,1.0,0.9695933194733876,0.9754564719917606,0.9829323937305873,0.975621389450779,0.9871640858714968,0.9801972154050055,0.9727452894461169,0.9594970648418403,0.9849139357300082,0.9653153792912498,1.0,0.9696118715727623,0.9743571037193195,0.9856900120579907,0.9653704248102045,0.9759974716790167,0.9599280180667555,0.9807645493615532,0.9546201193195251,0.9789609657179252,0.9760386300264312,0.9796398157160804
r886,1.0,1.0,1.0,1.0,1.0,1.0,1.0,1.0,1.0,1.0,1.0,1.0,1.0,1.0,1.0,1.0,1.0,1.0,1.0,1.0,1.0,1.0,1.0,1.0,1.0,1.0,1.0,1.0,1.0,1.0,1.0,1.0,1.0,1.0,1.0,1.0,1.0,1.0,1.0,1.0,1.0,1.0,1.0,1.0,1.0,1.0,1.0,1.0,1.0,1.0,1.0,1.0,1.0,1.0,1.0,1.0,1.0,1.0,1.0,1.0,1.0,1.0,1.0,1.0,1.0,1.0,1.0,1.0,1.0,1.0,1.0,1.0
r887,1.0,1.0,1.0,1.0,1.0,1.0,1.0,1.0,1.0,1.0,1.0,1.0,1.0,1.0,1.0,1.0,1.0,1.0,1.0,1.0,1.0,1.0,1.0,1.0,1.0,1.0,1.0,1.0,1.0,1.0,1.0,1.0,1.0,1.0,1.0,1.0,1.0,1.0,1.0,1.0,1.0,1.0,1.0,1.0,1.0,1.0,1.0,1.0,1.0,1.0,1.0,1.0,1.0,1.0,1.0,1.0,1.0,1.0,1.0,1.0,1.0,1.0,1.0,1.0,1.0,1.0,1.0,1.0,1.0,1.0,1.0,1.0
r890,1.0064275933321092,1.0006381877153132,1.0065592119589686,1.0109635675727673,1.0024588216399284,1.0098850619549278,0.985829933203309,0.9731439161128714,0.9881247928994092,1.0,0.9878898076354232,1.0,1.0,0.9978073639173176,0.9920505468068528,0.9906003666335881,0.9952621261781102,0.9940058712323694,1.0,1.000317422967572,1.0,0.9695375552538749,0.9817095951589297,0.9812505118323985,1.0,0.995500994870876,0.9766618549928585,0.9756724645527367,1.0,0.9882335513841629,0.980705740476654,1.0193793098131312,1.0,1.0,1.0,1.0,1.0,1.0,1.0011952529951118,0.9931452352294432,1.0067635647146744,0.909027923626513,1.0054642688044941,1.0,0.9920446287663822,1.0,1.0032020052570594,0.9828261080398623,1.0,1.0,0.9959744514847482,0.9851889771409079,1.0,0.9662776669189921,1.0,0.9935594026069284,0.9922048897527318,1.0,1.0,1.0332010445808275,1.0,1.0,0.9992369014905269,0.9777926263693207,0.9900377321471869,1.0,1.0,0.987063777968135,1.0006367266890692,0.9974739067289153,1.0003289185592295,0.9847354238337392
r956,1.0,1.0,1.0,1.0,1.0,1.0,1.0,1.0,1.0,1.0,1.0,1.0,1.0,1.0,1.0,1.0,1.0,1.0,1.0,1.0,1.0,1.0,1.0,1.0,1.0,1.0,1.0,1.0,1.0,1.0,1.0,1.0,1.0,1.0,1.0,1.0,1.0,1.0,1.0,1.0,1.0,1.0,1.0,1.0,1.0,1.0,1.0,1.0,1.0,1.0,1.0,1.0,1.0,1.0,1.0,1.0,1.0,1.0,1.0,1.0,1.0,1.0,1.0,1.0,1.0,1.0,1.0,1.0,1.0,1.0,1.0,1.0
r891,0.9446576170125942,0.9609047590523961,1.0,1.0,1.0,1.0,0.9801092597525555,0.96083425929407,0.9683007438742047,0.9815103286861373,0.994710311792878,0.9732956955379181,0.9787373522658581,0.9674428811471011,0.9772451391264069,0.961273302941209,1.0033875215718284,0.9833134697414854,0.9799210216597677,0.9820603795924417,0.9930786904560992,0.9810902395332118,0.9888672209015481,0.9996386693064635,0.9785203199878532,0.9724622219573319,0.9811392527657437,0.9810062574087812,0.9831919731978027,0.9831972179913819,0.9806070009642891,0.969573448814536,0.9767682105075741,0.9795958987554647,0.989993866134066,0.9743228687129689,0.9864821970145938,0.9760062981198744,0.9732157742397683,0.9762431450210421,0.9592841798890708,0.9812351479784756,0.9628996482130044,0.9624971304604556,0.9825111316111603,0.9936510954761374,0.9849245965258625,0.9714945798988566,1.0,1.0,0.9695933194733876,0.9754564719917606,0.9829323937305873,0.975621389450779,0.9871640858714968,0.9801972154050055,0.9727452894461169,0.9594970648418403,0.9849139357300082,0.9653153792912498,1.0,0.9696118715727623,0.9743571037193195,0.9856900120579907,0.9653704248102045,0.9759974716790167,0.9599280180667555,0.9807645493615532,0.9546201193195251,0.9789609657179252,0.9760386300264312,0.9796398157160804
r892,1.0,1.0,1.0,1.0,1.0,1.0,1.0,1.0,1.0,1.0,1.0,1.0,1.0,1.0,1.0,1.0,1.0,1.0,1.0,1.0,1.0,1.0,1.0,1.0,1.0,1.0,1.0,1.0,1.0,1.0,1.0,1.0,1.0,1.0,1.0,1.0,1.0,1.0,1.0,1.0,1.0,1.0,1.0,1.0,1.0,1.0,1.0,1.0,1.0,1.0,1.0,1.0,1.0,1.0,1.0,1.0,1.0,1.0,1.0,1.0,1.0,1.0,1.0,1.0,1.0,1.0,1.0,1.0,1.0,1.0,1.0,1.0
r899,2.0287955506948205,2.0346478385190223,2.0346268497692295,2.029843097363144,2.024327756116526,2.0338495627493636,1.9991212396818765,1.9969686208362512,2.007579948039384,1.9960923063555875,2.005462228439495,2.0020813316136525,2.0231986339226253,2.014926694669839,1.9939474026907211,2.0046182284564456,2.006277905054736,1.9988668454046326,1.987096513597488,1.9832340566366504,1.9755391172846528,1.974401136787418,1.9933431345563555,1.9999300041922634,2.0028826419488555,2.006701519412787,2.011913912418331,2.0139126957938362,2.0143970908899176,2.0267789894897215,2.026664464344834,2.0208890163555475,2.0232339883135575,2.0146603623044776,2.016019366715649,2.030253391439049,2.0005466650505777,2.0046691448135214,2.015987398289405,2.0148323034615245,2.014026979487028,2.0047930248471832,2.004002017930821,1.9969475845575397,2.0090086304679433,2.00222152384978,1.9979681413162655,1.9989467466884026,2.001453499554014,2.0,1.9735272827529995,2.021404640409212,2.0074243094691466,2.010942205241521,2.0073178380238534,1.9928528358284443,1.99645834063658,1.9996914940419224,2.0135730738517608,2.0139949241568984,2.000641900013167,2.0030523608228425,2.004591397547436,2.023717349353804,2.0105408618281504,2.00284258344685,2.0251657042930695,2.019867157189122,2.0275859509889793,1.9969570084902954,1.9971419959032435,1.9844751193916474
r903r,1.0,1.0,1.0,1.0,1.0,1.0,1.0,1.0,1.0,0.9825823955897696,0.9797961064679602,0.9927390327174372,1.0182937252832718,1.0254241820464556,1.0098584709660443,1.0,1.0,1.0,0.9772825853522068,1.0,1.0,1.0,0.9834201818520579,1.0,0.9716009920278456,0.9864604727573123,1.0,1.0,0.9821555432414237,1.0,0.9944418655354714,0.9745444267171128,1.0,1.0,1.0,0.9823348764823687,1.0,0.9937296579843585,1.002901278576217,1.0,1.005575578647104,1.0,1.0032549841347131,1.0057055827588317,0.997291427377974,1.0,1.0,0.9976271756048333,1.0,1.0,0.9872394408692675,1.0043226719165823,1.0,1.0002992236695045,0.9956862959933628,0.9919815971633832,0.9929508432448592,1.0,0.9736982246505507,1.0021670111005587,0.9892566243359047,0.9972382860343595,1.0028157164862477,1.0038789158266082,0.9944841566215373,0.9874550727187181,0.9848504170001637,0.9717742449850704,0.9849273590668428,0.9904184692364573,0.9970250009797561,0.9823958870930136
PROTEINpolym,55.83302923324143,55.79776103801883,55.75211160048087,55.72883299952897,55.6926348244487,55.82562694251691,56.287241069111815,56.139440331067334,56.32438424638198,56.276263163858026,56.18399464138824,56.16543827828277,56.41953316393632,56.26584231329697,56.42847368312268,55.945379749194245,55.993672432506315,56.03345490067501,56.19929488898981,56.11296045564983,56.176578401887376,56.058094972815205,56.20254538178357,56.17709602134258,56.1082779941965,55.80647628641522,56.04694262491019,55.79533667468583,56.09997537372949,56.07700983734718,56.15294844021322,56.38889994889101,56.40511402301769,56.32157200817317,56.40925451773655,56.26020473248553,56.18039534754429,56.10463563281702,55.91095851720366,56.18598164231153,56.04332358252913,56.17085227866443,56.04331170493027,55.99821154220834,55.98747001733515,56.089996475822566,56.20539628156152,56.190520760717874,55.91762651235946,56.0,56.1424634712799,56.346175700056584,56.30054965737368,56.22961395988847,56.29220114313615,56.31079674691288,56.223733053247095,56.19291498036049,56.27682554060072,55.98235252808098,56.183251238285436,56.04106259544912,56.23423394654916,56.29341386780618,56.21388076939939,56.166537334572574,55.922725670947756,56.11451515913475,55.99436595220976,56.09545947543851,56.09798291952986,56.045298253911234
RNApolym,0.9752320444433543,0.9782720571291298,0.9790423256619044,0.9321690783085796,0.9830967877518285,0.9759722739990703,0.9858487584401378,0.9965216318954923,1.0,0.9978073592810097,0.9957451395306196,1.0,0.9947604089268279,0.9558655931737051,0.9942136456814609,0.9997949577925267,0.989121304929714,0.9823674834489657,0.9968512327666544,0.9943805549622342,0.9973083704969943,0.9892024312697038,0.9968540042548399,0.9907638350359601,0.9957603093633185,0.997438131742249,0.9961060459059823,0.9899499279892072,1.0,1.0,0.9980954250185392,1.0,0.9985577435408157,0.9915284363458865,1.0,0.9950259975856376,0.9951208191197872,0.9996931815597538,0.9935927307439534,0.9996994486306404,0.9962990101336018,0.9911351362408606,0.9999998823774182,0.9927570868157589,0.9952119213951699,0.9893501699804294,0.992856652066106,0.9934936205613986,0.9829785856110996,1.0,0.9834122180563049,0.9940567826850883,0.9937340012503346,0.9841312461862203,0.9894200338852686,0.9913614575759891,0.9877497790557456,0.9894899130586636,0.9907980357230621,0.9833299424164395,0.9950974811115855,0.9909223456407836,0.9862430464533296,0.9893848448183031,0.9865173695498033,0.9904360708701156,0.981779188642564,0.9880535349346219,0.954121000594177,1.0,0.9902085860652529,0.9952907183764693
DNApolym,6.978573371822447,6.997433072349537,7.0207135322305145,6.998833496607537,7.007495915588062,7.000478171932622,7.020373581418788,6.9906988818997,7.015435328131297,7.010224472932231,7.01922457260907,7.014419716730074,6.973100597055052,6.982586744654268,7.000930432385017,7.0058210934437115,6.99668397379417,6.991408694637738,7.008895447735929,7.018383120654069,7.009621021822387,7.009349707032123,7.022932800302604,7.007585350046451,6.987657401391001,6.97393796555868,7.013545470394131,6.986488716237102,7.021962169456664,7.020106517035437,6.978964580081216,7.013392549597617,7.004679985773675,7.030905580255633,7.0118484060877915,7.019133176590445,7.014898655532959,7.000932775764332,6.9965513702824405,6.994001009229947,6.989349926158278,7.013059991634434,6.982517728223459,6.9949528780169485,6.997752881633443,7.012336624270014,7.022731363885804,7.005850197799521,7.009538143744689,7.0,6.991613651926018,7.014218456567182,7.021047762457031,7.012720185036392,7.005178746292125,7.01144376630739,6.993649704058141,7.020535659671086,7.013117861497563,7.003828276667095,6.989696271486341,6.988504931672686,7.0284903181180365,7.009832712688032,7.001587007472174,7.013988392808587,6.996067080273136,7.015075519917805,6.9864336822097055,6.992340514642948,6.995905677847086,6.983967459800993
r1047a,1.9695212959343165,2.0090435364607457,2.0157214860224335,2.019765927350755,2.02714153795022,2.0206983856461678,1.9459344238115313,2.0085225872635615,1.9201433327790471,2.000331220402663,1.9924086448250535,1.9422387437547401,2.005938802783343,1.9270560765320797,1.9645253548326518,1.9636845508683174,1.9405488556837562,2.0442910680666855,1.9826420470019812,1.9644801411775457,1.9144855769897595,2.0019962667634292,1.9052317923490114,1.999867665999128,1.9633950031226148,1.922267265461877,2.0115306928617587,1.9566257533484657,1.9431634198365535,1.92468402569023,1.935573238870772,1.9646574981607605,1.9696118804247318,1.9652847434138037,1.9796388583435567,1.971483680219292,2.0107807124976,2.0119033154289285,1.870316307133602,1.951537288998027,1.9529042961575667,1.980982832995848,1.9232548904870312,1.9282801238570155,1.9389911718020953,1.9771360432137826,2.012939502604448,1.9551745121923334,1.9411618191611737,2.0,2.0337567619321613,1.9717421439902845,1.9385434004871493,1.9570309196294002,1.9120917049631543,2.015980725879556,2.027361706828292,1.9065152702777906,2.0158307669455855,1.9252778131498778,2.021220012873363,2.0043866465787707,2.014933447310049,2.0325245721877256,1.9380390031488073,2.0239427480979044,1.908705642627628,2.0155893543974104,2.022235015189411,1.9594638976895151,1.9316259121125454,1.9532861021482395
r1154,0.9927710789365785,0.9909062118094742,0.9913258537394146,0.9911759417367835,0.9925560710189046,0.9948986927886149,0.9986537106714838,0.9992787116431797,0.9947474704786772,0.999911424208453,0.9947144479895604,0.9982923956773064,1.0006307829911876,1.0012562601569308,1.0042541859819683,0.9943189847569684,0.9974678423774691,0.9949904558825696,0.9986565720503028,0.9950366672541394,0.9996359318983753,0.9986254836275099,0.9937644196984176,0.997070759438971,0.9992592477799414,0.9932402499753887,0.9983423940965039,0.995191853682956,0.9974061450813871,0.9968667484522606,0.9983410144314736,1.0008994360173316,0.9983333611460052,1.002558192014989,1.0021675567802544,1.0031602536934747,0.9971783435190004,0.9980928980232164,0.9945315600532525,0.9996353419077202,0.9952679863419476,0.9949713508763862,0.9951966953660437,0.9998663862786541,0.997222679511038,1.0049448691114957,0.9972397473777472,1.0012399177352382,0.9984112652707426,1.0,0.999122284992316,1.003683501115991,1.0037732582216452,0.998158507493113,1.0006440009533204,1.0010367677449734,0.9995758741351265,1.0028789569595586,1.0040373199129957,0.9969233399982055,0.9947902162272906,0.9995405147600195,1.0068608693854704,1.0067805685675137,0.9995789997243739,1.00093384663253,0.9985472229533541,1.002562288752913,0.9992432007498637,1.000958746273719,1.0015368186330635,1.0020041909003277
r1146,1.946869662187555,2.011057548458325,2.0093786833546927,1.9921453638355482,1.9902009254760382,1.9704355451936437,2.0115014192194436,1.9564276901145534,2.0068696231495107,1.964063138691471,1.993331070543212,1.9820231096315877,1.967411409901112,1.996056494190666,1.9944161955719006,1.9513771869962246,1.9730899568425995,1.9873172885772137,1.9661710742112501,1.9917550992485498,1.958542824012194,1.989006999776295,1.9947936026910935,2.011027152200258,1.998199724953551,1.9682800574391337,1.99250990950004,1.9844111179686754,1.9917611931832053,1.94292402562942,1.9866812589631544,2.0002076405449176,1.9855456921020747,1.9875166025820779,2.007124166500749,1.9867577522767128,1.9510530462292777,2.0049405692775784,1.9778423012928181,1.999737717215098,1.9868063675219583,1.9993648027324122,1.9926447148257818,1.977080722788672,1.966849247963995,1.9919222314707548,2.0023105194557944,1.9917641195355578,2.0066786657659352,2.0,1.9563183551030696,2.010553460370588,2.0067685380367974,1.9861054033283416,2.008826170356598,2.0081727862152188,1.9985058942552199,2.001753468921767,2.020468140348511,2.0061892515776805,1.9980362611358906,2.0007698457497387,1.972499123388988,2.0148464541853333,2.03218702108044,2.0138372314215074,2.0137770842742864,2.0177257334374064,2.0045905721217014,1.9615421867403529,1.9954640947090239,1.9920537755387762
r1169,1.0007148586351915,0.9976685985777229,0.991832356393997,0.9995864296186577,0.9972748756684267,1.0036122821658358,1.0016486871201011,1.0066706806272399,1.006490248567701,1.0034866324694254,0.9932862964964337,1.002719798102553,1.0018522794957265,0.998814114796186,1.0021459980663934,0.9977396463161252,1.000634858257969,1.009975718195748,1.0100290995306007,1.0016109430692386,1.0071771185932543,1.0019732574289315,1.0028590157165511,1.0056534373714179,1.0104641072170353,0.9889774396632687,0.9928319028243696,0.9951254748934826,0.9967113363915963,1.003011490806081,1.0055046729027644,1.0121849875221658,1.0029435330142187,1.0008464424519319,1.0029954868634174,0.9983578200441328,1.006076765735352,1.0045256430787426,0.9950071910513703,1.002340093006989,0.9993271712122513,1.002572793879685,0.9984304295505099,1.0040284347923298,0.997178625602504,1.0043027210504556,1.011000557651248,1.0060446147397695,1.0053229691803345,1.0,1.0103652415172009,1.005727466240245,1.001857552438845,0.9916310200875842,1.010712386690432,1.0101610830532286,1.0103769028345544,1.006501499290417,1.014232144955875,1.0031767112504453,1.0050793980049908,1.0063652203163314,1.0104853055962884,1.0107556676963445,1.0088110680081461,1.005620562092919,0.9970690613905535,1.0034144014029691,0.9995895103827068,0.999698085372015,1.0058640167557062,1.0069041295089054
r1172r,0.9926079659922552,0.9905299277583173,0.9907941218027168,0.9966102960489495,0.9962550976972826,0.9926002031681894,0.9937443356046856,1.0034305253965918,1.0024013416851252,0.9954056155625784,0.9970658301628597,1.004571232239252,0.9983242420240213,1.0004860390164836,0.997724671294197,1.0047853714468256,0.9986078414109864,0.9986555446930265,0.9983405423519264,0.9960259554607014,0.9943166931965515,0.9923902337336479,0.9970960495509164,1.00071741142546,1.0010083507862046,0.9994627464388414,1.0001192074929617,0.9985546534621798,1.0013860026303023,0.9956330205218406,1.0066146411950738,1.0067107235489372,1.0013542632608783,1.00169830350484,0.9985129453041818,1.0044615702720572,0.9929633269206863,0.9976497734738842,1.0000734162799163,0.9935163773771434,0.9982405137658074,0.992540075384165,0.9993234598929029,0.9989072370660939,1.0054779407081778,1.004403695343779,0.9974876909627707,1.0019881931582324,1.0057063255047072,1.0,0.9985468003441699,1.0029989131979409,1.0029584706631074,1.0046639063564102,1.0038585803181348,1.00075199964868,1.0038647756452344,1.0033900922145533,1.005553180012049,1.0000226132650951,1.0047611154257636,0.9972810757964399,1.0062490292273298,1.0058976928193137,1.005663359770206,1.0007098454868426,1.002911170574694,1.00383242098804,1.0050487107736783,0.9990919281562421,1.0047119848911856,0.99736030867974
r1173,0.9986279240420431,0.9981949209830945,0.9936492965732932,1.0062651230798383,1.0030466147307935,1.0095988120869899,1.011838498015083,1.001882292547862,1.017043140567503,1.0127997339278636,1.0118973339641406,1.007773625932785,1.017434723625073,1.0139280437758236,1.0146725847897078,1.0019882620453122,1.00616565288579,1.0125544758769076,1.0133349197298978,1.0126007941085935,1.0101170889556692,1.0106492127140148,1.0074431895138718,1.012699043330346,1.004397292673138,1.0032032813009055,1.0123885577885121,1.0190107677991471,1.0099948700062211,1.00710191219305,1.0134649323142455,1.0119629527479719,1.0091247629434408,1.0050628961509365,1.011155574841198,1.0128444272756398,1.0071801017147761,1.0162378120577171,1.0079199011965276,1.0106598838581278,1.0111179632106464,1.0155847401423268,0.9971085361365973,1.0099866250646932,1.0095426117507846,1.006627896092687,0.9988632297170474,1.0061160879821338,1.003939763881888,1.0,1.0078604968363705,1.0107155941334676,1.0057308253086545,1.0044017269748922,1.007847459150172,1.0199376700220604,1.0099702359380052,1.009416377984988,1.0079195770139693,1.0024316377746554,1.0031027538300523,1.0006771829001961,1.0014307718671185,1.0017029717646262,0.9920560083050436,1.0051196688536972,1.0074422861261099,1.0146364430557218,1.0076885350365932,1.0076932908420964,1.0092694076345514,1.005036550520056
r1174r,0.9216464894552978,0.9235548883287269,0.9371967955110203,0.964427024774422,0.9448307448020701,1.0,1.0,0.9622457401536167,1.0,0.9572731853644196,1.0,0.9427624827709439,0.9537403358366732,0.9734478865781243,0.9700070967864282,0.9649717695192279,0.9625292938411141,0.9597232044138849,0.961364155158386,0.9479108077685205,0.927741548747773,0.9493137047536487,0.9518303063778221,0.9546538055570244,0.9652951406331592,0.9515956755838305,0.9676560384224309,0.9324015832157764,0.9539783688292738,0.9495054259337052,1.0,0.9723857357126752,0.9551136091907095,1.0,0.9670647113016877,0.9693838901596586,0.9693859538272562,0.9316911493034105,1.0,0.9744235794889032,0.9640265644388094,0.9691207833702917,0.9989457573452178,0.9971023599134308,0.9940740077311807,0.9812715954094318,0.9684963939344539,0.9786095224017992,0.9997875642325678,1.0,0.9906228120589644,0.9636078896631045,0.9653474674370547,0.9724324969311974,0.9564338011898359,0.9604415165714497,0.9595277723641237,0.9519432487460873,0.9247835944227595,1.0,0.9550451714158755,0.9601331193422399,0.9716389778426254,0.9497709719108921,0.9505154665861689,0.9390310046477272,0.9811855290475598,0.98874822185922,0.9739803789176659,0.988769276189779,0.9954444345827052,0.9949119663252514
r1175,0.9216464894552978,0.9235548883287269,0.9371967955110203,0.964427024774422,0.9448307448020701,1.0,1.0,0.9622457401536167,1.0,0.9572731853644196,1.0,0.9427624827709439,0.9537403358366732,0.9734478865781243,0.9700070967864282,0.9649717695192279,0.9625292938411141,0.9597232044138849,0.961364155158386,0.9479108077685205,0.927741548747773,0.9493137047536487,0.9518303063778221,0.9546538055570244,0.9652951406331592,0.9515956755838305,0.9676560384224309,0.9324015832157764,0.9539783688292738,0.9495054259337052,1.0,0.9723857357126752,0.9551136091907095,1.0,0.9670647113016877,0.9693838901596586,0.9693859538272562,0.9316911493034105,1.0,0.9744235794889032,0.9640265644388094,0.9691207833702917,0.9989457573452178,0.9971023599134308,0.9940740077311807,0.9812715954094318,0.9684963939344539,0.9786095224017992,0.9997875642325678,1.0,0.9906228120589644,0.9636078896631045,0.9653474674370547,0.9724324969311974,0.9564338011898359,0.9604415165714497,0.9595277723641237,0.9519432487460873,0.9247835944227595,1.0,0.9550451714158755,0.9601331193422399,0.9716389778426254,0.9497709719108921,0.9505154665861689,0.9390310046477272,0.9811855290475598,0.98874822185922,0.9739803789176659,0.988769276189779,0.9954444345827052,0.9949119663252514
r1157,0.987993449765919,0.9874383339960906,0.9851985294173093,1.0000113148336292,1.000425184765656,0.9964248710377117,0.9967879340166556,0.9950491958557317,1.0000993574351165,0.9953377914642717,0.9946831106603061,1.0010612801441239,1.002949256148174,1.002855984732172,1.0034870298327563,0.9981616790330172,1.0009177111598264,0.9980484160454427,0.9983459939985051,0.9945679561019553,0.991982433142337,0.9985437934113015,0.9999527271901595,1.0012169134585336,1.0027085272985867,1.0028032346994793,1.0037130851229599,0.998981372604043,0.9996365334673862,0.9960665864655347,1.005443082033193,1.000141704623312,0.9988711615945366,0.9955657687528204,0.9967426673592278,1.001958551918111,0.9975448769058513,0.9976574243073468,1.0023626667486163,0.9949943892093687,1.0084108522786286,0.9961853539992609,1.0003096606760549,0.9989238905113039,1.0036466170830274,0.996816848834877,0.9938063165229133,0.9944215513349004,1.002503059975715,1.0,1.0012755587726838,0.9979847230069857,0.9969627100722023,0.9986516146919575,1.003160083751997,1.0013048508228974,1.0026139475237885,1.004248772522226,1.0020193279852503,1.0044504221479797,1.0029495076211221,1.0043850925909454,1.008288479320875,1.0069091259679204,1.004035574047022,1.0043006773250576,1.008605691991955,1.0084611846563976,1.0127668883572811,1.0006134973849101,1.0014123710542433,0.9938120491345267
r1156,0.9898550312535499,0.9958619407214481,0.987380082210924,0.9641942990651914,0.9466745802799789,0.9636560562634634,0.9787658337444081,1.006502026702186,0.9761845896432961,0.9805335421383876,0.9948363392989114,0.9859640402669129,1.0,1.0,1.0,0.9947039807741548,0.9778324288385606,0.98376033171333,0.9839123424833597,0.9849528813643113,0.9869148045983597,0.9825924174347668,0.8942822822874229,0.9788708893465777,0.9676741326006251,0.9961079167398305,0.969181225075033,0.9815017517520145,0.9693887945695651,0.9716162295641155,0.9741949216683067,0.9827552876696037,1.0,1.0,0.9919015910135103,1.0,0.9798711036909951,0.9842144915513527,0.9713555881468173,0.9816254939987007,0.9728971971387582,0.982001439364059,0.9908878537982988,0.9755640551448863,0.9804643218171086,0.9918341563474652,0.9978353258312771,0.9787654898614535,0.9950384995038293,1.0,0.9887741586045128,0.9516690694502287,0.9708527904803824,0.8443439498096977,0.9552683228460266,0.9412664901431932,0.9499244814759478,0.9353974426824408,0.9432879127670099,1.0,1.0,0.939308879575156,0.9434497033332979,0.9310270593807599,1.0,0.8971571522286208,0.9633313744595706,0.9875012167515722,0.9827244702769545,0.9865064609414748,1.003736330117813,1.0062810285398123
r184r,2.030141219682245,2.028199533275469,2.0355181148611994,2.028546744234112,2.018440949601785,2.0318388454462495,2.0223540833647085,2.0256769963962507,2.037562598005173,2.0276817703662404,2.029206718525579,2.026277411115868,2.0020066415872977,2.011189290660335,2.0154361001624217,2.0146608143639715,2.0134728145655654,2.0204115782956187,2.0388986561710913,2.032622188052554,2.0261535795763947,2.025393460813538,2.0339510905958353,2.033182017762704,2.03716752280683,2.0237844830610836,2.0286960538359127,2.017324332955709,2.0272312625028026,2.0256742636392833,2.0276440003452287,2.0245922782154304,1.9930268688989883,2.0055240498320583,2.0255150518862077,2.0211923855854623,2.0266300588964237,2.0350373718985644,2.028609767936473,2.0200941126696765,2.027536110593832,2.0269640330192176,2.027413133506527,2.0243323834489138,2.037398145562087,2.0314775660454574,2.0184297706698344,1.9934306666640835,2.0217662607416007,2.0,2.012534716086704,2.0083571328496936,1.998350633172429,2.0081360512366095,2.0096180166559385,2.0004924578970313,2.000645328418094,1.9987792782324378,2.011098989153784,2.0081468108763754,2.0109104752669444,1.9922528531829844,2.017024136904065,2.0142403310306456,2.012347120324162,1.9938451211747852,1.9982944960127083,2.0143600035692675,2.0175380992866963,2.016016593632597,2.004574112895992,2.016746450253758
r184c,0.9679760673790704,0.9694927604424297,0.968520709521154,0.989945035086739,0.9777535303953507,0.984425835330479,0.995792211454339,0.9998814076077187,1.0066586251629759,0.9990813883112573,1.000712731520468,1.0024451848075144,0.9889705363371213,0.9842445952251688,0.9926578737092986,0.9870974452087705,0.9917988420727476,0.9960461803875506,1.0072549951180287,1.000623713795727,1.0039314743838106,1.002869365098059,1.0081553512994874,1.0059361204024657,1.0036376301477719,0.9941067064606977,0.9959477617760093,0.9989814264567962,0.9994252315711055,0.9995000587580005,0.9970183212309123,1.0005256668412,1.0010826088886091,1.0015849182908096,1.0037220088883285,1.0024765964798763,1.0010099495003042,1.0002440123259586,0.9935483104661297,0.9929651035046171,0.997997482154611,0.9981984407838076,0.9967621610537819,0.9891504650698069,1.0004119885016107,1.0038049296094513,0.9956456650881478,0.9932074498436688,0.9992761156244586,1.0,0.9985224006354378,0.9941558987917279,0.996042299489209,0.9958381932872925,0.9936290051125694,0.9915622393695351,0.9892749525262912,0.9874937995632075,0.991992893389069,0.9938719172680093,0.9881002716957344,0.9915873784954686,0.9944370302035533,0.9944068392662422,0.9966612487547395,0.9827312379814138,0.9783958244508929,0.9889958566582971,0.9896298275643878,1.001540586416449,0.9992835265762828,1.001519981064758
r146a,2.116099187548534,2.130600670064961,2.11358198218947,2.13987410735976,2.136591622273942,2.130845552603896,2.1073848924436054,2.1065327517248598,2.1036220417596714,2.097067103518591,2.0902493953041623,2.093732128331624,2.083635045196387,2.07373610341317,2.0834610740029413,2.050540847906401,2.032622825592619,2.0411138815718877,2.107630311872736,2.086810353739656,2.079572856864811,2.084921764457401,2.090192339543446,2.0971048677770066,2.1042018727033582,2.098815878280746,2.0970287350432986,2.1088264560796555,2.0976949223374337,2.0897969167864248,2.0314170475243873,2.047626799662346,2.038733688187291,2.0218612702429715,2.0416869362175536,2.0267636354125456,2.0963704798295844,2.1115201101728447,2.0928481197580213,2.0922219069128696,2.101000455954532,2.0793119283680968,2.0958398740488406,2.0410183143933853,2.0879449695644827,2.0293107724232313,2.038917162559719,2.037269061066828,2.03030798714906,2.0,1.990077739241851,2.0278667127381462,2.0229793757050842,2.033179992796452,2.004711101696528,2.0129014838714934,1.975608423540416,1.9746355982646913,2.0073701753732736,1.9872330395411848,2.009648538423826,1.9735918087368414,2.00866963894108,2.0201765329481827,2.013235858987092,1.9897047938657055,2.017777576973717,2.03163760666226,2.0461971232420026,2.0451870834073134,2.027004913825156,2.0187635774512858
r1905,0.9790383085670031,0.990468358014104,0.9879617735288763,0.9997254159759625,1.0021683572669065,0.9991636464619174,0.997967695714769,0.9920721222287907,0.9940438515278421,0.9943928457345532,1.0015046868129227,0.9960740638248824,1.0009029854891358,1.004455138048691,1.0066056604601985,1.0122666503615099,1.0092512565904508,1.0153527657997603,1.0047544739520258,1.0005857882716926,0.9993010689889906,0.9993160816174499,1.0005439745131601,0.9999117090965263,1.0036422156391527,0.9961049345200319,1.0017181474172525,1.0003796034902654,0.9974567942471949,0.9984291187850357,0.9929493384882222,0.9944989027880538,0.9897223886503741,0.9896840964183725,1.0010906678816505,0.9949619847637005,0.9963065397499233,0.9977678279944919,0.9968142248316433,1.014620805242275,1.015704226430095,1.0134561957298238,1.0076109459273292,1.0020133951334929,1.0064006490147666,0.9972274200538321,1.0041887592572858,0.9970540724922072,1.0049196212008846,1.0,1.0001403004214435,0.9944191443991716,0.9961544343684312,0.9932766314840406,0.9953635742588162,0.9931689922232145,0.9981407341605153,0.9888245596633718,0.9968035012400135,0.9854123075862237,0.990774761538059,0.9892054761036271,0.9961281439298821,0.9897163262280977,0.9935121211986335,0.9893322414637538,0.9903443898139404,0.9986959414648152,0.9939583651048836,0.9994624950562435,1.0026929016749662,0.9994651504042019
r1906r,1.005818366330545,1.0073477564125888,1.005584322989809,0.9852609992147904,1.021037411441677,0.977357533619854,1.0006279225670398,1.0023222395464786,0.9989329502583068,1.0061401843538709,1.0106070380905363,1.0084757203336967,0.9961432069447343,1.0001496042761908,1.0036151711826775,1.0012545300547937,0.9865289969967416,0.9983772629788136,1.0059098533811808,1.009702614736039,1.0055307971884575,1.0094283042628114,1.0123082513730024,0.9973249124588602,1.0086048818854971,1.00297973730663,1.003044124375554,1.0144721835656323,1.0048895429598401,1.005091394636787,1.0099359501039866,1.0084881729049486,1.0024144725510145,0.9989169563980483,1.0011301742786098,0.9962226088787872,1.0037819185837344,1.0051538247002598,1.0081071806795046,1.0067352420201816,1.0148580075557985,1.009439851059966,1.0297361892982235,1.0276617903997092,1.0242840129440185,1.0053610295241644,0.9976279057141415,1.0042755942945867,0.9808378389799766,1.0,0.9957853656333749,0.9889400377654013,0.9813128113083796,0.9853388985830555,0.9698612308702902,0.9763127393382104,0.9775487161059994,0.9788641263276359,0.9762849068514533,0.970910472062819,0.9805913722917561,0.9741965587634849,0.984149348315755,0.9832082805068869,0.9647186519532261,0.9894814468584392,0.969867788774326,0.9650434943493027,0.9716583676989722,0.999772084254466,0.9939940878221706,1.000917512921544
r1907r,0.9547957578930538,0.9598807029595692,0.9632340488785703,0.9980544772386074,1.0009399987055345,0.9996655376936141,0.987505907507937,0.999902162488329,0.9903912706271479,0.9971009755161838,1.0003578452635735,1.0018679148882046,0.9910466532754229,0.9957142129348049,0.9992606239915104,1.013542845690407,1.013798653138711,1.009791176025687,0.996474743975153,0.9933601651082722,0.9910450092376102,0.9899816098187709,0.9970713926815042,0.997350555264194,0.9993602344402565,0.9945451720122851,1.0062562204767556,0.9938077344146438,0.9978494325634195,0.9885191110873516,0.9882630960753526,0.9785268161862072,0.9754336536755953,0.969209779945263,0.9833851241364029,0.9788292373098326,0.999878528332656,0.9924930741557684,0.9906366454607165,1.006538867193231,1.0071635563018668,1.0046885745718896,0.9972161604047121,0.9966938979396164,1.0001531554351484,0.9925589914203573,0.9895929787293812,0.9883981101375346,0.9992991005087158,1.0,0.9972377840541031,0.9798315307587907,0.983405966121577,0.9839652479005342,0.9790468418619868,0.9858124953223701,0.9778379753663756,0.9731036335296107,0.9741590683337236,0.9731418248321976,0.9753079774822493,0.9716558818214739,0.9833625423715128,0.9752329912850776,0.9799591562674532,0.9785116974424238,0.9867830126302434,0.9880940363083401,0.9868640708733257,0.9933750783727762,0.9924299194483386,0.9990705168208224
r2037,1.0,1.0,1.0,1.0,1.0,1.0,1.0,1.0,1.0,1.0,1.0,1.0,1.0,1.0,1.0,1.0,1.0,1.0,1.0,1.037008884805273,0.945414065070685,1.0,1.0,1.0,1.0,1.0,1.0,1.0,1.0,1.0471695489226933,1.0120736285610035,1.0,1.0192280391508828,1.0081486630154681,1.0173101805446498,1.0233524859878012,1.0245577037759477,1.0,0.991469743620062,1.0,1.0,1.0093235464854458,0.9767814751898944,1.0,1.0,1.0,1.0,1.0164983153572054,1.0362856088385746,1.0,1.0204729638880612,1.0201052552770753,1.0315373014625628,1.0373424601827648,1.0370132722358905,1.043286186001865,1.0359800316649688,1.0423522291844807,1.0451597621208308,1.0327275094203499,1.051100521534562,1.0362524431386277,1.0410329031430487,1.0527319488354592,1.050529684067937,1.0542294151988028,1.0,1.0,1.0,1.0195111356856563,1.0,1.0390674211353665
r2129,1.0079758434647486,1.008271514175115,0.9993983926409162,1.007057824071959,1.009021351777013,1.0034244753625512,1.0041375418253722,0.9985985090162762,1.0045531021313288,0.9905474051947396,1.0028407028587651,1.0109131803028282,1.0084995322108006,1.014121590578182,1.0081232335244932,1.0023466975536517,1.0089336848288817,1.0034111957071878,1.00681600505305,1.0080737911154172,1.0087748537946901,1.00392769909415,1.0092197638261038,1.0060990762201267,1.011387648827408,1.0116455105063529,1.0083439130167309,1.0089124096621656,0.9949511483781094,1.0060988648670703,0.9984841140027017,1.0068721550715218,1.004333109971989,1.002471506145591,1.0070387108147392,1.002141822200984,0.9985431834742579,1.008687653590452,1.0040022759638403,1.0018566013585364,1.0022358235646518,1.0087569881298735,1.00859905964807,1.008388954119938,1.0045612508632242,1.0043492839674435,1.0003393610524247,0.9997208497828294,1.000020075565567,1.0,1.0030630997865002,1.0058457804617675,1.00770563658723,0.999930073173787,1.000997180230404,1.0002453543468006,1.0011164609718624,1.0011659872151784,1.0016711553860078,1.0087205624745723,1.0078735664688547,0.9987068474903199,1.0038987126023304,1.000595865836255,1.0027390930259625,1.0034232668504388,1.007267349962713,1.0054057807010168,1.0063057414913097,1.0006766014114443,1.0020597337030568,0.9982983037409351
r2142,0.9155011900508757,0.9269891807096667,0.9186794015097731,0.9800025952229601,0.9849181442784388,0.9822169092857859,0.9747634023580082,0.9705808343267415,0.9714723576370767,0.9704830472789572,0.9766823223984382,0.9744980999274582,0.976086845502614,0.9763500972075891,0.9741624410636153,0.9735029650252562,0.9685070484443351,0.9724539720347386,0.974951673822186,0.9783509369839192,0.9770569391905293,0.9799080211308712,0.977164764105867,0.9760803659194432,0.9828345894696959,0.9784632440352948,0.9823268672888953,0.9750624089659757,0.974394838830316,0.9726265206165907,0.979512634194134,0.9722888555565553,0.9678817528573759,0.9676732988039733,0.9840952051591203,0.9780981112775653,0.9745095484243611,0.9788360055783383,0.9791807946081249,0.9842312527104754,0.9825503471917779,0.9804139504272362,1.0,1.0,1.0,0.9927572177943974,0.9984215677772941,0.989701132904903,0.9902541606181795,1.0,0.9987193042536539,0.9850111241563151,0.9845159017188265,0.9860311660843614,0.9773826146583786,0.9769635636801464,0.9794336451765335,0.9633994449793114,0.9621360752561902,0.962337335980161,0.7680183664377497,1.0,1.0,0.9049554704545769,1.0,1.0,0.9321405834536062,0.9368533441080036,0.9468289966678314,0.9957550024020971,0.9922031898927249,0.9948070588979187
r2143,0.9155011900508757,0.9269891807096667,0.9186794015097731,0.9800025952229601,0.9849181442784388,0.9822169092857859,0.9747634023580082,0.9705808343267415,0.9714723576370767,0.9704830472789572,0.9766823223984382,0.9744980999274582,0.976086845502614,0.9763500972075891,0.9741624410636153,0.9735029650252562,0.9685070484443351,0.9724539720347386,0.974951673822186,0.9783509369839192,0.9770569391905293,0.9799080211308712,0.977164764105867,0.9760803659194432,0.9828345894696959,0.9784632440352948,0.9823268672888953,0.9750624089659757,0.974394838830316,0.9726265206165907,0.979512634194134,0.9722888555565553,0.9678817528573759,0.9676732988039733,0.9840952051591203,0.9780981112775653,0.9745095484243611,0.9788360055783383,0.9791807946081249,0.9842312527104754,0.9825503471917779,0.9804139504272362,1.0,1.0,1.0,0.9927572177943974,0.9984215677772941,0.989701132904903,0.9902541606181795,1.0,0.9987193042536539,0.9850111241563151,0.9845159017188265,0.9860311660843614,0.9773826146583786,0.9769635636801464,0.9794336451765335,0.9633994449793114,0.9621360752561902,0.962337335980161,0.7680183664377497,1.0,1.0,0.9049554704545769,1.0,1.0,0.9321405834536062,0.9368533441080036,0.9468289966678314,0.9957550024020971,0.9922031898927249,0.9948070588979187
r2144,0.9155011900508757,0.9269891807096667,0.9186794015097731,0.9800025952229601,0.9849181442784388,0.9822169092857859,0.9747634023580082,0.9705808343267415,0.9714723576370767,0.9704830472789572,0.9766823223984382,0.9744980999274582,0.976086845502614,0.9763500972075891,0.9741624410636153,0.9735029650252562,0.9685070484443351,0.9724539720347386,0.974951673822186,0.9783509369839192,0.9770569391905293,0.9799080211308712,0.977164764105867,0.9760803659194432,0.9828345894696959,0.9784632440352948,0.9823268672888953,0.9750624089659757,0.974394838830316,0.9726265206165907,0.979512634194134,0.9722888555565553,0.9678817528573759,0.9676732988039733,0.9840952051591203,0.9780981112775653,0.9745095484243611,0.9788360055783383,0.9791807946081249,0.9842312527104754,0.9825503471917779,0.9804139504272362,1.0,1.0,1.0,0.9927572177943974,0.9984215677772941,0.989701132904903,0.9902541606181795,1.0,0.9987193042536539,0.9850111241563151,0.9845159017188265,0.9860311660843614,0.9773826146583786,0.9769635636801464,0.9794336451765335,0.9633994449793114,0.9621360752561902,0.962337335980161,0.7680183664377497,1.0,1.0,0.9049554704545769,1.0,1.0,0.9321405834536062,0.9368533441080036,0.9468289966678314,0.9957550024020971,0.9922031898927249,0.9948070588979187
r2190r,0.9790383085670031,0.990468358014104,0.9879617735288763,0.9997254159759625,1.0021683572669065,0.9991636464619174,0.997967695714769,0.9920721222287907,0.9940438515278421,0.9943928457345532,1.0015046868129227,0.9960740638248824,1.0009029854891358,1.004455138048691,1.0066056604601985,1.0122666503615099,1.0092512565904508,1.0153527657997603,1.0047544739520258,1.0005857882716926,0.9993010689889906,0.9993160816174499,1.0005439745131601,0.9999117090965263,1.0036422156391527,0.9961049345200319,1.0017181474172525,1.0003796034902654,0.9974567942471949,0.9984291187850357,0.9929493384882222,0.9944989027880538,0.9897223886503741,0.9896840964183725,1.0010906678816505,0.9949619847637005,0.9963065397499233,0.9977678279944919,0.9968142248316433,1.014620805242275,1.015704226430095,1.0134561957298238,1.0076109459273292,1.0020133951334929,1.0064006490147666,0.9972274200538321,1.0041887592572858,0.9970540724922072,1.0049196212008846,1.0,1.0001403004214435,0.9944191443991716,0.9961544343684312,0.9932766314840406,0.9953635742588162,0.9931689922232145,0.9981407341605153,0.9888245596633718,0.9968035012400135,0.9854123075862237,0.990774761538059,0.9892054761036271,0.9961281439298821,0.9897163262280977,0.9935121211986335,0.9893322414637538,0.9903443898139404,0.9986959414648152,0.9939583651048836,0.9994624950562435,1.0026929016749662,0.9994651504042019
r2191,1.0,1.0,1.0,1.0,1.0,1.0,1.0,1.0,1.0,1.0,1.0,1.0,1.0,1.0,1.0,1.0,1.0,1.0,1.0,1.0,1.0,1.0,1.0,1.0,1.0,1.0,1.0,1.0,1.0,1.0,1.0,1.0,1.0,1.0,1.0,1.0,1.0,1.0,1.0,1.0,1.0,1.0,1.0,1.0,1.0,1.0,1.0,1.0,1.0,1.0,1.0,1.0,1.0,1.0,1.0,1.0,1.0,1.0,1.0,1.0,1.0,1.0,1.0,1.0,1.0,1.0,1.0,1.0,1.0,1.0,1.0,1.0
r2192,1.0,1.0,1.0,1.0,1.0,1.0,1.0,1.0,1.0,1.0,1.0,1.0,1.0,1.0,1.0,1.0,1.0,1.0,1.0,1.0,1.0,1.0,1.0,1.0,1.0,1.0,1.0,1.0,1.0,1.0,1.0,1.0,1.0,1.0,1.0,1.0,1.0,1.0,1.0,1.0,1.0,1.0,1.0,1.0,1.0,1.0,1.0,1.0,1.0,1.0,1.0,1.0,1.0,1.0,1.0,1.0,1.0,1.0,1.0,1.0,1.0,1.0,1.0,1.0,1.0,1.0,1.0,1.0,1.0,1.0,1.0,1.0
r2196,0.8957461125502061,0.9261921352549695,0.9251271726384328,0.9828382645162473,0.9865387079785306,0.9806377594790229,0.9953699373287177,0.9905877308724699,0.9936312809444461,0.9906565332351582,0.9949341464609394,0.9922068204354372,0.9856224566217717,0.9824571214223446,0.9824847799697438,0.9831214973568229,0.9843761891181995,0.9837838433893666,0.998568279106205,0.9931263444712691,0.9911646179056319,0.9887981869480434,0.9948250702463312,0.9951778783921725,0.9906212684880864,0.9884157861195895,0.9929293541249024,0.994843680066629,0.9948768742538162,0.9927037647254345,0.9846392031833663,0.9915288019171534,0.9871302378374694,0.9864904949480605,0.9985201839325124,0.9956804370464251,0.9928680728511163,0.9897779918612838,0.9967647755530791,0.9934717858236697,0.9910224651163729,0.9952059770364716,0.9935291249616452,0.9946639526017312,0.9967233757938465,0.9982845839284196,0.995455146022921,0.995225535031692,0.9946359963002473,1.0,0.999344952697361,0.9887859873205884,0.9945228990614117,0.9977849265903483,0.9914293170529126,0.9959746915322493,0.992988326766883,0.9899364825227869,0.9899606043740521,0.9920680398979869,0.9914209039579761,0.9915839854015693,0.9896276427845369,0.9921129723776534,0.9937243544083149,0.9934549972010909,0.9833300721285647,0.9926927801526318,0.9887362078485655,0.993695186008125,0.9932423279422281,1.0007012735353715
r2197,0.9849341038444724,0.9880282298524848,0.9882950763249899,0.991859921633193,0.9902982094382858,0.9932230452587338,0.9978795610197315,0.9949706164171995,1.0008385147433598,0.9974712210007641,1.0016851590615612,1.0006373881754056,0.9971911436218794,0.9964309725662996,0.9985791822528072,0.9960762106693222,0.9937419730664059,0.9949899168745187,0.9986294645724431,0.9974989814830137,0.993952503454599,0.9962650086449254,0.9991301327746079,1.0002399354337308,0.9964764256336807,0.9978281274893434,0.9982356178421505,0.9886948226928777,0.9979268465997757,1.0000453965015461,0.998297338324259,0.9965987333853736,0.9952612060877226,0.9911994141435294,0.9982272809210555,0.9965121551990704,0.995724128012732,0.9959331473239511,0.9983673076938003,1.0008847411228903,0.9921425359608783,0.9996364276761807,0.9977093434559354,0.9978513170272141,0.996438754465642,0.9943378427104242,0.9993361089135048,1.0020859366010708,0.9958128745467698,1.0,0.9950202466651626,0.9957649030032016,0.9986008184624953,0.9996512452902073,0.9946990512487622,0.9986123239376675,0.9958608486802616,0.9975237710815691,0.9958449470115395,0.9924121691747906,0.9954904700003456,0.9931374876522561,0.999875145208234,0.9983596111781975,0.9985596955594112,0.9955392019370114,0.9953215781513453,1.0008958956552678,0.9892228181205676,0.9998908851044881,0.996370619666079,0.9980942183819327
r2198,0.9527209985555973,0.9476073801908108,0.9460385067028504,0.9680852014731184,0.9620628315356197,0.9630341045833274,0.9882707937642949,0.9909691802550217,0.9890376212066327,0.9914223812489171,0.9959206339960313,0.987518953378197,0.9858890141750265,0.9873504277845937,0.99160785935699,0.9947430504530863,0.9920702519498537,0.9915923217005171,0.9994463662829368,0.9973160048133152,0.9965079148249312,0.9982133282534733,0.9926842575065937,0.9936594587000216,0.9898801309981087,0.9879560739760963,0.9885964203177621,0.999245751239886,0.9906439998642205,0.9911146263097389,1.0015776705092383,0.999069586211413,0.9937920576560618,0.9909871867491171,0.9999249466357581,0.9947420296383799,0.995149898977955,0.9936211353667365,0.9966997381300751,0.9912043108055612,0.9919691137482515,0.9967078601705461,0.9965295703771738,0.9932615946816591,0.9913128380800462,1.0001399159824087,0.9933058651032871,0.9964135641953912,0.9942740938167657,1.0,0.9963722727165993,0.9949135480442428,0.9965106314746782,0.9997968560646378,0.9951897488193587,0.9948991571729562,0.9993739809737998,0.9984712854940663,1.001236382518712,0.9961223346374793,0.9979682252745664,0.9960601293369232,1.001434243329829,1.0034969122739472,0.9971029611865353,0.9998668908115248,0.9821694598716785,0.9893403331157706,0.9849982813992423,0.9941178085532956,0.9972668672692165,0.9996650081678251
r2199,1.0,1.0,1.0,1.0,1.0,1.0,1.0,1.0,1.0,1.0,1.0,1.0,1.0,1.0,1.0,1.0,1.0,1.0,1.0,1.0,1.0,1.0,1.0,1.0,1.0,1.0,1.0,1.0,1.0,1.0,1.0,1.0,1.0,1.0,1.0,1.0,1.0,1.0,1.0,1.0,1.0,1.0,1.0,1.0,1.0,1.0,1.0,1.0,1.0,1.0,1.0,1.0,1.0,1.0,1.0,1.0,1.0,1.0,1.0,1.0,1.0,1.0,1.0,1.0,1.0,1.0,1.0,1.0,1.0,1.0,1.0,1.0
r2201,0.8957461125502061,0.9261921352549695,0.9251271726384328,0.9828382645162473,0.9865387079785306,0.9806377594790229,0.9953699373287177,0.9905877308724699,0.9936312809444461,0.9906565332351582,0.9949341464609394,0.9922068204354372,0.9856224566217717,0.9824571214223446,0.9824847799697438,0.9831214973568229,0.9843761891181995,0.9837838433893666,0.998568279106205,0.9931263444712691,0.9911646179056319,0.9887981869480434,0.9948250702463312,0.9951778783921725,0.9906212684880864,0.9884157861195895,0.9929293541249024,0.994843680066629,0.9948768742538162,0.9927037647254345,0.9846392031833663,0.9915288019171534,0.9871302378374694,0.9864904949480605,0.9985201839325124,0.9956804370464251,0.9928680728511163,0.9897779918612838,0.9967647755530791,0.9934717858236697,0.9910224651163729,0.9952059770364716,0.9935291249616452,0.9946639526017312,0.9967233757938465,0.9982845839284196,0.995455146022921,0.995225535031692,0.9946359963002473,1.0,0.999344952697361,0.9887859873205884,0.9945228990614117,0.9977849265903483,0.9914293170529126,0.9959746915322493,0.992988326766883,0.9899364825227869,0.9899606043740521,0.9920680398979869,0.9914209039579761,0.9915839854015693,0.9896276427845369,0.9921129723776534,0.9937243544083149,0.9934549972010909,0.9833300721285647,0.9926927801526318,0.9887362078485655,0.993695186008125,0.9932423279422281,1.0007012735353715
r2202,0.9155424934998702,0.9212513870390269,0.9272972183848813,0.9975461933524539,0.9981905290241168,0.9981525635057408,0.984312255224331,0.980657414211185,0.9806778939863954,0.9839299451806238,0.9866578111139261,0.9902134098082166,0.9814751175694474,0.9828352961233758,0.9796774892655652,0.9893125525741241,0.9895709704716171,0.9872745229831744,0.9780154753632649,0.980180058766275,0.9773157836899975,0.978259037745422,0.9801529601843656,0.9839820401963354,0.985033816074018,0.9887410215175056,0.989979004661211,0.9801191871723499,0.9798146188751023,0.9787667080279624,0.990696217423346,0.9786902183781269,0.9787813044906204,0.9767500615750585,0.9847143071156728,0.9855292017606881,0.9793613923539324,0.9811966378089111,0.9837181793382377,0.9809882984211308,0.9893277490819593,0.984377184625683,0.9811468867081926,0.9812439923872931,0.985169351456467,0.9964776247262189,0.9955784930107937,0.9934932183260771,1.0017454708896087,1.0,0.9995761244954972,0.9923942470759751,0.994793270728668,0.9959642658179818,0.9969979382694569,0.9994828395699584,0.9986105870021763,0.9977790022456907,0.9988642252943909,0.9999011614896298,0.9994680674490064,0.9948589556235998,0.9962255700119005,0.9952957855091689,0.9993070780272678,1.0015453088280935,0.9984799617118713,1.0028878350617694,1.004736768946412,0.9972172609442277,0.994550363627305,0.995384067743631
r2333,0.9927554052066759,1.0034672423975959,0.9964765258998245,1.010636729125567,0.9960619937250696,1.0040728628771696,1.0192215518679986,1.0164103846857389,1.0120606396643468,1.0121229584567035,1.0118594849388096,1.0239403679057644,1.007903429428628,0.9999867588970092,1.0177711817559458,1.0091038599902207,1.0088048186402383,1.0074316150763944,1.0139589938966562,1.0074335457643573,1.0100087731449883,1.0130140374532068,1.0051728945291927,1.013913902382207,1.0067540537315558,1.0127014955668907,1.0195197779794374,1.0000194592503777,1.007826278397569,1.0159368402270796,1.0107255753049023,1.0111643006611286,1.0013138477316974,0.9928056141091629,0.9979965513564554,1.0031673961436314,1.0118251463142913,1.0104038853475847,1.0162489323177581,1.0067686017972513,1.0198539116064542,1.012374169923753,1.0077357087080325,1.0085115406789134,1.0156854505750577,1.009480744259477,0.9988294891921357,1.001494202632492,1.0175654784358126,1.0,1.0039371659841423,1.0022646536591822,0.9993010878507336,0.9988472825616761,0.9990483338711557,1.0008012491426963,0.9990503556716608,1.0035520969930087,1.0134496606665995,1.0066699620431403,0.9913130470336661,0.9876573868127517,0.9946244720135229,0.9956750153817333,1.0,0.9898201657487027,1.0048197460723083,1.0008553023363589,1.0017477336735252,1.015054698591194,1.0111656399183857,1.0038010785835325
r2335,0.9971031828803244,0.9958562110049409,0.9973205250624395,1.0068065003601072,1.0026471812132043,1.0068871491363047,0.9997497942280481,0.9976424168306558,1.0015897093320514,0.9988008210757885,0.9974377855777007,1.0006599959363083,1.0020384147768728,0.9964196179111661,0.9992755978390823,0.9976403110175498,0.9967899863825641,0.9971127062518748,0.9987319834191982,0.995478194137075,0.9931359062055322,0.9976104347520056,0.9966745219481341,0.9975973218853392,1.0014629822843897,0.9970687201226855,1.0008836982843226,0.9960601893026937,0.993863892118007,0.9982311762995428,0.9999136514416578,0.998755827192465,0.9942512439635857,0.9948500229789294,0.9945359396341813,0.9978609725989861,0.9938182225500372,0.9980059641055817,0.9976694114976598,0.9995373232353665,1.0008285207538288,0.9952663485549145,0.9967791685630605,1.0001639437082819,0.9957596316694367,0.9985419621705908,0.9979181549398004,1.0001136035614049,0.9969162737988324,1.0,0.9995383678319465,1.0014793423913821,1.0008748647093872,0.9950047803595101,1.0041792358235377,1.0022116695323176,1.0016879805141965,0.9999904616653049,1.0039829419511968,1.0016025357541265,1.0027392265072814,0.9978615319919,1.0017392547898698,1.008223348302356,1.0013082833842801,0.9989922708245754,1.0070569511375207,1.011874203778194,1.0062903599830961,0.9996794520423821,0.9996467438983887,0.9968631720897817
r2391,0.987993449765919,0.9874383339960906,0.9851985294173093,1.0000113148336292,1.000425184765656,0.9964248710377117,0.9967879340166556,0.9950491958557317,1.0000993574351165,0.9953377914642717,0.9946831106603061,1.0010612801441239,1.002949256148174,1.002855984732172,1.0034870298327563,0.9981616790330172,1.0009177111598264,0.9980484160454427,0.9983459939985051,0.9945679561019553,0.991982433142337,0.9985437934113015,0.9999527271901595,1.0012169134585336,1.0027085272985867,1.0028032346994793,1.0037130851229599,0.998981372604043,0.9996365334673862,0.9960665864655347,1.005443082033193,1.000141704623312,0.9988711615945366,0.9955657687528204,0.9967426673592278,1.001958551918111,0.9975448769058513,0.9976574243073468,1.0023626667486163,0.9949943892093687,1.0084108522786286,0.9961853539992609,1.0003096606760549,0.9989238905113039,1.0036466170830274,0.996816848834877,0.9938063165229133,0.9944215513349004,1.002503059975715,1.0,1.0012755587726838,0.9979847230069857,0.9969627100722023,0.9986516146919575,1.003160083751997,1.0013048508228974,1.0026139475237885,1.004248772522226,1.0020193279852503,1.0044504221479797,1.0029495076211221,1.0043850925909454,1.008288479320875,1.0069091259679204,1.004035574047022,1.0043006773250576,1.008605691991955,1.0084611846563976,1.0127668883572811,1.0006134973849101,1.0014123710542433,0.9938120491345267
r2673,1.0671591088388457,1.0561176444581724,1.0508095528877166,1.0,1.031558778466586,1.036042381361392,0.9899961708349563,0.9864571985862457,1.0044775938813155,0.9978239784880356,0.990837245151888,0.9983393293017052,0.9966194638901495,1.0068372950163456,1.0,1.0,0.9684135880602446,1.0,1.0022297122990282,0.9994084999585567,0.9978199169696969,1.0130078961994973,1.003547995376126,1.0232366941771003,1.012296409273766,1.0210566947582174,1.0,1.0285419568715248,1.0202105724469497,1.0467808473472875,1.0341648940774444,0.9961438164153231,1.0046142157752853,0.9890109003802701,0.9783698298820964,1.0,1.0227335337783843,1.0,1.0443595715392069,1.0085313200242865,1.0264725877691319,1.005509235780032,1.0123540645964688,1.021927709986016,1.0,1.0051986132982438,1.008920609535407,1.0052155608117497,1.0124736006599664,1.0,1.0159976771594816,1.0010583685530616,1.0,0.9840563708895372,0.9764492787862344,0.9846144554018824,0.9886184554466063,0.9799337764642365,0.9756249397776521,0.9747246176897983,1.0002986366182136,0.9856216586011319,1.0,1.0,0.9769044255072334,0.9737613993157362,0.9709240275501028,1.0,0.9694464074476201,1.0001315318929211,1.0003544997555385,0.9919470902525331
r2696,1.015229690271763,1.0121650537723559,1.0116553345192354,1.0132388996715425,1.0116160468630162,1.0091560507318809,1.0062861431040178,1.0061706981150689,1.0094939084104249,1.0036316735939232,1.0065585216443942,1.0102644076347844,1.0079062806811838,1.0095660206062087,1.0055123887693214,1.006078712679283,1.004969487617475,1.0032183193469317,1.0061929856681997,1.003515769472578,1.007621637424238,1.0059959715416855,1.007473264947328,1.00830728891902,1.0075679465390435,1.005868810333544,1.0104990192370193,1.0101250358635705,1.0070664573944763,1.0086937629393262,1.014601438597219,1.0147428726227306,1.0129748943007981,1.0098433436664866,1.010123663863253,1.0173674738456275,1.006250660021382,1.0086723708205205,1.014747448161753,1.0055131079516113,1.0105872614416087,1.0060328594868317,1.0077224322700409,1.0070072909816763,1.0099248800782328,1.0035764640750053,1.0016453236386327,1.0061363350085308,1.0070502248620807,1.0,0.9971777926693002,1.0082458556084817,1.00823278404667,1.0099533609533125,1.008990742162045,1.0023396104634403,1.0074519283650318,1.0081095608390416,1.0092188201668115,1.0064141182265252,1.0082327511780071,1.0054686484017465,1.0051123285834087,1.0114778881728343,1.006178301917264,1.0074752109111726,1.0172615719794424,1.0115408222226572,1.0167722111285307,1.0025882194691091,1.0028440380574475,1.00341033407585
r2832,0.9763710869023451,0.9874519770367184,0.9843856515439782,1.0163424152820852,1.022015878029208,1.0212673451608316,0.9863778565598765,0.9782006983026313,0.9744734535129076,0.9781266065854471,0.9847372833579633,0.9793577596787465,0.9745228160970815,0.9820576683152931,0.9871501626050467,0.9988899012741409,0.9998165549869797,1.0044272997304584,0.9830793784223724,0.9843251486259585,0.9813286311222708,0.9883621051375099,0.9841569467278647,0.9883345555065963,0.9973959530315101,0.992072804907805,0.998028573496098,0.9737702803278218,0.9712263586086349,0.9698891537551273,0.9813974858933227,0.9844964519031204,0.9665945132631709,0.9726826570737468,0.9855966846878849,0.977986245894443,0.979460996172681,0.9860353536989731,0.9749535091334369,1.0054705047128516,1.0005780225012642,1.0020368783809823,0.9996103672696566,0.9942356346602936,1.0000234728586441,0.9844264114462743,0.9899327875859908,0.9812210514466478,0.9969652213678531,1.0,0.9976697697483574,0.9728054175433647,0.9791930849462087,0.9780499138866029,0.9839142285199919,0.9859781555831773,0.9810399199068984,0.9863404597070946,0.981423981465545,0.9755736445310565,0.9854684102960926,0.9898015841679623,0.9891787330615064,0.9793026645904074,0.9777777288852916,0.9816930428541254,0.9974353447274976,1.0056236647280952,1.0010625314621058,0.9874089294106718,0.9838058017625363,0.9841968005159056
BAPAT,0.8738775490815887,0.9025548949352153,0.8812978040700965,0.9889861338720578,0.9895933181416287,0.9893392140567075,0.9915034354580105,0.9880944907420434,0.9928811073025806,0.9876966174951306,0.9868565289061741,0.9867458352138709,0.9969949108200629,0.9966686225413319,0.9936539851678292,0.9867911064379893,0.987702823678612,0.9862171191280733,0.9921777978754696,0.9909330146306542,0.9936107511735975,0.990824043198699,0.9904423082368704,0.9916029516929078,0.9910213572934039,0.9920926908900819,0.988905987261853,0.9963504809745962,0.9950100553694858,0.996416405208811,0.9919231157392734,0.9942932760473775,0.9926284681230911,0.9897120334825171,0.9945154434403997,0.9939734920883037,0.9924999156622866,0.9896066652379694,0.9947849981131005,0.9937735485403614,0.9907488076949446,0.9863935920234054,0.9923218686422082,0.9910035234232913,0.9915309306345421,0.9976784436903253,1.0005425760846296,0.999860676470202,0.9970899306807313,1.0,0.999942914108516,1.0018596636942279,1.0022459310025371,1.0014963577432352,1.0047425504886731,0.9997240914168942,1.0004941803215883,1.0010613857201185,1.004682215566478,1.003478927426336,1.0058512947849716,1.0069937509158715,1.0037011882963263,1.003973961623056,1.0038701961472993,1.001631915563912,0.9921825831398824,0.9923142728416249,0.9875470180154075,0.996525626965091,0.9955027639648165,0.9948793184305964
HPDH,0.8289017286219639,0.8998441153897371,0.8954957189572571,0.9782609078799867,0.9753047845890447,0.9764715948324502,0.9931154441126975,0.9928033355908156,0.9938010433949049,0.9952103927466847,0.9908139345581344,0.992527424778866,0.995563894667828,0.995188935885251,0.9953942841844022,0.9876828663266752,0.9897770006176622,0.9905154630279815,0.9951543256276354,0.9944768710362671,1.0015471189756464,0.9981562520853073,0.9939656369733731,0.994854398967182,0.9907123527397833,0.9917080880738764,0.9911484762849271,0.9978567307983983,0.9972603527929399,1.0000232641461535,0.9952515650478096,0.995058569978454,0.9989869944585545,0.9992995202576901,1.0011118049428172,0.9994520395421659,0.9969312562425755,0.9973755708677466,0.99623565720185,0.9972226704721604,0.9935933062564946,0.9913878815008516,0.9970078657673519,0.9939610927793788,0.9942040482092986,0.9952213134037773,1.000315834675559,0.9992298548147567,0.9938749350814573,1.0,1.0012129573874933,1.0027356834485823,1.003561166530255,1.0012773341858245,1.0033475575091373,1.001232731510452,0.9977943723675544,1.0042993375788967,1.0064865929821272,1.0007485407415557,1.0064678225713688,1.0066406859437866,1.0048399251325868,0.9986093661595579,1.0054247869143689,0.9993369129232996,0.9886416167140741,0.9899067762836015,0.9828449887020513,0.9963946223901289,0.997038750265099,0.9948926015748398
r25r,0.9238720799014638,0.9472186279019095,0.94664172230568,0.9426878181757619,0.9695392660039334,0.9869530224186089,0.956163286463159,0.9620976401535173,0.9650615742569855,0.9533755476836618,0.9768117759714489,0.9695257037031159,0.9471436946222525,0.9442469637909093,0.9296857764692165,0.9526428567333712,0.9748534121850256,0.9861286532811674,0.9590611854525966,0.9405498601404404,0.9585523460395136,1.0,0.9610153108682266,0.9623803787896456,0.9588075563150245,0.9652399075769346,0.9675358172196309,0.9678392146443402,0.965683101974208,0.9624323461125813,0.9652025602405867,0.9903050981825705,0.9726420180833121,0.9929733254137354,0.9600466801029142,0.9794773165667461,0.9570319996843679,0.9597022168927939,0.9615764064545668,0.9629933143576972,0.9461668892324171,0.9626345689594888,0.9724670160216317,0.9643836923224482,0.9922058233162971,0.9675787970716477,0.9839898238697008,0.9823378331898794,0.9670917625298587,1.0,0.9749778735852788,0.9758608115874701,0.994780005547616,0.9538333180983984,0.9941098023021845,0.9799101537032521,0.9792852429861745,0.9809097780783307,0.9697129133876627,0.987505672558159,0.9932202196190016,0.9905887957314291,0.9713161886553688,0.977096047740409,0.9882917232124505,0.9871302143751199,0.9701239032679418,0.9798397050631529,0.9729795544923683,0.9901139781692497,0.9943217188436013,0.9765639567515559
r26r,2.013385582921345,2.0022636274083982,2.0005396552338643,1.9672848360707,1.9792862154410515,1.9656471611678439,1.9990121680797088,1.9868741147755506,1.9991414437258266,1.994390003216898,1.9947582340696144,1.990274891945771,1.980856802527937,1.9658959763672403,1.980744142548243,1.9931644283869527,1.9964862209800218,1.9852179739947187,2.002778307205374,1.9955925130959806,2.0054654760041153,2.001361430290465,1.9971327340352412,1.995094883817805,1.98987860587388,1.985197057559637,1.9929256523002752,2.006408056032516,1.998639484423526,2.000027954661305,1.975821225645641,1.980396058101332,1.9764503425513333,1.9865605410631906,1.9876072411258414,1.9770742801363137,2.0075259779116497,2.001065026356758,2.012556038176887,2.0018973153816937,1.9991202467118239,2.005726709950543,2.003121759192903,1.9945513101313914,1.9995799213077263,2.0018250960778143,2.013680875576589,2.010405080870413,1.998864113528406,2.0,2.006079638274704,1.9952158142268872,1.980394787464056,1.9943543309668255,2.00329219608242,2.001579057464184,1.998673425113807,2.0011576112080496,2.002024440354445,1.996194654378975,2.0008803327992886,1.9959943811569216,1.9917315577764096,1.9868484951457996,1.9881969419467713,1.992138240150297,1.9852552221967492,1.9854941821628014,1.9821760924477871,1.9942007993978539,1.9961456141478462,1.9989429977043551
r27r,0.9853356640454365,0.9881611793299482,0.985332117875765,0.990514485720392,0.9944398895780912,0.9910908687074601,0.9937043395526814,0.9898751595812798,0.9962296298611576,0.9932002496261316,0.9951133383960735,0.9922186653057898,0.9879749473150178,0.9874404041089244,0.9901938592738174,0.9879990315611067,0.9912315523956244,0.992773129632981,0.9950897466776362,0.9962206782043457,0.9976335887657651,0.9957658589185835,0.9972866105090908,0.995882164031964,0.9923399183603377,0.9930591997009646,0.9951071828153086,0.9976092432331294,0.9946177759580176,0.9940721300588008,0.9895675406576087,0.9891644368118635,0.9886913416598696,0.9867271205576447,0.9902487973664428,0.9893922701988062,0.9961429067124487,0.9981212097329821,0.9993948838567308,0.9946712952978972,0.9932716359226832,0.9969108303328661,0.9962681252542428,0.9964282593646312,0.9939754363443657,0.9977006275586705,0.9993879034389256,0.9942638688995045,0.9955406902268098,1.0,0.9981377855534587,0.9938987711529825,0.9969854059476462,0.9948522240160059,1.0002830153252305,0.9945697346118143,0.9941150094077811,0.996390479776945,0.997615307101804,0.9926411194518107,0.994440814030209,0.9970101210264062,0.9939125160171649,0.9940582091807638,0.9935766307160565,0.9947614814570218,0.9906830879209652,0.994150160626611,0.9892245934674296,0.9945153405036274,0.9982261076136593,0.9963389452845295
r28r,0.9853356640454365,0.9881611793299482,0.985332117875765,0.990514485720392,0.9944398895780912,0.9910908687074601,0.9937043395526814,0.9898751595812798,0.9962296298611576,0.9932002496261316,0.9951133383960735,0.9922186653057898,0.9879749473150178,0.9874404041089244,0.9901938592738174,0.9879990315611067,0.9912315523956244,0.992773129632981,0.9950897466776362,0.9962206782043457,0.9976335887657651,0.9957658589185835,0.9972866105090908,0.995882164031964,0.9923399183603377,0.9930591997009646,0.9951071828153086,0.9976092432331294,0.9946177759580176,0.9940721300588008,0.9895675406576087,0.9891644368118635,0.9886913416598696,0.9867271205576447,0.9902487973664428,0.9893922701988062,0.9961429067124487,0.9981212097329821,0.9993948838567308,0.9946712952978972,0.9932716359226832,0.9969108303328661,0.9962681252542428,0.9964282593646312,0.9939754363443657,0.9977006275586705,0.9993879034389256,0.9942638688995045,0.9955406902268098,1.0,0.9981377855534587,0.9938987711529825,0.9969854059476462,0.9948522240160059,1.0002830153252305,0.9945697346118143,0.9941150094077811,0.996390479776945,0.997615307101804,0.9926411194518107,0.994440814030209,0.9970101210264062,0.9939125160171649,0.9940582091807638,0.9935766307160565,0.9947614814570218,0.9906830879209652,0.994150160626611,0.9892245934674296,0.9945153405036274,0.9982261076136593,0.9963389452845295
r29ar,1.9581830154087072,1.9552614445336522,1.9612351962632681,1.9777089623871031,1.9746596792157693,1.9770823874962762,1.998866521807906,2.009063123135882,2.004008005715993,2.0038420083859245,1.995881472682464,2.0039122339150532,1.9898876253529485,1.9806159397612646,1.991891702481874,2.0051064376668024,1.9935797432161904,2.0003890270517424,2.0130828563402643,1.9997331082493912,2.0144318407647566,2.007250054606937,2.0050316192810387,2.0053570519618327,2.010977122499792,1.999065536194511,2.0114919039527956,2.0105333401595296,2.0040048727963593,2.000026430706255,1.9897149239336116,1.9945237924762598,1.991992373545695,1.991539997066111,1.9952458644628661,1.9993486177606674,2.010737057709412,2.01472109397756,2.006373014104026,1.9931788597464193,2.002986689620582,2.0113262618193337,1.9987198079444375,2.0059816123499776,2.010892283242488,2.0112842046160453,2.005369925987083,2.004786543316448,2.00889676334504,2.0,2.0052872576111063,1.994621792184477,1.9978198821727662,2.003649181261301,1.9928581020795444,1.998388440427544,2.0036536018736824,2.0052215331384184,2.010404626393013,1.999023821841561,2.003492886908697,2.004854344743638,2.006295540373701,2.0133931899491455,2.001023142918284,2.000374919229712,1.9708291198424241,1.9765062321313447,1.9710764171298707,1.9990417695719391,2.009164712145607,2.01222373760087
r1273r,1.0,1.0,1.0,0.9639438830191767,0.9654202989316721,1.0,0.9813020986918521,0.9725660121346541,0.9857550423286228,0.9836692115920773,0.9836077253823148,0.9760548889305124,0.9784976687635644,0.9754318926307067,0.9878997566542668,0.9829255911840737,0.9819419342107778,0.980943913289044,0.9755804517397765,0.9851241681792309,0.9754584097787309,0.987315738919002,0.9745454337138498,0.9815567441986524,0.9689581972518648,0.9597048727810478,0.9848427965208895,0.9896207971383345,0.9862187578241114,0.9802804064260932,0.9700618115916377,0.9706705438159214,0.9829000842025232,0.9801343913785941,0.9788787705856188,0.9789667871850241,0.9846409638451811,0.982724273714822,0.9894714422500036,0.9887051443008867,0.9766949590782911,0.9801215315765437,0.9861390610593782,0.9933516764933404,0.9786006560758833,0.9889515898994236,0.9959915763611571,0.987628428755434,0.986368010911502,1.0,0.9995131453895914,0.993232105918296,0.9858491287058505,0.9882266519765501,1.00241883350271,0.9983150539407418,0.9947644742667604,0.9960494835693687,0.9883715586513734,0.9978063493045264,0.9894178899004391,1.0007163659915752,1.0029115029554387,0.9913539142818039,0.9956352920489624,0.9924634485587884,0.9835982689654762,0.9833173834817108,0.9734923880262063,0.9911594379788699,0.9888820657461277,0.9986069832482681
r35r,0.9876506773003941,0.985192491120414,0.9874523887483607,0.992778029447662,0.9925346727532702,0.9911188595275199,0.9847988910324831,0.9802509638462306,0.9833576179395244,0.9828535476322928,0.9836430304902398,0.9867552844414931,0.9845429637009634,0.9846553282101915,0.9813726340799918,0.989364843238266,0.9886720908979802,0.9859246172998546,0.9845494743956804,0.9829383055727526,0.983696061797191,0.98320788014056,0.9837306444936521,0.9863751679392702,0.989694363593774,0.9899553554237086,0.987584292775616,0.9812573361262125,0.983029805914352,0.9806927650565903,0.9978231970438874,0.9970062646295941,0.994490629543346,0.9910576779251574,0.9996170810909341,0.999000791174248,0.9825041622403748,0.9844587377068141,0.98573175738774,0.98537075036597,0.9862404227424102,0.9854647542389082,0.9892920804111317,0.9855334987453991,0.9876106945252563,0.9977144902470675,0.996116918405502,0.9979711187249966,1.0042998389717763,1.0,0.9965919316519096,0.9990982792744189,0.9996187681045605,1.0013808569149596,0.9999018648053326,1.0010966441163625,1.0008259072174275,1.0003154689358016,1.000198178009177,0.9990088248956622,1.000154665934261,0.9994514037432992,0.9999134182071018,1.0031625560988926,1.0029807298049376,1.0018791871253803,1.0003451779808914,1.0035051615802963,1.0033192713714036,0.9973450652744503,0.9944952317796732,0.9948231598652562
r39r,0.9738652460700976,0.9791325687313992,0.9846765021948801,0.9841208791761431,0.9956271190202634,1.0029048163615646,0.9936824183009889,0.9817832853818783,0.9920275322235734,0.9894001738010217,0.9796550525742753,0.9944311589733885,0.9911833724705185,0.990970456508426,0.9902119897889156,0.9873963764544036,0.9949791827423262,0.9910563903210311,0.9883306414956965,0.9890916519165004,0.9911171830296973,0.9884954023308951,0.996959476453892,0.9964660456533033,0.9930506328205597,0.9704294791136787,0.9826876279625473,0.9926491215432593,0.984154124870685,0.9192083386411498,0.9951445761451398,0.9970891898936468,0.9858749478425048,0.9864362144786701,0.996929142125726,1.000422720521759,0.9902155998620039,0.9954815985490628,0.9963918041468166,0.9887453614546846,0.9895004482790508,0.9847013572984139,0.997138365865368,0.9845885917870167,0.992882337470511,0.9930191708361661,0.9928106211498913,0.9869705494459989,0.991245063363356,1.0,0.9930313127222931,0.9938479719543947,0.9912606423451383,0.977973148486102,0.9854573544537915,0.9936269462842228,0.993650629199762,0.991239859599437,0.9906785276032815,0.9922777760104676,0.9880017854741276,0.9894989859551533,0.9570217373463035,0.9776382153707899,0.9795456316734222,0.9960764925404956,0.9899481245835074,0.9725131280782404,0.9813338088382522,0.9925633680186189,0.9973041529941468,0.9868792492977189
r43r,0.9946816301933326,1.0000951866062828,0.9999620385879456,0.9966776698845565,0.9952113542423806,0.9966696967967957,0.9924736235289452,0.990111839745136,0.9890901131787216,0.991788743230464,0.9905702326704439,0.991270809569997,0.990042398148091,0.9895003904078253,0.993060936442998,0.9939530325363142,0.992543802540725,0.993088336336715,0.9886333611788453,0.9884844283894128,0.9892448366179882,0.9908540357770221,0.9903348135538229,0.991040405853944,0.9931562127970969,0.9937313756970029,0.9964153741561784,0.985842500620144,0.9893565140289977,0.9871741303238645,0.9888648993998262,0.9906869525301137,0.9876087067213162,0.9893730504792572,0.9924235147440844,0.9945003659376538,0.9894724090897401,0.9897633761845879,0.98959360876892,0.9887025782993336,0.9890676737396606,0.9862626823291155,0.9910389222133729,0.9916263523789022,0.9959204883234116,0.9949386279276734,0.9976407174005111,0.9961672344148421,0.9970871569581117,1.0,0.9993814555948123,1.0020562821798413,1.0004242228766997,0.9983382538661077,0.9991573996656985,1.0014323155063825,1.002411509881731,0.9974024617297007,1.000565791028265,0.9991866441542292,1.0025821828212387,0.9982876464900652,1.001033564881307,1.001779405819159,1.0036032311064933,0.9969925301422107,1.0022946884623536,1.0068544522343232,1.0055817408017207,0.9956910730977165,0.9956534589180243,0.9949485308680504
r45ar,2.980858589614395,2.9678476533279214,2.976141647590217,2.9685690188161606,2.9606372526065106,2.9522962235415915,2.9818246375642703,2.9779887267699534,2.9843081460875647,2.9836747048590464,2.9796953913216244,2.978811010125078,2.9482480599845244,2.939406669166962,2.9247203628053735,2.979814195439688,2.97611139986795,2.9533894302960797,2.98614023639665,2.9780900281598797,2.990229099346873,2.985604465440498,2.9818466951096,2.9856265576937724,2.978497427357161,2.9829803022011236,2.9775379096219083,2.9820060069485317,2.9732959288366665,2.983206811730512,2.9866695600269177,2.9855124698415088,2.9778924487357568,2.9714773165796116,2.987189169676988,2.984870840380425,2.9847352425672695,2.985604157792857,2.9757074623393893,2.9751507163134114,2.9830466325025613,2.9812461932757532,2.98287005482272,2.9781540500374932,2.9778491915541148,2.9860882437224854,2.9907507429339044,2.9883172166840026,2.994980313246237,3.0,3.00029984254292,2.976819530145359,2.97977465601035,2.990176047904462,2.9839484175354776,2.9880371059100765,2.9866425610823377,2.9751462414656142,2.98904649798912,2.9869806493813473,2.9901288881726584,2.986334777787275,2.9744254962332772,2.9775255468716435,2.9896645322109836,2.9767710089626434,2.9825610709037726,2.981476317312961,2.9943121049347683,2.9885251778555126,2.9920208392668406,2.9934973172155885
r113ar,6.93905971917936,6.923665162178744,6.83852983556204,6.94382903924901,6.963392037853984,6.934265707288617,6.872633827294061,6.863642364583017,6.872221919828884,6.9639134912454175,6.919961034212494,6.902572383807471,6.9492073880367355,7.0788570370156965,7.0238028125455525,6.940303555435817,7.027069852293909,6.889658962809513,6.91292306359497,6.881652998841271,6.870901235960052,6.9692294152394565,7.000595258173066,6.865006764613354,6.859692040652812,6.975020208585453,6.849578221610546,6.812473922346315,6.795661399788917,6.879321106122678,6.946067415198433,6.95225696719406,6.952545792088594,6.931567269327698,6.977962702154431,6.969670152487673,6.901063797447975,6.875157122991656,6.917815138582,6.913307055398491,6.917977648510801,6.932251911058192,6.96354167771736,6.961356655938481,6.943595416007604,6.963963161122077,7.01092963233207,6.869541246482081,6.904366398106273,7.0,6.889585799761925,7.07262605603693,6.974513227516967,6.956269217157552,6.93321006088417,6.900372872401578,6.891623359939376,6.922883716943419,7.028490770925437,6.971521648420991,6.938935054169653,7.0282458950770526,6.969948119525489,6.960394283808752,6.993155785022707,6.922285844844719,7.103082910743207,6.998569877216311,6.969597727632989,6.964831074046982,6.940848579925804,6.974745202382313
r118ar,6.93905971917936,6.923665162178744,6.83852983556204,6.94382903924901,6.963392037853984,6.934265707288617,6.872633827294061,6.863642364583017,6.872221919828884,6.9639134912454175,6.919961034212494,6.902572383807471,6.9492073880367355,7.0788570370156965,7.0238028125455525,6.940303555435817,7.027069852293909,6.889658962809513,6.91292306359497,6.881652998841271,6.870901235960052,6.9692294152394565,7.000595258173066,6.865006764613354,6.859692040652812,6.975020208585453,6.849578221610546,6.812473922346315,6.795661399788917,6.879321106122678,6.946067415198433,6.95225696719406,6.952545792088594,6.931567269327698,6.977962702154431,6.969670152487673,6.901063797447975,6.875157122991656,6.917815138582,6.913307055398491,6.917977648510801,6.932251911058192,6.96354167771736,6.961356655938481,6.943595416007604,6.963963161122077,7.01092963233207,6.869541246482081,6.904366398106273,7.0,6.889585799761925,7.07262605603693,6.974513227516967,6.956269217157552,6.93321006088417,6.900372872401578,6.891623359939376,6.922883716943419,7.028490770925437,6.971521648420991,6.938935054169653,7.0282458950770526,6.969948119525489,6.960394283808752,6.993155785022707,6.922285844844719,7.103082910743207,6.998569877216311,6.969597727632989,6.964831074046982,6.940848579925804,6.974745202382313
r124r,1.0055939506003666,1.0067716239456648,1.00458412207454,1.0026304304314269,1.0051864471275922,0.9935391904402134,0.9951752518020459,0.9909406447116299,0.9917146718308562,0.9950162351254223,0.993048475074756,0.9945000251866725,0.9876109943936141,0.987212918441682,0.9905085989849973,0.9976574293230674,0.9969901691984665,0.9940312919950935,0.9936616457123305,0.9922460588561408,0.9948602540513783,0.9936669391138218,0.9911307877768115,0.9962680126029217,0.9990612722458413,0.9959193286331461,1.0055768106654364,0.987011945226322,0.9915037172498061,0.9930160481011574,1.0002234058360584,0.9961609062169128,0.9985688697317272,0.9986751544950863,1.002491217972399,1.0044156239242743,1.000583669391035,0.9965935146784451,0.9990089123008398,0.9945124034461771,0.9944637552009012,0.9935949286047452,0.9980565446110007,0.994398857207419,0.9949621391457515,1.0013788587225976,1.0049658748516255,1.0050887654362441,1.00748199679763,1.0,1.0060511730534296,1.0060617657889606,1.0066568550149337,1.0100803171549015,1.0196187130836516,1.015257669179875,1.0105437673779332,1.022705982608497,1.0096952630650116,1.0128985702070676,1.016427217889441,1.0132846552579229,1.0127237012745627,1.0142921132584923,1.0143341531393535,1.011521278188675,1.0054761804886745,1.0161019624669139,1.0121026235963866,1.0000980969402091,0.9986405895745954,0.9988902791262255
r127r,1.0055939506003666,1.0067716239456648,1.00458412207454,1.0026304304314269,1.0051864471275922,0.9935391904402134,0.9951752518020459,0.9909406447116299,0.9917146718308562,0.9950162351254223,0.993048475074756,0.9945000251866725,0.9876109943936141,0.987212918441682,0.9905085989849973,0.9976574293230674,0.9969901691984665,0.9940312919950935,0.9936616457123305,0.9922460588561408,0.9948602540513783,0.9936669391138218,0.9911307877768115,0.9962680126029217,0.9990612722458413,0.9959193286331461,1.0055768106654364,0.987011945226322,0.9915037172498061,0.9930160481011574,1.0002234058360584,0.9961609062169128,0.9985688697317272,0.9986751544950863,1.002491217972399,1.0044156239242743,1.000583669391035,0.9965935146784451,0.9990089123008398,0.9945124034461771,0.9944637552009012,0.9935949286047452,0.9980565446110007,0.994398857207419,0.9949621391457515,1.0013788587225976,1.0049658748516255,1.0050887654362441,1.00748199679763,1.0,1.0060511730534296,1.0060617657889606,1.0066568550149337,1.0100803171549015,1.0196187130836516,1.015257669179875,1.0105437673779332,1.022705982608497,1.0096952630650116,1.0128985702070676,1.016427217889441,1.0132846552579229,1.0127237012745627,1.0142921132584923,1.0143341531393535,1.011521278188675,1.0054761804886745,1.0161019624669139,1.0121026235963866,1.0000980969402091,0.9986405895745954,0.9988902791262255
r129r,1.0232337721978655,1.0270311917774624,1.0298066168161026,1.0134518744498529,1.016078688457835,1.015338510899452,1.0048498338632115,1.0044099626781169,1.0070077526442798,1.0050656345519249,1.0078430637428293,1.0090026558822658,1.0059414644968026,1.0116763924641112,1.0043836395158339,1.0037875335507478,1.0003097788321706,1.0016662705291006,1.0046442952443053,1.0050426028956885,1.004071963979643,1.0040981575138614,1.0046466409124453,1.006693923428747,1.0053862622896739,1.0073308416756928,1.0073703281540984,1.0062266285250059,1.0087798374825476,1.0040867800929028,0.9991669182281836,1.0003475019167714,1.0000750458883019,0.9957733716959222,0.9992684049113734,1.0011255126692036,1.0036248261656375,1.009133579953709,1.005126148440722,1.0031647645632817,1.0054680635198627,1.0058111826606995,1.0049848977874711,1.0032930679991332,1.0063969689914098,1.0009439894209455,0.9995547470295421,0.9992175492844845,1.005322114998209,1.0,1.001220388526557,0.9933349479538119,0.9920650316894156,0.9963820126718841,0.9936049219933074,0.9946758217066963,0.9953459465290843,0.9974129040763594,0.9921056998215452,0.9939107822933189,0.9923779095794563,0.9900431119547972,0.9929031739317412,0.9899878852557908,0.9940027803986909,0.9927654836072826,1.0056497784093914,1.0059050509493057,1.0099040834456972,1.0034116192550024,1.0049722675601658,1.0055679063105094
r258mr,0.9992945328765392,1.0009202881280932,0.9996530366623896,0.9972850731334398,0.9974232491691515,0.9968696663094577,0.992746074819061,0.9893553686892772,0.9940828790180131,0.9918063203826025,0.991007631991661,0.9909805466762164,0.9928364494659949,0.9880440537657108,0.991314479622119,1.0918376675851222,1.0919969556315055,1.0906106579461283,0.9920932258659978,0.9910167988476974,0.9938095500043664,0.9921320269580697,0.9965253630366457,0.9950180647020198,0.9936559134338977,0.9870742613675078,0.992396962554053,0.9910037701107094,0.9915632774540332,0.9928681525319188,0.9946440493283212,0.996148026278866,0.9936908522939341,0.9921117836962711,0.9961603578574394,0.9916531253536313,0.9951343462458572,0.9902251301686894,0.9869168304267159,0.9893495547878036,0.9877262477900545,0.9927306978537878,0.9907776514151656,0.9887028186355225,0.9925910424756255,0.9926885462939053,0.9993450392429869,0.9968388178159512,0.9952337621016024,1.0,0.9966437408034956,0.9995902593020285,0.9993253511759784,0.9992685860635357,1.0040868160275895,1.0053558157685152,1.003129153903402,1.0061118654300036,1.0034996380722108,1.0011714319427043,1.0062963509403602,1.0034390076749988,1.0047272801625722,1.0030600157811114,1.0052366527314633,1.0028825144080062,1.0054750271702089,1.0065606603046955,0.9987411530702932,0.9920723921161911,0.9927949711347387,0.9923268857939093
r293r,1.029748245816065,1.0411030383916728,1.0387387513326585,1.0350140825125005,1.0354609390075524,1.0357127034185567,1.040902661252058,1.038880357182932,1.0393034299621753,1.0287248733707837,1.0345762007957953,1.0291869539088556,1.0121838342619325,1.0175500825981871,1.0109622687024566,1.03024995946891,1.024155993829766,1.0286629906077829,1.0278654414618855,1.0309055712357336,1.0298213014141522,1.0337309234217014,1.0332747329696752,1.0352834248926075,1.0291989328552247,1.026509007123402,1.0318581698491838,1.028472026266977,1.036785072316065,1.0341654084704748,0.9952761932230384,0.9915028306272968,0.9914207301517577,0.9913574303588947,1.0001394075668768,0.999474734632422,1.0322543670144237,1.0300842338071192,1.028675935206851,1.030851698364517,1.0328073898698313,1.034463407943314,1.0295117325569156,1.0344701269195062,1.0400254593388265,1.0041095281938373,1.0108061156680248,0.9997499405775763,0.9989550563032203,1.0,1.000086428272637,0.9922832745250014,0.9964275959173339,0.9941406885847134,0.992950506247372,0.9949156862514948,0.9915700719554638,0.9964755689132455,0.9928954153091659,0.9838945993272697,0.9906225710184504,0.9966719979761762,0.9928750734121,0.9827255591457917,0.9942188946629349,0.9945534146372553,0.992355612751274,0.993692990267469,1.0044976436348865,1.008710427629108,1.0087788679849827,1.0129613992842663
r294r,1.029748245816065,1.0411030383916728,1.0387387513326585,1.0350140825125005,1.0354609390075524,1.0357127034185567,1.040902661252058,1.038880357182932,1.0393034299621753,1.0287248733707837,1.0345762007957953,1.0291869539088556,1.0121838342619325,1.0175500825981871,1.0109622687024566,1.03024995946891,1.024155993829766,1.0286629906077829,1.0278654414618855,1.0309055712357336,1.0298213014141522,1.0337309234217014,1.0332747329696752,1.0352834248926075,1.0291989328552247,1.026509007123402,1.0318581698491838,1.028472026266977,1.036785072316065,1.0341654084704748,0.9952761932230384,0.9915028306272968,0.9914207301517577,0.9913574303588947,1.0001394075668768,0.999474734632422,1.0322543670144237,1.0300842338071192,1.028675935206851,1.030851698364517,1.0328073898698313,1.034463407943314,1.0295117325569156,1.0344701269195062,1.0400254593388265,1.0041095281938373,1.0108061156680248,0.9997499405775763,0.9989550563032203,1.0,1.000086428272637,0.9922832745250014,0.9964275959173339,0.9941406885847134,0.992950506247372,0.9949156862514948,0.9915700719554638,0.9964755689132455,0.9928954153091659,0.9838945993272697,0.9906225710184504,0.9966719979761762,0.9928750734121,0.9827255591457917,0.9942188946629349,0.9945534146372553,0.992355612751274,0.993692990267469,1.0044976436348865,1.008710427629108,1.0087788679849827,1.0129613992842663
r298r,0.9998784357435679,0.9982184063836176,0.9944073094467162,0.9995071347441591,0.998913361428112,0.9957569850428029,1.0027971401686275,0.9968949203050445,1.0026787144731542,1.0010067460728624,1.0002231427263124,1.0016419603004263,1.0046266937157275,1.0053386112277303,1.0033531547377412,0.9942129313619853,0.9983965751622004,0.9964040992411665,1.0037547356571215,1.0009672893788923,1.0016733336869132,1.001194370584137,1.0048193108754513,1.002710992683011,1.0052246447667847,0.9992331552857331,1.001934742490256,1.004426738184569,1.0006620272913194,1.0047187461890397,1.0023720901037967,1.0144314504527343,1.0123885665789556,1.0080236892670698,1.0111054116553815,1.0079420713461407,1.0016344721169366,1.0014759344656587,1.0006729446321099,1.0021468767670285,0.9987341341005327,0.9989362450431788,1.0057850404010922,1.0004050681873704,1.0050750764516907,0.9946823470664895,0.999047695501247,0.9953230699461865,0.9998670885473279,1.0,0.9997710751999619,1.0083589932240868,1.006537646389107,1.0066279115573298,1.0112072470792628,1.002897331100626,1.0054483539405636,1.0024662250107064,1.0066513329194142,1.0019315818614811,1.00299708866008,1.0040459097606544,1.0031784626336875,1.0063743022295437,0.9994960957822728,0.9986110710232844,1.0010312404667556,1.0000350897714712,1.0021482298575937,0.9925036782205142,0.9956376794933552,0.9950412414711928
r443r,0.9903571282242649,0.9984541596647816,0.9952152949926527,0.9932294119369556,1.001324874296293,0.9998946302279538,1.011535949906439,1.0012880652904983,1.0058327066233368,1.0056180375741919,1.0046264678049532,1.003442006181657,1.0061646397751813,1.0024773802382623,1.0061735280445268,1.0011989744110992,0.9963922140188988,1.0007910271574405,1.0045214578412698,1.0025067663549385,1.0073854424833149,1.001988070631208,1.0009607746690308,1.008709260403818,1.002451212055238,0.9927727689289154,1.0038071630226042,1.004767616998686,1.0041987724237056,1.0028193459642225,0.9953174339243889,0.9964676757766034,0.996789213315707,0.9982851405730568,1.003116316713244,0.9986864450114248,0.9995010954157546,1.0042978141858863,1.0016313176712128,1.0000202621100858,1.0038545019646579,1.0020191468773372,0.9984127564868019,1.004142084969973,1.0013673288873928,1.0023479879783936,1.0035244131669885,1.00370558050587,0.9998377598003813,1.0,0.9978621952382074,1.0012157583722339,1.0020749264047184,0.9964030180461683,1.0075398434935015,1.0076179508961347,1.005402975196124,1.0037915203860013,1.0012878951610917,0.9989154354637926,1.0038841006891022,1.0023548791809644,1.0015304816652593,1.006985968936673,1.0010643907144132,1.0022364733545162,1.0036891235794105,1.0031955257298275,1.000318699488731,0.9944210155405044,0.9964659463372394,0.9979373020711307
r444r,1.982955496868103,1.9717641845577196,1.9864155574263531,1.9708937018171768,1.974128031364266,1.9953993293113093,1.982459592033381,1.970167165974513,1.9991279166258815,1.9874592753710667,1.9849954158739873,1.984750707409306,1.9908619715905012,1.9687501651631885,1.9948648406681468,1.986268412902651,1.9901914068648294,1.9935184955095142,1.9874596519889325,1.9866573408237405,1.9889596850352609,1.9921227899344554,1.9916765051738108,1.980907909064777,1.9780568768964142,1.994138263791458,1.980889647965089,1.987161808970109,1.985167116740183,1.9830981148698679,1.9880866925013088,1.97974916530135,1.9772833967692627,1.979510652406588,1.9894512709958958,1.982650532777347,1.986907006700723,1.9903073558169466,1.9926095529100478,1.9922059111036243,1.9891119156926091,1.9804930566019587,1.986148819793931,1.9963548712405688,1.9871750819056455,1.9971840300257366,1.984755025896157,1.988972165821481,1.9977485935595602,2.0,1.9853249593039388,1.98914986966279,1.9870679204270454,1.9902328433496361,1.9994683472279364,1.9917007995130196,1.9900228836023683,1.9901154786655766,1.9904901505666865,1.9965906384201375,1.9959920186741116,1.9979183137021836,1.9920617979452513,1.9948100740547847,1.9958781537997454,1.9909562863186365,1.9899077446540674,1.9846546985128666,1.9899842717570406,1.981075292327187,1.980716504413073,1.9813572734083311
r486r,1.982955496868103,1.9717641845577196,1.9864155574263531,1.9708937018171768,1.974128031364266,1.9953993293113093,1.982459592033381,1.970167165974513,1.9991279166258815,1.9874592753710667,1.9849954158739873,1.984750707409306,1.9908619715905012,1.9687501651631885,1.9948648406681468,1.986268412902651,1.9901914068648294,1.9935184955095142,1.9874596519889325,1.9866573408237405,1.9889596850352609,1.9921227899344554,1.9916765051738108,1.980907909064777,1.9780568768964142,1.994138263791458,1.980889647965089,1.987161808970109,1.985167116740183,1.9830981148698679,1.9880866925013088,1.97974916530135,1.9772833967692627,1.979510652406588,1.9894512709958958,1.982650532777347,1.986907006700723,1.9903073558169466,1.9926095529100478,1.9922059111036243,1.9891119156926091,1.9804930566019587,1.986148819793931,1.9963548712405688,1.9871750819056455,1.9971840300257366,1.984755025896157,1.988972165821481,1.9977485935595602,2.0,1.9853249593039388,1.98914986966279,1.9870679204270454,1.9902328433496361,1.9994683472279364,1.9917007995130196,1.9900228836023683,1.9901154786655766,1.9904901505666865,1.9965906384201375,1.9959920186741116,1.9979183137021836,1.9920617979452513,1.9948100740547847,1.9958781537997454,1.9909562863186365,1.9899077446540674,1.9846546985128666,1.9899842717570406,1.981075292327187,1.980716504413073,1.9813572734083311
r1154r,0.9927710789365785,0.9909062118094742,0.9913258537394146,0.9911759417367835,0.9925560710189046,0.9948986927886149,0.9986537106714838,0.9992787116431797,0.9947474704786772,0.999911424208453,0.9947144479895604,0.9982923956773064,1.0006307829911876,1.0012562601569308,1.0042541859819683,0.9943189847569684,0.9974678423774691,0.9949904558825696,0.9986565720503028,0.9950366672541394,0.9996359318983753,0.9986254836275099,0.9937644196984176,0.997070759438971,0.9992592477799414,0.9932402499753887,0.9983423940965039,0.995191853682956,0.9974061450813871,0.9968667484522606,0.9983410144314736,1.0008994360173316,0.9983333611460052,1.002558192014989,1.0021675567802544,1.0031602536934747,0.9971783435190004,0.9980928980232164,0.9945315600532525,0.9996353419077202,0.9952679863419476,0.9949713508763862,0.9951966953660437,0.9998663862786541,0.997222679511038,1.0049448691114957,0.9972397473777472,1.0012399177352382,0.9984112652707426,1.0,0.999122284992316,1.003683501115991,1.0037732582216452,0.998158507493113,1.0006440009533204,1.0010367677449734,0.9995758741351265,1.0028789569595586,1.0040373199129957,0.9969233399982055,0.9947902162272906,0.9995405147600195,1.0068608693854704,1.0067805685675137,0.9995789997243739,1.00093384663253,0.9985472229533541,1.002562288752913,0.9992432007498637,1.000958746273719,1.0015368186330635,1.0020041909003277
r1173r,0.9986279240420431,0.9981949209830945,0.9936492965732932,1.0062651230798383,1.0030466147307935,1.0095988120869899,1.011838498015083,1.001882292547862,1.017043140567503,1.0127997339278636,1.0118973339641406,1.007773625932785,1.017434723625073,1.0139280437758236,1.0146725847897078,1.0019882620453122,1.00616565288579,1.0125544758769076,1.0133349197298978,1.0126007941085935,1.0101170889556692,1.0106492127140148,1.0074431895138718,1.012699043330346,1.004397292673138,1.0032032813009055,1.0123885577885121,1.0190107677991471,1.0099948700062211,1.00710191219305,1.0134649323142455,1.0119629527479719,1.0091247629434408,1.0050628961509365,1.011155574841198,1.0128444272756398,1.0071801017147761,1.0162378120577171,1.0079199011965276,1.0106598838581278,1.0111179632106464,1.0155847401423268,0.9971085361365973,1.0099866250646932,1.0095426117507846,1.006627896092687,0.9988632297170474,1.0061160879821338,1.003939763881888,1.0,1.0078604968363705,1.0107155941334676,1.0057308253086545,1.0044017269748922,1.007847459150172,1.0199376700220604,1.0099702359380052,1.009416377984988,1.0079195770139693,1.0024316377746554,1.0031027538300523,1.0006771829001961,1.0014307718671185,1.0017029717646262,0.9920560083050436,1.0051196688536972,1.0074422861261099,1.0146364430557218,1.0076885350365932,1.0076932908420964,1.0092694076345514,1.005036550520056
r1175r,0.9216464894552978,0.9235548883287269,0.9371967955110203,0.964427024774422,0.9448307448020701,1.0,1.0,0.9622457401536167,1.0,0.9572731853644196,1.0,0.9427624827709439,0.9537403358366732,0.9734478865781243,0.9700070967864282,0.9649717695192279,0.9625292938411141,0.9597232044138849,0.961364155158386,0.9479108077685205,0.927741548747773,0.9493137047536487,0.9518303063778221,0.9546538055570244,0.9652951406331592,0.9515956755838305,0.9676560384224309,0.9324015832157764,0.9539783688292738,0.9495054259337052,1.0,0.9723857357126752,0.9551136091907095,1.0,0.9670647113016877,0.9693838901596586,0.9693859538272562,0.9316911493034105,1.0,0.9744235794889032,0.9640265644388094,0.9691207833702917,0.9989457573452178,0.9971023599134308,0.9940740077311807,0.9812715954094318,0.9684963939344539,0.9786095224017992,0.9997875642325678,1.0,0.9906228120589644,0.9636078896631045,0.9653474674370547,0.9724324969311974,0.9564338011898359,0.9604415165714497,0.9595277723641237,0.9519432487460873,0.9247835944227595,1.0,0.9550451714158755,0.9601331193422399,0.9716389778426254,0.9497709719108921,0.9505154665861689,0.9390310046477272,0.9811855290475598,0.98874822185922,0.9739803789176659,0.988769276189779,0.9954444345827052,0.9949119663252514
r1157r,0.987993449765919,0.9874383339960906,0.9851985294173093,1.0000113148336292,1.000425184765656,0.9964248710377117,0.9967879340166556,0.9950491958557317,1.0000993574351165,0.9953377914642717,0.9946831106603061,1.0010612801441239,1.002949256148174,1.002855984732172,1.0034870298327563,0.9981616790330172,1.0009177111598264,0.9980484160454427,0.9983459939985051,0.9945679561019553,0.991982433142337,0.9985437934113015,0.9999527271901595,1.0012169134585336,1.0027085272985867,1.0028032346994793,1.0037130851229599,0.998981372604043,0.9996365334673862,0.9960665864655347,1.005443082033193,1.000141704623312,0.9988711615945366,0.9955657687528204,0.9967426673592278,1.001958551918111,0.9975448769058513,0.9976574243073468,1.0023626667486163,0.9949943892093687,1.0084108522786286,0.9961853539992609,1.0003096606760549,0.9989238905113039,1.0036466170830274,0.996816848834877,0.9938063165229133,0.9944215513349004,1.002503059975715,1.0,1.0012755587726838,0.9979847230069857,0.9969627100722023,0.9986516146919575,1.003160083751997,1.0013048508228974,1.0026139475237885,1.004248772522226,1.0020193279852503,1.0044504221479797,1.0029495076211221,1.0043850925909454,1.008288479320875,1.0069091259679204,1.004035574047022,1.0043006773250576,1.008605691991955,1.0084611846563976,1.0127668883572811,1.0006134973849101,1.0014123710542433,0.9938120491345267
r1156r,0.9898550312535499,0.9958619407214481,0.987380082210924,0.9641942990651914,0.9466745802799789,0.9636560562634634,0.9787658337444081,1.006502026702186,0.9761845896432961,0.9805335421383876,0.9948363392989114,0.9859640402669129,1.0,1.0,1.0,0.9947039807741548,0.9778324288385606,0.98376033171333,0.9839123424833597,0.9849528813643113,0.9869148045983597,0.9825924174347668,0.8942822822874229,0.9788708893465777,0.9676741326006251,0.9961079167398305,0.969181225075033,0.9815017517520145,0.9693887945695651,0.9716162295641155,0.9741949216683067,0.9827552876696037,1.0,1.0,0.9919015910135103,1.0,0.9798711036909951,0.9842144915513527,0.9713555881468173,0.9816254939987007,0.9728971971387582,0.982001439364059,0.9908878537982988,0.9755640551448863,0.9804643218171086,0.9918341563474652,0.9978353258312771,0.9787654898614535,0.9950384995038293,1.0,0.9887741586045128,0.9516690694502287,0.9708527904803824,0.8443439498096977,0.9552683228460266,0.9412664901431932,0.9499244814759478,0.9353974426824408,0.9432879127670099,1.0,1.0,0.939308879575156,0.9434497033332979,0.9310270593807599,1.0,0.8971571522286208,0.9633313744595706,0.9875012167515722,0.9827244702769545,0.9865064609414748,1.003736330117813,1.0062810285398123
r2335r,0.9971031828803244,0.9958562110049409,0.9973205250624395,1.0068065003601072,1.0026471812132043,1.0068871491363047,0.9997497942280481,0.9976424168306558,1.0015897093320514,0.9988008210757885,0.9974377855777007,1.0006599959363083,1.0020384147768728,0.9964196179111661,0.9992755978390823,0.9976403110175498,0.9967899863825641,0.9971127062518748,0.9987319834191982,0.995478194137075,0.9931359062055322,0.9976104347520056,0.9966745219481341,0.9975973218853392,1.0014629822843897,0.9970687201226855,1.0008836982843226,0.9960601893026937,0.993863892118007,0.9982311762995428,0.9999136514416578,0.998755827192465,0.9942512439635857,0.9948500229789294,0.9945359396341813,0.9978609725989861,0.9938182225500372,0.9980059641055817,0.9976694114976598,0.9995373232353665,1.0008285207538288,0.9952663485549145,0.9967791685630605,1.0001639437082819,0.9957596316694367,0.9985419621705908,0.9979181549398004,1.0001136035614049,0.9969162737988324,1.0,0.9995383678319465,1.0014793423913821,1.0008748647093872,0.9950047803595101,1.0041792358235377,1.0022116695323176,1.0016879805141965,0.9999904616653049,1.0039829419511968,1.0016025357541265,1.0027392265072814,0.9978615319919,1.0017392547898698,1.008223348302356,1.0013082833842801,0.9989922708245754,1.0070569511375207,1.011874203778194,1.0062903599830961,0.9996794520423821,0.9996467438983887,0.9968631720897817
r2391r,0.987993449765919,0.9874383339960906,0.9851985294173093,1.0000113148336292,1.000425184765656,0.9964248710377117,0.9967879340166556,0.9950491958557317,1.0000993574351165,0.9953377914642717,0.9946831106603061,1.0010612801441239,1.002949256148174,1.002855984732172,1.0034870298327563,0.9981616790330172,1.0009177111598264,0.9980484160454427,0.9983459939985051,0.9945679561019553,0.991982433142337,0.9985437934113015,0.9999527271901595,1.0012169134585336,1.0027085272985867,1.0028032346994793,1.0037130851229599,0.998981372604043,0.9996365334673862,0.9960665864655347,1.005443082033193,1.000141704623312,0.9988711615945366,0.9955657687528204,0.9967426673592278,1.001958551918111,0.9975448769058513,0.9976574243073468,1.0023626667486163,0.9949943892093687,1.0084108522786286,0.9961853539992609,1.0003096606760549,0.9989238905113039,1.0036466170830274,0.996816848834877,0.9938063165229133,0.9944215513349004,1.002503059975715,1.0,1.0012755587726838,0.9979847230069857,0.9969627100722023,0.9986516146919575,1.003160083751997,1.0013048508228974,1.0026139475237885,1.004248772522226,1.0020193279852503,1.0044504221479797,1.0029495076211221,1.0043850925909454,1.008288479320875,1.0069091259679204,1.004035574047022,1.0043006773250576,1.008605691991955,1.0084611846563976,1.0127668883572811,1.0006134973849101,1.0014123710542433,0.9938120491345267
