Formal Type,SF ABF93_1-R1,SF ABF93_1-R2,SF ABF93_1-R3,SF ABF93_10-R1,SF ABF93_10-R2,SF ABF93_10-R3,SF ABF93_11-R1,SF ABF93_11-R2,SF ABF93_11-R3,SF ABF93_12-R1,SF ABF93_12-R2,SF ABF93_12-R3,SF ABF93_13-R1,SF ABF93_13-R2,SF ABF93_13-R3,SF ABF93_14-R1,SF ABF93_14-R2,SF ABF93_14-R3,SF ABF93_15-R1,SF ABF93_15-R2,SF ABF93_15-R3,SF ABF93_16-R1,SF ABF93_16-R2,SF ABF93_16-R3,SF ABF93_17-R1,SF ABF93_17-R2,SF ABF93_17-R3,SF ABF93_2-R1,SF ABF93_2-R2,SF ABF93_2-R3,SF ABF93_3-R1,SF ABF93_3-R2,SF ABF93_3-R3,SF ABF93_4-R1,SF ABF93_4-R2,SF ABF93_4-R3,SF ABF93_5-R1,SF ABF93_5-R2,SF ABF93_5-R3,SF ABF93_6-R1,SF ABF93_6-R2,SF ABF93_6-R3,SF ABF93_7-R1,SF ABF93_7-R2,SF ABF93_7-R3,SF ABF93_8-R1,SF ABF93_8-R2,SF ABF93_8-R3,SF ABF93_9-R1,SF ABF93_9-R2,SF ABF93_9-R3
MNT,-0.5440215668817778,-0.569915651144612,0.06348621715795133,-0.10306078374490468,-0.29764819413252397,-0.1617029117610258,-0.7016740097932761,-0.2483289927017367,-0.051807137737178266,-0.18584678319350445,-0.21230450686502778,0.11049122466824812,0.04828455003718091,-0.4555562466018479,-0.18429385585801228,-0.13816140404625088,-0.08813238621804942,-0.0019242454087482486,-0.5084100716145592,0.008805287732769784,-0.6052447624081907,-0.06567744031929834,-0.40898786341976745,0.17791259663685466,-0.10368261481039198,0.02108611402325522,-0.510384765071418,-0.22263699546961746,-0.16856890071410646,-0.07777393886362916,0.11834475502939412,0.08790069367611153,-0.13492074479448135,0.06786659997602484,0.013750182916183462,-0.3161575813821038,0.16665774313213788,-0.16727056718065825,-0.237778018148461,0.23161537519926867,0.03865942640766562,0.01570674457856569,-0.012179543740884924,0.1024249249590028,0.0,-0.1106061679159609,-0.13843973529928277,-0.13254431781571085,-0.04449969547672339,-0.2151529175821274,-0.15996818108796518
